Arun Jaitley Stadium	Chennai Super Kings	Delhi Capitals	VenueWin%=50.00	OverallWin%=63.33	VenueMatches=2	OverallMatches=30	Matches=2	Wins=1	Losses=1	Win%=50.00	TossWins=1	TossLosses=1	TossWinMatchWins=0	TossWinMatchLosses=1	TossConversion%=0.00	BatFirst=0	BatFirstWins=0	BatFirstWin%=0.00	FieldFirst=1	FieldFirstWins=0	FieldFirstWin%=0.00	OverallConfidence=VERY_STRONG	RecommendationSource=OVERALL_MATCHUP	Recommendation=OVERALL_MATCHUP_ADVANTAGE	TossRecommendation=TOSS_DATA_INSUFFICIENT	StrategyRecommendation=BAT_FIELD_DATA_INSUFFICIENT	VenueConfidence=VERY_LOW	PerformanceScore=59.60	StrategyBonus=0.00	TossBonus=0.00	FinalScore=59.60	FinalDecision=BALANCED	DecisionConfidence=VERY_LOW	StrategySignal=NONE	TossSignal=NONE	VenueConfidence=VERY_LOW
Arun Jaitley Stadium	Delhi Capitals	Chennai Super Kings	VenueWin%=50.00	OverallWin%=36.67	VenueMatches=2	OverallMatches=30	Matches=2	Wins=1	Losses=1	Win%=50.00	TossWins=1	TossLosses=1	TossWinMatchWins=0	TossWinMatchLosses=1	TossConversion%=0.00	BatFirst=1	BatFirstWins=0	BatFirstWin%=0.00	FieldFirst=0	FieldFirstWins=0	FieldFirstWin%=0.00	OverallConfidence=VERY_STRONG	RecommendationSource=OVERALL_MATCHUP	Recommendation=OVERALL_MATCHUP_DISADVANTAGE	TossRecommendation=TOSS_DATA_INSUFFICIENT	StrategyRecommendation=BAT_FIELD_DATA_INSUFFICIENT	VenueConfidence=VERY_LOW	PerformanceScore=40.40	StrategyBonus=0.00	TossBonus=0.00	FinalScore=40.40	FinalDecision=NEGATIVE	DecisionConfidence=VERY_LOW	StrategySignal=NONE	TossSignal=NONE	VenueConfidence=VERY_LOW
Arun Jaitley Stadium	Delhi Capitals	Kolkata Knight Riders	VenueWin%=100.00	OverallWin%=45.45	VenueMatches=2	OverallMatches=33	Matches=2	Wins=2	Losses=0	Win%=100.00	TossWins=1	TossLosses=1	TossWinMatchWins=1	TossWinMatchLosses=0	TossConversion%=100.00	BatFirst=0	BatFirstWins=0	BatFirstWin%=0.00	FieldFirst=1	FieldFirstWins=1	FieldFirstWin%=100.00	OverallConfidence=VERY_STRONG	RecommendationSource=OVERALL_MATCHUP	Recommendation=OVERALL_MATCHUP_BALANCED	TossRecommendation=TOSS_DATA_INSUFFICIENT	StrategyRecommendation=BAT_FIELD_DATA_INSUFFICIENT	VenueConfidence=VERY_LOW	PerformanceScore=60.72	StrategyBonus=0.00	TossBonus=0.00	FinalScore=60.72	FinalDecision=POSITIVE	DecisionConfidence=VERY_LOW	StrategySignal=NONE	TossSignal=NONE	VenueConfidence=VERY_LOW
Arun Jaitley Stadium	Delhi Capitals	Mumbai Indians	VenueWin%=50.00	OverallWin%=45.71	VenueMatches=2	OverallMatches=35	Matches=2	Wins=1	Losses=1	Win%=50.00	TossWins=1	TossLosses=1	TossWinMatchWins=1	TossWinMatchLosses=0	TossConversion%=100.00	BatFirst=1	BatFirstWins=1	BatFirstWin%=100.00	FieldFirst=0	FieldFirstWins=0	FieldFirstWin%=0.00	OverallConfidence=VERY_STRONG	RecommendationSource=OVERALL_MATCHUP	Recommendation=OVERALL_MATCHUP_BALANCED	TossRecommendation=TOSS_DATA_INSUFFICIENT	StrategyRecommendation=BAT_FIELD_DATA_INSUFFICIENT	VenueConfidence=VERY_LOW	PerformanceScore=46.91	StrategyBonus=0.00	TossBonus=0.00	FinalScore=46.91	FinalDecision=BALANCED	DecisionConfidence=VERY_LOW	StrategySignal=NONE	TossSignal=NONE	VenueConfidence=VERY_LOW
Arun Jaitley Stadium	Delhi Capitals	Punjab Kings	VenueWin%=50.00	OverallWin%=48.48	VenueMatches=2	OverallMatches=33	Matches=2	Wins=1	Losses=1	Win%=50.00	TossWins=2	TossLosses=0	TossWinMatchWins=1	TossWinMatchLosses=1	TossConversion%=50.00	BatFirst=0	BatFirstWins=0	BatFirstWin%=0.00	FieldFirst=2	FieldFirstWins=1	FieldFirstWin%=50.00	OverallConfidence=VERY_STRONG	RecommendationSource=OVERALL_MATCHUP	Recommendation=OVERALL_MATCHUP_BALANCED	TossRecommendation=TOSS_DATA_INSUFFICIENT	StrategyRecommendation=BAT_FIELD_DATA_INSUFFICIENT	VenueConfidence=VERY_LOW	PerformanceScore=48.91	StrategyBonus=0.00	TossBonus=0.00	FinalScore=48.91	FinalDecision=BALANCED	DecisionConfidence=VERY_LOW	StrategySignal=NONE	TossSignal=NONE	VenueConfidence=VERY_LOW
Arun Jaitley Stadium	Delhi Capitals	Rajasthan Royals	VenueWin%=100.00	OverallWin%=48.28	VenueMatches=2	OverallMatches=29	Matches=2	Wins=2	Losses=0	Win%=100.00	TossWins=0	TossLosses=2	TossWinMatchWins=0	TossWinMatchLosses=0	TossConversion%=0.00	BatFirst=0	BatFirstWins=0	BatFirstWin%=0.00	FieldFirst=0	FieldFirstWins=0	FieldFirstWin%=0.00	OverallConfidence=VERY_STRONG	RecommendationSource=OVERALL_MATCHUP	Recommendation=OVERALL_MATCHUP_BALANCED	TossRecommendation=TOSS_DATA_INSUFFICIENT	StrategyRecommendation=BAT_FIELD_DATA_INSUFFICIENT	VenueConfidence=VERY_LOW	PerformanceScore=62.76	StrategyBonus=0.00	TossBonus=0.00	FinalScore=62.76	FinalDecision=POSITIVE	DecisionConfidence=VERY_LOW	StrategySignal=NONE	TossSignal=NONE	VenueConfidence=VERY_LOW
Arun Jaitley Stadium	Delhi Capitals	Royal Challengers Bengaluru	VenueWin%=50.00	OverallWin%=35.48	VenueMatches=2	OverallMatches=31	Matches=2	Wins=1	Losses=1	Win%=50.00	TossWins=1	TossLosses=1	TossWinMatchWins=1	TossWinMatchLosses=0	TossConversion%=100.00	BatFirst=1	BatFirstWins=1	BatFirstWin%=100.00	FieldFirst=0	FieldFirstWins=0	FieldFirstWin%=0.00	OverallConfidence=VERY_STRONG	RecommendationSource=OVERALL_MATCHUP	Recommendation=OVERALL_MATCHUP_DISADVANTAGE	TossRecommendation=TOSS_DATA_INSUFFICIENT	StrategyRecommendation=BAT_FIELD_DATA_INSUFFICIENT	VenueConfidence=VERY_LOW	PerformanceScore=39.55	StrategyBonus=0.00	TossBonus=0.00	FinalScore=39.55	FinalDecision=NEGATIVE	DecisionConfidence=VERY_LOW	StrategySignal=NONE	TossSignal=NONE	VenueConfidence=VERY_LOW
Arun Jaitley Stadium	Delhi Capitals	Sunrisers Hyderabad	VenueWin%=0.00	OverallWin%=45.83	VenueMatches=2	OverallMatches=24	Matches=2	Wins=0	Losses=2	Win%=0.00	TossWins=1	TossLosses=1	TossWinMatchWins=0	TossWinMatchLosses=1	TossConversion%=0.00	BatFirst=1	BatFirstWins=0	BatFirstWin%=0.00	FieldFirst=0	FieldFirstWins=0	FieldFirstWin%=0.00	OverallConfidence=VERY_STRONG	RecommendationSource=OVERALL_MATCHUP	Recommendation=OVERALL_MATCHUP_BALANCED	TossRecommendation=TOSS_DATA_INSUFFICIENT	StrategyRecommendation=BAT_FIELD_DATA_INSUFFICIENT	VenueConfidence=VERY_LOW	PerformanceScore=33.00	StrategyBonus=0.00	TossBonus=0.00	FinalScore=33.00	FinalDecision=NEGATIVE	DecisionConfidence=VERY_LOW	StrategySignal=NONE	TossSignal=NONE	VenueConfidence=VERY_LOW
Arun Jaitley Stadium	Kolkata Knight Riders	Delhi Capitals	VenueWin%=0.00	OverallWin%=54.55	VenueMatches=2	OverallMatches=33	Matches=2	Wins=0	Losses=2	Win%=0.00	TossWins=1	TossLosses=1	TossWinMatchWins=0	TossWinMatchLosses=1	TossConversion%=0.00	BatFirst=0	BatFirstWins=0	BatFirstWin%=0.00	FieldFirst=1	FieldFirstWins=0	FieldFirstWin%=0.00	OverallConfidence=VERY_STRONG	RecommendationSource=OVERALL_MATCHUP	Recommendation=OVERALL_MATCHUP_BALANCED	TossRecommendation=TOSS_DATA_INSUFFICIENT	StrategyRecommendation=BAT_FIELD_DATA_INSUFFICIENT	VenueConfidence=VERY_LOW	PerformanceScore=39.28	StrategyBonus=0.00	TossBonus=0.00	FinalScore=39.28	FinalDecision=NEGATIVE	DecisionConfidence=VERY_LOW	StrategySignal=NONE	TossSignal=NONE	VenueConfidence=VERY_LOW
Arun Jaitley Stadium	Mumbai Indians	Delhi Capitals	VenueWin%=50.00	OverallWin%=54.29	VenueMatches=2	OverallMatches=35	Matches=2	Wins=1	Losses=1	Win%=50.00	TossWins=1	TossLosses=1	TossWinMatchWins=1	TossWinMatchLosses=0	TossConversion%=100.00	BatFirst=1	BatFirstWins=1	BatFirstWin%=100.00	FieldFirst=0	FieldFirstWins=0	FieldFirstWin%=0.00	OverallConfidence=VERY_STRONG	RecommendationSource=OVERALL_MATCHUP	Recommendation=OVERALL_MATCHUP_BALANCED	TossRecommendation=TOSS_DATA_INSUFFICIENT	StrategyRecommendation=BAT_FIELD_DATA_INSUFFICIENT	VenueConfidence=VERY_LOW	PerformanceScore=53.09	StrategyBonus=0.00	TossBonus=0.00	FinalScore=53.09	FinalDecision=BALANCED	DecisionConfidence=VERY_LOW	StrategySignal=NONE	TossSignal=NONE	VenueConfidence=VERY_LOW
Arun Jaitley Stadium	Punjab Kings	Delhi Capitals	VenueWin%=50.00	OverallWin%=51.52	VenueMatches=2	OverallMatches=33	Matches=2	Wins=1	Losses=1	Win%=50.00	TossWins=0	TossLosses=2	TossWinMatchWins=0	TossWinMatchLosses=0	TossConversion%=0.00	BatFirst=0	BatFirstWins=0	BatFirstWin%=0.00	FieldFirst=0	FieldFirstWins=0	FieldFirstWin%=0.00	OverallConfidence=VERY_STRONG	RecommendationSource=OVERALL_MATCHUP	Recommendation=OVERALL_MATCHUP_BALANCED	TossRecommendation=TOSS_DATA_INSUFFICIENT	StrategyRecommendation=BAT_FIELD_DATA_INSUFFICIENT	VenueConfidence=VERY_LOW	PerformanceScore=51.09	StrategyBonus=0.00	TossBonus=0.00	FinalScore=51.09	FinalDecision=BALANCED	DecisionConfidence=VERY_LOW	StrategySignal=NONE	TossSignal=NONE	VenueConfidence=VERY_LOW
Arun Jaitley Stadium	Rajasthan Royals	Delhi Capitals	VenueWin%=0.00	OverallWin%=51.72	VenueMatches=2	OverallMatches=29	Matches=2	Wins=0	Losses=2	Win%=0.00	TossWins=2	TossLosses=0	TossWinMatchWins=0	TossWinMatchLosses=2	TossConversion%=0.00	BatFirst=1	BatFirstWins=0	BatFirstWin%=0.00	FieldFirst=1	FieldFirstWins=0	FieldFirstWin%=0.00	OverallConfidence=VERY_STRONG	RecommendationSource=OVERALL_MATCHUP	Recommendation=OVERALL_MATCHUP_BALANCED	TossRecommendation=TOSS_DATA_INSUFFICIENT	StrategyRecommendation=BAT_FIELD_DATA_INSUFFICIENT	VenueConfidence=VERY_LOW	PerformanceScore=37.24	StrategyBonus=0.00	TossBonus=0.00	FinalScore=37.24	FinalDecision=NEGATIVE	DecisionConfidence=VERY_LOW	StrategySignal=NONE	TossSignal=NONE	VenueConfidence=VERY_LOW
Arun Jaitley Stadium	Royal Challengers Bengaluru	Delhi Capitals	VenueWin%=50.00	OverallWin%=61.29	VenueMatches=2	OverallMatches=31	Matches=2	Wins=1	Losses=1	Win%=50.00	TossWins=1	TossLosses=1	TossWinMatchWins=1	TossWinMatchLosses=0	TossConversion%=100.00	BatFirst=0	BatFirstWins=0	BatFirstWin%=0.00	FieldFirst=1	FieldFirstWins=1	FieldFirstWin%=100.00	OverallConfidence=VERY_STRONG	RecommendationSource=OVERALL_MATCHUP	Recommendation=OVERALL_MATCHUP_ADVANTAGE	TossRecommendation=TOSS_DATA_INSUFFICIENT	StrategyRecommendation=BAT_FIELD_DATA_INSUFFICIENT	VenueConfidence=VERY_LOW	PerformanceScore=58.13	StrategyBonus=0.00	TossBonus=0.00	FinalScore=58.13	FinalDecision=BALANCED	DecisionConfidence=VERY_LOW	StrategySignal=NONE	TossSignal=NONE	VenueConfidence=VERY_LOW
Arun Jaitley Stadium	Sunrisers Hyderabad	Delhi Capitals	VenueWin%=100.00	OverallWin%=54.17	VenueMatches=2	OverallMatches=24	Matches=2	Wins=2	Losses=0	Win%=100.00	TossWins=1	TossLosses=1	TossWinMatchWins=1	TossWinMatchLosses=0	TossConversion%=100.00	BatFirst=0	BatFirstWins=0	BatFirstWin%=0.00	FieldFirst=1	FieldFirstWins=1	FieldFirstWin%=100.00	OverallConfidence=VERY_STRONG	RecommendationSource=OVERALL_MATCHUP	Recommendation=OVERALL_MATCHUP_BALANCED	TossRecommendation=TOSS_DATA_INSUFFICIENT	StrategyRecommendation=BAT_FIELD_DATA_INSUFFICIENT	VenueConfidence=VERY_LOW	PerformanceScore=67.00	StrategyBonus=0.00	TossBonus=0.00	FinalScore=67.00	FinalDecision=POSITIVE	DecisionConfidence=VERY_LOW	StrategySignal=NONE	TossSignal=NONE	VenueConfidence=VERY_LOW
Arun Jaitley Stadium, Delhi	Chennai Super Kings	Delhi Capitals	VenueWin%=100.00	OverallWin%=63.33	VenueMatches=1	OverallMatches=30	Matches=1	Wins=1	Losses=0	Win%=100.00	TossWins=1	TossLosses=0	TossWinMatchWins=1	TossWinMatchLosses=0	TossConversion%=100.00	BatFirst=1	BatFirstWins=1	BatFirstWin%=100.00	FieldFirst=0	FieldFirstWins=0	FieldFirstWin%=0.00	OverallConfidence=VERY_STRONG	RecommendationSource=OVERALL_MATCHUP	Recommendation=OVERALL_MATCHUP_ADVANTAGE	TossRecommendation=TOSS_DATA_INSUFFICIENT	StrategyRecommendation=BAT_FIELD_DATA_INSUFFICIENT	VenueConfidence=VERY_LOW	PerformanceScore=72.13	StrategyBonus=0.00	TossBonus=0.00	FinalScore=72.13	FinalDecision=POSITIVE	DecisionConfidence=VERY_LOW	StrategySignal=NONE	TossSignal=NONE	VenueConfidence=VERY_LOW
Arun Jaitley Stadium, Delhi	Chennai Super Kings	Mumbai Indians	VenueWin%=0.00	OverallWin%=45.95	VenueMatches=1	OverallMatches=37	Matches=1	Wins=0	Losses=1	Win%=0.00	TossWins=0	TossLosses=1	TossWinMatchWins=0	TossWinMatchLosses=0	TossConversion%=0.00	BatFirst=0	BatFirstWins=0	BatFirstWin%=0.00	FieldFirst=0	FieldFirstWins=0	FieldFirstWin%=0.00	OverallConfidence=VERY_STRONG	RecommendationSource=OVERALL_MATCHUP	Recommendation=OVERALL_MATCHUP_BALANCED	TossRecommendation=TOSS_DATA_INSUFFICIENT	StrategyRecommendation=BAT_FIELD_DATA_INSUFFICIENT	VenueConfidence=VERY_LOW	PerformanceScore=34.92	StrategyBonus=0.00	TossBonus=0.00	FinalScore=34.92	FinalDecision=NEGATIVE	DecisionConfidence=VERY_LOW	StrategySignal=NONE	TossSignal=NONE	VenueConfidence=VERY_LOW
Arun Jaitley Stadium, Delhi	Chennai Super Kings	Sunrisers Hyderabad	VenueWin%=100.00	OverallWin%=71.43	VenueMatches=1	OverallMatches=21	Matches=1	Wins=1	Losses=0	Win%=100.00	TossWins=0	TossLosses=1	TossWinMatchWins=0	TossWinMatchLosses=0	TossConversion%=0.00	BatFirst=0	BatFirstWins=0	BatFirstWin%=0.00	FieldFirst=0	FieldFirstWins=0	FieldFirstWin%=0.00	OverallConfidence=VERY_STRONG	RecommendationSource=OVERALL_MATCHUP	Recommendation=OVERALL_MATCHUP_STRONG_ADVANTAGE	TossRecommendation=TOSS_DATA_INSUFFICIENT	StrategyRecommendation=BAT_FIELD_DATA_INSUFFICIENT	VenueConfidence=VERY_LOW	PerformanceScore=78.29	StrategyBonus=0.00	TossBonus=0.00	FinalScore=78.29	FinalDecision=STRONG_POSITIVE	DecisionConfidence=VERY_LOW	StrategySignal=NONE	TossSignal=NONE	VenueConfidence=VERY_LOW
Arun Jaitley Stadium, Delhi	Delhi Capitals	Chennai Super Kings	VenueWin%=0.00	OverallWin%=36.67	VenueMatches=1	OverallMatches=30	Matches=1	Wins=0	Losses=1	Win%=0.00	TossWins=0	TossLosses=1	TossWinMatchWins=0	TossWinMatchLosses=0	TossConversion%=0.00	BatFirst=0	BatFirstWins=0	BatFirstWin%=0.00	FieldFirst=0	FieldFirstWins=0	FieldFirstWin%=0.00	OverallConfidence=VERY_STRONG	RecommendationSource=OVERALL_MATCHUP	Recommendation=OVERALL_MATCHUP_DISADVANTAGE	TossRecommendation=TOSS_DATA_INSUFFICIENT	StrategyRecommendation=BAT_FIELD_DATA_INSUFFICIENT	VenueConfidence=VERY_LOW	PerformanceScore=27.87	StrategyBonus=0.00	TossBonus=0.00	FinalScore=27.87	FinalDecision=STRONG_NEGATIVE	DecisionConfidence=VERY_LOW	StrategySignal=NONE	TossSignal=NONE	VenueConfidence=VERY_LOW
Arun Jaitley Stadium, Delhi	Delhi Capitals	Gujarat Titans	VenueWin%=50.00	OverallWin%=60.00	VenueMatches=2	OverallMatches=5	Matches=2	Wins=1	Losses=1	Win%=50.00	TossWins=0	TossLosses=2	TossWinMatchWins=0	TossWinMatchLosses=0	TossConversion%=0.00	BatFirst=0	BatFirstWins=0	BatFirstWin%=0.00	FieldFirst=0	FieldFirstWins=0	FieldFirstWin%=0.00	OverallConfidence=MODERATE	RecommendationSource=OVERALL_MATCHUP	Recommendation=OVERALL_MATCHUP_ADVANTAGE	TossRecommendation=TOSS_DATA_INSUFFICIENT	StrategyRecommendation=BAT_FIELD_DATA_INSUFFICIENT	VenueConfidence=VERY_LOW	PerformanceScore=57.20	StrategyBonus=0.00	TossBonus=0.00	FinalScore=57.20	FinalDecision=BALANCED	DecisionConfidence=VERY_LOW	StrategySignal=NONE	TossSignal=NONE	VenueConfidence=VERY_LOW
Arun Jaitley Stadium, Delhi	Delhi Capitals	Kolkata Knight Riders	VenueWin%=100.00	OverallWin%=45.45	VenueMatches=1	OverallMatches=33	Matches=1	Wins=1	Losses=0	Win%=100.00	TossWins=1	TossLosses=0	TossWinMatchWins=1	TossWinMatchLosses=0	TossConversion%=100.00	BatFirst=0	BatFirstWins=0	BatFirstWin%=0.00	FieldFirst=1	FieldFirstWins=1	FieldFirstWin%=100.00	OverallConfidence=VERY_STRONG	RecommendationSource=OVERALL_MATCHUP	Recommendation=OVERALL_MATCHUP_BALANCED	TossRecommendation=TOSS_DATA_INSUFFICIENT	StrategyRecommendation=BAT_FIELD_DATA_INSUFFICIENT	VenueConfidence=VERY_LOW	PerformanceScore=58.54	StrategyBonus=0.00	TossBonus=0.00	FinalScore=58.54	FinalDecision=BALANCED	DecisionConfidence=VERY_LOW	StrategySignal=NONE	TossSignal=NONE	VenueConfidence=VERY_LOW
Arun Jaitley Stadium, Delhi	Delhi Capitals	Lucknow Super Giants	VenueWin%=100.00	OverallWin%=40.00	VenueMatches=1	OverallMatches=5	Matches=1	Wins=1	Losses=0	Win%=100.00	TossWins=0	TossLosses=1	TossWinMatchWins=0	TossWinMatchLosses=0	TossConversion%=0.00	BatFirst=0	BatFirstWins=0	BatFirstWin%=0.00	FieldFirst=0	FieldFirstWins=0	FieldFirstWin%=0.00	OverallConfidence=MODERATE	RecommendationSource=OVERALL_MATCHUP	Recommendation=OVERALL_MATCHUP_DISADVANTAGE	TossRecommendation=TOSS_DATA_INSUFFICIENT	StrategyRecommendation=BAT_FIELD_DATA_INSUFFICIENT	VenueConfidence=VERY_LOW	PerformanceScore=54.40	StrategyBonus=0.00	TossBonus=0.00	FinalScore=54.40	FinalDecision=BALANCED	DecisionConfidence=VERY_LOW	StrategySignal=NONE	TossSignal=NONE	VenueConfidence=VERY_LOW
Arun Jaitley Stadium, Delhi	Delhi Capitals	Mumbai Indians	VenueWin%=50.00	OverallWin%=45.71	VenueMatches=2	OverallMatches=35	Matches=2	Wins=1	Losses=1	Win%=50.00	TossWins=0	TossLosses=2	TossWinMatchWins=0	TossWinMatchLosses=0	TossConversion%=0.00	BatFirst=0	BatFirstWins=0	BatFirstWin%=0.00	FieldFirst=0	FieldFirstWins=0	FieldFirstWin%=0.00	OverallConfidence=VERY_STRONG	RecommendationSource=OVERALL_MATCHUP	Recommendation=OVERALL_MATCHUP_BALANCED	TossRecommendation=TOSS_DATA_INSUFFICIENT	StrategyRecommendation=BAT_FIELD_DATA_INSUFFICIENT	VenueConfidence=VERY_LOW	PerformanceScore=46.91	StrategyBonus=0.00	TossBonus=0.00	FinalScore=46.91	FinalDecision=BALANCED	DecisionConfidence=VERY_LOW	StrategySignal=NONE	TossSignal=NONE	VenueConfidence=VERY_LOW
Arun Jaitley Stadium, Delhi	Delhi Capitals	Punjab Kings	VenueWin%=0.00	OverallWin%=48.48	VenueMatches=1	OverallMatches=33	Matches=1	Wins=0	Losses=1	Win%=0.00	TossWins=1	TossLosses=0	TossWinMatchWins=0	TossWinMatchLosses=1	TossConversion%=0.00	BatFirst=0	BatFirstWins=0	BatFirstWin%=0.00	FieldFirst=1	FieldFirstWins=0	FieldFirstWin%=0.00	OverallConfidence=VERY_STRONG	RecommendationSource=OVERALL_MATCHUP	Recommendation=OVERALL_MATCHUP_BALANCED	TossRecommendation=TOSS_DATA_INSUFFICIENT	StrategyRecommendation=BAT_FIELD_DATA_INSUFFICIENT	VenueConfidence=VERY_LOW	PerformanceScore=36.84	StrategyBonus=0.00	TossBonus=0.00	FinalScore=36.84	FinalDecision=NEGATIVE	DecisionConfidence=VERY_LOW	StrategySignal=NONE	TossSignal=NONE	VenueConfidence=VERY_LOW
Arun Jaitley Stadium, Delhi	Delhi Capitals	Rajasthan Royals	VenueWin%=100.00	OverallWin%=48.28	VenueMatches=1	OverallMatches=29	Matches=1	Wins=1	Losses=0	Win%=100.00	TossWins=0	TossLosses=1	TossWinMatchWins=0	TossWinMatchLosses=0	TossConversion%=0.00	BatFirst=0	BatFirstWins=0	BatFirstWin%=0.00	FieldFirst=0	FieldFirstWins=0	FieldFirstWin%=0.00	OverallConfidence=VERY_STRONG	RecommendationSource=OVERALL_MATCHUP	Recommendation=OVERALL_MATCHUP_BALANCED	TossRecommendation=TOSS_DATA_INSUFFICIENT	StrategyRecommendation=BAT_FIELD_DATA_INSUFFICIENT	VenueConfidence=VERY_LOW	PerformanceScore=60.69	StrategyBonus=0.00	TossBonus=0.00	FinalScore=60.69	FinalDecision=POSITIVE	DecisionConfidence=VERY_LOW	StrategySignal=NONE	TossSignal=NONE	VenueConfidence=VERY_LOW
Arun Jaitley Stadium, Delhi	Delhi Capitals	Royal Challengers Bengaluru	VenueWin%=100.00	OverallWin%=35.48	VenueMatches=1	OverallMatches=31	Matches=1	Wins=1	Losses=0	Win%=100.00	TossWins=0	TossLosses=1	TossWinMatchWins=0	TossWinMatchLosses=0	TossConversion%=0.00	BatFirst=0	BatFirstWins=0	BatFirstWin%=0.00	FieldFirst=0	FieldFirstWins=0	FieldFirstWin%=0.00	OverallConfidence=VERY_STRONG	RecommendationSource=OVERALL_MATCHUP	Recommendation=OVERALL_MATCHUP_DISADVANTAGE	TossRecommendation=TOSS_DATA_INSUFFICIENT	StrategyRecommendation=BAT_FIELD_DATA_INSUFFICIENT	VenueConfidence=VERY_LOW	PerformanceScore=50.96	StrategyBonus=0.00	TossBonus=0.00	FinalScore=50.96	FinalDecision=BALANCED	DecisionConfidence=VERY_LOW	StrategySignal=NONE	TossSignal=NONE	VenueConfidence=VERY_LOW
Arun Jaitley Stadium, Delhi	Delhi Capitals	Sunrisers Hyderabad	VenueWin%=0.00	OverallWin%=45.83	VenueMatches=2	OverallMatches=24	Matches=2	Wins=0	Losses=2	Win%=0.00	TossWins=1	TossLosses=1	TossWinMatchWins=0	TossWinMatchLosses=1	TossConversion%=0.00	BatFirst=0	BatFirstWins=0	BatFirstWin%=0.00	FieldFirst=1	FieldFirstWins=0	FieldFirstWin%=0.00	OverallConfidence=VERY_STRONG	RecommendationSource=OVERALL_MATCHUP	Recommendation=OVERALL_MATCHUP_BALANCED	TossRecommendation=TOSS_DATA_INSUFFICIENT	StrategyRecommendation=BAT_FIELD_DATA_INSUFFICIENT	VenueConfidence=VERY_LOW	PerformanceScore=33.00	StrategyBonus=0.00	TossBonus=0.00	FinalScore=33.00	FinalDecision=NEGATIVE	DecisionConfidence=VERY_LOW	StrategySignal=NONE	TossSignal=NONE	VenueConfidence=VERY_LOW
Arun Jaitley Stadium, Delhi	Gujarat Titans	Delhi Capitals	VenueWin%=50.00	OverallWin%=40.00	VenueMatches=2	OverallMatches=5	Matches=2	Wins=1	Losses=1	Win%=50.00	TossWins=2	TossLosses=0	TossWinMatchWins=1	TossWinMatchLosses=1	TossConversion%=50.00	BatFirst=0	BatFirstWins=0	BatFirstWin%=0.00	FieldFirst=2	FieldFirstWins=1	FieldFirstWin%=50.00	OverallConfidence=MODERATE	RecommendationSource=OVERALL_MATCHUP	Recommendation=OVERALL_MATCHUP_DISADVANTAGE	TossRecommendation=TOSS_DATA_INSUFFICIENT	StrategyRecommendation=BAT_FIELD_DATA_INSUFFICIENT	VenueConfidence=VERY_LOW	PerformanceScore=42.80	StrategyBonus=0.00	TossBonus=0.00	FinalScore=42.80	FinalDecision=NEGATIVE	DecisionConfidence=VERY_LOW	StrategySignal=NONE	TossSignal=NONE	VenueConfidence=VERY_LOW
Arun Jaitley Stadium, Delhi	Kolkata Knight Riders	Delhi Capitals	VenueWin%=0.00	OverallWin%=54.55	VenueMatches=1	OverallMatches=33	Matches=1	Wins=0	Losses=1	Win%=0.00	TossWins=0	TossLosses=1	TossWinMatchWins=0	TossWinMatchLosses=0	TossConversion%=0.00	BatFirst=0	BatFirstWins=0	BatFirstWin%=0.00	FieldFirst=0	FieldFirstWins=0	FieldFirstWin%=0.00	OverallConfidence=VERY_STRONG	RecommendationSource=OVERALL_MATCHUP	Recommendation=OVERALL_MATCHUP_BALANCED	TossRecommendation=TOSS_DATA_INSUFFICIENT	StrategyRecommendation=BAT_FIELD_DATA_INSUFFICIENT	VenueConfidence=VERY_LOW	PerformanceScore=41.46	StrategyBonus=0.00	TossBonus=0.00	FinalScore=41.46	FinalDecision=NEGATIVE	DecisionConfidence=VERY_LOW	StrategySignal=NONE	TossSignal=NONE	VenueConfidence=VERY_LOW
Arun Jaitley Stadium, Delhi	Lucknow Super Giants	Delhi Capitals	VenueWin%=0.00	OverallWin%=60.00	VenueMatches=1	OverallMatches=5	Matches=1	Wins=0	Losses=1	Win%=0.00	TossWins=1	TossLosses=0	TossWinMatchWins=0	TossWinMatchLosses=1	TossConversion%=0.00	BatFirst=0	BatFirstWins=0	BatFirstWin%=0.00	FieldFirst=1	FieldFirstWins=0	FieldFirstWin%=0.00	OverallConfidence=MODERATE	RecommendationSource=OVERALL_MATCHUP	Recommendation=OVERALL_MATCHUP_ADVANTAGE	TossRecommendation=TOSS_DATA_INSUFFICIENT	StrategyRecommendation=BAT_FIELD_DATA_INSUFFICIENT	VenueConfidence=VERY_LOW	PerformanceScore=45.60	StrategyBonus=0.00	TossBonus=0.00	FinalScore=45.60	FinalDecision=BALANCED	DecisionConfidence=VERY_LOW	StrategySignal=NONE	TossSignal=NONE	VenueConfidence=VERY_LOW
Arun Jaitley Stadium, Delhi	Mumbai Indians	Chennai Super Kings	VenueWin%=100.00	OverallWin%=54.05	VenueMatches=1	OverallMatches=37	Matches=1	Wins=1	Losses=0	Win%=100.00	TossWins=1	TossLosses=0	TossWinMatchWins=1	TossWinMatchLosses=0	TossConversion%=100.00	BatFirst=0	BatFirstWins=0	BatFirstWin%=0.00	FieldFirst=1	FieldFirstWins=1	FieldFirstWin%=100.00	OverallConfidence=VERY_STRONG	RecommendationSource=OVERALL_MATCHUP	Recommendation=OVERALL_MATCHUP_BALANCED	TossRecommendation=TOSS_DATA_INSUFFICIENT	StrategyRecommendation=BAT_FIELD_DATA_INSUFFICIENT	VenueConfidence=VERY_LOW	PerformanceScore=65.08	StrategyBonus=0.00	TossBonus=0.00	FinalScore=65.08	FinalDecision=POSITIVE	DecisionConfidence=VERY_LOW	StrategySignal=NONE	TossSignal=NONE	VenueConfidence=VERY_LOW
Arun Jaitley Stadium, Delhi	Mumbai Indians	Delhi Capitals	VenueWin%=50.00	OverallWin%=54.29	VenueMatches=2	OverallMatches=35	Matches=2	Wins=1	Losses=1	Win%=50.00	TossWins=2	TossLosses=0	TossWinMatchWins=1	TossWinMatchLosses=1	TossConversion%=50.00	BatFirst=0	BatFirstWins=0	BatFirstWin%=0.00	FieldFirst=2	FieldFirstWins=1	FieldFirstWin%=50.00	OverallConfidence=VERY_STRONG	RecommendationSource=OVERALL_MATCHUP	Recommendation=OVERALL_MATCHUP_BALANCED	TossRecommendation=TOSS_DATA_INSUFFICIENT	StrategyRecommendation=BAT_FIELD_DATA_INSUFFICIENT	VenueConfidence=VERY_LOW	PerformanceScore=53.09	StrategyBonus=0.00	TossBonus=0.00	FinalScore=53.09	FinalDecision=BALANCED	DecisionConfidence=VERY_LOW	StrategySignal=NONE	TossSignal=NONE	VenueConfidence=VERY_LOW
Arun Jaitley Stadium, Delhi	Mumbai Indians	Rajasthan Royals	VenueWin%=100.00	OverallWin%=51.72	VenueMatches=1	OverallMatches=29	Matches=1	Wins=1	Losses=0	Win%=100.00	TossWins=1	TossLosses=0	TossWinMatchWins=1	TossWinMatchLosses=0	TossConversion%=100.00	BatFirst=0	BatFirstWins=0	BatFirstWin%=0.00	FieldFirst=1	FieldFirstWins=1	FieldFirstWin%=100.00	OverallConfidence=VERY_STRONG	RecommendationSource=OVERALL_MATCHUP	Recommendation=OVERALL_MATCHUP_BALANCED	TossRecommendation=TOSS_DATA_INSUFFICIENT	StrategyRecommendation=BAT_FIELD_DATA_INSUFFICIENT	VenueConfidence=VERY_LOW	PerformanceScore=63.31	StrategyBonus=0.00	TossBonus=0.00	FinalScore=63.31	FinalDecision=POSITIVE	DecisionConfidence=VERY_LOW	StrategySignal=NONE	TossSignal=NONE	VenueConfidence=VERY_LOW
Arun Jaitley Stadium, Delhi	Punjab Kings	Delhi Capitals	VenueWin%=100.00	OverallWin%=51.52	VenueMatches=1	OverallMatches=33	Matches=1	Wins=1	Losses=0	Win%=100.00	TossWins=0	TossLosses=1	TossWinMatchWins=0	TossWinMatchLosses=0	TossConversion%=0.00	BatFirst=0	BatFirstWins=0	BatFirstWin%=0.00	FieldFirst=0	FieldFirstWins=0	FieldFirstWin%=0.00	OverallConfidence=VERY_STRONG	RecommendationSource=OVERALL_MATCHUP	Recommendation=OVERALL_MATCHUP_BALANCED	TossRecommendation=TOSS_DATA_INSUFFICIENT	StrategyRecommendation=BAT_FIELD_DATA_INSUFFICIENT	VenueConfidence=VERY_LOW	PerformanceScore=63.16	StrategyBonus=0.00	TossBonus=0.00	FinalScore=63.16	FinalDecision=POSITIVE	DecisionConfidence=VERY_LOW	StrategySignal=NONE	TossSignal=NONE	VenueConfidence=VERY_LOW
Arun Jaitley Stadium, Delhi	Rajasthan Royals	Delhi Capitals	VenueWin%=0.00	OverallWin%=51.72	VenueMatches=1	OverallMatches=29	Matches=1	Wins=0	Losses=1	Win%=0.00	TossWins=1	TossLosses=0	TossWinMatchWins=0	TossWinMatchLosses=1	TossConversion%=0.00	BatFirst=0	BatFirstWins=0	BatFirstWin%=0.00	FieldFirst=1	FieldFirstWins=0	FieldFirstWin%=0.00	OverallConfidence=VERY_STRONG	RecommendationSource=OVERALL_MATCHUP	Recommendation=OVERALL_MATCHUP_BALANCED	TossRecommendation=TOSS_DATA_INSUFFICIENT	StrategyRecommendation=BAT_FIELD_DATA_INSUFFICIENT	VenueConfidence=VERY_LOW	PerformanceScore=39.31	StrategyBonus=0.00	TossBonus=0.00	FinalScore=39.31	FinalDecision=NEGATIVE	DecisionConfidence=VERY_LOW	StrategySignal=NONE	TossSignal=NONE	VenueConfidence=VERY_LOW
Arun Jaitley Stadium, Delhi	Rajasthan Royals	Mumbai Indians	VenueWin%=0.00	OverallWin%=48.28	VenueMatches=1	OverallMatches=29	Matches=1	Wins=0	Losses=1	Win%=0.00	TossWins=0	TossLosses=1	TossWinMatchWins=0	TossWinMatchLosses=0	TossConversion%=0.00	BatFirst=0	BatFirstWins=0	BatFirstWin%=0.00	FieldFirst=0	FieldFirstWins=0	FieldFirstWin%=0.00	OverallConfidence=VERY_STRONG	RecommendationSource=OVERALL_MATCHUP	Recommendation=OVERALL_MATCHUP_BALANCED	TossRecommendation=TOSS_DATA_INSUFFICIENT	StrategyRecommendation=BAT_FIELD_DATA_INSUFFICIENT	VenueConfidence=VERY_LOW	PerformanceScore=36.69	StrategyBonus=0.00	TossBonus=0.00	FinalScore=36.69	FinalDecision=NEGATIVE	DecisionConfidence=VERY_LOW	StrategySignal=NONE	TossSignal=NONE	VenueConfidence=VERY_LOW
Arun Jaitley Stadium, Delhi	Rajasthan Royals	Sunrisers Hyderabad	VenueWin%=100.00	OverallWin%=45.00	VenueMatches=1	OverallMatches=20	Matches=1	Wins=1	Losses=0	Win%=100.00	TossWins=0	TossLosses=1	TossWinMatchWins=0	TossWinMatchLosses=0	TossConversion%=0.00	BatFirst=0	BatFirstWins=0	BatFirstWin%=0.00	FieldFirst=0	FieldFirstWins=0	FieldFirstWin%=0.00	OverallConfidence=VERY_STRONG	RecommendationSource=OVERALL_MATCHUP	Recommendation=OVERALL_MATCHUP_BALANCED	TossRecommendation=TOSS_DATA_INSUFFICIENT	StrategyRecommendation=BAT_FIELD_DATA_INSUFFICIENT	VenueConfidence=VERY_LOW	PerformanceScore=58.20	StrategyBonus=0.00	TossBonus=0.00	FinalScore=58.20	FinalDecision=BALANCED	DecisionConfidence=VERY_LOW	StrategySignal=NONE	TossSignal=NONE	VenueConfidence=VERY_LOW
Arun Jaitley Stadium, Delhi	Royal Challengers Bengaluru	Delhi Capitals	VenueWin%=0.00	OverallWin%=61.29	VenueMatches=1	OverallMatches=31	Matches=1	Wins=0	Losses=1	Win%=0.00	TossWins=1	TossLosses=0	TossWinMatchWins=0	TossWinMatchLosses=1	TossConversion%=0.00	BatFirst=1	BatFirstWins=0	BatFirstWin%=0.00	FieldFirst=0	FieldFirstWins=0	FieldFirstWin%=0.00	OverallConfidence=VERY_STRONG	RecommendationSource=OVERALL_MATCHUP	Recommendation=OVERALL_MATCHUP_ADVANTAGE	TossRecommendation=TOSS_DATA_INSUFFICIENT	StrategyRecommendation=BAT_FIELD_DATA_INSUFFICIENT	VenueConfidence=VERY_LOW	PerformanceScore=46.58	StrategyBonus=0.00	TossBonus=0.00	FinalScore=46.58	FinalDecision=BALANCED	DecisionConfidence=VERY_LOW	StrategySignal=NONE	TossSignal=NONE	VenueConfidence=VERY_LOW
Arun Jaitley Stadium, Delhi	Sunrisers Hyderabad	Chennai Super Kings	VenueWin%=0.00	OverallWin%=28.57	VenueMatches=1	OverallMatches=21	Matches=1	Wins=0	Losses=1	Win%=0.00	TossWins=1	TossLosses=0	TossWinMatchWins=0	TossWinMatchLosses=1	TossConversion%=0.00	BatFirst=1	BatFirstWins=0	BatFirstWin%=0.00	FieldFirst=0	FieldFirstWins=0	FieldFirstWin%=0.00	OverallConfidence=VERY_STRONG	RecommendationSource=OVERALL_MATCHUP	Recommendation=OVERALL_MATCHUP_DISADVANTAGE	TossRecommendation=TOSS_DATA_INSUFFICIENT	StrategyRecommendation=BAT_FIELD_DATA_INSUFFICIENT	VenueConfidence=VERY_LOW	PerformanceScore=21.71	StrategyBonus=0.00	TossBonus=0.00	FinalScore=21.71	FinalDecision=STRONG_NEGATIVE	DecisionConfidence=VERY_LOW	StrategySignal=NONE	TossSignal=NONE	VenueConfidence=VERY_LOW
Arun Jaitley Stadium, Delhi	Sunrisers Hyderabad	Delhi Capitals	VenueWin%=100.00	OverallWin%=54.17	VenueMatches=2	OverallMatches=24	Matches=2	Wins=2	Losses=0	Win%=100.00	TossWins=1	TossLosses=1	TossWinMatchWins=1	TossWinMatchLosses=0	TossConversion%=100.00	BatFirst=1	BatFirstWins=1	BatFirstWin%=100.00	FieldFirst=0	FieldFirstWins=0	FieldFirstWin%=0.00	OverallConfidence=VERY_STRONG	RecommendationSource=OVERALL_MATCHUP	Recommendation=OVERALL_MATCHUP_BALANCED	TossRecommendation=TOSS_DATA_INSUFFICIENT	StrategyRecommendation=BAT_FIELD_DATA_INSUFFICIENT	VenueConfidence=VERY_LOW	PerformanceScore=67.00	StrategyBonus=0.00	TossBonus=0.00	FinalScore=67.00	FinalDecision=POSITIVE	DecisionConfidence=VERY_LOW	StrategySignal=NONE	TossSignal=NONE	VenueConfidence=VERY_LOW
Arun Jaitley Stadium, Delhi	Sunrisers Hyderabad	Rajasthan Royals	VenueWin%=0.00	OverallWin%=55.00	VenueMatches=1	OverallMatches=20	Matches=1	Wins=0	Losses=1	Win%=0.00	TossWins=1	TossLosses=0	TossWinMatchWins=0	TossWinMatchLosses=1	TossConversion%=0.00	BatFirst=0	BatFirstWins=0	BatFirstWin%=0.00	FieldFirst=1	FieldFirstWins=0	FieldFirstWin%=0.00	OverallConfidence=VERY_STRONG	RecommendationSource=OVERALL_MATCHUP	Recommendation=OVERALL_MATCHUP_ADVANTAGE	TossRecommendation=TOSS_DATA_INSUFFICIENT	StrategyRecommendation=BAT_FIELD_DATA_INSUFFICIENT	VenueConfidence=VERY_LOW	PerformanceScore=41.80	StrategyBonus=0.00	TossBonus=0.00	FinalScore=41.80	FinalDecision=NEGATIVE	DecisionConfidence=VERY_LOW	StrategySignal=NONE	TossSignal=NONE	VenueConfidence=VERY_LOW
Barabati Stadium	Chennai Super Kings	Punjab Kings	VenueWin%=0.00	OverallWin%=53.33	VenueMatches=1	OverallMatches=30	Matches=1	Wins=0	Losses=1	Win%=0.00	TossWins=1	TossLosses=0	TossWinMatchWins=0	TossWinMatchLosses=1	TossConversion%=0.00	BatFirst=0	BatFirstWins=0	BatFirstWin%=0.00	FieldFirst=1	FieldFirstWins=0	FieldFirstWin%=0.00	OverallConfidence=VERY_STRONG	RecommendationSource=OVERALL_MATCHUP	Recommendation=OVERALL_MATCHUP_BALANCED	TossRecommendation=TOSS_DATA_INSUFFICIENT	StrategyRecommendation=BAT_FIELD_DATA_INSUFFICIENT	VenueConfidence=VERY_LOW	PerformanceScore=40.53	StrategyBonus=0.00	TossBonus=0.00	FinalScore=40.53	FinalDecision=NEGATIVE	DecisionConfidence=VERY_LOW	StrategySignal=NONE	TossSignal=NONE	VenueConfidence=VERY_LOW
Barabati Stadium	Deccan Chargers	Delhi Capitals	VenueWin%=100.00	OverallWin%=36.36	VenueMatches=1	OverallMatches=11	Matches=1	Wins=1	Losses=0	Win%=100.00	TossWins=1	TossLosses=0	TossWinMatchWins=1	TossWinMatchLosses=0	TossConversion%=100.00	BatFirst=1	BatFirstWins=1	BatFirstWin%=100.00	FieldFirst=0	FieldFirstWins=0	FieldFirstWin%=0.00	OverallConfidence=STRONG	RecommendationSource=OVERALL_MATCHUP	Recommendation=OVERALL_MATCHUP_DISADVANTAGE	TossRecommendation=TOSS_DATA_INSUFFICIENT	StrategyRecommendation=BAT_FIELD_DATA_INSUFFICIENT	VenueConfidence=VERY_LOW	PerformanceScore=51.63	StrategyBonus=0.00	TossBonus=0.00	FinalScore=51.63	FinalDecision=BALANCED	DecisionConfidence=VERY_LOW	StrategySignal=NONE	TossSignal=NONE	VenueConfidence=VERY_LOW
Barabati Stadium	Deccan Chargers	Kolkata Knight Riders	VenueWin%=0.00	OverallWin%=22.22	VenueMatches=1	OverallMatches=9	Matches=1	Wins=0	Losses=1	Win%=0.00	TossWins=0	TossLosses=1	TossWinMatchWins=0	TossWinMatchLosses=0	TossConversion%=0.00	BatFirst=0	BatFirstWins=0	BatFirstWin%=0.00	FieldFirst=0	FieldFirstWins=0	FieldFirstWin%=0.00	OverallConfidence=MODERATE	RecommendationSource=OVERALL_MATCHUP	Recommendation=OVERALL_MATCHUP_DISADVANTAGE	TossRecommendation=TOSS_DATA_INSUFFICIENT	StrategyRecommendation=BAT_FIELD_DATA_INSUFFICIENT	VenueConfidence=VERY_LOW	PerformanceScore=16.89	StrategyBonus=0.00	TossBonus=0.00	FinalScore=16.89	FinalDecision=STRONG_NEGATIVE	DecisionConfidence=VERY_LOW	StrategySignal=NONE	TossSignal=NONE	VenueConfidence=VERY_LOW
Barabati Stadium	Deccan Chargers	Pune Warriors	VenueWin%=100.00	OverallWin%=75.00	VenueMatches=1	OverallMatches=4	Matches=1	Wins=1	Losses=0	Win%=100.00	TossWins=1	TossLosses=0	TossWinMatchWins=1	TossWinMatchLosses=0	TossConversion%=100.00	BatFirst=1	BatFirstWins=1	BatFirstWin%=100.00	FieldFirst=0	FieldFirstWins=0	FieldFirstWin%=0.00	OverallConfidence=LOW	RecommendationSource=OVERALL_MATCHUP	Recommendation=OVERALL_MATCHUP_STRONG_ADVANTAGE	TossRecommendation=TOSS_DATA_INSUFFICIENT	StrategyRecommendation=BAT_FIELD_DATA_INSUFFICIENT	VenueConfidence=VERY_LOW	PerformanceScore=81.00	StrategyBonus=0.00	TossBonus=0.00	FinalScore=81.00	FinalDecision=STRONG_POSITIVE	DecisionConfidence=VERY_LOW	StrategySignal=NONE	TossSignal=NONE	VenueConfidence=VERY_LOW
Barabati Stadium	Deccan Chargers	Punjab Kings	VenueWin%=100.00	OverallWin%=30.00	VenueMatches=1	OverallMatches=10	Matches=1	Wins=1	Losses=0	Win%=100.00	TossWins=0	TossLosses=1	TossWinMatchWins=0	TossWinMatchLosses=0	TossConversion%=0.00	BatFirst=0	BatFirstWins=0	BatFirstWin%=0.00	FieldFirst=0	FieldFirstWins=0	FieldFirstWin%=0.00	OverallConfidence=STRONG	RecommendationSource=OVERALL_MATCHUP	Recommendation=OVERALL_MATCHUP_DISADVANTAGE	TossRecommendation=TOSS_DATA_INSUFFICIENT	StrategyRecommendation=BAT_FIELD_DATA_INSUFFICIENT	VenueConfidence=VERY_LOW	PerformanceScore=46.80	StrategyBonus=0.00	TossBonus=0.00	FinalScore=46.80	FinalDecision=BALANCED	DecisionConfidence=VERY_LOW	StrategySignal=NONE	TossSignal=NONE	VenueConfidence=VERY_LOW
Barabati Stadium	Delhi Capitals	Deccan Chargers	VenueWin%=0.00	OverallWin%=63.64	VenueMatches=1	OverallMatches=11	Matches=1	Wins=0	Losses=1	Win%=0.00	TossWins=0	TossLosses=1	TossWinMatchWins=0	TossWinMatchLosses=0	TossConversion%=0.00	BatFirst=0	BatFirstWins=0	BatFirstWin%=0.00	FieldFirst=0	FieldFirstWins=0	FieldFirstWin%=0.00	OverallConfidence=STRONG	RecommendationSource=OVERALL_MATCHUP	Recommendation=OVERALL_MATCHUP_ADVANTAGE	TossRecommendation=TOSS_DATA_INSUFFICIENT	StrategyRecommendation=BAT_FIELD_DATA_INSUFFICIENT	VenueConfidence=VERY_LOW	PerformanceScore=48.37	StrategyBonus=0.00	TossBonus=0.00	FinalScore=48.37	FinalDecision=BALANCED	DecisionConfidence=VERY_LOW	StrategySignal=NONE	TossSignal=NONE	VenueConfidence=VERY_LOW
Barabati Stadium	Kolkata Knight Riders	Deccan Chargers	VenueWin%=100.00	OverallWin%=77.78	VenueMatches=1	OverallMatches=9	Matches=1	Wins=1	Losses=0	Win%=100.00	TossWins=1	TossLosses=0	TossWinMatchWins=1	TossWinMatchLosses=0	TossConversion%=100.00	BatFirst=0	BatFirstWins=0	BatFirstWin%=0.00	FieldFirst=1	FieldFirstWins=1	FieldFirstWin%=100.00	OverallConfidence=MODERATE	RecommendationSource=OVERALL_MATCHUP	Recommendation=OVERALL_MATCHUP_STRONG_ADVANTAGE	TossRecommendation=TOSS_DATA_INSUFFICIENT	StrategyRecommendation=BAT_FIELD_DATA_INSUFFICIENT	VenueConfidence=VERY_LOW	PerformanceScore=83.11	StrategyBonus=0.00	TossBonus=0.00	FinalScore=83.11	FinalDecision=STRONG_POSITIVE	DecisionConfidence=VERY_LOW	StrategySignal=NONE	TossSignal=NONE	VenueConfidence=VERY_LOW
Barabati Stadium	Kolkata Knight Riders	Mumbai Indians	VenueWin%=100.00	OverallWin%=32.35	VenueMatches=1	OverallMatches=34	Matches=1	Wins=1	Losses=0	Win%=100.00	TossWins=1	TossLosses=0	TossWinMatchWins=1	TossWinMatchLosses=0	TossConversion%=100.00	BatFirst=0	BatFirstWins=0	BatFirstWin%=0.00	FieldFirst=1	FieldFirstWins=1	FieldFirstWin%=100.00	OverallConfidence=VERY_STRONG	RecommendationSource=OVERALL_MATCHUP	Recommendation=OVERALL_MATCHUP_DISADVANTAGE	TossRecommendation=TOSS_DATA_INSUFFICIENT	StrategyRecommendation=BAT_FIELD_DATA_INSUFFICIENT	VenueConfidence=VERY_LOW	PerformanceScore=48.59	StrategyBonus=0.00	TossBonus=0.00	FinalScore=48.59	FinalDecision=BALANCED	DecisionConfidence=VERY_LOW	StrategySignal=NONE	TossSignal=NONE	VenueConfidence=VERY_LOW
Barabati Stadium	Kolkata Knight Riders	Punjab Kings	VenueWin%=100.00	OverallWin%=63.64	VenueMatches=1	OverallMatches=33	Matches=1	Wins=1	Losses=0	Win%=100.00	TossWins=1	TossLosses=0	TossWinMatchWins=1	TossWinMatchLosses=0	TossConversion%=100.00	BatFirst=0	BatFirstWins=0	BatFirstWin%=0.00	FieldFirst=1	FieldFirstWins=1	FieldFirstWin%=100.00	OverallConfidence=VERY_STRONG	RecommendationSource=OVERALL_MATCHUP	Recommendation=OVERALL_MATCHUP_ADVANTAGE	TossRecommendation=TOSS_DATA_INSUFFICIENT	StrategyRecommendation=BAT_FIELD_DATA_INSUFFICIENT	VenueConfidence=VERY_LOW	PerformanceScore=72.37	StrategyBonus=0.00	TossBonus=0.00	FinalScore=72.37	FinalDecision=POSITIVE	DecisionConfidence=VERY_LOW	StrategySignal=NONE	TossSignal=NONE	VenueConfidence=VERY_LOW
Barabati Stadium	Mumbai Indians	Kolkata Knight Riders	VenueWin%=0.00	OverallWin%=67.65	VenueMatches=1	OverallMatches=34	Matches=1	Wins=0	Losses=1	Win%=0.00	TossWins=0	TossLosses=1	TossWinMatchWins=0	TossWinMatchLosses=0	TossConversion%=0.00	BatFirst=0	BatFirstWins=0	BatFirstWin%=0.00	FieldFirst=0	FieldFirstWins=0	FieldFirstWin%=0.00	OverallConfidence=VERY_STRONG	RecommendationSource=OVERALL_MATCHUP	Recommendation=OVERALL_MATCHUP_ADVANTAGE	TossRecommendation=TOSS_DATA_INSUFFICIENT	StrategyRecommendation=BAT_FIELD_DATA_INSUFFICIENT	VenueConfidence=VERY_LOW	PerformanceScore=51.41	StrategyBonus=0.00	TossBonus=0.00	FinalScore=51.41	FinalDecision=BALANCED	DecisionConfidence=VERY_LOW	StrategySignal=NONE	TossSignal=NONE	VenueConfidence=VERY_LOW
Barabati Stadium	Pune Warriors	Deccan Chargers	VenueWin%=0.00	OverallWin%=25.00	VenueMatches=1	OverallMatches=4	Matches=1	Wins=0	Losses=1	Win%=0.00	TossWins=0	TossLosses=1	TossWinMatchWins=0	TossWinMatchLosses=0	TossConversion%=0.00	BatFirst=0	BatFirstWins=0	BatFirstWin%=0.00	FieldFirst=0	FieldFirstWins=0	FieldFirstWin%=0.00	OverallConfidence=LOW	RecommendationSource=OVERALL_MATCHUP	Recommendation=OVERALL_MATCHUP_DISADVANTAGE	TossRecommendation=TOSS_DATA_INSUFFICIENT	StrategyRecommendation=BAT_FIELD_DATA_INSUFFICIENT	VenueConfidence=VERY_LOW	PerformanceScore=19.00	StrategyBonus=0.00	TossBonus=0.00	FinalScore=19.00	FinalDecision=STRONG_NEGATIVE	DecisionConfidence=VERY_LOW	StrategySignal=NONE	TossSignal=NONE	VenueConfidence=VERY_LOW
Barabati Stadium	Punjab Kings	Chennai Super Kings	VenueWin%=100.00	OverallWin%=46.67	VenueMatches=1	OverallMatches=30	Matches=1	Wins=1	Losses=0	Win%=100.00	TossWins=0	TossLosses=1	TossWinMatchWins=0	TossWinMatchLosses=0	TossConversion%=0.00	BatFirst=0	BatFirstWins=0	BatFirstWin%=0.00	FieldFirst=0	FieldFirstWins=0	FieldFirstWin%=0.00	OverallConfidence=VERY_STRONG	RecommendationSource=OVERALL_MATCHUP	Recommendation=OVERALL_MATCHUP_BALANCED	TossRecommendation=TOSS_DATA_INSUFFICIENT	StrategyRecommendation=BAT_FIELD_DATA_INSUFFICIENT	VenueConfidence=VERY_LOW	PerformanceScore=59.47	StrategyBonus=0.00	TossBonus=0.00	FinalScore=59.47	FinalDecision=BALANCED	DecisionConfidence=VERY_LOW	StrategySignal=NONE	TossSignal=NONE	VenueConfidence=VERY_LOW
Barabati Stadium	Punjab Kings	Deccan Chargers	VenueWin%=0.00	OverallWin%=70.00	VenueMatches=1	OverallMatches=10	Matches=1	Wins=0	Losses=1	Win%=0.00	TossWins=1	TossLosses=0	TossWinMatchWins=0	TossWinMatchLosses=1	TossConversion%=0.00	BatFirst=0	BatFirstWins=0	BatFirstWin%=0.00	FieldFirst=1	FieldFirstWins=0	FieldFirstWin%=0.00	OverallConfidence=STRONG	RecommendationSource=OVERALL_MATCHUP	Recommendation=OVERALL_MATCHUP_STRONG_ADVANTAGE	TossRecommendation=TOSS_DATA_INSUFFICIENT	StrategyRecommendation=BAT_FIELD_DATA_INSUFFICIENT	VenueConfidence=VERY_LOW	PerformanceScore=53.20	StrategyBonus=0.00	TossBonus=0.00	FinalScore=53.20	FinalDecision=BALANCED	DecisionConfidence=VERY_LOW	StrategySignal=NONE	TossSignal=NONE	VenueConfidence=VERY_LOW
Barabati Stadium	Punjab Kings	Kolkata Knight Riders	VenueWin%=0.00	OverallWin%=36.36	VenueMatches=1	OverallMatches=33	Matches=1	Wins=0	Losses=1	Win%=0.00	TossWins=0	TossLosses=1	TossWinMatchWins=0	TossWinMatchLosses=0	TossConversion%=0.00	BatFirst=0	BatFirstWins=0	BatFirstWin%=0.00	FieldFirst=0	FieldFirstWins=0	FieldFirstWin%=0.00	OverallConfidence=VERY_STRONG	RecommendationSource=OVERALL_MATCHUP	Recommendation=OVERALL_MATCHUP_DISADVANTAGE	TossRecommendation=TOSS_DATA_INSUFFICIENT	StrategyRecommendation=BAT_FIELD_DATA_INSUFFICIENT	VenueConfidence=VERY_LOW	PerformanceScore=27.63	StrategyBonus=0.00	TossBonus=0.00	FinalScore=27.63	FinalDecision=STRONG_NEGATIVE	DecisionConfidence=VERY_LOW	StrategySignal=NONE	TossSignal=NONE	VenueConfidence=VERY_LOW
Barsapara Cricket Stadium, Guwahati	Delhi Capitals	Rajasthan Royals	VenueWin%=0.00	OverallWin%=48.28	VenueMatches=1	OverallMatches=29	Matches=1	Wins=0	Losses=1	Win%=0.00	TossWins=1	TossLosses=0	TossWinMatchWins=0	TossWinMatchLosses=1	TossConversion%=0.00	BatFirst=0	BatFirstWins=0	BatFirstWin%=0.00	FieldFirst=1	FieldFirstWins=0	FieldFirstWin%=0.00	OverallConfidence=VERY_STRONG	RecommendationSource=OVERALL_MATCHUP	Recommendation=OVERALL_MATCHUP_BALANCED	TossRecommendation=TOSS_DATA_INSUFFICIENT	StrategyRecommendation=BAT_FIELD_DATA_INSUFFICIENT	VenueConfidence=VERY_LOW	PerformanceScore=36.69	StrategyBonus=0.00	TossBonus=0.00	FinalScore=36.69	FinalDecision=NEGATIVE	DecisionConfidence=VERY_LOW	StrategySignal=NONE	TossSignal=NONE	VenueConfidence=VERY_LOW
Barsapara Cricket Stadium, Guwahati	Punjab Kings	Rajasthan Royals	VenueWin%=100.00	OverallWin%=42.86	VenueMatches=2	OverallMatches=28	Matches=2	Wins=2	Losses=0	Win%=100.00	TossWins=0	TossLosses=2	TossWinMatchWins=0	TossWinMatchLosses=0	TossConversion%=0.00	BatFirst=0	BatFirstWins=0	BatFirstWin%=0.00	FieldFirst=0	FieldFirstWins=0	FieldFirstWin%=0.00	OverallConfidence=VERY_STRONG	RecommendationSource=OVERALL_MATCHUP	Recommendation=OVERALL_MATCHUP_BALANCED	TossRecommendation=TOSS_DATA_INSUFFICIENT	StrategyRecommendation=BAT_FIELD_DATA_INSUFFICIENT	VenueConfidence=VERY_LOW	PerformanceScore=58.86	StrategyBonus=0.00	TossBonus=0.00	FinalScore=58.86	FinalDecision=BALANCED	DecisionConfidence=VERY_LOW	StrategySignal=NONE	TossSignal=NONE	VenueConfidence=VERY_LOW
Barsapara Cricket Stadium, Guwahati	Rajasthan Royals	Delhi Capitals	VenueWin%=100.00	OverallWin%=51.72	VenueMatches=1	OverallMatches=29	Matches=1	Wins=1	Losses=0	Win%=100.00	TossWins=0	TossLosses=1	TossWinMatchWins=0	TossWinMatchLosses=0	TossConversion%=0.00	BatFirst=0	BatFirstWins=0	BatFirstWin%=0.00	FieldFirst=0	FieldFirstWins=0	FieldFirstWin%=0.00	OverallConfidence=VERY_STRONG	RecommendationSource=OVERALL_MATCHUP	Recommendation=OVERALL_MATCHUP_BALANCED	TossRecommendation=TOSS_DATA_INSUFFICIENT	StrategyRecommendation=BAT_FIELD_DATA_INSUFFICIENT	VenueConfidence=VERY_LOW	PerformanceScore=63.31	StrategyBonus=0.00	TossBonus=0.00	FinalScore=63.31	FinalDecision=POSITIVE	DecisionConfidence=VERY_LOW	StrategySignal=NONE	TossSignal=NONE	VenueConfidence=VERY_LOW
Barsapara Cricket Stadium, Guwahati	Rajasthan Royals	Punjab Kings	VenueWin%=0.00	OverallWin%=57.14	VenueMatches=2	OverallMatches=28	Matches=2	Wins=0	Losses=2	Win%=0.00	TossWins=2	TossLosses=0	TossWinMatchWins=0	TossWinMatchLosses=2	TossConversion%=0.00	BatFirst=1	BatFirstWins=0	BatFirstWin%=0.00	FieldFirst=1	FieldFirstWins=0	FieldFirstWin%=0.00	OverallConfidence=VERY_STRONG	RecommendationSource=OVERALL_MATCHUP	Recommendation=OVERALL_MATCHUP_ADVANTAGE	TossRecommendation=TOSS_DATA_INSUFFICIENT	StrategyRecommendation=BAT_FIELD_DATA_INSUFFICIENT	VenueConfidence=VERY_LOW	PerformanceScore=41.14	StrategyBonus=0.00	TossBonus=0.00	FinalScore=41.14	FinalDecision=NEGATIVE	DecisionConfidence=VERY_LOW	StrategySignal=NONE	TossSignal=NONE	VenueConfidence=VERY_LOW
Bharat Ratna Shri Atal Bihari Vajpayee Ekana Cricket Stadium, Lucknow	Chennai Super Kings	Lucknow Super Giants	VenueWin%=0.00	OverallWin%=20.00	VenueMatches=2	OverallMatches=5	Matches=2	Wins=0	Losses=2	Win%=0.00	TossWins=1	TossLosses=1	TossWinMatchWins=0	TossWinMatchLosses=1	TossConversion%=0.00	BatFirst=0	BatFirstWins=0	BatFirstWin%=0.00	FieldFirst=1	FieldFirstWins=0	FieldFirstWin%=0.00	OverallConfidence=MODERATE	RecommendationSource=OVERALL_MATCHUP	Recommendation=OVERALL_MATCHUP_DISADVANTAGE	TossRecommendation=TOSS_DATA_INSUFFICIENT	StrategyRecommendation=BAT_FIELD_DATA_INSUFFICIENT	VenueConfidence=VERY_LOW	PerformanceScore=14.40	StrategyBonus=0.00	TossBonus=0.00	FinalScore=14.40	FinalDecision=STRONG_NEGATIVE	DecisionConfidence=VERY_LOW	StrategySignal=NONE	TossSignal=NONE	VenueConfidence=VERY_LOW
Bharat Ratna Shri Atal Bihari Vajpayee Ekana Cricket Stadium, Lucknow	Delhi Capitals	Lucknow Super Giants	VenueWin%=50.00	OverallWin%=40.00	VenueMatches=2	OverallMatches=5	Matches=2	Wins=1	Losses=1	Win%=50.00	TossWins=1	TossLosses=1	TossWinMatchWins=0	TossWinMatchLosses=1	TossConversion%=0.00	BatFirst=0	BatFirstWins=0	BatFirstWin%=0.00	FieldFirst=1	FieldFirstWins=0	FieldFirstWin%=0.00	OverallConfidence=MODERATE	RecommendationSource=OVERALL_MATCHUP	Recommendation=OVERALL_MATCHUP_DISADVANTAGE	TossRecommendation=TOSS_DATA_INSUFFICIENT	StrategyRecommendation=BAT_FIELD_DATA_INSUFFICIENT	VenueConfidence=VERY_LOW	PerformanceScore=42.80	StrategyBonus=0.00	TossBonus=0.00	FinalScore=42.80	FinalDecision=NEGATIVE	DecisionConfidence=VERY_LOW	StrategySignal=NONE	TossSignal=NONE	VenueConfidence=VERY_LOW
Bharat Ratna Shri Atal Bihari Vajpayee Ekana Cricket Stadium, Lucknow	Gujarat Titans	Lucknow Super Giants	VenueWin%=50.00	OverallWin%=80.00	VenueMatches=2	OverallMatches=5	Matches=2	Wins=1	Losses=1	Win%=50.00	TossWins=1	TossLosses=1	TossWinMatchWins=1	TossWinMatchLosses=0	TossConversion%=100.00	BatFirst=1	BatFirstWins=1	BatFirstWin%=100.00	FieldFirst=0	FieldFirstWins=0	FieldFirstWin%=0.00	OverallConfidence=MODERATE	RecommendationSource=OVERALL_MATCHUP	Recommendation=OVERALL_MATCHUP_STRONG_ADVANTAGE	TossRecommendation=TOSS_DATA_INSUFFICIENT	StrategyRecommendation=BAT_FIELD_DATA_INSUFFICIENT	VenueConfidence=VERY_LOW	PerformanceScore=71.60	StrategyBonus=0.00	TossBonus=0.00	FinalScore=71.60	FinalDecision=POSITIVE	DecisionConfidence=VERY_LOW	StrategySignal=NONE	TossSignal=NONE	VenueConfidence=VERY_LOW
Bharat Ratna Shri Atal Bihari Vajpayee Ekana Cricket Stadium, Lucknow	Kolkata Knight Riders	Lucknow Super Giants	VenueWin%=100.00	OverallWin%=40.00	VenueMatches=1	OverallMatches=5	Matches=1	Wins=1	Losses=0	Win%=100.00	TossWins=0	TossLosses=1	TossWinMatchWins=0	TossWinMatchLosses=0	TossConversion%=0.00	BatFirst=0	BatFirstWins=0	BatFirstWin%=0.00	FieldFirst=0	FieldFirstWins=0	FieldFirstWin%=0.00	OverallConfidence=MODERATE	RecommendationSource=OVERALL_MATCHUP	Recommendation=OVERALL_MATCHUP_DISADVANTAGE	TossRecommendation=TOSS_DATA_INSUFFICIENT	StrategyRecommendation=BAT_FIELD_DATA_INSUFFICIENT	VenueConfidence=VERY_LOW	PerformanceScore=54.40	StrategyBonus=0.00	TossBonus=0.00	FinalScore=54.40	FinalDecision=BALANCED	DecisionConfidence=VERY_LOW	StrategySignal=NONE	TossSignal=NONE	VenueConfidence=VERY_LOW
Bharat Ratna Shri Atal Bihari Vajpayee Ekana Cricket Stadium, Lucknow	Lucknow Super Giants	Chennai Super Kings	VenueWin%=50.00	OverallWin%=60.00	VenueMatches=2	OverallMatches=5	Matches=2	Wins=1	Losses=1	Win%=50.00	TossWins=1	TossLosses=1	TossWinMatchWins=1	TossWinMatchLosses=0	TossConversion%=100.00	BatFirst=0	BatFirstWins=0	BatFirstWin%=0.00	FieldFirst=1	FieldFirstWins=1	FieldFirstWin%=100.00	OverallConfidence=MODERATE	RecommendationSource=OVERALL_MATCHUP	Recommendation=OVERALL_MATCHUP_ADVANTAGE	TossRecommendation=TOSS_DATA_INSUFFICIENT	StrategyRecommendation=BAT_FIELD_DATA_INSUFFICIENT	VenueConfidence=VERY_LOW	PerformanceScore=57.20	StrategyBonus=0.00	TossBonus=0.00	FinalScore=57.20	FinalDecision=BALANCED	DecisionConfidence=VERY_LOW	StrategySignal=NONE	TossSignal=NONE	VenueConfidence=VERY_LOW
Bharat Ratna Shri Atal Bihari Vajpayee Ekana Cricket Stadium, Lucknow	Lucknow Super Giants	Delhi Capitals	VenueWin%=50.00	OverallWin%=60.00	VenueMatches=2	OverallMatches=5	Matches=2	Wins=1	Losses=1	Win%=50.00	TossWins=1	TossLosses=1	TossWinMatchWins=0	TossWinMatchLosses=1	TossConversion%=0.00	BatFirst=1	BatFirstWins=0	BatFirstWin%=0.00	FieldFirst=0	FieldFirstWins=0	FieldFirstWin%=0.00	OverallConfidence=MODERATE	RecommendationSource=OVERALL_MATCHUP	Recommendation=OVERALL_MATCHUP_ADVANTAGE	TossRecommendation=TOSS_DATA_INSUFFICIENT	StrategyRecommendation=BAT_FIELD_DATA_INSUFFICIENT	VenueConfidence=VERY_LOW	PerformanceScore=57.20	StrategyBonus=0.00	TossBonus=0.00	FinalScore=57.20	FinalDecision=BALANCED	DecisionConfidence=VERY_LOW	StrategySignal=NONE	TossSignal=NONE	VenueConfidence=VERY_LOW
Bharat Ratna Shri Atal Bihari Vajpayee Ekana Cricket Stadium, Lucknow	Lucknow Super Giants	Gujarat Titans	VenueWin%=50.00	OverallWin%=20.00	VenueMatches=2	OverallMatches=5	Matches=2	Wins=1	Losses=1	Win%=50.00	TossWins=1	TossLosses=1	TossWinMatchWins=1	TossWinMatchLosses=0	TossConversion%=100.00	BatFirst=1	BatFirstWins=1	BatFirstWin%=100.00	FieldFirst=0	FieldFirstWins=0	FieldFirstWin%=0.00	OverallConfidence=MODERATE	RecommendationSource=OVERALL_MATCHUP	Recommendation=OVERALL_MATCHUP_DISADVANTAGE	TossRecommendation=TOSS_DATA_INSUFFICIENT	StrategyRecommendation=BAT_FIELD_DATA_INSUFFICIENT	VenueConfidence=VERY_LOW	PerformanceScore=28.40	StrategyBonus=0.00	TossBonus=0.00	FinalScore=28.40	FinalDecision=STRONG_NEGATIVE	DecisionConfidence=VERY_LOW	StrategySignal=NONE	TossSignal=NONE	VenueConfidence=VERY_LOW
Bharat Ratna Shri Atal Bihari Vajpayee Ekana Cricket Stadium, Lucknow	Lucknow Super Giants	Kolkata Knight Riders	VenueWin%=0.00	OverallWin%=60.00	VenueMatches=1	OverallMatches=5	Matches=1	Wins=0	Losses=1	Win%=0.00	TossWins=1	TossLosses=0	TossWinMatchWins=0	TossWinMatchLosses=1	TossConversion%=0.00	BatFirst=0	BatFirstWins=0	BatFirstWin%=0.00	FieldFirst=1	FieldFirstWins=0	FieldFirstWin%=0.00	OverallConfidence=MODERATE	RecommendationSource=OVERALL_MATCHUP	Recommendation=OVERALL_MATCHUP_ADVANTAGE	TossRecommendation=TOSS_DATA_INSUFFICIENT	StrategyRecommendation=BAT_FIELD_DATA_INSUFFICIENT	VenueConfidence=VERY_LOW	PerformanceScore=45.60	StrategyBonus=0.00	TossBonus=0.00	FinalScore=45.60	FinalDecision=BALANCED	DecisionConfidence=VERY_LOW	StrategySignal=NONE	TossSignal=NONE	VenueConfidence=VERY_LOW
Bharat Ratna Shri Atal Bihari Vajpayee Ekana Cricket Stadium, Lucknow	Lucknow Super Giants	Mumbai Indians	VenueWin%=100.00	OverallWin%=83.33	VenueMatches=2	OverallMatches=6	Matches=2	Wins=2	Losses=0	Win%=100.00	TossWins=1	TossLosses=1	TossWinMatchWins=1	TossWinMatchLosses=0	TossConversion%=100.00	BatFirst=0	BatFirstWins=0	BatFirstWin%=0.00	FieldFirst=1	FieldFirstWins=1	FieldFirstWin%=100.00	OverallConfidence=MODERATE	RecommendationSource=OVERALL_MATCHUP	Recommendation=OVERALL_MATCHUP_STRONG_ADVANTAGE	TossRecommendation=TOSS_DATA_INSUFFICIENT	StrategyRecommendation=BAT_FIELD_DATA_INSUFFICIENT	VenueConfidence=VERY_LOW	PerformanceScore=88.00	StrategyBonus=0.00	TossBonus=0.00	FinalScore=88.00	FinalDecision=STRONG_POSITIVE	DecisionConfidence=VERY_LOW	StrategySignal=NONE	TossSignal=NONE	VenueConfidence=VERY_LOW
Bharat Ratna Shri Atal Bihari Vajpayee Ekana Cricket Stadium, Lucknow	Lucknow Super Giants	Punjab Kings	VenueWin%=50.00	OverallWin%=75.00	VenueMatches=2	OverallMatches=4	Matches=2	Wins=1	Losses=1	Win%=50.00	TossWins=1	TossLosses=1	TossWinMatchWins=1	TossWinMatchLosses=0	TossConversion%=100.00	BatFirst=1	BatFirstWins=1	BatFirstWin%=100.00	FieldFirst=0	FieldFirstWins=0	FieldFirstWin%=0.00	OverallConfidence=LOW	RecommendationSource=OVERALL_MATCHUP	Recommendation=OVERALL_MATCHUP_STRONG_ADVANTAGE	TossRecommendation=TOSS_DATA_INSUFFICIENT	StrategyRecommendation=BAT_FIELD_DATA_INSUFFICIENT	VenueConfidence=VERY_LOW	PerformanceScore=68.00	StrategyBonus=0.00	TossBonus=0.00	FinalScore=68.00	FinalDecision=POSITIVE	DecisionConfidence=VERY_LOW	StrategySignal=NONE	TossSignal=NONE	VenueConfidence=VERY_LOW
Bharat Ratna Shri Atal Bihari Vajpayee Ekana Cricket Stadium, Lucknow	Lucknow Super Giants	Rajasthan Royals	VenueWin%=0.00	OverallWin%=20.00	VenueMatches=1	OverallMatches=5	Matches=1	Wins=0	Losses=1	Win%=0.00	TossWins=0	TossLosses=1	TossWinMatchWins=0	TossWinMatchLosses=0	TossConversion%=0.00	BatFirst=0	BatFirstWins=0	BatFirstWin%=0.00	FieldFirst=0	FieldFirstWins=0	FieldFirstWin%=0.00	OverallConfidence=MODERATE	RecommendationSource=OVERALL_MATCHUP	Recommendation=OVERALL_MATCHUP_DISADVANTAGE	TossRecommendation=TOSS_DATA_INSUFFICIENT	StrategyRecommendation=BAT_FIELD_DATA_INSUFFICIENT	VenueConfidence=VERY_LOW	PerformanceScore=15.20	StrategyBonus=0.00	TossBonus=0.00	FinalScore=15.20	FinalDecision=STRONG_NEGATIVE	DecisionConfidence=VERY_LOW	StrategySignal=NONE	TossSignal=NONE	VenueConfidence=VERY_LOW
Bharat Ratna Shri Atal Bihari Vajpayee Ekana Cricket Stadium, Lucknow	Lucknow Super Giants	Royal Challengers Bengaluru	VenueWin%=0.00	OverallWin%=40.00	VenueMatches=1	OverallMatches=5	Matches=1	Wins=0	Losses=1	Win%=0.00	TossWins=0	TossLosses=1	TossWinMatchWins=0	TossWinMatchLosses=0	TossConversion%=0.00	BatFirst=0	BatFirstWins=0	BatFirstWin%=0.00	FieldFirst=0	FieldFirstWins=0	FieldFirstWin%=0.00	OverallConfidence=MODERATE	RecommendationSource=OVERALL_MATCHUP	Recommendation=OVERALL_MATCHUP_DISADVANTAGE	TossRecommendation=TOSS_DATA_INSUFFICIENT	StrategyRecommendation=BAT_FIELD_DATA_INSUFFICIENT	VenueConfidence=VERY_LOW	PerformanceScore=30.40	StrategyBonus=0.00	TossBonus=0.00	FinalScore=30.40	FinalDecision=NEGATIVE	DecisionConfidence=VERY_LOW	StrategySignal=NONE	TossSignal=NONE	VenueConfidence=VERY_LOW
Bharat Ratna Shri Atal Bihari Vajpayee Ekana Cricket Stadium, Lucknow	Lucknow Super Giants	Sunrisers Hyderabad	VenueWin%=100.00	OverallWin%=75.00	VenueMatches=1	OverallMatches=4	Matches=1	Wins=1	Losses=0	Win%=100.00	TossWins=0	TossLosses=1	TossWinMatchWins=0	TossWinMatchLosses=0	TossConversion%=0.00	BatFirst=0	BatFirstWins=0	BatFirstWin%=0.00	FieldFirst=0	FieldFirstWins=0	FieldFirstWin%=0.00	OverallConfidence=LOW	RecommendationSource=OVERALL_MATCHUP	Recommendation=OVERALL_MATCHUP_STRONG_ADVANTAGE	TossRecommendation=TOSS_DATA_INSUFFICIENT	StrategyRecommendation=BAT_FIELD_DATA_INSUFFICIENT	VenueConfidence=VERY_LOW	PerformanceScore=81.00	StrategyBonus=0.00	TossBonus=0.00	FinalScore=81.00	FinalDecision=STRONG_POSITIVE	DecisionConfidence=VERY_LOW	StrategySignal=NONE	TossSignal=NONE	VenueConfidence=VERY_LOW
Bharat Ratna Shri Atal Bihari Vajpayee Ekana Cricket Stadium, Lucknow	Mumbai Indians	Lucknow Super Giants	VenueWin%=0.00	OverallWin%=16.67	VenueMatches=2	OverallMatches=6	Matches=2	Wins=0	Losses=2	Win%=0.00	TossWins=1	TossLosses=1	TossWinMatchWins=0	TossWinMatchLosses=1	TossConversion%=0.00	BatFirst=0	BatFirstWins=0	BatFirstWin%=0.00	FieldFirst=1	FieldFirstWins=0	FieldFirstWin%=0.00	OverallConfidence=MODERATE	RecommendationSource=OVERALL_MATCHUP	Recommendation=OVERALL_MATCHUP_DISADVANTAGE	TossRecommendation=TOSS_DATA_INSUFFICIENT	StrategyRecommendation=BAT_FIELD_DATA_INSUFFICIENT	VenueConfidence=VERY_LOW	PerformanceScore=12.00	StrategyBonus=0.00	TossBonus=0.00	FinalScore=12.00	FinalDecision=STRONG_NEGATIVE	DecisionConfidence=VERY_LOW	StrategySignal=NONE	TossSignal=NONE	VenueConfidence=VERY_LOW
Bharat Ratna Shri Atal Bihari Vajpayee Ekana Cricket Stadium, Lucknow	Punjab Kings	Lucknow Super Giants	VenueWin%=50.00	OverallWin%=25.00	VenueMatches=2	OverallMatches=4	Matches=2	Wins=1	Losses=1	Win%=50.00	TossWins=1	TossLosses=1	TossWinMatchWins=1	TossWinMatchLosses=0	TossConversion%=100.00	BatFirst=0	BatFirstWins=0	BatFirstWin%=0.00	FieldFirst=1	FieldFirstWins=1	FieldFirstWin%=100.00	OverallConfidence=LOW	RecommendationSource=OVERALL_MATCHUP	Recommendation=OVERALL_MATCHUP_DISADVANTAGE	TossRecommendation=TOSS_DATA_INSUFFICIENT	StrategyRecommendation=BAT_FIELD_DATA_INSUFFICIENT	VenueConfidence=VERY_LOW	PerformanceScore=32.00	StrategyBonus=0.00	TossBonus=0.00	FinalScore=32.00	FinalDecision=NEGATIVE	DecisionConfidence=VERY_LOW	StrategySignal=NONE	TossSignal=NONE	VenueConfidence=VERY_LOW
Bharat Ratna Shri Atal Bihari Vajpayee Ekana Cricket Stadium, Lucknow	Rajasthan Royals	Lucknow Super Giants	VenueWin%=100.00	OverallWin%=80.00	VenueMatches=1	OverallMatches=5	Matches=1	Wins=1	Losses=0	Win%=100.00	TossWins=1	TossLosses=0	TossWinMatchWins=1	TossWinMatchLosses=0	TossConversion%=100.00	BatFirst=0	BatFirstWins=0	BatFirstWin%=0.00	FieldFirst=1	FieldFirstWins=1	FieldFirstWin%=100.00	OverallConfidence=MODERATE	RecommendationSource=OVERALL_MATCHUP	Recommendation=OVERALL_MATCHUP_STRONG_ADVANTAGE	TossRecommendation=TOSS_DATA_INSUFFICIENT	StrategyRecommendation=BAT_FIELD_DATA_INSUFFICIENT	VenueConfidence=VERY_LOW	PerformanceScore=84.80	StrategyBonus=0.00	TossBonus=0.00	FinalScore=84.80	FinalDecision=STRONG_POSITIVE	DecisionConfidence=VERY_LOW	StrategySignal=NONE	TossSignal=NONE	VenueConfidence=VERY_LOW
Bharat Ratna Shri Atal Bihari Vajpayee Ekana Cricket Stadium, Lucknow	Royal Challengers Bengaluru	Lucknow Super Giants	VenueWin%=100.00	OverallWin%=60.00	VenueMatches=1	OverallMatches=5	Matches=1	Wins=1	Losses=0	Win%=100.00	TossWins=1	TossLosses=0	TossWinMatchWins=1	TossWinMatchLosses=0	TossConversion%=100.00	BatFirst=1	BatFirstWins=1	BatFirstWin%=100.00	FieldFirst=0	FieldFirstWins=0	FieldFirstWin%=0.00	OverallConfidence=MODERATE	RecommendationSource=OVERALL_MATCHUP	Recommendation=OVERALL_MATCHUP_ADVANTAGE	TossRecommendation=TOSS_DATA_INSUFFICIENT	StrategyRecommendation=BAT_FIELD_DATA_INSUFFICIENT	VenueConfidence=VERY_LOW	PerformanceScore=69.60	StrategyBonus=0.00	TossBonus=0.00	FinalScore=69.60	FinalDecision=POSITIVE	DecisionConfidence=VERY_LOW	StrategySignal=NONE	TossSignal=NONE	VenueConfidence=VERY_LOW
Bharat Ratna Shri Atal Bihari Vajpayee Ekana Cricket Stadium, Lucknow	Sunrisers Hyderabad	Lucknow Super Giants	VenueWin%=0.00	OverallWin%=25.00	VenueMatches=1	OverallMatches=4	Matches=1	Wins=0	Losses=1	Win%=0.00	TossWins=1	TossLosses=0	TossWinMatchWins=0	TossWinMatchLosses=1	TossConversion%=0.00	BatFirst=1	BatFirstWins=0	BatFirstWin%=0.00	FieldFirst=0	FieldFirstWins=0	FieldFirstWin%=0.00	OverallConfidence=LOW	RecommendationSource=OVERALL_MATCHUP	Recommendation=OVERALL_MATCHUP_DISADVANTAGE	TossRecommendation=TOSS_DATA_INSUFFICIENT	StrategyRecommendation=BAT_FIELD_DATA_INSUFFICIENT	VenueConfidence=VERY_LOW	PerformanceScore=19.00	StrategyBonus=0.00	TossBonus=0.00	FinalScore=19.00	FinalDecision=STRONG_NEGATIVE	DecisionConfidence=VERY_LOW	StrategySignal=NONE	TossSignal=NONE	VenueConfidence=VERY_LOW
Brabourne Stadium	Chennai Super Kings	Mumbai Indians	VenueWin%=100.00	OverallWin%=45.95	VenueMatches=1	OverallMatches=37	Matches=1	Wins=1	Losses=0	Win%=100.00	TossWins=1	TossLosses=0	TossWinMatchWins=1	TossWinMatchLosses=0	TossConversion%=100.00	BatFirst=0	BatFirstWins=0	BatFirstWin%=0.00	FieldFirst=1	FieldFirstWins=1	FieldFirstWin%=100.00	OverallConfidence=VERY_STRONG	RecommendationSource=OVERALL_MATCHUP	Recommendation=OVERALL_MATCHUP_BALANCED	TossRecommendation=TOSS_DATA_INSUFFICIENT	StrategyRecommendation=BAT_FIELD_DATA_INSUFFICIENT	VenueConfidence=VERY_LOW	PerformanceScore=58.92	StrategyBonus=0.00	TossBonus=0.00	FinalScore=58.92	FinalDecision=BALANCED	DecisionConfidence=VERY_LOW	StrategySignal=NONE	TossSignal=NONE	VenueConfidence=VERY_LOW
Brabourne Stadium	Deccan Chargers	Mumbai Indians	VenueWin%=0.00	OverallWin%=40.00	VenueMatches=1	OverallMatches=10	Matches=1	Wins=0	Losses=1	Win%=0.00	TossWins=0	TossLosses=1	TossWinMatchWins=0	TossWinMatchLosses=0	TossConversion%=0.00	BatFirst=0	BatFirstWins=0	BatFirstWin%=0.00	FieldFirst=0	FieldFirstWins=0	FieldFirstWin%=0.00	OverallConfidence=STRONG	RecommendationSource=OVERALL_MATCHUP	Recommendation=OVERALL_MATCHUP_DISADVANTAGE	TossRecommendation=TOSS_DATA_INSUFFICIENT	StrategyRecommendation=BAT_FIELD_DATA_INSUFFICIENT	VenueConfidence=VERY_LOW	PerformanceScore=30.40	StrategyBonus=0.00	TossBonus=0.00	FinalScore=30.40	FinalDecision=NEGATIVE	DecisionConfidence=VERY_LOW	StrategySignal=NONE	TossSignal=NONE	VenueConfidence=VERY_LOW
Brabourne Stadium	Delhi Capitals	Mumbai Indians	VenueWin%=0.00	OverallWin%=45.71	VenueMatches=1	OverallMatches=35	Matches=1	Wins=0	Losses=1	Win%=0.00	TossWins=0	TossLosses=1	TossWinMatchWins=0	TossWinMatchLosses=0	TossConversion%=0.00	BatFirst=0	BatFirstWins=0	BatFirstWin%=0.00	FieldFirst=0	FieldFirstWins=0	FieldFirstWin%=0.00	OverallConfidence=VERY_STRONG	RecommendationSource=OVERALL_MATCHUP	Recommendation=OVERALL_MATCHUP_BALANCED	TossRecommendation=TOSS_DATA_INSUFFICIENT	StrategyRecommendation=BAT_FIELD_DATA_INSUFFICIENT	VenueConfidence=VERY_LOW	PerformanceScore=34.74	StrategyBonus=0.00	TossBonus=0.00	FinalScore=34.74	FinalDecision=NEGATIVE	DecisionConfidence=VERY_LOW	StrategySignal=NONE	TossSignal=NONE	VenueConfidence=VERY_LOW
Brabourne Stadium	Delhi Capitals	Rajasthan Royals	VenueWin%=0.00	OverallWin%=48.28	VenueMatches=1	OverallMatches=29	Matches=1	Wins=0	Losses=1	Win%=0.00	TossWins=1	TossLosses=0	TossWinMatchWins=0	TossWinMatchLosses=1	TossConversion%=0.00	BatFirst=0	BatFirstWins=0	BatFirstWin%=0.00	FieldFirst=1	FieldFirstWins=0	FieldFirstWin%=0.00	OverallConfidence=VERY_STRONG	RecommendationSource=OVERALL_MATCHUP	Recommendation=OVERALL_MATCHUP_BALANCED	TossRecommendation=TOSS_DATA_INSUFFICIENT	StrategyRecommendation=BAT_FIELD_DATA_INSUFFICIENT	VenueConfidence=VERY_LOW	PerformanceScore=36.69	StrategyBonus=0.00	TossBonus=0.00	FinalScore=36.69	FinalDecision=NEGATIVE	DecisionConfidence=VERY_LOW	StrategySignal=NONE	TossSignal=NONE	VenueConfidence=VERY_LOW
Brabourne Stadium	Kolkata Knight Riders	Mumbai Indians	VenueWin%=0.00	OverallWin%=32.35	VenueMatches=1	OverallMatches=34	Matches=1	Wins=0	Losses=1	Win%=0.00	TossWins=1	TossLosses=0	TossWinMatchWins=0	TossWinMatchLosses=1	TossConversion%=0.00	BatFirst=1	BatFirstWins=0	BatFirstWin%=0.00	FieldFirst=0	FieldFirstWins=0	FieldFirstWin%=0.00	OverallConfidence=VERY_STRONG	RecommendationSource=OVERALL_MATCHUP	Recommendation=OVERALL_MATCHUP_DISADVANTAGE	TossRecommendation=TOSS_DATA_INSUFFICIENT	StrategyRecommendation=BAT_FIELD_DATA_INSUFFICIENT	VenueConfidence=VERY_LOW	PerformanceScore=24.59	StrategyBonus=0.00	TossBonus=0.00	FinalScore=24.59	FinalDecision=STRONG_NEGATIVE	DecisionConfidence=VERY_LOW	StrategySignal=NONE	TossSignal=NONE	VenueConfidence=VERY_LOW
Brabourne Stadium	Kolkata Knight Riders	Rajasthan Royals	VenueWin%=0.00	OverallWin%=50.00	VenueMatches=1	OverallMatches=28	Matches=1	Wins=0	Losses=1	Win%=0.00	TossWins=0	TossLosses=1	TossWinMatchWins=0	TossWinMatchLosses=0	TossConversion%=0.00	BatFirst=0	BatFirstWins=0	BatFirstWin%=0.00	FieldFirst=0	FieldFirstWins=0	FieldFirstWin%=0.00	OverallConfidence=VERY_STRONG	RecommendationSource=OVERALL_MATCHUP	Recommendation=OVERALL_MATCHUP_BALANCED	TossRecommendation=TOSS_DATA_INSUFFICIENT	StrategyRecommendation=BAT_FIELD_DATA_INSUFFICIENT	VenueConfidence=VERY_LOW	PerformanceScore=38.00	StrategyBonus=0.00	TossBonus=0.00	FinalScore=38.00	FinalDecision=NEGATIVE	DecisionConfidence=VERY_LOW	StrategySignal=NONE	TossSignal=NONE	VenueConfidence=VERY_LOW
Brabourne Stadium	Mumbai Indians	Chennai Super Kings	VenueWin%=0.00	OverallWin%=54.05	VenueMatches=1	OverallMatches=37	Matches=1	Wins=0	Losses=1	Win%=0.00	TossWins=0	TossLosses=1	TossWinMatchWins=0	TossWinMatchLosses=0	TossConversion%=0.00	BatFirst=0	BatFirstWins=0	BatFirstWin%=0.00	FieldFirst=0	FieldFirstWins=0	FieldFirstWin%=0.00	OverallConfidence=VERY_STRONG	RecommendationSource=OVERALL_MATCHUP	Recommendation=OVERALL_MATCHUP_BALANCED	TossRecommendation=TOSS_DATA_INSUFFICIENT	StrategyRecommendation=BAT_FIELD_DATA_INSUFFICIENT	VenueConfidence=VERY_LOW	PerformanceScore=41.08	StrategyBonus=0.00	TossBonus=0.00	FinalScore=41.08	FinalDecision=NEGATIVE	DecisionConfidence=VERY_LOW	StrategySignal=NONE	TossSignal=NONE	VenueConfidence=VERY_LOW
Brabourne Stadium	Mumbai Indians	Deccan Chargers	VenueWin%=100.00	OverallWin%=60.00	VenueMatches=1	OverallMatches=10	Matches=1	Wins=1	Losses=0	Win%=100.00	TossWins=1	TossLosses=0	TossWinMatchWins=1	TossWinMatchLosses=0	TossConversion%=100.00	BatFirst=1	BatFirstWins=1	BatFirstWin%=100.00	FieldFirst=0	FieldFirstWins=0	FieldFirstWin%=0.00	OverallConfidence=STRONG	RecommendationSource=OVERALL_MATCHUP	Recommendation=OVERALL_MATCHUP_ADVANTAGE	TossRecommendation=TOSS_DATA_INSUFFICIENT	StrategyRecommendation=BAT_FIELD_DATA_INSUFFICIENT	VenueConfidence=VERY_LOW	PerformanceScore=69.60	StrategyBonus=0.00	TossBonus=0.00	FinalScore=69.60	FinalDecision=POSITIVE	DecisionConfidence=VERY_LOW	StrategySignal=NONE	TossSignal=NONE	VenueConfidence=VERY_LOW
Brabourne Stadium	Mumbai Indians	Delhi Capitals	VenueWin%=100.00	OverallWin%=54.29	VenueMatches=1	OverallMatches=35	Matches=1	Wins=1	Losses=0	Win%=100.00	TossWins=1	TossLosses=0	TossWinMatchWins=1	TossWinMatchLosses=0	TossConversion%=100.00	BatFirst=1	BatFirstWins=1	BatFirstWin%=100.00	FieldFirst=0	FieldFirstWins=0	FieldFirstWin%=0.00	OverallConfidence=VERY_STRONG	RecommendationSource=OVERALL_MATCHUP	Recommendation=OVERALL_MATCHUP_BALANCED	TossRecommendation=TOSS_DATA_INSUFFICIENT	StrategyRecommendation=BAT_FIELD_DATA_INSUFFICIENT	VenueConfidence=VERY_LOW	PerformanceScore=65.26	StrategyBonus=0.00	TossBonus=0.00	FinalScore=65.26	FinalDecision=POSITIVE	DecisionConfidence=VERY_LOW	StrategySignal=NONE	TossSignal=NONE	VenueConfidence=VERY_LOW
Brabourne Stadium	Mumbai Indians	Kolkata Knight Riders	VenueWin%=100.00	OverallWin%=67.65	VenueMatches=1	OverallMatches=34	Matches=1	Wins=1	Losses=0	Win%=100.00	TossWins=0	TossLosses=1	TossWinMatchWins=0	TossWinMatchLosses=0	TossConversion%=0.00	BatFirst=0	BatFirstWins=0	BatFirstWin%=0.00	FieldFirst=0	FieldFirstWins=0	FieldFirstWin%=0.00	OverallConfidence=VERY_STRONG	RecommendationSource=OVERALL_MATCHUP	Recommendation=OVERALL_MATCHUP_ADVANTAGE	TossRecommendation=TOSS_DATA_INSUFFICIENT	StrategyRecommendation=BAT_FIELD_DATA_INSUFFICIENT	VenueConfidence=VERY_LOW	PerformanceScore=75.41	StrategyBonus=0.00	TossBonus=0.00	FinalScore=75.41	FinalDecision=STRONG_POSITIVE	DecisionConfidence=VERY_LOW	StrategySignal=NONE	TossSignal=NONE	VenueConfidence=VERY_LOW
Brabourne Stadium	Mumbai Indians	Punjab Kings	VenueWin%=100.00	OverallWin%=53.12	VenueMatches=1	OverallMatches=32	Matches=1	Wins=1	Losses=0	Win%=100.00	TossWins=1	TossLosses=0	TossWinMatchWins=1	TossWinMatchLosses=0	TossConversion%=100.00	BatFirst=0	BatFirstWins=0	BatFirstWin%=0.00	FieldFirst=1	FieldFirstWins=1	FieldFirstWin%=100.00	OverallConfidence=VERY_STRONG	RecommendationSource=OVERALL_MATCHUP	Recommendation=OVERALL_MATCHUP_BALANCED	TossRecommendation=TOSS_DATA_INSUFFICIENT	StrategyRecommendation=BAT_FIELD_DATA_INSUFFICIENT	VenueConfidence=VERY_LOW	PerformanceScore=64.37	StrategyBonus=0.00	TossBonus=0.00	FinalScore=64.37	FinalDecision=POSITIVE	DecisionConfidence=VERY_LOW	StrategySignal=NONE	TossSignal=NONE	VenueConfidence=VERY_LOW
Brabourne Stadium	Mumbai Indians	Rajasthan Royals	VenueWin%=100.00	OverallWin%=51.72	VenueMatches=1	OverallMatches=29	Matches=1	Wins=1	Losses=0	Win%=100.00	TossWins=1	TossLosses=0	TossWinMatchWins=1	TossWinMatchLosses=0	TossConversion%=100.00	BatFirst=1	BatFirstWins=1	BatFirstWin%=100.00	FieldFirst=0	FieldFirstWins=0	FieldFirstWin%=0.00	OverallConfidence=VERY_STRONG	RecommendationSource=OVERALL_MATCHUP	Recommendation=OVERALL_MATCHUP_BALANCED	TossRecommendation=TOSS_DATA_INSUFFICIENT	StrategyRecommendation=BAT_FIELD_DATA_INSUFFICIENT	VenueConfidence=VERY_LOW	PerformanceScore=63.31	StrategyBonus=0.00	TossBonus=0.00	FinalScore=63.31	FinalDecision=POSITIVE	DecisionConfidence=VERY_LOW	StrategySignal=NONE	TossSignal=NONE	VenueConfidence=VERY_LOW
Brabourne Stadium	Mumbai Indians	Royal Challengers Bengaluru	VenueWin%=0.00	OverallWin%=57.58	VenueMatches=1	OverallMatches=33	Matches=1	Wins=0	Losses=1	Win%=0.00	TossWins=1	TossLosses=0	TossWinMatchWins=0	TossWinMatchLosses=1	TossConversion%=0.00	BatFirst=1	BatFirstWins=0	BatFirstWin%=0.00	FieldFirst=0	FieldFirstWins=0	FieldFirstWin%=0.00	OverallConfidence=VERY_STRONG	RecommendationSource=OVERALL_MATCHUP	Recommendation=OVERALL_MATCHUP_ADVANTAGE	TossRecommendation=TOSS_DATA_INSUFFICIENT	StrategyRecommendation=BAT_FIELD_DATA_INSUFFICIENT	VenueConfidence=VERY_LOW	PerformanceScore=43.76	StrategyBonus=0.00	TossBonus=0.00	FinalScore=43.76	FinalDecision=NEGATIVE	DecisionConfidence=VERY_LOW	StrategySignal=NONE	TossSignal=NONE	VenueConfidence=VERY_LOW
Brabourne Stadium	Punjab Kings	Mumbai Indians	VenueWin%=0.00	OverallWin%=46.88	VenueMatches=1	OverallMatches=32	Matches=1	Wins=0	Losses=1	Win%=0.00	TossWins=0	TossLosses=1	TossWinMatchWins=0	TossWinMatchLosses=0	TossConversion%=0.00	BatFirst=0	BatFirstWins=0	BatFirstWin%=0.00	FieldFirst=0	FieldFirstWins=0	FieldFirstWin%=0.00	OverallConfidence=VERY_STRONG	RecommendationSource=OVERALL_MATCHUP	Recommendation=OVERALL_MATCHUP_BALANCED	TossRecommendation=TOSS_DATA_INSUFFICIENT	StrategyRecommendation=BAT_FIELD_DATA_INSUFFICIENT	VenueConfidence=VERY_LOW	PerformanceScore=35.63	StrategyBonus=0.00	TossBonus=0.00	FinalScore=35.63	FinalDecision=NEGATIVE	DecisionConfidence=VERY_LOW	StrategySignal=NONE	TossSignal=NONE	VenueConfidence=VERY_LOW
Brabourne Stadium	Rajasthan Royals	Delhi Capitals	VenueWin%=100.00	OverallWin%=51.72	VenueMatches=1	OverallMatches=29	Matches=1	Wins=1	Losses=0	Win%=100.00	TossWins=0	TossLosses=1	TossWinMatchWins=0	TossWinMatchLosses=0	TossConversion%=0.00	BatFirst=0	BatFirstWins=0	BatFirstWin%=0.00	FieldFirst=0	FieldFirstWins=0	FieldFirstWin%=0.00	OverallConfidence=VERY_STRONG	RecommendationSource=OVERALL_MATCHUP	Recommendation=OVERALL_MATCHUP_BALANCED	TossRecommendation=TOSS_DATA_INSUFFICIENT	StrategyRecommendation=BAT_FIELD_DATA_INSUFFICIENT	VenueConfidence=VERY_LOW	PerformanceScore=63.31	StrategyBonus=0.00	TossBonus=0.00	FinalScore=63.31	FinalDecision=POSITIVE	DecisionConfidence=VERY_LOW	StrategySignal=NONE	TossSignal=NONE	VenueConfidence=VERY_LOW
Brabourne Stadium	Rajasthan Royals	Kolkata Knight Riders	VenueWin%=100.00	OverallWin%=50.00	VenueMatches=1	OverallMatches=28	Matches=1	Wins=1	Losses=0	Win%=100.00	TossWins=1	TossLosses=0	TossWinMatchWins=1	TossWinMatchLosses=0	TossConversion%=100.00	BatFirst=1	BatFirstWins=1	BatFirstWin%=100.00	FieldFirst=0	FieldFirstWins=0	FieldFirstWin%=0.00	OverallConfidence=VERY_STRONG	RecommendationSource=OVERALL_MATCHUP	Recommendation=OVERALL_MATCHUP_BALANCED	TossRecommendation=TOSS_DATA_INSUFFICIENT	StrategyRecommendation=BAT_FIELD_DATA_INSUFFICIENT	VenueConfidence=VERY_LOW	PerformanceScore=62.00	StrategyBonus=0.00	TossBonus=0.00	FinalScore=62.00	FinalDecision=POSITIVE	DecisionConfidence=VERY_LOW	StrategySignal=NONE	TossSignal=NONE	VenueConfidence=VERY_LOW
Brabourne Stadium	Rajasthan Royals	Mumbai Indians	VenueWin%=0.00	OverallWin%=48.28	VenueMatches=1	OverallMatches=29	Matches=1	Wins=0	Losses=1	Win%=0.00	TossWins=0	TossLosses=1	TossWinMatchWins=0	TossWinMatchLosses=0	TossConversion%=0.00	BatFirst=0	BatFirstWins=0	BatFirstWin%=0.00	FieldFirst=0	FieldFirstWins=0	FieldFirstWin%=0.00	OverallConfidence=VERY_STRONG	RecommendationSource=OVERALL_MATCHUP	Recommendation=OVERALL_MATCHUP_BALANCED	TossRecommendation=TOSS_DATA_INSUFFICIENT	StrategyRecommendation=BAT_FIELD_DATA_INSUFFICIENT	VenueConfidence=VERY_LOW	PerformanceScore=36.69	StrategyBonus=0.00	TossBonus=0.00	FinalScore=36.69	FinalDecision=NEGATIVE	DecisionConfidence=VERY_LOW	StrategySignal=NONE	TossSignal=NONE	VenueConfidence=VERY_LOW
Brabourne Stadium	Rajasthan Royals	Sunrisers Hyderabad	VenueWin%=0.00	OverallWin%=45.00	VenueMatches=1	OverallMatches=20	Matches=1	Wins=0	Losses=1	Win%=0.00	TossWins=1	TossLosses=0	TossWinMatchWins=0	TossWinMatchLosses=1	TossConversion%=0.00	BatFirst=0	BatFirstWins=0	BatFirstWin%=0.00	FieldFirst=1	FieldFirstWins=0	FieldFirstWin%=0.00	OverallConfidence=VERY_STRONG	RecommendationSource=OVERALL_MATCHUP	Recommendation=OVERALL_MATCHUP_BALANCED	TossRecommendation=TOSS_DATA_INSUFFICIENT	StrategyRecommendation=BAT_FIELD_DATA_INSUFFICIENT	VenueConfidence=VERY_LOW	PerformanceScore=34.20	StrategyBonus=0.00	TossBonus=0.00	FinalScore=34.20	FinalDecision=NEGATIVE	DecisionConfidence=VERY_LOW	StrategySignal=NONE	TossSignal=NONE	VenueConfidence=VERY_LOW
Brabourne Stadium	Royal Challengers Bengaluru	Mumbai Indians	VenueWin%=100.00	OverallWin%=42.42	VenueMatches=1	OverallMatches=33	Matches=1	Wins=1	Losses=0	Win%=100.00	TossWins=0	TossLosses=1	TossWinMatchWins=0	TossWinMatchLosses=0	TossConversion%=0.00	BatFirst=0	BatFirstWins=0	BatFirstWin%=0.00	FieldFirst=0	FieldFirstWins=0	FieldFirstWin%=0.00	OverallConfidence=VERY_STRONG	RecommendationSource=OVERALL_MATCHUP	Recommendation=OVERALL_MATCHUP_BALANCED	TossRecommendation=TOSS_DATA_INSUFFICIENT	StrategyRecommendation=BAT_FIELD_DATA_INSUFFICIENT	VenueConfidence=VERY_LOW	PerformanceScore=56.24	StrategyBonus=0.00	TossBonus=0.00	FinalScore=56.24	FinalDecision=BALANCED	DecisionConfidence=VERY_LOW	StrategySignal=NONE	TossSignal=NONE	VenueConfidence=VERY_LOW
Brabourne Stadium	Sunrisers Hyderabad	Rajasthan Royals	VenueWin%=100.00	OverallWin%=55.00	VenueMatches=1	OverallMatches=20	Matches=1	Wins=1	Losses=0	Win%=100.00	TossWins=0	TossLosses=1	TossWinMatchWins=0	TossWinMatchLosses=0	TossConversion%=0.00	BatFirst=0	BatFirstWins=0	BatFirstWin%=0.00	FieldFirst=0	FieldFirstWins=0	FieldFirstWin%=0.00	OverallConfidence=VERY_STRONG	RecommendationSource=OVERALL_MATCHUP	Recommendation=OVERALL_MATCHUP_ADVANTAGE	TossRecommendation=TOSS_DATA_INSUFFICIENT	StrategyRecommendation=BAT_FIELD_DATA_INSUFFICIENT	VenueConfidence=VERY_LOW	PerformanceScore=65.80	StrategyBonus=0.00	TossBonus=0.00	FinalScore=65.80	FinalDecision=POSITIVE	DecisionConfidence=VERY_LOW	StrategySignal=NONE	TossSignal=NONE	VenueConfidence=VERY_LOW
Brabourne Stadium, Mumbai	Chennai Super Kings	Lucknow Super Giants	VenueWin%=0.00	OverallWin%=20.00	VenueMatches=1	OverallMatches=5	Matches=1	Wins=0	Losses=1	Win%=0.00	TossWins=0	TossLosses=1	TossWinMatchWins=0	TossWinMatchLosses=0	TossConversion%=0.00	BatFirst=0	BatFirstWins=0	BatFirstWin%=0.00	FieldFirst=0	FieldFirstWins=0	FieldFirstWin%=0.00	OverallConfidence=MODERATE	RecommendationSource=OVERALL_MATCHUP	Recommendation=OVERALL_MATCHUP_DISADVANTAGE	TossRecommendation=TOSS_DATA_INSUFFICIENT	StrategyRecommendation=BAT_FIELD_DATA_INSUFFICIENT	VenueConfidence=VERY_LOW	PerformanceScore=15.20	StrategyBonus=0.00	TossBonus=0.00	FinalScore=15.20	FinalDecision=STRONG_NEGATIVE	DecisionConfidence=VERY_LOW	StrategySignal=NONE	TossSignal=NONE	VenueConfidence=VERY_LOW
Brabourne Stadium, Mumbai	Chennai Super Kings	Mumbai Indians	VenueWin%=0.00	OverallWin%=45.95	VenueMatches=1	OverallMatches=37	Matches=1	Wins=0	Losses=1	Win%=0.00	TossWins=0	TossLosses=1	TossWinMatchWins=0	TossWinMatchLosses=0	TossConversion%=0.00	BatFirst=0	BatFirstWins=0	BatFirstWin%=0.00	FieldFirst=0	FieldFirstWins=0	FieldFirstWin%=0.00	OverallConfidence=VERY_STRONG	RecommendationSource=OVERALL_MATCHUP	Recommendation=OVERALL_MATCHUP_BALANCED	TossRecommendation=TOSS_DATA_INSUFFICIENT	StrategyRecommendation=BAT_FIELD_DATA_INSUFFICIENT	VenueConfidence=VERY_LOW	PerformanceScore=34.92	StrategyBonus=0.00	TossBonus=0.00	FinalScore=34.92	FinalDecision=NEGATIVE	DecisionConfidence=VERY_LOW	StrategySignal=NONE	TossSignal=NONE	VenueConfidence=VERY_LOW
Brabourne Stadium, Mumbai	Chennai Super Kings	Punjab Kings	VenueWin%=0.00	OverallWin%=53.33	VenueMatches=1	OverallMatches=30	Matches=1	Wins=0	Losses=1	Win%=0.00	TossWins=1	TossLosses=0	TossWinMatchWins=0	TossWinMatchLosses=1	TossConversion%=0.00	BatFirst=0	BatFirstWins=0	BatFirstWin%=0.00	FieldFirst=1	FieldFirstWins=0	FieldFirstWin%=0.00	OverallConfidence=VERY_STRONG	RecommendationSource=OVERALL_MATCHUP	Recommendation=OVERALL_MATCHUP_BALANCED	TossRecommendation=TOSS_DATA_INSUFFICIENT	StrategyRecommendation=BAT_FIELD_DATA_INSUFFICIENT	VenueConfidence=VERY_LOW	PerformanceScore=40.53	StrategyBonus=0.00	TossBonus=0.00	FinalScore=40.53	FinalDecision=NEGATIVE	DecisionConfidence=VERY_LOW	StrategySignal=NONE	TossSignal=NONE	VenueConfidence=VERY_LOW
Brabourne Stadium, Mumbai	Chennai Super Kings	Rajasthan Royals	VenueWin%=0.00	OverallWin%=55.17	VenueMatches=1	OverallMatches=29	Matches=1	Wins=0	Losses=1	Win%=0.00	TossWins=1	TossLosses=0	TossWinMatchWins=0	TossWinMatchLosses=1	TossConversion%=0.00	BatFirst=1	BatFirstWins=0	BatFirstWin%=0.00	FieldFirst=0	FieldFirstWins=0	FieldFirstWin%=0.00	OverallConfidence=VERY_STRONG	RecommendationSource=OVERALL_MATCHUP	Recommendation=OVERALL_MATCHUP_ADVANTAGE	TossRecommendation=TOSS_DATA_INSUFFICIENT	StrategyRecommendation=BAT_FIELD_DATA_INSUFFICIENT	VenueConfidence=VERY_LOW	PerformanceScore=41.93	StrategyBonus=0.00	TossBonus=0.00	FinalScore=41.93	FinalDecision=NEGATIVE	DecisionConfidence=VERY_LOW	StrategySignal=NONE	TossSignal=NONE	VenueConfidence=VERY_LOW
Brabourne Stadium, Mumbai	Delhi Capitals	Kolkata Knight Riders	VenueWin%=100.00	OverallWin%=45.45	VenueMatches=1	OverallMatches=33	Matches=1	Wins=1	Losses=0	Win%=100.00	TossWins=0	TossLosses=1	TossWinMatchWins=0	TossWinMatchLosses=0	TossConversion%=0.00	BatFirst=0	BatFirstWins=0	BatFirstWin%=0.00	FieldFirst=0	FieldFirstWins=0	FieldFirstWin%=0.00	OverallConfidence=VERY_STRONG	RecommendationSource=OVERALL_MATCHUP	Recommendation=OVERALL_MATCHUP_BALANCED	TossRecommendation=TOSS_DATA_INSUFFICIENT	StrategyRecommendation=BAT_FIELD_DATA_INSUFFICIENT	VenueConfidence=VERY_LOW	PerformanceScore=58.54	StrategyBonus=0.00	TossBonus=0.00	FinalScore=58.54	FinalDecision=BALANCED	DecisionConfidence=VERY_LOW	StrategySignal=NONE	TossSignal=NONE	VenueConfidence=VERY_LOW
Brabourne Stadium, Mumbai	Delhi Capitals	Mumbai Indians	VenueWin%=100.00	OverallWin%=45.71	VenueMatches=1	OverallMatches=35	Matches=1	Wins=1	Losses=0	Win%=100.00	TossWins=1	TossLosses=0	TossWinMatchWins=1	TossWinMatchLosses=0	TossConversion%=100.00	BatFirst=0	BatFirstWins=0	BatFirstWin%=0.00	FieldFirst=1	FieldFirstWins=1	FieldFirstWin%=100.00	OverallConfidence=VERY_STRONG	RecommendationSource=OVERALL_MATCHUP	Recommendation=OVERALL_MATCHUP_BALANCED	TossRecommendation=TOSS_DATA_INSUFFICIENT	StrategyRecommendation=BAT_FIELD_DATA_INSUFFICIENT	VenueConfidence=VERY_LOW	PerformanceScore=58.74	StrategyBonus=0.00	TossBonus=0.00	FinalScore=58.74	FinalDecision=BALANCED	DecisionConfidence=VERY_LOW	StrategySignal=NONE	TossSignal=NONE	VenueConfidence=VERY_LOW
Brabourne Stadium, Mumbai	Delhi Capitals	Punjab Kings	VenueWin%=100.00	OverallWin%=48.48	VenueMatches=1	OverallMatches=33	Matches=1	Wins=1	Losses=0	Win%=100.00	TossWins=1	TossLosses=0	TossWinMatchWins=1	TossWinMatchLosses=0	TossConversion%=100.00	BatFirst=0	BatFirstWins=0	BatFirstWin%=0.00	FieldFirst=1	FieldFirstWins=1	FieldFirstWin%=100.00	OverallConfidence=VERY_STRONG	RecommendationSource=OVERALL_MATCHUP	Recommendation=OVERALL_MATCHUP_BALANCED	TossRecommendation=TOSS_DATA_INSUFFICIENT	StrategyRecommendation=BAT_FIELD_DATA_INSUFFICIENT	VenueConfidence=VERY_LOW	PerformanceScore=60.84	StrategyBonus=0.00	TossBonus=0.00	FinalScore=60.84	FinalDecision=POSITIVE	DecisionConfidence=VERY_LOW	StrategySignal=NONE	TossSignal=NONE	VenueConfidence=VERY_LOW
Brabourne Stadium, Mumbai	Delhi Capitals	Sunrisers Hyderabad	VenueWin%=100.00	OverallWin%=45.83	VenueMatches=1	OverallMatches=24	Matches=1	Wins=1	Losses=0	Win%=100.00	TossWins=0	TossLosses=1	TossWinMatchWins=0	TossWinMatchLosses=0	TossConversion%=0.00	BatFirst=0	BatFirstWins=0	BatFirstWin%=0.00	FieldFirst=0	FieldFirstWins=0	FieldFirstWin%=0.00	OverallConfidence=VERY_STRONG	RecommendationSource=OVERALL_MATCHUP	Recommendation=OVERALL_MATCHUP_BALANCED	TossRecommendation=TOSS_DATA_INSUFFICIENT	StrategyRecommendation=BAT_FIELD_DATA_INSUFFICIENT	VenueConfidence=VERY_LOW	PerformanceScore=58.83	StrategyBonus=0.00	TossBonus=0.00	FinalScore=58.83	FinalDecision=BALANCED	DecisionConfidence=VERY_LOW	StrategySignal=NONE	TossSignal=NONE	VenueConfidence=VERY_LOW
Brabourne Stadium, Mumbai	Gujarat Titans	Mumbai Indians	VenueWin%=0.00	OverallWin%=60.00	VenueMatches=1	OverallMatches=5	Matches=1	Wins=0	Losses=1	Win%=0.00	TossWins=1	TossLosses=0	TossWinMatchWins=0	TossWinMatchLosses=1	TossConversion%=0.00	BatFirst=0	BatFirstWins=0	BatFirstWin%=0.00	FieldFirst=1	FieldFirstWins=0	FieldFirstWin%=0.00	OverallConfidence=MODERATE	RecommendationSource=OVERALL_MATCHUP	Recommendation=OVERALL_MATCHUP_ADVANTAGE	TossRecommendation=TOSS_DATA_INSUFFICIENT	StrategyRecommendation=BAT_FIELD_DATA_INSUFFICIENT	VenueConfidence=VERY_LOW	PerformanceScore=45.60	StrategyBonus=0.00	TossBonus=0.00	FinalScore=45.60	FinalDecision=BALANCED	DecisionConfidence=VERY_LOW	StrategySignal=NONE	TossSignal=NONE	VenueConfidence=VERY_LOW
Brabourne Stadium, Mumbai	Gujarat Titans	Punjab Kings	VenueWin%=100.00	OverallWin%=60.00	VenueMatches=1	OverallMatches=5	Matches=1	Wins=1	Losses=0	Win%=100.00	TossWins=1	TossLosses=0	TossWinMatchWins=1	TossWinMatchLosses=0	TossConversion%=100.00	BatFirst=0	BatFirstWins=0	BatFirstWin%=0.00	FieldFirst=1	FieldFirstWins=1	FieldFirstWin%=100.00	OverallConfidence=MODERATE	RecommendationSource=OVERALL_MATCHUP	Recommendation=OVERALL_MATCHUP_ADVANTAGE	TossRecommendation=TOSS_DATA_INSUFFICIENT	StrategyRecommendation=BAT_FIELD_DATA_INSUFFICIENT	VenueConfidence=VERY_LOW	PerformanceScore=69.60	StrategyBonus=0.00	TossBonus=0.00	FinalScore=69.60	FinalDecision=POSITIVE	DecisionConfidence=VERY_LOW	StrategySignal=NONE	TossSignal=NONE	VenueConfidence=VERY_LOW
Brabourne Stadium, Mumbai	Gujarat Titans	Royal Challengers Bengaluru	VenueWin%=100.00	OverallWin%=40.00	VenueMatches=1	OverallMatches=5	Matches=1	Wins=1	Losses=0	Win%=100.00	TossWins=0	TossLosses=1	TossWinMatchWins=0	TossWinMatchLosses=0	TossConversion%=0.00	BatFirst=0	BatFirstWins=0	BatFirstWin%=0.00	FieldFirst=0	FieldFirstWins=0	FieldFirstWin%=0.00	OverallConfidence=MODERATE	RecommendationSource=OVERALL_MATCHUP	Recommendation=OVERALL_MATCHUP_DISADVANTAGE	TossRecommendation=TOSS_DATA_INSUFFICIENT	StrategyRecommendation=BAT_FIELD_DATA_INSUFFICIENT	VenueConfidence=VERY_LOW	PerformanceScore=54.40	StrategyBonus=0.00	TossBonus=0.00	FinalScore=54.40	FinalDecision=BALANCED	DecisionConfidence=VERY_LOW	StrategySignal=NONE	TossSignal=NONE	VenueConfidence=VERY_LOW
Brabourne Stadium, Mumbai	Kolkata Knight Riders	Delhi Capitals	VenueWin%=0.00	OverallWin%=54.55	VenueMatches=1	OverallMatches=33	Matches=1	Wins=0	Losses=1	Win%=0.00	TossWins=1	TossLosses=0	TossWinMatchWins=0	TossWinMatchLosses=1	TossConversion%=0.00	BatFirst=0	BatFirstWins=0	BatFirstWin%=0.00	FieldFirst=1	FieldFirstWins=0	FieldFirstWin%=0.00	OverallConfidence=VERY_STRONG	RecommendationSource=OVERALL_MATCHUP	Recommendation=OVERALL_MATCHUP_BALANCED	TossRecommendation=TOSS_DATA_INSUFFICIENT	StrategyRecommendation=BAT_FIELD_DATA_INSUFFICIENT	VenueConfidence=VERY_LOW	PerformanceScore=41.46	StrategyBonus=0.00	TossBonus=0.00	FinalScore=41.46	FinalDecision=NEGATIVE	DecisionConfidence=VERY_LOW	StrategySignal=NONE	TossSignal=NONE	VenueConfidence=VERY_LOW
Brabourne Stadium, Mumbai	Kolkata Knight Riders	Rajasthan Royals	VenueWin%=0.00	OverallWin%=50.00	VenueMatches=1	OverallMatches=28	Matches=1	Wins=0	Losses=1	Win%=0.00	TossWins=1	TossLosses=0	TossWinMatchWins=0	TossWinMatchLosses=1	TossConversion%=0.00	BatFirst=0	BatFirstWins=0	BatFirstWin%=0.00	FieldFirst=1	FieldFirstWins=0	FieldFirstWin%=0.00	OverallConfidence=VERY_STRONG	RecommendationSource=OVERALL_MATCHUP	Recommendation=OVERALL_MATCHUP_BALANCED	TossRecommendation=TOSS_DATA_INSUFFICIENT	StrategyRecommendation=BAT_FIELD_DATA_INSUFFICIENT	VenueConfidence=VERY_LOW	PerformanceScore=38.00	StrategyBonus=0.00	TossBonus=0.00	FinalScore=38.00	FinalDecision=NEGATIVE	DecisionConfidence=VERY_LOW	StrategySignal=NONE	TossSignal=NONE	VenueConfidence=VERY_LOW
Brabourne Stadium, Mumbai	Kolkata Knight Riders	Sunrisers Hyderabad	VenueWin%=0.00	OverallWin%=67.86	VenueMatches=1	OverallMatches=28	Matches=1	Wins=0	Losses=1	Win%=0.00	TossWins=0	TossLosses=1	TossWinMatchWins=0	TossWinMatchLosses=0	TossConversion%=0.00	BatFirst=0	BatFirstWins=0	BatFirstWin%=0.00	FieldFirst=0	FieldFirstWins=0	FieldFirstWin%=0.00	OverallConfidence=VERY_STRONG	RecommendationSource=OVERALL_MATCHUP	Recommendation=OVERALL_MATCHUP_ADVANTAGE	TossRecommendation=TOSS_DATA_INSUFFICIENT	StrategyRecommendation=BAT_FIELD_DATA_INSUFFICIENT	VenueConfidence=VERY_LOW	PerformanceScore=51.57	StrategyBonus=0.00	TossBonus=0.00	FinalScore=51.57	FinalDecision=BALANCED	DecisionConfidence=VERY_LOW	StrategySignal=NONE	TossSignal=NONE	VenueConfidence=VERY_LOW
Brabourne Stadium, Mumbai	Lucknow Super Giants	Chennai Super Kings	VenueWin%=100.00	OverallWin%=60.00	VenueMatches=1	OverallMatches=5	Matches=1	Wins=1	Losses=0	Win%=100.00	TossWins=1	TossLosses=0	TossWinMatchWins=1	TossWinMatchLosses=0	TossConversion%=100.00	BatFirst=0	BatFirstWins=0	BatFirstWin%=0.00	FieldFirst=1	FieldFirstWins=1	FieldFirstWin%=100.00	OverallConfidence=MODERATE	RecommendationSource=OVERALL_MATCHUP	Recommendation=OVERALL_MATCHUP_ADVANTAGE	TossRecommendation=TOSS_DATA_INSUFFICIENT	StrategyRecommendation=BAT_FIELD_DATA_INSUFFICIENT	VenueConfidence=VERY_LOW	PerformanceScore=69.60	StrategyBonus=0.00	TossBonus=0.00	FinalScore=69.60	FinalDecision=POSITIVE	DecisionConfidence=VERY_LOW	StrategySignal=NONE	TossSignal=NONE	VenueConfidence=VERY_LOW
Brabourne Stadium, Mumbai	Lucknow Super Giants	Mumbai Indians	VenueWin%=100.00	OverallWin%=83.33	VenueMatches=1	OverallMatches=6	Matches=1	Wins=1	Losses=0	Win%=100.00	TossWins=0	TossLosses=1	TossWinMatchWins=0	TossWinMatchLosses=0	TossConversion%=0.00	BatFirst=0	BatFirstWins=0	BatFirstWin%=0.00	FieldFirst=0	FieldFirstWins=0	FieldFirstWin%=0.00	OverallConfidence=MODERATE	RecommendationSource=OVERALL_MATCHUP	Recommendation=OVERALL_MATCHUP_STRONG_ADVANTAGE	TossRecommendation=TOSS_DATA_INSUFFICIENT	StrategyRecommendation=BAT_FIELD_DATA_INSUFFICIENT	VenueConfidence=VERY_LOW	PerformanceScore=87.33	StrategyBonus=0.00	TossBonus=0.00	FinalScore=87.33	FinalDecision=STRONG_POSITIVE	DecisionConfidence=VERY_LOW	StrategySignal=NONE	TossSignal=NONE	VenueConfidence=VERY_LOW
Brabourne Stadium, Mumbai	Lucknow Super Giants	Rajasthan Royals	VenueWin%=0.00	OverallWin%=20.00	VenueMatches=1	OverallMatches=5	Matches=1	Wins=0	Losses=1	Win%=0.00	TossWins=0	TossLosses=1	TossWinMatchWins=0	TossWinMatchLosses=0	TossConversion%=0.00	BatFirst=0	BatFirstWins=0	BatFirstWin%=0.00	FieldFirst=0	FieldFirstWins=0	FieldFirstWin%=0.00	OverallConfidence=MODERATE	RecommendationSource=OVERALL_MATCHUP	Recommendation=OVERALL_MATCHUP_DISADVANTAGE	TossRecommendation=TOSS_DATA_INSUFFICIENT	StrategyRecommendation=BAT_FIELD_DATA_INSUFFICIENT	VenueConfidence=VERY_LOW	PerformanceScore=15.20	StrategyBonus=0.00	TossBonus=0.00	FinalScore=15.20	FinalDecision=STRONG_NEGATIVE	DecisionConfidence=VERY_LOW	StrategySignal=NONE	TossSignal=NONE	VenueConfidence=VERY_LOW
Brabourne Stadium, Mumbai	Mumbai Indians	Chennai Super Kings	VenueWin%=100.00	OverallWin%=54.05	VenueMatches=1	OverallMatches=37	Matches=1	Wins=1	Losses=0	Win%=100.00	TossWins=1	TossLosses=0	TossWinMatchWins=1	TossWinMatchLosses=0	TossConversion%=100.00	BatFirst=0	BatFirstWins=0	BatFirstWin%=0.00	FieldFirst=1	FieldFirstWins=1	FieldFirstWin%=100.00	OverallConfidence=VERY_STRONG	RecommendationSource=OVERALL_MATCHUP	Recommendation=OVERALL_MATCHUP_BALANCED	TossRecommendation=TOSS_DATA_INSUFFICIENT	StrategyRecommendation=BAT_FIELD_DATA_INSUFFICIENT	VenueConfidence=VERY_LOW	PerformanceScore=65.08	StrategyBonus=0.00	TossBonus=0.00	FinalScore=65.08	FinalDecision=POSITIVE	DecisionConfidence=VERY_LOW	StrategySignal=NONE	TossSignal=NONE	VenueConfidence=VERY_LOW
Brabourne Stadium, Mumbai	Mumbai Indians	Delhi Capitals	VenueWin%=0.00	OverallWin%=54.29	VenueMatches=1	OverallMatches=35	Matches=1	Wins=0	Losses=1	Win%=0.00	TossWins=0	TossLosses=1	TossWinMatchWins=0	TossWinMatchLosses=0	TossConversion%=0.00	BatFirst=0	BatFirstWins=0	BatFirstWin%=0.00	FieldFirst=0	FieldFirstWins=0	FieldFirstWin%=0.00	OverallConfidence=VERY_STRONG	RecommendationSource=OVERALL_MATCHUP	Recommendation=OVERALL_MATCHUP_BALANCED	TossRecommendation=TOSS_DATA_INSUFFICIENT	StrategyRecommendation=BAT_FIELD_DATA_INSUFFICIENT	VenueConfidence=VERY_LOW	PerformanceScore=41.26	StrategyBonus=0.00	TossBonus=0.00	FinalScore=41.26	FinalDecision=NEGATIVE	DecisionConfidence=VERY_LOW	StrategySignal=NONE	TossSignal=NONE	VenueConfidence=VERY_LOW
Brabourne Stadium, Mumbai	Mumbai Indians	Gujarat Titans	VenueWin%=100.00	OverallWin%=40.00	VenueMatches=1	OverallMatches=5	Matches=1	Wins=1	Losses=0	Win%=100.00	TossWins=0	TossLosses=1	TossWinMatchWins=0	TossWinMatchLosses=0	TossConversion%=0.00	BatFirst=0	BatFirstWins=0	BatFirstWin%=0.00	FieldFirst=0	FieldFirstWins=0	FieldFirstWin%=0.00	OverallConfidence=MODERATE	RecommendationSource=OVERALL_MATCHUP	Recommendation=OVERALL_MATCHUP_DISADVANTAGE	TossRecommendation=TOSS_DATA_INSUFFICIENT	StrategyRecommendation=BAT_FIELD_DATA_INSUFFICIENT	VenueConfidence=VERY_LOW	PerformanceScore=54.40	StrategyBonus=0.00	TossBonus=0.00	FinalScore=54.40	FinalDecision=BALANCED	DecisionConfidence=VERY_LOW	StrategySignal=NONE	TossSignal=NONE	VenueConfidence=VERY_LOW
Brabourne Stadium, Mumbai	Mumbai Indians	Lucknow Super Giants	VenueWin%=0.00	OverallWin%=16.67	VenueMatches=1	OverallMatches=6	Matches=1	Wins=0	Losses=1	Win%=0.00	TossWins=1	TossLosses=0	TossWinMatchWins=0	TossWinMatchLosses=1	TossConversion%=0.00	BatFirst=0	BatFirstWins=0	BatFirstWin%=0.00	FieldFirst=1	FieldFirstWins=0	FieldFirstWin%=0.00	OverallConfidence=MODERATE	RecommendationSource=OVERALL_MATCHUP	Recommendation=OVERALL_MATCHUP_DISADVANTAGE	TossRecommendation=TOSS_DATA_INSUFFICIENT	StrategyRecommendation=BAT_FIELD_DATA_INSUFFICIENT	VenueConfidence=VERY_LOW	PerformanceScore=12.67	StrategyBonus=0.00	TossBonus=0.00	FinalScore=12.67	FinalDecision=STRONG_NEGATIVE	DecisionConfidence=VERY_LOW	StrategySignal=NONE	TossSignal=NONE	VenueConfidence=VERY_LOW
Brabourne Stadium, Mumbai	Punjab Kings	Chennai Super Kings	VenueWin%=100.00	OverallWin%=46.67	VenueMatches=1	OverallMatches=30	Matches=1	Wins=1	Losses=0	Win%=100.00	TossWins=0	TossLosses=1	TossWinMatchWins=0	TossWinMatchLosses=0	TossConversion%=0.00	BatFirst=0	BatFirstWins=0	BatFirstWin%=0.00	FieldFirst=0	FieldFirstWins=0	FieldFirstWin%=0.00	OverallConfidence=VERY_STRONG	RecommendationSource=OVERALL_MATCHUP	Recommendation=OVERALL_MATCHUP_BALANCED	TossRecommendation=TOSS_DATA_INSUFFICIENT	StrategyRecommendation=BAT_FIELD_DATA_INSUFFICIENT	VenueConfidence=VERY_LOW	PerformanceScore=59.47	StrategyBonus=0.00	TossBonus=0.00	FinalScore=59.47	FinalDecision=BALANCED	DecisionConfidence=VERY_LOW	StrategySignal=NONE	TossSignal=NONE	VenueConfidence=VERY_LOW
Brabourne Stadium, Mumbai	Punjab Kings	Delhi Capitals	VenueWin%=0.00	OverallWin%=51.52	VenueMatches=1	OverallMatches=33	Matches=1	Wins=0	Losses=1	Win%=0.00	TossWins=0	TossLosses=1	TossWinMatchWins=0	TossWinMatchLosses=0	TossConversion%=0.00	BatFirst=0	BatFirstWins=0	BatFirstWin%=0.00	FieldFirst=0	FieldFirstWins=0	FieldFirstWin%=0.00	OverallConfidence=VERY_STRONG	RecommendationSource=OVERALL_MATCHUP	Recommendation=OVERALL_MATCHUP_BALANCED	TossRecommendation=TOSS_DATA_INSUFFICIENT	StrategyRecommendation=BAT_FIELD_DATA_INSUFFICIENT	VenueConfidence=VERY_LOW	PerformanceScore=39.16	StrategyBonus=0.00	TossBonus=0.00	FinalScore=39.16	FinalDecision=NEGATIVE	DecisionConfidence=VERY_LOW	StrategySignal=NONE	TossSignal=NONE	VenueConfidence=VERY_LOW
Brabourne Stadium, Mumbai	Punjab Kings	Gujarat Titans	VenueWin%=0.00	OverallWin%=40.00	VenueMatches=1	OverallMatches=5	Matches=1	Wins=0	Losses=1	Win%=0.00	TossWins=0	TossLosses=1	TossWinMatchWins=0	TossWinMatchLosses=0	TossConversion%=0.00	BatFirst=0	BatFirstWins=0	BatFirstWin%=0.00	FieldFirst=0	FieldFirstWins=0	FieldFirstWin%=0.00	OverallConfidence=MODERATE	RecommendationSource=OVERALL_MATCHUP	Recommendation=OVERALL_MATCHUP_DISADVANTAGE	TossRecommendation=TOSS_DATA_INSUFFICIENT	StrategyRecommendation=BAT_FIELD_DATA_INSUFFICIENT	VenueConfidence=VERY_LOW	PerformanceScore=30.40	StrategyBonus=0.00	TossBonus=0.00	FinalScore=30.40	FinalDecision=NEGATIVE	DecisionConfidence=VERY_LOW	StrategySignal=NONE	TossSignal=NONE	VenueConfidence=VERY_LOW
Brabourne Stadium, Mumbai	Punjab Kings	Royal Challengers Bengaluru	VenueWin%=100.00	OverallWin%=51.52	VenueMatches=1	OverallMatches=33	Matches=1	Wins=1	Losses=0	Win%=100.00	TossWins=0	TossLosses=1	TossWinMatchWins=0	TossWinMatchLosses=0	TossConversion%=0.00	BatFirst=0	BatFirstWins=0	BatFirstWin%=0.00	FieldFirst=0	FieldFirstWins=0	FieldFirstWin%=0.00	OverallConfidence=VERY_STRONG	RecommendationSource=OVERALL_MATCHUP	Recommendation=OVERALL_MATCHUP_BALANCED	TossRecommendation=TOSS_DATA_INSUFFICIENT	StrategyRecommendation=BAT_FIELD_DATA_INSUFFICIENT	VenueConfidence=VERY_LOW	PerformanceScore=63.16	StrategyBonus=0.00	TossBonus=0.00	FinalScore=63.16	FinalDecision=POSITIVE	DecisionConfidence=VERY_LOW	StrategySignal=NONE	TossSignal=NONE	VenueConfidence=VERY_LOW
Brabourne Stadium, Mumbai	Rajasthan Royals	Chennai Super Kings	VenueWin%=100.00	OverallWin%=44.83	VenueMatches=1	OverallMatches=29	Matches=1	Wins=1	Losses=0	Win%=100.00	TossWins=0	TossLosses=1	TossWinMatchWins=0	TossWinMatchLosses=0	TossConversion%=0.00	BatFirst=0	BatFirstWins=0	BatFirstWin%=0.00	FieldFirst=0	FieldFirstWins=0	FieldFirstWin%=0.00	OverallConfidence=VERY_STRONG	RecommendationSource=OVERALL_MATCHUP	Recommendation=OVERALL_MATCHUP_BALANCED	TossRecommendation=TOSS_DATA_INSUFFICIENT	StrategyRecommendation=BAT_FIELD_DATA_INSUFFICIENT	VenueConfidence=VERY_LOW	PerformanceScore=58.07	StrategyBonus=0.00	TossBonus=0.00	FinalScore=58.07	FinalDecision=BALANCED	DecisionConfidence=VERY_LOW	StrategySignal=NONE	TossSignal=NONE	VenueConfidence=VERY_LOW
Brabourne Stadium, Mumbai	Rajasthan Royals	Kolkata Knight Riders	VenueWin%=100.00	OverallWin%=50.00	VenueMatches=1	OverallMatches=28	Matches=1	Wins=1	Losses=0	Win%=100.00	TossWins=0	TossLosses=1	TossWinMatchWins=0	TossWinMatchLosses=0	TossConversion%=0.00	BatFirst=0	BatFirstWins=0	BatFirstWin%=0.00	FieldFirst=0	FieldFirstWins=0	FieldFirstWin%=0.00	OverallConfidence=VERY_STRONG	RecommendationSource=OVERALL_MATCHUP	Recommendation=OVERALL_MATCHUP_BALANCED	TossRecommendation=TOSS_DATA_INSUFFICIENT	StrategyRecommendation=BAT_FIELD_DATA_INSUFFICIENT	VenueConfidence=VERY_LOW	PerformanceScore=62.00	StrategyBonus=0.00	TossBonus=0.00	FinalScore=62.00	FinalDecision=POSITIVE	DecisionConfidence=VERY_LOW	StrategySignal=NONE	TossSignal=NONE	VenueConfidence=VERY_LOW
Brabourne Stadium, Mumbai	Rajasthan Royals	Lucknow Super Giants	VenueWin%=100.00	OverallWin%=80.00	VenueMatches=1	OverallMatches=5	Matches=1	Wins=1	Losses=0	Win%=100.00	TossWins=1	TossLosses=0	TossWinMatchWins=1	TossWinMatchLosses=0	TossConversion%=100.00	BatFirst=1	BatFirstWins=1	BatFirstWin%=100.00	FieldFirst=0	FieldFirstWins=0	FieldFirstWin%=0.00	OverallConfidence=MODERATE	RecommendationSource=OVERALL_MATCHUP	Recommendation=OVERALL_MATCHUP_STRONG_ADVANTAGE	TossRecommendation=TOSS_DATA_INSUFFICIENT	StrategyRecommendation=BAT_FIELD_DATA_INSUFFICIENT	VenueConfidence=VERY_LOW	PerformanceScore=84.80	StrategyBonus=0.00	TossBonus=0.00	FinalScore=84.80	FinalDecision=STRONG_POSITIVE	DecisionConfidence=VERY_LOW	StrategySignal=NONE	TossSignal=NONE	VenueConfidence=VERY_LOW
Brabourne Stadium, Mumbai	Royal Challengers Bengaluru	Gujarat Titans	VenueWin%=0.00	OverallWin%=60.00	VenueMatches=1	OverallMatches=5	Matches=1	Wins=0	Losses=1	Win%=0.00	TossWins=1	TossLosses=0	TossWinMatchWins=0	TossWinMatchLosses=1	TossConversion%=0.00	BatFirst=1	BatFirstWins=0	BatFirstWin%=0.00	FieldFirst=0	FieldFirstWins=0	FieldFirstWin%=0.00	OverallConfidence=MODERATE	RecommendationSource=OVERALL_MATCHUP	Recommendation=OVERALL_MATCHUP_ADVANTAGE	TossRecommendation=TOSS_DATA_INSUFFICIENT	StrategyRecommendation=BAT_FIELD_DATA_INSUFFICIENT	VenueConfidence=VERY_LOW	PerformanceScore=45.60	StrategyBonus=0.00	TossBonus=0.00	FinalScore=45.60	FinalDecision=BALANCED	DecisionConfidence=VERY_LOW	StrategySignal=NONE	TossSignal=NONE	VenueConfidence=VERY_LOW
Brabourne Stadium, Mumbai	Royal Challengers Bengaluru	Punjab Kings	VenueWin%=0.00	OverallWin%=48.48	VenueMatches=1	OverallMatches=33	Matches=1	Wins=0	Losses=1	Win%=0.00	TossWins=1	TossLosses=0	TossWinMatchWins=0	TossWinMatchLosses=1	TossConversion%=0.00	BatFirst=0	BatFirstWins=0	BatFirstWin%=0.00	FieldFirst=1	FieldFirstWins=0	FieldFirstWin%=0.00	OverallConfidence=VERY_STRONG	RecommendationSource=OVERALL_MATCHUP	Recommendation=OVERALL_MATCHUP_BALANCED	TossRecommendation=TOSS_DATA_INSUFFICIENT	StrategyRecommendation=BAT_FIELD_DATA_INSUFFICIENT	VenueConfidence=VERY_LOW	PerformanceScore=36.84	StrategyBonus=0.00	TossBonus=0.00	FinalScore=36.84	FinalDecision=NEGATIVE	DecisionConfidence=VERY_LOW	StrategySignal=NONE	TossSignal=NONE	VenueConfidence=VERY_LOW
Brabourne Stadium, Mumbai	Royal Challengers Bengaluru	Sunrisers Hyderabad	VenueWin%=0.00	OverallWin%=45.83	VenueMatches=1	OverallMatches=24	Matches=1	Wins=0	Losses=1	Win%=0.00	TossWins=0	TossLosses=1	TossWinMatchWins=0	TossWinMatchLosses=0	TossConversion%=0.00	BatFirst=0	BatFirstWins=0	BatFirstWin%=0.00	FieldFirst=0	FieldFirstWins=0	FieldFirstWin%=0.00	OverallConfidence=VERY_STRONG	RecommendationSource=OVERALL_MATCHUP	Recommendation=OVERALL_MATCHUP_BALANCED	TossRecommendation=TOSS_DATA_INSUFFICIENT	StrategyRecommendation=BAT_FIELD_DATA_INSUFFICIENT	VenueConfidence=VERY_LOW	PerformanceScore=34.83	StrategyBonus=0.00	TossBonus=0.00	FinalScore=34.83	FinalDecision=NEGATIVE	DecisionConfidence=VERY_LOW	StrategySignal=NONE	TossSignal=NONE	VenueConfidence=VERY_LOW
Brabourne Stadium, Mumbai	Sunrisers Hyderabad	Delhi Capitals	VenueWin%=0.00	OverallWin%=54.17	VenueMatches=1	OverallMatches=24	Matches=1	Wins=0	Losses=1	Win%=0.00	TossWins=1	TossLosses=0	TossWinMatchWins=0	TossWinMatchLosses=1	TossConversion%=0.00	BatFirst=0	BatFirstWins=0	BatFirstWin%=0.00	FieldFirst=1	FieldFirstWins=0	FieldFirstWin%=0.00	OverallConfidence=VERY_STRONG	RecommendationSource=OVERALL_MATCHUP	Recommendation=OVERALL_MATCHUP_BALANCED	TossRecommendation=TOSS_DATA_INSUFFICIENT	StrategyRecommendation=BAT_FIELD_DATA_INSUFFICIENT	VenueConfidence=VERY_LOW	PerformanceScore=41.17	StrategyBonus=0.00	TossBonus=0.00	FinalScore=41.17	FinalDecision=NEGATIVE	DecisionConfidence=VERY_LOW	StrategySignal=NONE	TossSignal=NONE	VenueConfidence=VERY_LOW
Brabourne Stadium, Mumbai	Sunrisers Hyderabad	Kolkata Knight Riders	VenueWin%=100.00	OverallWin%=32.14	VenueMatches=1	OverallMatches=28	Matches=1	Wins=1	Losses=0	Win%=100.00	TossWins=1	TossLosses=0	TossWinMatchWins=1	TossWinMatchLosses=0	TossConversion%=100.00	BatFirst=0	BatFirstWins=0	BatFirstWin%=0.00	FieldFirst=1	FieldFirstWins=1	FieldFirstWin%=100.00	OverallConfidence=VERY_STRONG	RecommendationSource=OVERALL_MATCHUP	Recommendation=OVERALL_MATCHUP_DISADVANTAGE	TossRecommendation=TOSS_DATA_INSUFFICIENT	StrategyRecommendation=BAT_FIELD_DATA_INSUFFICIENT	VenueConfidence=VERY_LOW	PerformanceScore=48.43	StrategyBonus=0.00	TossBonus=0.00	FinalScore=48.43	FinalDecision=BALANCED	DecisionConfidence=VERY_LOW	StrategySignal=NONE	TossSignal=NONE	VenueConfidence=VERY_LOW
Brabourne Stadium, Mumbai	Sunrisers Hyderabad	Royal Challengers Bengaluru	VenueWin%=100.00	OverallWin%=54.17	VenueMatches=1	OverallMatches=24	Matches=1	Wins=1	Losses=0	Win%=100.00	TossWins=1	TossLosses=0	TossWinMatchWins=1	TossWinMatchLosses=0	TossConversion%=100.00	BatFirst=0	BatFirstWins=0	BatFirstWin%=0.00	FieldFirst=1	FieldFirstWins=1	FieldFirstWin%=100.00	OverallConfidence=VERY_STRONG	RecommendationSource=OVERALL_MATCHUP	Recommendation=OVERALL_MATCHUP_BALANCED	TossRecommendation=TOSS_DATA_INSUFFICIENT	StrategyRecommendation=BAT_FIELD_DATA_INSUFFICIENT	VenueConfidence=VERY_LOW	PerformanceScore=65.17	StrategyBonus=0.00	TossBonus=0.00	FinalScore=65.17	FinalDecision=POSITIVE	DecisionConfidence=VERY_LOW	StrategySignal=NONE	TossSignal=NONE	VenueConfidence=VERY_LOW
Buffalo Park	Chennai Super Kings	Deccan Chargers	VenueWin%=100.00	OverallWin%=60.00	VenueMatches=1	OverallMatches=10	Matches=1	Wins=1	Losses=0	Win%=100.00	TossWins=1	TossLosses=0	TossWinMatchWins=1	TossWinMatchLosses=0	TossConversion%=100.00	BatFirst=1	BatFirstWins=1	BatFirstWin%=100.00	FieldFirst=0	FieldFirstWins=0	FieldFirstWin%=0.00	OverallConfidence=STRONG	RecommendationSource=OVERALL_MATCHUP	Recommendation=OVERALL_MATCHUP_ADVANTAGE	TossRecommendation=TOSS_DATA_INSUFFICIENT	StrategyRecommendation=BAT_FIELD_DATA_INSUFFICIENT	VenueConfidence=VERY_LOW	PerformanceScore=69.60	StrategyBonus=0.00	TossBonus=0.00	FinalScore=69.60	FinalDecision=POSITIVE	DecisionConfidence=VERY_LOW	StrategySignal=NONE	TossSignal=NONE	VenueConfidence=VERY_LOW
Buffalo Park	Deccan Chargers	Chennai Super Kings	VenueWin%=0.00	OverallWin%=40.00	VenueMatches=1	OverallMatches=10	Matches=1	Wins=0	Losses=1	Win%=0.00	TossWins=0	TossLosses=1	TossWinMatchWins=0	TossWinMatchLosses=0	TossConversion%=0.00	BatFirst=0	BatFirstWins=0	BatFirstWin%=0.00	FieldFirst=0	FieldFirstWins=0	FieldFirstWin%=0.00	OverallConfidence=STRONG	RecommendationSource=OVERALL_MATCHUP	Recommendation=OVERALL_MATCHUP_DISADVANTAGE	TossRecommendation=TOSS_DATA_INSUFFICIENT	StrategyRecommendation=BAT_FIELD_DATA_INSUFFICIENT	VenueConfidence=VERY_LOW	PerformanceScore=30.40	StrategyBonus=0.00	TossBonus=0.00	FinalScore=30.40	FinalDecision=NEGATIVE	DecisionConfidence=VERY_LOW	StrategySignal=NONE	TossSignal=NONE	VenueConfidence=VERY_LOW
Buffalo Park	Delhi Capitals	Mumbai Indians	VenueWin%=100.00	OverallWin%=45.71	VenueMatches=1	OverallMatches=35	Matches=1	Wins=1	Losses=0	Win%=100.00	TossWins=0	TossLosses=1	TossWinMatchWins=0	TossWinMatchLosses=0	TossConversion%=0.00	BatFirst=0	BatFirstWins=0	BatFirstWin%=0.00	FieldFirst=0	FieldFirstWins=0	FieldFirstWin%=0.00	OverallConfidence=VERY_STRONG	RecommendationSource=OVERALL_MATCHUP	Recommendation=OVERALL_MATCHUP_BALANCED	TossRecommendation=TOSS_DATA_INSUFFICIENT	StrategyRecommendation=BAT_FIELD_DATA_INSUFFICIENT	VenueConfidence=VERY_LOW	PerformanceScore=58.74	StrategyBonus=0.00	TossBonus=0.00	FinalScore=58.74	FinalDecision=BALANCED	DecisionConfidence=VERY_LOW	StrategySignal=NONE	TossSignal=NONE	VenueConfidence=VERY_LOW
Buffalo Park	Kolkata Knight Riders	Mumbai Indians	VenueWin%=0.00	OverallWin%=32.35	VenueMatches=1	OverallMatches=34	Matches=1	Wins=0	Losses=1	Win%=0.00	TossWins=0	TossLosses=1	TossWinMatchWins=0	TossWinMatchLosses=0	TossConversion%=0.00	BatFirst=0	BatFirstWins=0	BatFirstWin%=0.00	FieldFirst=0	FieldFirstWins=0	FieldFirstWin%=0.00	OverallConfidence=VERY_STRONG	RecommendationSource=OVERALL_MATCHUP	Recommendation=OVERALL_MATCHUP_DISADVANTAGE	TossRecommendation=TOSS_DATA_INSUFFICIENT	StrategyRecommendation=BAT_FIELD_DATA_INSUFFICIENT	VenueConfidence=VERY_LOW	PerformanceScore=24.59	StrategyBonus=0.00	TossBonus=0.00	FinalScore=24.59	FinalDecision=STRONG_NEGATIVE	DecisionConfidence=VERY_LOW	StrategySignal=NONE	TossSignal=NONE	VenueConfidence=VERY_LOW
Buffalo Park	Mumbai Indians	Delhi Capitals	VenueWin%=0.00	OverallWin%=54.29	VenueMatches=1	OverallMatches=35	Matches=1	Wins=0	Losses=1	Win%=0.00	TossWins=1	TossLosses=0	TossWinMatchWins=0	TossWinMatchLosses=1	TossConversion%=0.00	BatFirst=1	BatFirstWins=0	BatFirstWin%=0.00	FieldFirst=0	FieldFirstWins=0	FieldFirstWin%=0.00	OverallConfidence=VERY_STRONG	RecommendationSource=OVERALL_MATCHUP	Recommendation=OVERALL_MATCHUP_BALANCED	TossRecommendation=TOSS_DATA_INSUFFICIENT	StrategyRecommendation=BAT_FIELD_DATA_INSUFFICIENT	VenueConfidence=VERY_LOW	PerformanceScore=41.26	StrategyBonus=0.00	TossBonus=0.00	FinalScore=41.26	FinalDecision=NEGATIVE	DecisionConfidence=VERY_LOW	StrategySignal=NONE	TossSignal=NONE	VenueConfidence=VERY_LOW
Buffalo Park	Mumbai Indians	Kolkata Knight Riders	VenueWin%=100.00	OverallWin%=67.65	VenueMatches=1	OverallMatches=34	Matches=1	Wins=1	Losses=0	Win%=100.00	TossWins=1	TossLosses=0	TossWinMatchWins=1	TossWinMatchLosses=0	TossConversion%=100.00	BatFirst=1	BatFirstWins=1	BatFirstWin%=100.00	FieldFirst=0	FieldFirstWins=0	FieldFirstWin%=0.00	OverallConfidence=VERY_STRONG	RecommendationSource=OVERALL_MATCHUP	Recommendation=OVERALL_MATCHUP_ADVANTAGE	TossRecommendation=TOSS_DATA_INSUFFICIENT	StrategyRecommendation=BAT_FIELD_DATA_INSUFFICIENT	VenueConfidence=VERY_LOW	PerformanceScore=75.41	StrategyBonus=0.00	TossBonus=0.00	FinalScore=75.41	FinalDecision=STRONG_POSITIVE	DecisionConfidence=VERY_LOW	StrategySignal=NONE	TossSignal=NONE	VenueConfidence=VERY_LOW
De Beers Diamond Oval	Chennai Super Kings	Rajasthan Royals	VenueWin%=100.00	OverallWin%=55.17	VenueMatches=1	OverallMatches=29	Matches=1	Wins=1	Losses=0	Win%=100.00	TossWins=0	TossLosses=1	TossWinMatchWins=0	TossWinMatchLosses=0	TossConversion%=0.00	BatFirst=0	BatFirstWins=0	BatFirstWin%=0.00	FieldFirst=0	FieldFirstWins=0	FieldFirstWin%=0.00	OverallConfidence=VERY_STRONG	RecommendationSource=OVERALL_MATCHUP	Recommendation=OVERALL_MATCHUP_ADVANTAGE	TossRecommendation=TOSS_DATA_INSUFFICIENT	StrategyRecommendation=BAT_FIELD_DATA_INSUFFICIENT	VenueConfidence=VERY_LOW	PerformanceScore=65.93	StrategyBonus=0.00	TossBonus=0.00	FinalScore=65.93	FinalDecision=POSITIVE	DecisionConfidence=VERY_LOW	StrategySignal=NONE	TossSignal=NONE	VenueConfidence=VERY_LOW
De Beers Diamond Oval	Deccan Chargers	Punjab Kings	VenueWin%=0.00	OverallWin%=30.00	VenueMatches=1	OverallMatches=10	Matches=1	Wins=0	Losses=1	Win%=0.00	TossWins=0	TossLosses=1	TossWinMatchWins=0	TossWinMatchLosses=0	TossConversion%=0.00	BatFirst=0	BatFirstWins=0	BatFirstWin%=0.00	FieldFirst=0	FieldFirstWins=0	FieldFirstWin%=0.00	OverallConfidence=STRONG	RecommendationSource=OVERALL_MATCHUP	Recommendation=OVERALL_MATCHUP_DISADVANTAGE	TossRecommendation=TOSS_DATA_INSUFFICIENT	StrategyRecommendation=BAT_FIELD_DATA_INSUFFICIENT	VenueConfidence=VERY_LOW	PerformanceScore=22.80	StrategyBonus=0.00	TossBonus=0.00	FinalScore=22.80	FinalDecision=STRONG_NEGATIVE	DecisionConfidence=VERY_LOW	StrategySignal=NONE	TossSignal=NONE	VenueConfidence=VERY_LOW
De Beers Diamond Oval	Deccan Chargers	Rajasthan Royals	VenueWin%=100.00	OverallWin%=22.22	VenueMatches=1	OverallMatches=9	Matches=1	Wins=1	Losses=0	Win%=100.00	TossWins=1	TossLosses=0	TossWinMatchWins=1	TossWinMatchLosses=0	TossConversion%=100.00	BatFirst=1	BatFirstWins=1	BatFirstWin%=100.00	FieldFirst=0	FieldFirstWins=0	FieldFirstWin%=0.00	OverallConfidence=MODERATE	RecommendationSource=OVERALL_MATCHUP	Recommendation=OVERALL_MATCHUP_DISADVANTAGE	TossRecommendation=TOSS_DATA_INSUFFICIENT	StrategyRecommendation=BAT_FIELD_DATA_INSUFFICIENT	VenueConfidence=VERY_LOW	PerformanceScore=40.89	StrategyBonus=0.00	TossBonus=0.00	FinalScore=40.89	FinalDecision=NEGATIVE	DecisionConfidence=VERY_LOW	StrategySignal=NONE	TossSignal=NONE	VenueConfidence=VERY_LOW
De Beers Diamond Oval	Punjab Kings	Deccan Chargers	VenueWin%=100.00	OverallWin%=70.00	VenueMatches=1	OverallMatches=10	Matches=1	Wins=1	Losses=0	Win%=100.00	TossWins=1	TossLosses=0	TossWinMatchWins=1	TossWinMatchLosses=0	TossConversion%=100.00	BatFirst=0	BatFirstWins=0	BatFirstWin%=0.00	FieldFirst=1	FieldFirstWins=1	FieldFirstWin%=100.00	OverallConfidence=STRONG	RecommendationSource=OVERALL_MATCHUP	Recommendation=OVERALL_MATCHUP_STRONG_ADVANTAGE	TossRecommendation=TOSS_DATA_INSUFFICIENT	StrategyRecommendation=BAT_FIELD_DATA_INSUFFICIENT	VenueConfidence=VERY_LOW	PerformanceScore=77.20	StrategyBonus=0.00	TossBonus=0.00	FinalScore=77.20	FinalDecision=STRONG_POSITIVE	DecisionConfidence=VERY_LOW	StrategySignal=NONE	TossSignal=NONE	VenueConfidence=VERY_LOW
De Beers Diamond Oval	Rajasthan Royals	Chennai Super Kings	VenueWin%=0.00	OverallWin%=44.83	VenueMatches=1	OverallMatches=29	Matches=1	Wins=0	Losses=1	Win%=0.00	TossWins=1	TossLosses=0	TossWinMatchWins=0	TossWinMatchLosses=1	TossConversion%=0.00	BatFirst=1	BatFirstWins=0	BatFirstWin%=0.00	FieldFirst=0	FieldFirstWins=0	FieldFirstWin%=0.00	OverallConfidence=VERY_STRONG	RecommendationSource=OVERALL_MATCHUP	Recommendation=OVERALL_MATCHUP_BALANCED	TossRecommendation=TOSS_DATA_INSUFFICIENT	StrategyRecommendation=BAT_FIELD_DATA_INSUFFICIENT	VenueConfidence=VERY_LOW	PerformanceScore=34.07	StrategyBonus=0.00	TossBonus=0.00	FinalScore=34.07	FinalDecision=NEGATIVE	DecisionConfidence=VERY_LOW	StrategySignal=NONE	TossSignal=NONE	VenueConfidence=VERY_LOW
De Beers Diamond Oval	Rajasthan Royals	Deccan Chargers	VenueWin%=0.00	OverallWin%=77.78	VenueMatches=1	OverallMatches=9	Matches=1	Wins=0	Losses=1	Win%=0.00	TossWins=0	TossLosses=1	TossWinMatchWins=0	TossWinMatchLosses=0	TossConversion%=0.00	BatFirst=0	BatFirstWins=0	BatFirstWin%=0.00	FieldFirst=0	FieldFirstWins=0	FieldFirstWin%=0.00	OverallConfidence=MODERATE	RecommendationSource=OVERALL_MATCHUP	Recommendation=OVERALL_MATCHUP_STRONG_ADVANTAGE	TossRecommendation=TOSS_DATA_INSUFFICIENT	StrategyRecommendation=BAT_FIELD_DATA_INSUFFICIENT	VenueConfidence=VERY_LOW	PerformanceScore=59.11	StrategyBonus=0.00	TossBonus=0.00	FinalScore=59.11	FinalDecision=BALANCED	DecisionConfidence=VERY_LOW	StrategySignal=NONE	TossSignal=NONE	VenueConfidence=VERY_LOW
Dr DY Patil Sports Academy	Chennai Super Kings	Deccan Chargers	VenueWin%=100.00	OverallWin%=60.00	VenueMatches=1	OverallMatches=10	Matches=1	Wins=1	Losses=0	Win%=100.00	TossWins=1	TossLosses=0	TossWinMatchWins=1	TossWinMatchLosses=0	TossConversion%=100.00	BatFirst=1	BatFirstWins=1	BatFirstWin%=100.00	FieldFirst=0	FieldFirstWins=0	FieldFirstWin%=0.00	OverallConfidence=STRONG	RecommendationSource=OVERALL_MATCHUP	Recommendation=OVERALL_MATCHUP_ADVANTAGE	TossRecommendation=TOSS_DATA_INSUFFICIENT	StrategyRecommendation=BAT_FIELD_DATA_INSUFFICIENT	VenueConfidence=VERY_LOW	PerformanceScore=69.60	StrategyBonus=0.00	TossBonus=0.00	FinalScore=69.60	FinalDecision=POSITIVE	DecisionConfidence=VERY_LOW	StrategySignal=NONE	TossSignal=NONE	VenueConfidence=VERY_LOW
Dr DY Patil Sports Academy	Chennai Super Kings	Mumbai Indians	VenueWin%=100.00	OverallWin%=45.95	VenueMatches=1	OverallMatches=37	Matches=1	Wins=1	Losses=0	Win%=100.00	TossWins=1	TossLosses=0	TossWinMatchWins=1	TossWinMatchLosses=0	TossConversion%=100.00	BatFirst=1	BatFirstWins=1	BatFirstWin%=100.00	FieldFirst=0	FieldFirstWins=0	FieldFirstWin%=0.00	OverallConfidence=VERY_STRONG	RecommendationSource=OVERALL_MATCHUP	Recommendation=OVERALL_MATCHUP_BALANCED	TossRecommendation=TOSS_DATA_INSUFFICIENT	StrategyRecommendation=BAT_FIELD_DATA_INSUFFICIENT	VenueConfidence=VERY_LOW	PerformanceScore=58.92	StrategyBonus=0.00	TossBonus=0.00	FinalScore=58.92	FinalDecision=BALANCED	DecisionConfidence=VERY_LOW	StrategySignal=NONE	TossSignal=NONE	VenueConfidence=VERY_LOW
Dr DY Patil Sports Academy	Chennai Super Kings	Pune Warriors	VenueWin%=100.00	OverallWin%=66.67	VenueMatches=1	OverallMatches=6	Matches=1	Wins=1	Losses=0	Win%=100.00	TossWins=0	TossLosses=1	TossWinMatchWins=0	TossWinMatchLosses=0	TossConversion%=0.00	BatFirst=0	BatFirstWins=0	BatFirstWin%=0.00	FieldFirst=0	FieldFirstWins=0	FieldFirstWin%=0.00	OverallConfidence=MODERATE	RecommendationSource=OVERALL_MATCHUP	Recommendation=OVERALL_MATCHUP_ADVANTAGE	TossRecommendation=TOSS_DATA_INSUFFICIENT	StrategyRecommendation=BAT_FIELD_DATA_INSUFFICIENT	VenueConfidence=VERY_LOW	PerformanceScore=74.67	StrategyBonus=0.00	TossBonus=0.00	FinalScore=74.67	FinalDecision=POSITIVE	DecisionConfidence=VERY_LOW	StrategySignal=NONE	TossSignal=NONE	VenueConfidence=VERY_LOW
Dr DY Patil Sports Academy	Chennai Super Kings	Rajasthan Royals	VenueWin%=0.00	OverallWin%=55.17	VenueMatches=1	OverallMatches=29	Matches=1	Wins=0	Losses=1	Win%=0.00	TossWins=0	TossLosses=1	TossWinMatchWins=0	TossWinMatchLosses=0	TossConversion%=0.00	BatFirst=0	BatFirstWins=0	BatFirstWin%=0.00	FieldFirst=0	FieldFirstWins=0	FieldFirstWin%=0.00	OverallConfidence=VERY_STRONG	RecommendationSource=OVERALL_MATCHUP	Recommendation=OVERALL_MATCHUP_ADVANTAGE	TossRecommendation=TOSS_DATA_INSUFFICIENT	StrategyRecommendation=BAT_FIELD_DATA_INSUFFICIENT	VenueConfidence=VERY_LOW	PerformanceScore=41.93	StrategyBonus=0.00	TossBonus=0.00	FinalScore=41.93	FinalDecision=NEGATIVE	DecisionConfidence=VERY_LOW	StrategySignal=NONE	TossSignal=NONE	VenueConfidence=VERY_LOW
Dr DY Patil Sports Academy	Deccan Chargers	Chennai Super Kings	VenueWin%=0.00	OverallWin%=40.00	VenueMatches=1	OverallMatches=10	Matches=1	Wins=0	Losses=1	Win%=0.00	TossWins=0	TossLosses=1	TossWinMatchWins=0	TossWinMatchLosses=0	TossConversion%=0.00	BatFirst=0	BatFirstWins=0	BatFirstWin%=0.00	FieldFirst=0	FieldFirstWins=0	FieldFirstWin%=0.00	OverallConfidence=STRONG	RecommendationSource=OVERALL_MATCHUP	Recommendation=OVERALL_MATCHUP_DISADVANTAGE	TossRecommendation=TOSS_DATA_INSUFFICIENT	StrategyRecommendation=BAT_FIELD_DATA_INSUFFICIENT	VenueConfidence=VERY_LOW	PerformanceScore=30.40	StrategyBonus=0.00	TossBonus=0.00	FinalScore=30.40	FinalDecision=NEGATIVE	DecisionConfidence=VERY_LOW	StrategySignal=NONE	TossSignal=NONE	VenueConfidence=VERY_LOW
Dr DY Patil Sports Academy	Deccan Chargers	Kolkata Knight Riders	VenueWin%=0.00	OverallWin%=22.22	VenueMatches=1	OverallMatches=9	Matches=1	Wins=0	Losses=1	Win%=0.00	TossWins=1	TossLosses=0	TossWinMatchWins=0	TossWinMatchLosses=1	TossConversion%=0.00	BatFirst=0	BatFirstWins=0	BatFirstWin%=0.00	FieldFirst=1	FieldFirstWins=0	FieldFirstWin%=0.00	OverallConfidence=MODERATE	RecommendationSource=OVERALL_MATCHUP	Recommendation=OVERALL_MATCHUP_DISADVANTAGE	TossRecommendation=TOSS_DATA_INSUFFICIENT	StrategyRecommendation=BAT_FIELD_DATA_INSUFFICIENT	VenueConfidence=VERY_LOW	PerformanceScore=16.89	StrategyBonus=0.00	TossBonus=0.00	FinalScore=16.89	FinalDecision=STRONG_NEGATIVE	DecisionConfidence=VERY_LOW	StrategySignal=NONE	TossSignal=NONE	VenueConfidence=VERY_LOW
Dr DY Patil Sports Academy	Deccan Chargers	Mumbai Indians	VenueWin%=50.00	OverallWin%=40.00	VenueMatches=2	OverallMatches=10	Matches=2	Wins=1	Losses=1	Win%=50.00	TossWins=2	TossLosses=0	TossWinMatchWins=1	TossWinMatchLosses=1	TossConversion%=50.00	BatFirst=0	BatFirstWins=0	BatFirstWin%=0.00	FieldFirst=2	FieldFirstWins=1	FieldFirstWin%=50.00	OverallConfidence=STRONG	RecommendationSource=OVERALL_MATCHUP	Recommendation=OVERALL_MATCHUP_DISADVANTAGE	TossRecommendation=TOSS_DATA_INSUFFICIENT	StrategyRecommendation=BAT_FIELD_DATA_INSUFFICIENT	VenueConfidence=VERY_LOW	PerformanceScore=42.80	StrategyBonus=0.00	TossBonus=0.00	FinalScore=42.80	FinalDecision=NEGATIVE	DecisionConfidence=VERY_LOW	StrategySignal=NONE	TossSignal=NONE	VenueConfidence=VERY_LOW
Dr DY Patil Sports Academy	Deccan Chargers	Pune Warriors	VenueWin%=100.00	OverallWin%=75.00	VenueMatches=1	OverallMatches=4	Matches=1	Wins=1	Losses=0	Win%=100.00	TossWins=1	TossLosses=0	TossWinMatchWins=1	TossWinMatchLosses=0	TossConversion%=100.00	BatFirst=0	BatFirstWins=0	BatFirstWin%=0.00	FieldFirst=1	FieldFirstWins=1	FieldFirstWin%=100.00	OverallConfidence=LOW	RecommendationSource=OVERALL_MATCHUP	Recommendation=OVERALL_MATCHUP_STRONG_ADVANTAGE	TossRecommendation=TOSS_DATA_INSUFFICIENT	StrategyRecommendation=BAT_FIELD_DATA_INSUFFICIENT	VenueConfidence=VERY_LOW	PerformanceScore=81.00	StrategyBonus=0.00	TossBonus=0.00	FinalScore=81.00	FinalDecision=STRONG_POSITIVE	DecisionConfidence=VERY_LOW	StrategySignal=NONE	TossSignal=NONE	VenueConfidence=VERY_LOW
Dr DY Patil Sports Academy	Deccan Chargers	Royal Challengers Bengaluru	VenueWin%=0.00	OverallWin%=54.55	VenueMatches=1	OverallMatches=11	Matches=1	Wins=0	Losses=1	Win%=0.00	TossWins=1	TossLosses=0	TossWinMatchWins=0	TossWinMatchLosses=1	TossConversion%=0.00	BatFirst=1	BatFirstWins=0	BatFirstWin%=0.00	FieldFirst=0	FieldFirstWins=0	FieldFirstWin%=0.00	OverallConfidence=STRONG	RecommendationSource=OVERALL_MATCHUP	Recommendation=OVERALL_MATCHUP_BALANCED	TossRecommendation=TOSS_DATA_INSUFFICIENT	StrategyRecommendation=BAT_FIELD_DATA_INSUFFICIENT	VenueConfidence=VERY_LOW	PerformanceScore=41.46	StrategyBonus=0.00	TossBonus=0.00	FinalScore=41.46	FinalDecision=NEGATIVE	DecisionConfidence=VERY_LOW	StrategySignal=NONE	TossSignal=NONE	VenueConfidence=VERY_LOW
Dr DY Patil Sports Academy	Delhi Capitals	Mumbai Indians	VenueWin%=0.00	OverallWin%=45.71	VenueMatches=1	OverallMatches=35	Matches=1	Wins=0	Losses=1	Win%=0.00	TossWins=1	TossLosses=0	TossWinMatchWins=0	TossWinMatchLosses=1	TossConversion%=0.00	BatFirst=0	BatFirstWins=0	BatFirstWin%=0.00	FieldFirst=1	FieldFirstWins=0	FieldFirstWin%=0.00	OverallConfidence=VERY_STRONG	RecommendationSource=OVERALL_MATCHUP	Recommendation=OVERALL_MATCHUP_BALANCED	TossRecommendation=TOSS_DATA_INSUFFICIENT	StrategyRecommendation=BAT_FIELD_DATA_INSUFFICIENT	VenueConfidence=VERY_LOW	PerformanceScore=34.74	StrategyBonus=0.00	TossBonus=0.00	FinalScore=34.74	FinalDecision=NEGATIVE	DecisionConfidence=VERY_LOW	StrategySignal=NONE	TossSignal=NONE	VenueConfidence=VERY_LOW
Dr DY Patil Sports Academy	Delhi Capitals	Pune Warriors	VenueWin%=100.00	OverallWin%=50.00	VenueMatches=1	OverallMatches=6	Matches=1	Wins=1	Losses=0	Win%=100.00	TossWins=1	TossLosses=0	TossWinMatchWins=1	TossWinMatchLosses=0	TossConversion%=100.00	BatFirst=0	BatFirstWins=0	BatFirstWin%=0.00	FieldFirst=1	FieldFirstWins=1	FieldFirstWin%=100.00	OverallConfidence=MODERATE	RecommendationSource=OVERALL_MATCHUP	Recommendation=OVERALL_MATCHUP_BALANCED	TossRecommendation=TOSS_DATA_INSUFFICIENT	StrategyRecommendation=BAT_FIELD_DATA_INSUFFICIENT	VenueConfidence=VERY_LOW	PerformanceScore=62.00	StrategyBonus=0.00	TossBonus=0.00	FinalScore=62.00	FinalDecision=POSITIVE	DecisionConfidence=VERY_LOW	StrategySignal=NONE	TossSignal=NONE	VenueConfidence=VERY_LOW
Dr DY Patil Sports Academy	Kochi Tuskers Kerala	Pune Warriors	VenueWin%=0.00	OverallWin%=0.00	VenueMatches=1	OverallMatches=1	Matches=1	Wins=0	Losses=1	Win%=0.00	TossWins=1	TossLosses=0	TossWinMatchWins=0	TossWinMatchLosses=1	TossConversion%=0.00	BatFirst=1	BatFirstWins=0	BatFirstWin%=0.00	FieldFirst=0	FieldFirstWins=0	FieldFirstWin%=0.00	OverallConfidence=VERY_LOW	RecommendationSource=INSUFFICIENT	Recommendation=INSUFFICIENT_DATA	TossRecommendation=TOSS_DATA_INSUFFICIENT	StrategyRecommendation=BAT_FIELD_DATA_INSUFFICIENT	VenueConfidence=VERY_LOW	PerformanceScore=0.00	StrategyBonus=0.00	TossBonus=0.00	FinalScore=0.00	FinalDecision=STRONG_NEGATIVE	DecisionConfidence=VERY_LOW	StrategySignal=NONE	TossSignal=NONE	VenueConfidence=VERY_LOW
Dr DY Patil Sports Academy	Kolkata Knight Riders	Deccan Chargers	VenueWin%=100.00	OverallWin%=77.78	VenueMatches=1	OverallMatches=9	Matches=1	Wins=1	Losses=0	Win%=100.00	TossWins=0	TossLosses=1	TossWinMatchWins=0	TossWinMatchLosses=0	TossConversion%=0.00	BatFirst=0	BatFirstWins=0	BatFirstWin%=0.00	FieldFirst=0	FieldFirstWins=0	FieldFirstWin%=0.00	OverallConfidence=MODERATE	RecommendationSource=OVERALL_MATCHUP	Recommendation=OVERALL_MATCHUP_STRONG_ADVANTAGE	TossRecommendation=TOSS_DATA_INSUFFICIENT	StrategyRecommendation=BAT_FIELD_DATA_INSUFFICIENT	VenueConfidence=VERY_LOW	PerformanceScore=83.11	StrategyBonus=0.00	TossBonus=0.00	FinalScore=83.11	FinalDecision=STRONG_POSITIVE	DecisionConfidence=VERY_LOW	StrategySignal=NONE	TossSignal=NONE	VenueConfidence=VERY_LOW
Dr DY Patil Sports Academy	Kolkata Knight Riders	Pune Warriors	VenueWin%=100.00	OverallWin%=80.00	VenueMatches=1	OverallMatches=5	Matches=1	Wins=1	Losses=0	Win%=100.00	TossWins=1	TossLosses=0	TossWinMatchWins=1	TossWinMatchLosses=0	TossConversion%=100.00	BatFirst=0	BatFirstWins=0	BatFirstWin%=0.00	FieldFirst=1	FieldFirstWins=1	FieldFirstWin%=100.00	OverallConfidence=MODERATE	RecommendationSource=OVERALL_MATCHUP	Recommendation=OVERALL_MATCHUP_STRONG_ADVANTAGE	TossRecommendation=TOSS_DATA_INSUFFICIENT	StrategyRecommendation=BAT_FIELD_DATA_INSUFFICIENT	VenueConfidence=VERY_LOW	PerformanceScore=84.80	StrategyBonus=0.00	TossBonus=0.00	FinalScore=84.80	FinalDecision=STRONG_POSITIVE	DecisionConfidence=VERY_LOW	StrategySignal=NONE	TossSignal=NONE	VenueConfidence=VERY_LOW
Dr DY Patil Sports Academy	Mumbai Indians	Chennai Super Kings	VenueWin%=0.00	OverallWin%=54.05	VenueMatches=1	OverallMatches=37	Matches=1	Wins=0	Losses=1	Win%=0.00	TossWins=0	TossLosses=1	TossWinMatchWins=0	TossWinMatchLosses=0	TossConversion%=0.00	BatFirst=0	BatFirstWins=0	BatFirstWin%=0.00	FieldFirst=0	FieldFirstWins=0	FieldFirstWin%=0.00	OverallConfidence=VERY_STRONG	RecommendationSource=OVERALL_MATCHUP	Recommendation=OVERALL_MATCHUP_BALANCED	TossRecommendation=TOSS_DATA_INSUFFICIENT	StrategyRecommendation=BAT_FIELD_DATA_INSUFFICIENT	VenueConfidence=VERY_LOW	PerformanceScore=41.08	StrategyBonus=0.00	TossBonus=0.00	FinalScore=41.08	FinalDecision=NEGATIVE	DecisionConfidence=VERY_LOW	StrategySignal=NONE	TossSignal=NONE	VenueConfidence=VERY_LOW
Dr DY Patil Sports Academy	Mumbai Indians	Deccan Chargers	VenueWin%=50.00	OverallWin%=60.00	VenueMatches=2	OverallMatches=10	Matches=2	Wins=1	Losses=1	Win%=50.00	TossWins=0	TossLosses=2	TossWinMatchWins=0	TossWinMatchLosses=0	TossConversion%=0.00	BatFirst=0	BatFirstWins=0	BatFirstWin%=0.00	FieldFirst=0	FieldFirstWins=0	FieldFirstWin%=0.00	OverallConfidence=STRONG	RecommendationSource=OVERALL_MATCHUP	Recommendation=OVERALL_MATCHUP_ADVANTAGE	TossRecommendation=TOSS_DATA_INSUFFICIENT	StrategyRecommendation=BAT_FIELD_DATA_INSUFFICIENT	VenueConfidence=VERY_LOW	PerformanceScore=57.20	StrategyBonus=0.00	TossBonus=0.00	FinalScore=57.20	FinalDecision=BALANCED	DecisionConfidence=VERY_LOW	StrategySignal=NONE	TossSignal=NONE	VenueConfidence=VERY_LOW
Dr DY Patil Sports Academy	Mumbai Indians	Delhi Capitals	VenueWin%=100.00	OverallWin%=54.29	VenueMatches=1	OverallMatches=35	Matches=1	Wins=1	Losses=0	Win%=100.00	TossWins=0	TossLosses=1	TossWinMatchWins=0	TossWinMatchLosses=0	TossConversion%=0.00	BatFirst=0	BatFirstWins=0	BatFirstWin%=0.00	FieldFirst=0	FieldFirstWins=0	FieldFirstWin%=0.00	OverallConfidence=VERY_STRONG	RecommendationSource=OVERALL_MATCHUP	Recommendation=OVERALL_MATCHUP_BALANCED	TossRecommendation=TOSS_DATA_INSUFFICIENT	StrategyRecommendation=BAT_FIELD_DATA_INSUFFICIENT	VenueConfidence=VERY_LOW	PerformanceScore=65.26	StrategyBonus=0.00	TossBonus=0.00	FinalScore=65.26	FinalDecision=POSITIVE	DecisionConfidence=VERY_LOW	StrategySignal=NONE	TossSignal=NONE	VenueConfidence=VERY_LOW
Dr DY Patil Sports Academy	Mumbai Indians	Pune Warriors	VenueWin%=100.00	OverallWin%=83.33	VenueMatches=1	OverallMatches=6	Matches=1	Wins=1	Losses=0	Win%=100.00	TossWins=0	TossLosses=1	TossWinMatchWins=0	TossWinMatchLosses=0	TossConversion%=0.00	BatFirst=0	BatFirstWins=0	BatFirstWin%=0.00	FieldFirst=0	FieldFirstWins=0	FieldFirstWin%=0.00	OverallConfidence=MODERATE	RecommendationSource=OVERALL_MATCHUP	Recommendation=OVERALL_MATCHUP_STRONG_ADVANTAGE	TossRecommendation=TOSS_DATA_INSUFFICIENT	StrategyRecommendation=BAT_FIELD_DATA_INSUFFICIENT	VenueConfidence=VERY_LOW	PerformanceScore=87.33	StrategyBonus=0.00	TossBonus=0.00	FinalScore=87.33	FinalDecision=STRONG_POSITIVE	DecisionConfidence=VERY_LOW	StrategySignal=NONE	TossSignal=NONE	VenueConfidence=VERY_LOW
Dr DY Patil Sports Academy	Mumbai Indians	Rajasthan Royals	VenueWin%=100.00	OverallWin%=51.72	VenueMatches=1	OverallMatches=29	Matches=1	Wins=1	Losses=0	Win%=100.00	TossWins=1	TossLosses=0	TossWinMatchWins=1	TossWinMatchLosses=0	TossConversion%=100.00	BatFirst=0	BatFirstWins=0	BatFirstWin%=0.00	FieldFirst=1	FieldFirstWins=1	FieldFirstWin%=100.00	OverallConfidence=VERY_STRONG	RecommendationSource=OVERALL_MATCHUP	Recommendation=OVERALL_MATCHUP_BALANCED	TossRecommendation=TOSS_DATA_INSUFFICIENT	StrategyRecommendation=BAT_FIELD_DATA_INSUFFICIENT	VenueConfidence=VERY_LOW	PerformanceScore=63.31	StrategyBonus=0.00	TossBonus=0.00	FinalScore=63.31	FinalDecision=POSITIVE	DecisionConfidence=VERY_LOW	StrategySignal=NONE	TossSignal=NONE	VenueConfidence=VERY_LOW
Dr DY Patil Sports Academy	Mumbai Indians	Royal Challengers Bengaluru	VenueWin%=100.00	OverallWin%=57.58	VenueMatches=1	OverallMatches=33	Matches=1	Wins=1	Losses=0	Win%=100.00	TossWins=1	TossLosses=0	TossWinMatchWins=1	TossWinMatchLosses=0	TossConversion%=100.00	BatFirst=1	BatFirstWins=1	BatFirstWin%=100.00	FieldFirst=0	FieldFirstWins=0	FieldFirstWin%=0.00	OverallConfidence=VERY_STRONG	RecommendationSource=OVERALL_MATCHUP	Recommendation=OVERALL_MATCHUP_ADVANTAGE	TossRecommendation=TOSS_DATA_INSUFFICIENT	StrategyRecommendation=BAT_FIELD_DATA_INSUFFICIENT	VenueConfidence=VERY_LOW	PerformanceScore=67.76	StrategyBonus=0.00	TossBonus=0.00	FinalScore=67.76	FinalDecision=POSITIVE	DecisionConfidence=VERY_LOW	StrategySignal=NONE	TossSignal=NONE	VenueConfidence=VERY_LOW
Dr DY Patil Sports Academy	Pune Warriors	Chennai Super Kings	VenueWin%=0.00	OverallWin%=33.33	VenueMatches=1	OverallMatches=6	Matches=1	Wins=0	Losses=1	Win%=0.00	TossWins=1	TossLosses=0	TossWinMatchWins=0	TossWinMatchLosses=1	TossConversion%=0.00	BatFirst=1	BatFirstWins=0	BatFirstWin%=0.00	FieldFirst=0	FieldFirstWins=0	FieldFirstWin%=0.00	OverallConfidence=MODERATE	RecommendationSource=OVERALL_MATCHUP	Recommendation=OVERALL_MATCHUP_DISADVANTAGE	TossRecommendation=TOSS_DATA_INSUFFICIENT	StrategyRecommendation=BAT_FIELD_DATA_INSUFFICIENT	VenueConfidence=VERY_LOW	PerformanceScore=25.33	StrategyBonus=0.00	TossBonus=0.00	FinalScore=25.33	FinalDecision=STRONG_NEGATIVE	DecisionConfidence=VERY_LOW	StrategySignal=NONE	TossSignal=NONE	VenueConfidence=VERY_LOW
Dr DY Patil Sports Academy	Pune Warriors	Deccan Chargers	VenueWin%=0.00	OverallWin%=25.00	VenueMatches=1	OverallMatches=4	Matches=1	Wins=0	Losses=1	Win%=0.00	TossWins=0	TossLosses=1	TossWinMatchWins=0	TossWinMatchLosses=0	TossConversion%=0.00	BatFirst=0	BatFirstWins=0	BatFirstWin%=0.00	FieldFirst=0	FieldFirstWins=0	FieldFirstWin%=0.00	OverallConfidence=LOW	RecommendationSource=OVERALL_MATCHUP	Recommendation=OVERALL_MATCHUP_DISADVANTAGE	TossRecommendation=TOSS_DATA_INSUFFICIENT	StrategyRecommendation=BAT_FIELD_DATA_INSUFFICIENT	VenueConfidence=VERY_LOW	PerformanceScore=19.00	StrategyBonus=0.00	TossBonus=0.00	FinalScore=19.00	FinalDecision=STRONG_NEGATIVE	DecisionConfidence=VERY_LOW	StrategySignal=NONE	TossSignal=NONE	VenueConfidence=VERY_LOW
Dr DY Patil Sports Academy	Pune Warriors	Delhi Capitals	VenueWin%=0.00	OverallWin%=33.33	VenueMatches=1	OverallMatches=6	Matches=1	Wins=0	Losses=1	Win%=0.00	TossWins=0	TossLosses=1	TossWinMatchWins=0	TossWinMatchLosses=0	TossConversion%=0.00	BatFirst=0	BatFirstWins=0	BatFirstWin%=0.00	FieldFirst=0	FieldFirstWins=0	FieldFirstWin%=0.00	OverallConfidence=MODERATE	RecommendationSource=OVERALL_MATCHUP	Recommendation=OVERALL_MATCHUP_DISADVANTAGE	TossRecommendation=TOSS_DATA_INSUFFICIENT	StrategyRecommendation=BAT_FIELD_DATA_INSUFFICIENT	VenueConfidence=VERY_LOW	PerformanceScore=25.33	StrategyBonus=0.00	TossBonus=0.00	FinalScore=25.33	FinalDecision=STRONG_NEGATIVE	DecisionConfidence=VERY_LOW	StrategySignal=NONE	TossSignal=NONE	VenueConfidence=VERY_LOW
Dr DY Patil Sports Academy	Pune Warriors	Kochi Tuskers Kerala	VenueWin%=100.00	OverallWin%=100.00	VenueMatches=1	OverallMatches=1	Matches=1	Wins=1	Losses=0	Win%=100.00	TossWins=0	TossLosses=1	TossWinMatchWins=0	TossWinMatchLosses=0	TossConversion%=0.00	BatFirst=0	BatFirstWins=0	BatFirstWin%=0.00	FieldFirst=0	FieldFirstWins=0	FieldFirstWin%=0.00	OverallConfidence=VERY_LOW	RecommendationSource=INSUFFICIENT	Recommendation=INSUFFICIENT_DATA	TossRecommendation=TOSS_DATA_INSUFFICIENT	StrategyRecommendation=BAT_FIELD_DATA_INSUFFICIENT	VenueConfidence=VERY_LOW	PerformanceScore=100.00	StrategyBonus=0.00	TossBonus=0.00	FinalScore=100.00	FinalDecision=STRONG_POSITIVE	DecisionConfidence=VERY_LOW	StrategySignal=NONE	TossSignal=NONE	VenueConfidence=VERY_LOW
Dr DY Patil Sports Academy	Pune Warriors	Kolkata Knight Riders	VenueWin%=0.00	OverallWin%=20.00	VenueMatches=1	OverallMatches=5	Matches=1	Wins=0	Losses=1	Win%=0.00	TossWins=0	TossLosses=1	TossWinMatchWins=0	TossWinMatchLosses=0	TossConversion%=0.00	BatFirst=0	BatFirstWins=0	BatFirstWin%=0.00	FieldFirst=0	FieldFirstWins=0	FieldFirstWin%=0.00	OverallConfidence=MODERATE	RecommendationSource=OVERALL_MATCHUP	Recommendation=OVERALL_MATCHUP_DISADVANTAGE	TossRecommendation=TOSS_DATA_INSUFFICIENT	StrategyRecommendation=BAT_FIELD_DATA_INSUFFICIENT	VenueConfidence=VERY_LOW	PerformanceScore=15.20	StrategyBonus=0.00	TossBonus=0.00	FinalScore=15.20	FinalDecision=STRONG_NEGATIVE	DecisionConfidence=VERY_LOW	StrategySignal=NONE	TossSignal=NONE	VenueConfidence=VERY_LOW
Dr DY Patil Sports Academy	Pune Warriors	Mumbai Indians	VenueWin%=0.00	OverallWin%=16.67	VenueMatches=1	OverallMatches=6	Matches=1	Wins=0	Losses=1	Win%=0.00	TossWins=1	TossLosses=0	TossWinMatchWins=0	TossWinMatchLosses=1	TossConversion%=0.00	BatFirst=0	BatFirstWins=0	BatFirstWin%=0.00	FieldFirst=1	FieldFirstWins=0	FieldFirstWin%=0.00	OverallConfidence=MODERATE	RecommendationSource=OVERALL_MATCHUP	Recommendation=OVERALL_MATCHUP_DISADVANTAGE	TossRecommendation=TOSS_DATA_INSUFFICIENT	StrategyRecommendation=BAT_FIELD_DATA_INSUFFICIENT	VenueConfidence=VERY_LOW	PerformanceScore=12.67	StrategyBonus=0.00	TossBonus=0.00	FinalScore=12.67	FinalDecision=STRONG_NEGATIVE	DecisionConfidence=VERY_LOW	StrategySignal=NONE	TossSignal=NONE	VenueConfidence=VERY_LOW
Dr DY Patil Sports Academy	Pune Warriors	Punjab Kings	VenueWin%=100.00	OverallWin%=50.00	VenueMatches=1	OverallMatches=6	Matches=1	Wins=1	Losses=0	Win%=100.00	TossWins=0	TossLosses=1	TossWinMatchWins=0	TossWinMatchLosses=0	TossConversion%=0.00	BatFirst=0	BatFirstWins=0	BatFirstWin%=0.00	FieldFirst=0	FieldFirstWins=0	FieldFirstWin%=0.00	OverallConfidence=MODERATE	RecommendationSource=OVERALL_MATCHUP	Recommendation=OVERALL_MATCHUP_BALANCED	TossRecommendation=TOSS_DATA_INSUFFICIENT	StrategyRecommendation=BAT_FIELD_DATA_INSUFFICIENT	VenueConfidence=VERY_LOW	PerformanceScore=62.00	StrategyBonus=0.00	TossBonus=0.00	FinalScore=62.00	FinalDecision=POSITIVE	DecisionConfidence=VERY_LOW	StrategySignal=NONE	TossSignal=NONE	VenueConfidence=VERY_LOW
Dr DY Patil Sports Academy	Punjab Kings	Pune Warriors	VenueWin%=0.00	OverallWin%=50.00	VenueMatches=1	OverallMatches=6	Matches=1	Wins=0	Losses=1	Win%=0.00	TossWins=1	TossLosses=0	TossWinMatchWins=0	TossWinMatchLosses=1	TossConversion%=0.00	BatFirst=1	BatFirstWins=0	BatFirstWin%=0.00	FieldFirst=0	FieldFirstWins=0	FieldFirstWin%=0.00	OverallConfidence=MODERATE	RecommendationSource=OVERALL_MATCHUP	Recommendation=OVERALL_MATCHUP_BALANCED	TossRecommendation=TOSS_DATA_INSUFFICIENT	StrategyRecommendation=BAT_FIELD_DATA_INSUFFICIENT	VenueConfidence=VERY_LOW	PerformanceScore=38.00	StrategyBonus=0.00	TossBonus=0.00	FinalScore=38.00	FinalDecision=NEGATIVE	DecisionConfidence=VERY_LOW	StrategySignal=NONE	TossSignal=NONE	VenueConfidence=VERY_LOW
Dr DY Patil Sports Academy	Rajasthan Royals	Chennai Super Kings	VenueWin%=100.00	OverallWin%=44.83	VenueMatches=1	OverallMatches=29	Matches=1	Wins=1	Losses=0	Win%=100.00	TossWins=1	TossLosses=0	TossWinMatchWins=1	TossWinMatchLosses=0	TossConversion%=100.00	BatFirst=0	BatFirstWins=0	BatFirstWin%=0.00	FieldFirst=1	FieldFirstWins=1	FieldFirstWin%=100.00	OverallConfidence=VERY_STRONG	RecommendationSource=OVERALL_MATCHUP	Recommendation=OVERALL_MATCHUP_BALANCED	TossRecommendation=TOSS_DATA_INSUFFICIENT	StrategyRecommendation=BAT_FIELD_DATA_INSUFFICIENT	VenueConfidence=VERY_LOW	PerformanceScore=58.07	StrategyBonus=0.00	TossBonus=0.00	FinalScore=58.07	FinalDecision=BALANCED	DecisionConfidence=VERY_LOW	StrategySignal=NONE	TossSignal=NONE	VenueConfidence=VERY_LOW
Dr DY Patil Sports Academy	Rajasthan Royals	Mumbai Indians	VenueWin%=0.00	OverallWin%=48.28	VenueMatches=1	OverallMatches=29	Matches=1	Wins=0	Losses=1	Win%=0.00	TossWins=0	TossLosses=1	TossWinMatchWins=0	TossWinMatchLosses=0	TossConversion%=0.00	BatFirst=0	BatFirstWins=0	BatFirstWin%=0.00	FieldFirst=0	FieldFirstWins=0	FieldFirstWin%=0.00	OverallConfidence=VERY_STRONG	RecommendationSource=OVERALL_MATCHUP	Recommendation=OVERALL_MATCHUP_BALANCED	TossRecommendation=TOSS_DATA_INSUFFICIENT	StrategyRecommendation=BAT_FIELD_DATA_INSUFFICIENT	VenueConfidence=VERY_LOW	PerformanceScore=36.69	StrategyBonus=0.00	TossBonus=0.00	FinalScore=36.69	FinalDecision=NEGATIVE	DecisionConfidence=VERY_LOW	StrategySignal=NONE	TossSignal=NONE	VenueConfidence=VERY_LOW
Dr DY Patil Sports Academy	Royal Challengers Bengaluru	Deccan Chargers	VenueWin%=100.00	OverallWin%=45.45	VenueMatches=1	OverallMatches=11	Matches=1	Wins=1	Losses=0	Win%=100.00	TossWins=0	TossLosses=1	TossWinMatchWins=0	TossWinMatchLosses=0	TossConversion%=0.00	BatFirst=0	BatFirstWins=0	BatFirstWin%=0.00	FieldFirst=0	FieldFirstWins=0	FieldFirstWin%=0.00	OverallConfidence=STRONG	RecommendationSource=OVERALL_MATCHUP	Recommendation=OVERALL_MATCHUP_BALANCED	TossRecommendation=TOSS_DATA_INSUFFICIENT	StrategyRecommendation=BAT_FIELD_DATA_INSUFFICIENT	VenueConfidence=VERY_LOW	PerformanceScore=58.54	StrategyBonus=0.00	TossBonus=0.00	FinalScore=58.54	FinalDecision=BALANCED	DecisionConfidence=VERY_LOW	StrategySignal=NONE	TossSignal=NONE	VenueConfidence=VERY_LOW
Dr DY Patil Sports Academy	Royal Challengers Bengaluru	Mumbai Indians	VenueWin%=0.00	OverallWin%=42.42	VenueMatches=1	OverallMatches=33	Matches=1	Wins=0	Losses=1	Win%=0.00	TossWins=0	TossLosses=1	TossWinMatchWins=0	TossWinMatchLosses=0	TossConversion%=0.00	BatFirst=0	BatFirstWins=0	BatFirstWin%=0.00	FieldFirst=0	FieldFirstWins=0	FieldFirstWin%=0.00	OverallConfidence=VERY_STRONG	RecommendationSource=OVERALL_MATCHUP	Recommendation=OVERALL_MATCHUP_BALANCED	TossRecommendation=TOSS_DATA_INSUFFICIENT	StrategyRecommendation=BAT_FIELD_DATA_INSUFFICIENT	VenueConfidence=VERY_LOW	PerformanceScore=32.24	StrategyBonus=0.00	TossBonus=0.00	FinalScore=32.24	FinalDecision=NEGATIVE	DecisionConfidence=VERY_LOW	StrategySignal=NONE	TossSignal=NONE	VenueConfidence=VERY_LOW
Dr DY Patil Sports Academy, Mumbai	Chennai Super Kings	Delhi Capitals	VenueWin%=100.00	OverallWin%=63.33	VenueMatches=1	OverallMatches=30	Matches=1	Wins=1	Losses=0	Win%=100.00	TossWins=0	TossLosses=1	TossWinMatchWins=0	TossWinMatchLosses=0	TossConversion%=0.00	BatFirst=0	BatFirstWins=0	BatFirstWin%=0.00	FieldFirst=0	FieldFirstWins=0	FieldFirstWin%=0.00	OverallConfidence=VERY_STRONG	RecommendationSource=OVERALL_MATCHUP	Recommendation=OVERALL_MATCHUP_ADVANTAGE	TossRecommendation=TOSS_DATA_INSUFFICIENT	StrategyRecommendation=BAT_FIELD_DATA_INSUFFICIENT	VenueConfidence=VERY_LOW	PerformanceScore=72.13	StrategyBonus=0.00	TossBonus=0.00	FinalScore=72.13	FinalDecision=POSITIVE	DecisionConfidence=VERY_LOW	StrategySignal=NONE	TossSignal=NONE	VenueConfidence=VERY_LOW
Dr DY Patil Sports Academy, Mumbai	Chennai Super Kings	Mumbai Indians	VenueWin%=100.00	OverallWin%=45.95	VenueMatches=1	OverallMatches=37	Matches=1	Wins=1	Losses=0	Win%=100.00	TossWins=1	TossLosses=0	TossWinMatchWins=1	TossWinMatchLosses=0	TossConversion%=100.00	BatFirst=0	BatFirstWins=0	BatFirstWin%=0.00	FieldFirst=1	FieldFirstWins=1	FieldFirstWin%=100.00	OverallConfidence=VERY_STRONG	RecommendationSource=OVERALL_MATCHUP	Recommendation=OVERALL_MATCHUP_BALANCED	TossRecommendation=TOSS_DATA_INSUFFICIENT	StrategyRecommendation=BAT_FIELD_DATA_INSUFFICIENT	VenueConfidence=VERY_LOW	PerformanceScore=58.92	StrategyBonus=0.00	TossBonus=0.00	FinalScore=58.92	FinalDecision=BALANCED	DecisionConfidence=VERY_LOW	StrategySignal=NONE	TossSignal=NONE	VenueConfidence=VERY_LOW
Dr DY Patil Sports Academy, Mumbai	Chennai Super Kings	Royal Challengers Bengaluru	VenueWin%=100.00	OverallWin%=65.62	VenueMatches=1	OverallMatches=32	Matches=1	Wins=1	Losses=0	Win%=100.00	TossWins=0	TossLosses=1	TossWinMatchWins=0	TossWinMatchLosses=0	TossConversion%=0.00	BatFirst=0	BatFirstWins=0	BatFirstWin%=0.00	FieldFirst=0	FieldFirstWins=0	FieldFirstWin%=0.00	OverallConfidence=VERY_STRONG	RecommendationSource=OVERALL_MATCHUP	Recommendation=OVERALL_MATCHUP_ADVANTAGE	TossRecommendation=TOSS_DATA_INSUFFICIENT	StrategyRecommendation=BAT_FIELD_DATA_INSUFFICIENT	VenueConfidence=VERY_LOW	PerformanceScore=73.87	StrategyBonus=0.00	TossBonus=0.00	FinalScore=73.87	FinalDecision=POSITIVE	DecisionConfidence=VERY_LOW	StrategySignal=NONE	TossSignal=NONE	VenueConfidence=VERY_LOW
Dr DY Patil Sports Academy, Mumbai	Chennai Super Kings	Sunrisers Hyderabad	VenueWin%=0.00	OverallWin%=71.43	VenueMatches=1	OverallMatches=21	Matches=1	Wins=0	Losses=1	Win%=0.00	TossWins=0	TossLosses=1	TossWinMatchWins=0	TossWinMatchLosses=0	TossConversion%=0.00	BatFirst=0	BatFirstWins=0	BatFirstWin%=0.00	FieldFirst=0	FieldFirstWins=0	FieldFirstWin%=0.00	OverallConfidence=VERY_STRONG	RecommendationSource=OVERALL_MATCHUP	Recommendation=OVERALL_MATCHUP_STRONG_ADVANTAGE	TossRecommendation=TOSS_DATA_INSUFFICIENT	StrategyRecommendation=BAT_FIELD_DATA_INSUFFICIENT	VenueConfidence=VERY_LOW	PerformanceScore=54.29	StrategyBonus=0.00	TossBonus=0.00	FinalScore=54.29	FinalDecision=BALANCED	DecisionConfidence=VERY_LOW	StrategySignal=NONE	TossSignal=NONE	VenueConfidence=VERY_LOW
Dr DY Patil Sports Academy, Mumbai	Delhi Capitals	Chennai Super Kings	VenueWin%=0.00	OverallWin%=36.67	VenueMatches=1	OverallMatches=30	Matches=1	Wins=0	Losses=1	Win%=0.00	TossWins=1	TossLosses=0	TossWinMatchWins=0	TossWinMatchLosses=1	TossConversion%=0.00	BatFirst=0	BatFirstWins=0	BatFirstWin%=0.00	FieldFirst=1	FieldFirstWins=0	FieldFirstWin%=0.00	OverallConfidence=VERY_STRONG	RecommendationSource=OVERALL_MATCHUP	Recommendation=OVERALL_MATCHUP_DISADVANTAGE	TossRecommendation=TOSS_DATA_INSUFFICIENT	StrategyRecommendation=BAT_FIELD_DATA_INSUFFICIENT	VenueConfidence=VERY_LOW	PerformanceScore=27.87	StrategyBonus=0.00	TossBonus=0.00	FinalScore=27.87	FinalDecision=STRONG_NEGATIVE	DecisionConfidence=VERY_LOW	StrategySignal=NONE	TossSignal=NONE	VenueConfidence=VERY_LOW
Dr DY Patil Sports Academy, Mumbai	Delhi Capitals	Lucknow Super Giants	VenueWin%=0.00	OverallWin%=40.00	VenueMatches=1	OverallMatches=5	Matches=1	Wins=0	Losses=1	Win%=0.00	TossWins=0	TossLosses=1	TossWinMatchWins=0	TossWinMatchLosses=0	TossConversion%=0.00	BatFirst=0	BatFirstWins=0	BatFirstWin%=0.00	FieldFirst=0	FieldFirstWins=0	FieldFirstWin%=0.00	OverallConfidence=MODERATE	RecommendationSource=OVERALL_MATCHUP	Recommendation=OVERALL_MATCHUP_DISADVANTAGE	TossRecommendation=TOSS_DATA_INSUFFICIENT	StrategyRecommendation=BAT_FIELD_DATA_INSUFFICIENT	VenueConfidence=VERY_LOW	PerformanceScore=30.40	StrategyBonus=0.00	TossBonus=0.00	FinalScore=30.40	FinalDecision=NEGATIVE	DecisionConfidence=VERY_LOW	StrategySignal=NONE	TossSignal=NONE	VenueConfidence=VERY_LOW
Dr DY Patil Sports Academy, Mumbai	Delhi Capitals	Punjab Kings	VenueWin%=100.00	OverallWin%=48.48	VenueMatches=1	OverallMatches=33	Matches=1	Wins=1	Losses=0	Win%=100.00	TossWins=0	TossLosses=1	TossWinMatchWins=0	TossWinMatchLosses=0	TossConversion%=0.00	BatFirst=0	BatFirstWins=0	BatFirstWin%=0.00	FieldFirst=0	FieldFirstWins=0	FieldFirstWin%=0.00	OverallConfidence=VERY_STRONG	RecommendationSource=OVERALL_MATCHUP	Recommendation=OVERALL_MATCHUP_BALANCED	TossRecommendation=TOSS_DATA_INSUFFICIENT	StrategyRecommendation=BAT_FIELD_DATA_INSUFFICIENT	VenueConfidence=VERY_LOW	PerformanceScore=60.84	StrategyBonus=0.00	TossBonus=0.00	FinalScore=60.84	FinalDecision=POSITIVE	DecisionConfidence=VERY_LOW	StrategySignal=NONE	TossSignal=NONE	VenueConfidence=VERY_LOW
Dr DY Patil Sports Academy, Mumbai	Delhi Capitals	Rajasthan Royals	VenueWin%=100.00	OverallWin%=48.28	VenueMatches=1	OverallMatches=29	Matches=1	Wins=1	Losses=0	Win%=100.00	TossWins=1	TossLosses=0	TossWinMatchWins=1	TossWinMatchLosses=0	TossConversion%=100.00	BatFirst=0	BatFirstWins=0	BatFirstWin%=0.00	FieldFirst=1	FieldFirstWins=1	FieldFirstWin%=100.00	OverallConfidence=VERY_STRONG	RecommendationSource=OVERALL_MATCHUP	Recommendation=OVERALL_MATCHUP_BALANCED	TossRecommendation=TOSS_DATA_INSUFFICIENT	StrategyRecommendation=BAT_FIELD_DATA_INSUFFICIENT	VenueConfidence=VERY_LOW	PerformanceScore=60.69	StrategyBonus=0.00	TossBonus=0.00	FinalScore=60.69	FinalDecision=POSITIVE	DecisionConfidence=VERY_LOW	StrategySignal=NONE	TossSignal=NONE	VenueConfidence=VERY_LOW
Dr DY Patil Sports Academy, Mumbai	Gujarat Titans	Kolkata Knight Riders	VenueWin%=100.00	OverallWin%=66.67	VenueMatches=1	OverallMatches=3	Matches=1	Wins=1	Losses=0	Win%=100.00	TossWins=1	TossLosses=0	TossWinMatchWins=1	TossWinMatchLosses=0	TossConversion%=100.00	BatFirst=1	BatFirstWins=1	BatFirstWin%=100.00	FieldFirst=0	FieldFirstWins=0	FieldFirstWin%=0.00	OverallConfidence=LOW	RecommendationSource=OVERALL_MATCHUP	Recommendation=OVERALL_MATCHUP_ADVANTAGE	TossRecommendation=TOSS_DATA_INSUFFICIENT	StrategyRecommendation=BAT_FIELD_DATA_INSUFFICIENT	VenueConfidence=VERY_LOW	PerformanceScore=74.67	StrategyBonus=0.00	TossBonus=0.00	FinalScore=74.67	FinalDecision=POSITIVE	DecisionConfidence=VERY_LOW	StrategySignal=NONE	TossSignal=NONE	VenueConfidence=VERY_LOW
Dr DY Patil Sports Academy, Mumbai	Gujarat Titans	Punjab Kings	VenueWin%=0.00	OverallWin%=60.00	VenueMatches=1	OverallMatches=5	Matches=1	Wins=0	Losses=1	Win%=0.00	TossWins=1	TossLosses=0	TossWinMatchWins=0	TossWinMatchLosses=1	TossConversion%=0.00	BatFirst=1	BatFirstWins=0	BatFirstWin%=0.00	FieldFirst=0	FieldFirstWins=0	FieldFirstWin%=0.00	OverallConfidence=MODERATE	RecommendationSource=OVERALL_MATCHUP	Recommendation=OVERALL_MATCHUP_ADVANTAGE	TossRecommendation=TOSS_DATA_INSUFFICIENT	StrategyRecommendation=BAT_FIELD_DATA_INSUFFICIENT	VenueConfidence=VERY_LOW	PerformanceScore=45.60	StrategyBonus=0.00	TossBonus=0.00	FinalScore=45.60	FinalDecision=BALANCED	DecisionConfidence=VERY_LOW	StrategySignal=NONE	TossSignal=NONE	VenueConfidence=VERY_LOW
Dr DY Patil Sports Academy, Mumbai	Gujarat Titans	Rajasthan Royals	VenueWin%=100.00	OverallWin%=83.33	VenueMatches=1	OverallMatches=6	Matches=1	Wins=1	Losses=0	Win%=100.00	TossWins=0	TossLosses=1	TossWinMatchWins=0	TossWinMatchLosses=0	TossConversion%=0.00	BatFirst=0	BatFirstWins=0	BatFirstWin%=0.00	FieldFirst=0	FieldFirstWins=0	FieldFirstWin%=0.00	OverallConfidence=MODERATE	RecommendationSource=OVERALL_MATCHUP	Recommendation=OVERALL_MATCHUP_STRONG_ADVANTAGE	TossRecommendation=TOSS_DATA_INSUFFICIENT	StrategyRecommendation=BAT_FIELD_DATA_INSUFFICIENT	VenueConfidence=VERY_LOW	PerformanceScore=87.33	StrategyBonus=0.00	TossBonus=0.00	FinalScore=87.33	FinalDecision=STRONG_POSITIVE	DecisionConfidence=VERY_LOW	StrategySignal=NONE	TossSignal=NONE	VenueConfidence=VERY_LOW
Dr DY Patil Sports Academy, Mumbai	Gujarat Titans	Sunrisers Hyderabad	VenueWin%=0.00	OverallWin%=75.00	VenueMatches=1	OverallMatches=4	Matches=1	Wins=0	Losses=1	Win%=0.00	TossWins=0	TossLosses=1	TossWinMatchWins=0	TossWinMatchLosses=0	TossConversion%=0.00	BatFirst=0	BatFirstWins=0	BatFirstWin%=0.00	FieldFirst=0	FieldFirstWins=0	FieldFirstWin%=0.00	OverallConfidence=LOW	RecommendationSource=OVERALL_MATCHUP	Recommendation=OVERALL_MATCHUP_STRONG_ADVANTAGE	TossRecommendation=TOSS_DATA_INSUFFICIENT	StrategyRecommendation=BAT_FIELD_DATA_INSUFFICIENT	VenueConfidence=VERY_LOW	PerformanceScore=57.00	StrategyBonus=0.00	TossBonus=0.00	FinalScore=57.00	FinalDecision=BALANCED	DecisionConfidence=VERY_LOW	StrategySignal=NONE	TossSignal=NONE	VenueConfidence=VERY_LOW
Dr DY Patil Sports Academy, Mumbai	Kolkata Knight Riders	Gujarat Titans	VenueWin%=0.00	OverallWin%=33.33	VenueMatches=1	OverallMatches=3	Matches=1	Wins=0	Losses=1	Win%=0.00	TossWins=0	TossLosses=1	TossWinMatchWins=0	TossWinMatchLosses=0	TossConversion%=0.00	BatFirst=0	BatFirstWins=0	BatFirstWin%=0.00	FieldFirst=0	FieldFirstWins=0	FieldFirstWin%=0.00	OverallConfidence=LOW	RecommendationSource=OVERALL_MATCHUP	Recommendation=OVERALL_MATCHUP_DISADVANTAGE	TossRecommendation=TOSS_DATA_INSUFFICIENT	StrategyRecommendation=BAT_FIELD_DATA_INSUFFICIENT	VenueConfidence=VERY_LOW	PerformanceScore=25.33	StrategyBonus=0.00	TossBonus=0.00	FinalScore=25.33	FinalDecision=STRONG_NEGATIVE	DecisionConfidence=VERY_LOW	StrategySignal=NONE	TossSignal=NONE	VenueConfidence=VERY_LOW
Dr DY Patil Sports Academy, Mumbai	Kolkata Knight Riders	Lucknow Super Giants	VenueWin%=0.00	OverallWin%=40.00	VenueMatches=1	OverallMatches=5	Matches=1	Wins=0	Losses=1	Win%=0.00	TossWins=0	TossLosses=1	TossWinMatchWins=0	TossWinMatchLosses=0	TossConversion%=0.00	BatFirst=0	BatFirstWins=0	BatFirstWin%=0.00	FieldFirst=0	FieldFirstWins=0	FieldFirstWin%=0.00	OverallConfidence=MODERATE	RecommendationSource=OVERALL_MATCHUP	Recommendation=OVERALL_MATCHUP_DISADVANTAGE	TossRecommendation=TOSS_DATA_INSUFFICIENT	StrategyRecommendation=BAT_FIELD_DATA_INSUFFICIENT	VenueConfidence=VERY_LOW	PerformanceScore=30.40	StrategyBonus=0.00	TossBonus=0.00	FinalScore=30.40	FinalDecision=NEGATIVE	DecisionConfidence=VERY_LOW	StrategySignal=NONE	TossSignal=NONE	VenueConfidence=VERY_LOW
Dr DY Patil Sports Academy, Mumbai	Kolkata Knight Riders	Mumbai Indians	VenueWin%=100.00	OverallWin%=32.35	VenueMatches=1	OverallMatches=34	Matches=1	Wins=1	Losses=0	Win%=100.00	TossWins=0	TossLosses=1	TossWinMatchWins=0	TossWinMatchLosses=0	TossConversion%=0.00	BatFirst=0	BatFirstWins=0	BatFirstWin%=0.00	FieldFirst=0	FieldFirstWins=0	FieldFirstWin%=0.00	OverallConfidence=VERY_STRONG	RecommendationSource=OVERALL_MATCHUP	Recommendation=OVERALL_MATCHUP_DISADVANTAGE	TossRecommendation=TOSS_DATA_INSUFFICIENT	StrategyRecommendation=BAT_FIELD_DATA_INSUFFICIENT	VenueConfidence=VERY_LOW	PerformanceScore=48.59	StrategyBonus=0.00	TossBonus=0.00	FinalScore=48.59	FinalDecision=BALANCED	DecisionConfidence=VERY_LOW	StrategySignal=NONE	TossSignal=NONE	VenueConfidence=VERY_LOW
Dr DY Patil Sports Academy, Mumbai	Kolkata Knight Riders	Royal Challengers Bengaluru	VenueWin%=0.00	OverallWin%=58.82	VenueMatches=1	OverallMatches=34	Matches=1	Wins=0	Losses=1	Win%=0.00	TossWins=0	TossLosses=1	TossWinMatchWins=0	TossWinMatchLosses=0	TossConversion%=0.00	BatFirst=0	BatFirstWins=0	BatFirstWin%=0.00	FieldFirst=0	FieldFirstWins=0	FieldFirstWin%=0.00	OverallConfidence=VERY_STRONG	RecommendationSource=OVERALL_MATCHUP	Recommendation=OVERALL_MATCHUP_ADVANTAGE	TossRecommendation=TOSS_DATA_INSUFFICIENT	StrategyRecommendation=BAT_FIELD_DATA_INSUFFICIENT	VenueConfidence=VERY_LOW	PerformanceScore=44.70	StrategyBonus=0.00	TossBonus=0.00	FinalScore=44.70	FinalDecision=NEGATIVE	DecisionConfidence=VERY_LOW	StrategySignal=NONE	TossSignal=NONE	VenueConfidence=VERY_LOW
Dr DY Patil Sports Academy, Mumbai	Lucknow Super Giants	Delhi Capitals	VenueWin%=100.00	OverallWin%=60.00	VenueMatches=1	OverallMatches=5	Matches=1	Wins=1	Losses=0	Win%=100.00	TossWins=1	TossLosses=0	TossWinMatchWins=1	TossWinMatchLosses=0	TossConversion%=100.00	BatFirst=0	BatFirstWins=0	BatFirstWin%=0.00	FieldFirst=1	FieldFirstWins=1	FieldFirstWin%=100.00	OverallConfidence=MODERATE	RecommendationSource=OVERALL_MATCHUP	Recommendation=OVERALL_MATCHUP_ADVANTAGE	TossRecommendation=TOSS_DATA_INSUFFICIENT	StrategyRecommendation=BAT_FIELD_DATA_INSUFFICIENT	VenueConfidence=VERY_LOW	PerformanceScore=69.60	StrategyBonus=0.00	TossBonus=0.00	FinalScore=69.60	FinalDecision=POSITIVE	DecisionConfidence=VERY_LOW	StrategySignal=NONE	TossSignal=NONE	VenueConfidence=VERY_LOW
Dr DY Patil Sports Academy, Mumbai	Lucknow Super Giants	Kolkata Knight Riders	VenueWin%=100.00	OverallWin%=60.00	VenueMatches=1	OverallMatches=5	Matches=1	Wins=1	Losses=0	Win%=100.00	TossWins=1	TossLosses=0	TossWinMatchWins=1	TossWinMatchLosses=0	TossConversion%=100.00	BatFirst=1	BatFirstWins=1	BatFirstWin%=100.00	FieldFirst=0	FieldFirstWins=0	FieldFirstWin%=0.00	OverallConfidence=MODERATE	RecommendationSource=OVERALL_MATCHUP	Recommendation=OVERALL_MATCHUP_ADVANTAGE	TossRecommendation=TOSS_DATA_INSUFFICIENT	StrategyRecommendation=BAT_FIELD_DATA_INSUFFICIENT	VenueConfidence=VERY_LOW	PerformanceScore=69.60	StrategyBonus=0.00	TossBonus=0.00	FinalScore=69.60	FinalDecision=POSITIVE	DecisionConfidence=VERY_LOW	StrategySignal=NONE	TossSignal=NONE	VenueConfidence=VERY_LOW
Dr DY Patil Sports Academy, Mumbai	Lucknow Super Giants	Royal Challengers Bengaluru	VenueWin%=0.00	OverallWin%=40.00	VenueMatches=1	OverallMatches=5	Matches=1	Wins=0	Losses=1	Win%=0.00	TossWins=1	TossLosses=0	TossWinMatchWins=0	TossWinMatchLosses=1	TossConversion%=0.00	BatFirst=0	BatFirstWins=0	BatFirstWin%=0.00	FieldFirst=1	FieldFirstWins=0	FieldFirstWin%=0.00	OverallConfidence=MODERATE	RecommendationSource=OVERALL_MATCHUP	Recommendation=OVERALL_MATCHUP_DISADVANTAGE	TossRecommendation=TOSS_DATA_INSUFFICIENT	StrategyRecommendation=BAT_FIELD_DATA_INSUFFICIENT	VenueConfidence=VERY_LOW	PerformanceScore=30.40	StrategyBonus=0.00	TossBonus=0.00	FinalScore=30.40	FinalDecision=NEGATIVE	DecisionConfidence=VERY_LOW	StrategySignal=NONE	TossSignal=NONE	VenueConfidence=VERY_LOW
Dr DY Patil Sports Academy, Mumbai	Lucknow Super Giants	Sunrisers Hyderabad	VenueWin%=100.00	OverallWin%=75.00	VenueMatches=1	OverallMatches=4	Matches=1	Wins=1	Losses=0	Win%=100.00	TossWins=0	TossLosses=1	TossWinMatchWins=0	TossWinMatchLosses=0	TossConversion%=0.00	BatFirst=0	BatFirstWins=0	BatFirstWin%=0.00	FieldFirst=0	FieldFirstWins=0	FieldFirstWin%=0.00	OverallConfidence=LOW	RecommendationSource=OVERALL_MATCHUP	Recommendation=OVERALL_MATCHUP_STRONG_ADVANTAGE	TossRecommendation=TOSS_DATA_INSUFFICIENT	StrategyRecommendation=BAT_FIELD_DATA_INSUFFICIENT	VenueConfidence=VERY_LOW	PerformanceScore=81.00	StrategyBonus=0.00	TossBonus=0.00	FinalScore=81.00	FinalDecision=STRONG_POSITIVE	DecisionConfidence=VERY_LOW	StrategySignal=NONE	TossSignal=NONE	VenueConfidence=VERY_LOW
Dr DY Patil Sports Academy, Mumbai	Mumbai Indians	Chennai Super Kings	VenueWin%=0.00	OverallWin%=54.05	VenueMatches=1	OverallMatches=37	Matches=1	Wins=0	Losses=1	Win%=0.00	TossWins=0	TossLosses=1	TossWinMatchWins=0	TossWinMatchLosses=0	TossConversion%=0.00	BatFirst=0	BatFirstWins=0	BatFirstWin%=0.00	FieldFirst=0	FieldFirstWins=0	FieldFirstWin%=0.00	OverallConfidence=VERY_STRONG	RecommendationSource=OVERALL_MATCHUP	Recommendation=OVERALL_MATCHUP_BALANCED	TossRecommendation=TOSS_DATA_INSUFFICIENT	StrategyRecommendation=BAT_FIELD_DATA_INSUFFICIENT	VenueConfidence=VERY_LOW	PerformanceScore=41.08	StrategyBonus=0.00	TossBonus=0.00	FinalScore=41.08	FinalDecision=NEGATIVE	DecisionConfidence=VERY_LOW	StrategySignal=NONE	TossSignal=NONE	VenueConfidence=VERY_LOW
Dr DY Patil Sports Academy, Mumbai	Mumbai Indians	Kolkata Knight Riders	VenueWin%=0.00	OverallWin%=67.65	VenueMatches=1	OverallMatches=34	Matches=1	Wins=0	Losses=1	Win%=0.00	TossWins=1	TossLosses=0	TossWinMatchWins=0	TossWinMatchLosses=1	TossConversion%=0.00	BatFirst=0	BatFirstWins=0	BatFirstWin%=0.00	FieldFirst=1	FieldFirstWins=0	FieldFirstWin%=0.00	OverallConfidence=VERY_STRONG	RecommendationSource=OVERALL_MATCHUP	Recommendation=OVERALL_MATCHUP_ADVANTAGE	TossRecommendation=TOSS_DATA_INSUFFICIENT	StrategyRecommendation=BAT_FIELD_DATA_INSUFFICIENT	VenueConfidence=VERY_LOW	PerformanceScore=51.41	StrategyBonus=0.00	TossBonus=0.00	FinalScore=51.41	FinalDecision=BALANCED	DecisionConfidence=VERY_LOW	StrategySignal=NONE	TossSignal=NONE	VenueConfidence=VERY_LOW
Dr DY Patil Sports Academy, Mumbai	Mumbai Indians	Rajasthan Royals	VenueWin%=50.00	OverallWin%=51.72	VenueMatches=2	OverallMatches=29	Matches=2	Wins=1	Losses=1	Win%=50.00	TossWins=2	TossLosses=0	TossWinMatchWins=1	TossWinMatchLosses=1	TossConversion%=50.00	BatFirst=0	BatFirstWins=0	BatFirstWin%=0.00	FieldFirst=2	FieldFirstWins=1	FieldFirstWin%=50.00	OverallConfidence=VERY_STRONG	RecommendationSource=OVERALL_MATCHUP	Recommendation=OVERALL_MATCHUP_BALANCED	TossRecommendation=TOSS_DATA_INSUFFICIENT	StrategyRecommendation=BAT_FIELD_DATA_INSUFFICIENT	VenueConfidence=VERY_LOW	PerformanceScore=51.24	StrategyBonus=0.00	TossBonus=0.00	FinalScore=51.24	FinalDecision=BALANCED	DecisionConfidence=VERY_LOW	StrategySignal=NONE	TossSignal=NONE	VenueConfidence=VERY_LOW
Dr DY Patil Sports Academy, Mumbai	Punjab Kings	Delhi Capitals	VenueWin%=0.00	OverallWin%=51.52	VenueMatches=1	OverallMatches=33	Matches=1	Wins=0	Losses=1	Win%=0.00	TossWins=1	TossLosses=0	TossWinMatchWins=0	TossWinMatchLosses=1	TossConversion%=0.00	BatFirst=0	BatFirstWins=0	BatFirstWin%=0.00	FieldFirst=1	FieldFirstWins=0	FieldFirstWin%=0.00	OverallConfidence=VERY_STRONG	RecommendationSource=OVERALL_MATCHUP	Recommendation=OVERALL_MATCHUP_BALANCED	TossRecommendation=TOSS_DATA_INSUFFICIENT	StrategyRecommendation=BAT_FIELD_DATA_INSUFFICIENT	VenueConfidence=VERY_LOW	PerformanceScore=39.16	StrategyBonus=0.00	TossBonus=0.00	FinalScore=39.16	FinalDecision=NEGATIVE	DecisionConfidence=VERY_LOW	StrategySignal=NONE	TossSignal=NONE	VenueConfidence=VERY_LOW
Dr DY Patil Sports Academy, Mumbai	Punjab Kings	Gujarat Titans	VenueWin%=100.00	OverallWin%=40.00	VenueMatches=1	OverallMatches=5	Matches=1	Wins=1	Losses=0	Win%=100.00	TossWins=0	TossLosses=1	TossWinMatchWins=0	TossWinMatchLosses=0	TossConversion%=0.00	BatFirst=0	BatFirstWins=0	BatFirstWin%=0.00	FieldFirst=0	FieldFirstWins=0	FieldFirstWin%=0.00	OverallConfidence=MODERATE	RecommendationSource=OVERALL_MATCHUP	Recommendation=OVERALL_MATCHUP_DISADVANTAGE	TossRecommendation=TOSS_DATA_INSUFFICIENT	StrategyRecommendation=BAT_FIELD_DATA_INSUFFICIENT	VenueConfidence=VERY_LOW	PerformanceScore=54.40	StrategyBonus=0.00	TossBonus=0.00	FinalScore=54.40	FinalDecision=BALANCED	DecisionConfidence=VERY_LOW	StrategySignal=NONE	TossSignal=NONE	VenueConfidence=VERY_LOW
Dr DY Patil Sports Academy, Mumbai	Punjab Kings	Royal Challengers Bengaluru	VenueWin%=100.00	OverallWin%=51.52	VenueMatches=1	OverallMatches=33	Matches=1	Wins=1	Losses=0	Win%=100.00	TossWins=1	TossLosses=0	TossWinMatchWins=1	TossWinMatchLosses=0	TossConversion%=100.00	BatFirst=0	BatFirstWins=0	BatFirstWin%=0.00	FieldFirst=1	FieldFirstWins=1	FieldFirstWin%=100.00	OverallConfidence=VERY_STRONG	RecommendationSource=OVERALL_MATCHUP	Recommendation=OVERALL_MATCHUP_BALANCED	TossRecommendation=TOSS_DATA_INSUFFICIENT	StrategyRecommendation=BAT_FIELD_DATA_INSUFFICIENT	VenueConfidence=VERY_LOW	PerformanceScore=63.16	StrategyBonus=0.00	TossBonus=0.00	FinalScore=63.16	FinalDecision=POSITIVE	DecisionConfidence=VERY_LOW	StrategySignal=NONE	TossSignal=NONE	VenueConfidence=VERY_LOW
Dr DY Patil Sports Academy, Mumbai	Punjab Kings	Sunrisers Hyderabad	VenueWin%=0.00	OverallWin%=30.43	VenueMatches=1	OverallMatches=23	Matches=1	Wins=0	Losses=1	Win%=0.00	TossWins=0	TossLosses=1	TossWinMatchWins=0	TossWinMatchLosses=0	TossConversion%=0.00	BatFirst=0	BatFirstWins=0	BatFirstWin%=0.00	FieldFirst=0	FieldFirstWins=0	FieldFirstWin%=0.00	OverallConfidence=VERY_STRONG	RecommendationSource=OVERALL_MATCHUP	Recommendation=OVERALL_MATCHUP_DISADVANTAGE	TossRecommendation=TOSS_DATA_INSUFFICIENT	StrategyRecommendation=BAT_FIELD_DATA_INSUFFICIENT	VenueConfidence=VERY_LOW	PerformanceScore=23.13	StrategyBonus=0.00	TossBonus=0.00	FinalScore=23.13	FinalDecision=STRONG_NEGATIVE	DecisionConfidence=VERY_LOW	StrategySignal=NONE	TossSignal=NONE	VenueConfidence=VERY_LOW
Dr DY Patil Sports Academy, Mumbai	Rajasthan Royals	Delhi Capitals	VenueWin%=0.00	OverallWin%=51.72	VenueMatches=1	OverallMatches=29	Matches=1	Wins=0	Losses=1	Win%=0.00	TossWins=0	TossLosses=1	TossWinMatchWins=0	TossWinMatchLosses=0	TossConversion%=0.00	BatFirst=0	BatFirstWins=0	BatFirstWin%=0.00	FieldFirst=0	FieldFirstWins=0	FieldFirstWin%=0.00	OverallConfidence=VERY_STRONG	RecommendationSource=OVERALL_MATCHUP	Recommendation=OVERALL_MATCHUP_BALANCED	TossRecommendation=TOSS_DATA_INSUFFICIENT	StrategyRecommendation=BAT_FIELD_DATA_INSUFFICIENT	VenueConfidence=VERY_LOW	PerformanceScore=39.31	StrategyBonus=0.00	TossBonus=0.00	FinalScore=39.31	FinalDecision=NEGATIVE	DecisionConfidence=VERY_LOW	StrategySignal=NONE	TossSignal=NONE	VenueConfidence=VERY_LOW
Dr DY Patil Sports Academy, Mumbai	Rajasthan Royals	Gujarat Titans	VenueWin%=0.00	OverallWin%=16.67	VenueMatches=1	OverallMatches=6	Matches=1	Wins=0	Losses=1	Win%=0.00	TossWins=1	TossLosses=0	TossWinMatchWins=0	TossWinMatchLosses=1	TossConversion%=0.00	BatFirst=0	BatFirstWins=0	BatFirstWin%=0.00	FieldFirst=1	FieldFirstWins=0	FieldFirstWin%=0.00	OverallConfidence=MODERATE	RecommendationSource=OVERALL_MATCHUP	Recommendation=OVERALL_MATCHUP_DISADVANTAGE	TossRecommendation=TOSS_DATA_INSUFFICIENT	StrategyRecommendation=BAT_FIELD_DATA_INSUFFICIENT	VenueConfidence=VERY_LOW	PerformanceScore=12.67	StrategyBonus=0.00	TossBonus=0.00	FinalScore=12.67	FinalDecision=STRONG_NEGATIVE	DecisionConfidence=VERY_LOW	StrategySignal=NONE	TossSignal=NONE	VenueConfidence=VERY_LOW
Dr DY Patil Sports Academy, Mumbai	Rajasthan Royals	Mumbai Indians	VenueWin%=50.00	OverallWin%=48.28	VenueMatches=2	OverallMatches=29	Matches=2	Wins=1	Losses=1	Win%=50.00	TossWins=0	TossLosses=2	TossWinMatchWins=0	TossWinMatchLosses=0	TossConversion%=0.00	BatFirst=0	BatFirstWins=0	BatFirstWin%=0.00	FieldFirst=0	FieldFirstWins=0	FieldFirstWin%=0.00	OverallConfidence=VERY_STRONG	RecommendationSource=OVERALL_MATCHUP	Recommendation=OVERALL_MATCHUP_BALANCED	TossRecommendation=TOSS_DATA_INSUFFICIENT	StrategyRecommendation=BAT_FIELD_DATA_INSUFFICIENT	VenueConfidence=VERY_LOW	PerformanceScore=48.76	StrategyBonus=0.00	TossBonus=0.00	FinalScore=48.76	FinalDecision=BALANCED	DecisionConfidence=VERY_LOW	StrategySignal=NONE	TossSignal=NONE	VenueConfidence=VERY_LOW
Dr DY Patil Sports Academy, Mumbai	Royal Challengers Bengaluru	Chennai Super Kings	VenueWin%=0.00	OverallWin%=34.38	VenueMatches=1	OverallMatches=32	Matches=1	Wins=0	Losses=1	Win%=0.00	TossWins=1	TossLosses=0	TossWinMatchWins=0	TossWinMatchLosses=1	TossConversion%=0.00	BatFirst=0	BatFirstWins=0	BatFirstWin%=0.00	FieldFirst=1	FieldFirstWins=0	FieldFirstWin%=0.00	OverallConfidence=VERY_STRONG	RecommendationSource=OVERALL_MATCHUP	Recommendation=OVERALL_MATCHUP_DISADVANTAGE	TossRecommendation=TOSS_DATA_INSUFFICIENT	StrategyRecommendation=BAT_FIELD_DATA_INSUFFICIENT	VenueConfidence=VERY_LOW	PerformanceScore=26.13	StrategyBonus=0.00	TossBonus=0.00	FinalScore=26.13	FinalDecision=STRONG_NEGATIVE	DecisionConfidence=VERY_LOW	StrategySignal=NONE	TossSignal=NONE	VenueConfidence=VERY_LOW
Dr DY Patil Sports Academy, Mumbai	Royal Challengers Bengaluru	Kolkata Knight Riders	VenueWin%=100.00	OverallWin%=41.18	VenueMatches=1	OverallMatches=34	Matches=1	Wins=1	Losses=0	Win%=100.00	TossWins=1	TossLosses=0	TossWinMatchWins=1	TossWinMatchLosses=0	TossConversion%=100.00	BatFirst=0	BatFirstWins=0	BatFirstWin%=0.00	FieldFirst=1	FieldFirstWins=1	FieldFirstWin%=100.00	OverallConfidence=VERY_STRONG	RecommendationSource=OVERALL_MATCHUP	Recommendation=OVERALL_MATCHUP_BALANCED	TossRecommendation=TOSS_DATA_INSUFFICIENT	StrategyRecommendation=BAT_FIELD_DATA_INSUFFICIENT	VenueConfidence=VERY_LOW	PerformanceScore=55.30	StrategyBonus=0.00	TossBonus=0.00	FinalScore=55.30	FinalDecision=BALANCED	DecisionConfidence=VERY_LOW	StrategySignal=NONE	TossSignal=NONE	VenueConfidence=VERY_LOW
Dr DY Patil Sports Academy, Mumbai	Royal Challengers Bengaluru	Lucknow Super Giants	VenueWin%=100.00	OverallWin%=60.00	VenueMatches=1	OverallMatches=5	Matches=1	Wins=1	Losses=0	Win%=100.00	TossWins=0	TossLosses=1	TossWinMatchWins=0	TossWinMatchLosses=0	TossConversion%=0.00	BatFirst=0	BatFirstWins=0	BatFirstWin%=0.00	FieldFirst=0	FieldFirstWins=0	FieldFirstWin%=0.00	OverallConfidence=MODERATE	RecommendationSource=OVERALL_MATCHUP	Recommendation=OVERALL_MATCHUP_ADVANTAGE	TossRecommendation=TOSS_DATA_INSUFFICIENT	StrategyRecommendation=BAT_FIELD_DATA_INSUFFICIENT	VenueConfidence=VERY_LOW	PerformanceScore=69.60	StrategyBonus=0.00	TossBonus=0.00	FinalScore=69.60	FinalDecision=POSITIVE	DecisionConfidence=VERY_LOW	StrategySignal=NONE	TossSignal=NONE	VenueConfidence=VERY_LOW
Dr DY Patil Sports Academy, Mumbai	Royal Challengers Bengaluru	Punjab Kings	VenueWin%=0.00	OverallWin%=48.48	VenueMatches=1	OverallMatches=33	Matches=1	Wins=0	Losses=1	Win%=0.00	TossWins=0	TossLosses=1	TossWinMatchWins=0	TossWinMatchLosses=0	TossConversion%=0.00	BatFirst=0	BatFirstWins=0	BatFirstWin%=0.00	FieldFirst=0	FieldFirstWins=0	FieldFirstWin%=0.00	OverallConfidence=VERY_STRONG	RecommendationSource=OVERALL_MATCHUP	Recommendation=OVERALL_MATCHUP_BALANCED	TossRecommendation=TOSS_DATA_INSUFFICIENT	StrategyRecommendation=BAT_FIELD_DATA_INSUFFICIENT	VenueConfidence=VERY_LOW	PerformanceScore=36.84	StrategyBonus=0.00	TossBonus=0.00	FinalScore=36.84	FinalDecision=NEGATIVE	DecisionConfidence=VERY_LOW	StrategySignal=NONE	TossSignal=NONE	VenueConfidence=VERY_LOW
Dr DY Patil Sports Academy, Mumbai	Sunrisers Hyderabad	Chennai Super Kings	VenueWin%=100.00	OverallWin%=28.57	VenueMatches=1	OverallMatches=21	Matches=1	Wins=1	Losses=0	Win%=100.00	TossWins=1	TossLosses=0	TossWinMatchWins=1	TossWinMatchLosses=0	TossConversion%=100.00	BatFirst=0	BatFirstWins=0	BatFirstWin%=0.00	FieldFirst=1	FieldFirstWins=1	FieldFirstWin%=100.00	OverallConfidence=VERY_STRONG	RecommendationSource=OVERALL_MATCHUP	Recommendation=OVERALL_MATCHUP_DISADVANTAGE	TossRecommendation=TOSS_DATA_INSUFFICIENT	StrategyRecommendation=BAT_FIELD_DATA_INSUFFICIENT	VenueConfidence=VERY_LOW	PerformanceScore=45.71	StrategyBonus=0.00	TossBonus=0.00	FinalScore=45.71	FinalDecision=BALANCED	DecisionConfidence=VERY_LOW	StrategySignal=NONE	TossSignal=NONE	VenueConfidence=VERY_LOW
Dr DY Patil Sports Academy, Mumbai	Sunrisers Hyderabad	Gujarat Titans	VenueWin%=100.00	OverallWin%=25.00	VenueMatches=1	OverallMatches=4	Matches=1	Wins=1	Losses=0	Win%=100.00	TossWins=1	TossLosses=0	TossWinMatchWins=1	TossWinMatchLosses=0	TossConversion%=100.00	BatFirst=0	BatFirstWins=0	BatFirstWin%=0.00	FieldFirst=1	FieldFirstWins=1	FieldFirstWin%=100.00	OverallConfidence=LOW	RecommendationSource=OVERALL_MATCHUP	Recommendation=OVERALL_MATCHUP_DISADVANTAGE	TossRecommendation=TOSS_DATA_INSUFFICIENT	StrategyRecommendation=BAT_FIELD_DATA_INSUFFICIENT	VenueConfidence=VERY_LOW	PerformanceScore=43.00	StrategyBonus=0.00	TossBonus=0.00	FinalScore=43.00	FinalDecision=NEGATIVE	DecisionConfidence=VERY_LOW	StrategySignal=NONE	TossSignal=NONE	VenueConfidence=VERY_LOW
Dr DY Patil Sports Academy, Mumbai	Sunrisers Hyderabad	Lucknow Super Giants	VenueWin%=0.00	OverallWin%=25.00	VenueMatches=1	OverallMatches=4	Matches=1	Wins=0	Losses=1	Win%=0.00	TossWins=1	TossLosses=0	TossWinMatchWins=0	TossWinMatchLosses=1	TossConversion%=0.00	BatFirst=0	BatFirstWins=0	BatFirstWin%=0.00	FieldFirst=1	FieldFirstWins=0	FieldFirstWin%=0.00	OverallConfidence=LOW	RecommendationSource=OVERALL_MATCHUP	Recommendation=OVERALL_MATCHUP_DISADVANTAGE	TossRecommendation=TOSS_DATA_INSUFFICIENT	StrategyRecommendation=BAT_FIELD_DATA_INSUFFICIENT	VenueConfidence=VERY_LOW	PerformanceScore=19.00	StrategyBonus=0.00	TossBonus=0.00	FinalScore=19.00	FinalDecision=STRONG_NEGATIVE	DecisionConfidence=VERY_LOW	StrategySignal=NONE	TossSignal=NONE	VenueConfidence=VERY_LOW
Dr DY Patil Sports Academy, Mumbai	Sunrisers Hyderabad	Punjab Kings	VenueWin%=100.00	OverallWin%=69.57	VenueMatches=1	OverallMatches=23	Matches=1	Wins=1	Losses=0	Win%=100.00	TossWins=1	TossLosses=0	TossWinMatchWins=1	TossWinMatchLosses=0	TossConversion%=100.00	BatFirst=0	BatFirstWins=0	BatFirstWin%=0.00	FieldFirst=1	FieldFirstWins=1	FieldFirstWin%=100.00	OverallConfidence=VERY_STRONG	RecommendationSource=OVERALL_MATCHUP	Recommendation=OVERALL_MATCHUP_ADVANTAGE	TossRecommendation=TOSS_DATA_INSUFFICIENT	StrategyRecommendation=BAT_FIELD_DATA_INSUFFICIENT	VenueConfidence=VERY_LOW	PerformanceScore=76.87	StrategyBonus=0.00	TossBonus=0.00	FinalScore=76.87	FinalDecision=STRONG_POSITIVE	DecisionConfidence=VERY_LOW	StrategySignal=NONE	TossSignal=NONE	VenueConfidence=VERY_LOW
Dr. Y.S. Rajasekhara Reddy ACA-VDCA Cricket Stadium	Chennai Super Kings	Deccan Chargers	VenueWin%=100.00	OverallWin%=60.00	VenueMatches=1	OverallMatches=10	Matches=1	Wins=1	Losses=0	Win%=100.00	TossWins=0	TossLosses=1	TossWinMatchWins=0	TossWinMatchLosses=0	TossConversion%=0.00	BatFirst=0	BatFirstWins=0	BatFirstWin%=0.00	FieldFirst=0	FieldFirstWins=0	FieldFirstWin%=0.00	OverallConfidence=STRONG	RecommendationSource=OVERALL_MATCHUP	Recommendation=OVERALL_MATCHUP_ADVANTAGE	TossRecommendation=TOSS_DATA_INSUFFICIENT	StrategyRecommendation=BAT_FIELD_DATA_INSUFFICIENT	VenueConfidence=VERY_LOW	PerformanceScore=69.60	StrategyBonus=0.00	TossBonus=0.00	FinalScore=69.60	FinalDecision=POSITIVE	DecisionConfidence=VERY_LOW	StrategySignal=NONE	TossSignal=NONE	VenueConfidence=VERY_LOW
Dr. Y.S. Rajasekhara Reddy ACA-VDCA Cricket Stadium	Chennai Super Kings	Delhi Capitals	VenueWin%=100.00	OverallWin%=63.33	VenueMatches=1	OverallMatches=30	Matches=1	Wins=1	Losses=0	Win%=100.00	TossWins=1	TossLosses=0	TossWinMatchWins=1	TossWinMatchLosses=0	TossConversion%=100.00	BatFirst=0	BatFirstWins=0	BatFirstWin%=0.00	FieldFirst=1	FieldFirstWins=1	FieldFirstWin%=100.00	OverallConfidence=VERY_STRONG	RecommendationSource=OVERALL_MATCHUP	Recommendation=OVERALL_MATCHUP_ADVANTAGE	TossRecommendation=TOSS_DATA_INSUFFICIENT	StrategyRecommendation=BAT_FIELD_DATA_INSUFFICIENT	VenueConfidence=VERY_LOW	PerformanceScore=72.13	StrategyBonus=0.00	TossBonus=0.00	FinalScore=72.13	FinalDecision=POSITIVE	DecisionConfidence=VERY_LOW	StrategySignal=NONE	TossSignal=NONE	VenueConfidence=VERY_LOW
Dr. Y.S. Rajasekhara Reddy ACA-VDCA Cricket Stadium	Deccan Chargers	Chennai Super Kings	VenueWin%=0.00	OverallWin%=40.00	VenueMatches=1	OverallMatches=10	Matches=1	Wins=0	Losses=1	Win%=0.00	TossWins=1	TossLosses=0	TossWinMatchWins=0	TossWinMatchLosses=1	TossConversion%=0.00	BatFirst=0	BatFirstWins=0	BatFirstWin%=0.00	FieldFirst=1	FieldFirstWins=0	FieldFirstWin%=0.00	OverallConfidence=STRONG	RecommendationSource=OVERALL_MATCHUP	Recommendation=OVERALL_MATCHUP_DISADVANTAGE	TossRecommendation=TOSS_DATA_INSUFFICIENT	StrategyRecommendation=BAT_FIELD_DATA_INSUFFICIENT	VenueConfidence=VERY_LOW	PerformanceScore=30.40	StrategyBonus=0.00	TossBonus=0.00	FinalScore=30.40	FinalDecision=NEGATIVE	DecisionConfidence=VERY_LOW	StrategySignal=NONE	TossSignal=NONE	VenueConfidence=VERY_LOW
Dr. Y.S. Rajasekhara Reddy ACA-VDCA Cricket Stadium	Deccan Chargers	Mumbai Indians	VenueWin%=0.00	OverallWin%=40.00	VenueMatches=1	OverallMatches=10	Matches=1	Wins=0	Losses=1	Win%=0.00	TossWins=1	TossLosses=0	TossWinMatchWins=0	TossWinMatchLosses=1	TossConversion%=0.00	BatFirst=1	BatFirstWins=0	BatFirstWin%=0.00	FieldFirst=0	FieldFirstWins=0	FieldFirstWin%=0.00	OverallConfidence=STRONG	RecommendationSource=OVERALL_MATCHUP	Recommendation=OVERALL_MATCHUP_DISADVANTAGE	TossRecommendation=TOSS_DATA_INSUFFICIENT	StrategyRecommendation=BAT_FIELD_DATA_INSUFFICIENT	VenueConfidence=VERY_LOW	PerformanceScore=30.40	StrategyBonus=0.00	TossBonus=0.00	FinalScore=30.40	FinalDecision=NEGATIVE	DecisionConfidence=VERY_LOW	StrategySignal=NONE	TossSignal=NONE	VenueConfidence=VERY_LOW
Dr. Y.S. Rajasekhara Reddy ACA-VDCA Cricket Stadium	Delhi Capitals	Chennai Super Kings	VenueWin%=0.00	OverallWin%=36.67	VenueMatches=1	OverallMatches=30	Matches=1	Wins=0	Losses=1	Win%=0.00	TossWins=0	TossLosses=1	TossWinMatchWins=0	TossWinMatchLosses=0	TossConversion%=0.00	BatFirst=0	BatFirstWins=0	BatFirstWin%=0.00	FieldFirst=0	FieldFirstWins=0	FieldFirstWin%=0.00	OverallConfidence=VERY_STRONG	RecommendationSource=OVERALL_MATCHUP	Recommendation=OVERALL_MATCHUP_DISADVANTAGE	TossRecommendation=TOSS_DATA_INSUFFICIENT	StrategyRecommendation=BAT_FIELD_DATA_INSUFFICIENT	VenueConfidence=VERY_LOW	PerformanceScore=27.87	StrategyBonus=0.00	TossBonus=0.00	FinalScore=27.87	FinalDecision=STRONG_NEGATIVE	DecisionConfidence=VERY_LOW	StrategySignal=NONE	TossSignal=NONE	VenueConfidence=VERY_LOW
Dr. Y.S. Rajasekhara Reddy ACA-VDCA Cricket Stadium	Delhi Capitals	Mumbai Indians	VenueWin%=0.00	OverallWin%=45.71	VenueMatches=1	OverallMatches=35	Matches=1	Wins=0	Losses=1	Win%=0.00	TossWins=1	TossLosses=0	TossWinMatchWins=0	TossWinMatchLosses=1	TossConversion%=0.00	BatFirst=0	BatFirstWins=0	BatFirstWin%=0.00	FieldFirst=1	FieldFirstWins=0	FieldFirstWin%=0.00	OverallConfidence=VERY_STRONG	RecommendationSource=OVERALL_MATCHUP	Recommendation=OVERALL_MATCHUP_BALANCED	TossRecommendation=TOSS_DATA_INSUFFICIENT	StrategyRecommendation=BAT_FIELD_DATA_INSUFFICIENT	VenueConfidence=VERY_LOW	PerformanceScore=34.74	StrategyBonus=0.00	TossBonus=0.00	FinalScore=34.74	FinalDecision=NEGATIVE	DecisionConfidence=VERY_LOW	StrategySignal=NONE	TossSignal=NONE	VenueConfidence=VERY_LOW
Dr. Y.S. Rajasekhara Reddy ACA-VDCA Cricket Stadium	Delhi Capitals	Rising Pune Supergiants	VenueWin%=0.00	OverallWin%=50.00	VenueMatches=1	OverallMatches=4	Matches=1	Wins=0	Losses=1	Win%=0.00	TossWins=0	TossLosses=1	TossWinMatchWins=0	TossWinMatchLosses=0	TossConversion%=0.00	BatFirst=0	BatFirstWins=0	BatFirstWin%=0.00	FieldFirst=0	FieldFirstWins=0	FieldFirstWin%=0.00	OverallConfidence=LOW	RecommendationSource=OVERALL_MATCHUP	Recommendation=OVERALL_MATCHUP_BALANCED	TossRecommendation=TOSS_DATA_INSUFFICIENT	StrategyRecommendation=BAT_FIELD_DATA_INSUFFICIENT	VenueConfidence=VERY_LOW	PerformanceScore=38.00	StrategyBonus=0.00	TossBonus=0.00	FinalScore=38.00	FinalDecision=NEGATIVE	DecisionConfidence=VERY_LOW	StrategySignal=NONE	TossSignal=NONE	VenueConfidence=VERY_LOW
Dr. Y.S. Rajasekhara Reddy ACA-VDCA Cricket Stadium	Delhi Capitals	Sunrisers Hyderabad	VenueWin%=100.00	OverallWin%=45.83	VenueMatches=2	OverallMatches=24	Matches=2	Wins=2	Losses=0	Win%=100.00	TossWins=2	TossLosses=0	TossWinMatchWins=2	TossWinMatchLosses=0	TossConversion%=100.00	BatFirst=1	BatFirstWins=1	BatFirstWin%=100.00	FieldFirst=1	FieldFirstWins=1	FieldFirstWin%=100.00	OverallConfidence=VERY_STRONG	RecommendationSource=OVERALL_MATCHUP	Recommendation=OVERALL_MATCHUP_BALANCED	TossRecommendation=TOSS_DATA_INSUFFICIENT	StrategyRecommendation=BAT_FIELD_DATA_INSUFFICIENT	VenueConfidence=VERY_LOW	PerformanceScore=61.00	StrategyBonus=0.00	TossBonus=0.00	FinalScore=61.00	FinalDecision=POSITIVE	DecisionConfidence=VERY_LOW	StrategySignal=NONE	TossSignal=NONE	VenueConfidence=VERY_LOW
Dr. Y.S. Rajasekhara Reddy ACA-VDCA Cricket Stadium	Kolkata Knight Riders	Sunrisers Hyderabad	VenueWin%=0.00	OverallWin%=67.86	VenueMatches=1	OverallMatches=28	Matches=1	Wins=0	Losses=1	Win%=0.00	TossWins=1	TossLosses=0	TossWinMatchWins=0	TossWinMatchLosses=1	TossConversion%=0.00	BatFirst=0	BatFirstWins=0	BatFirstWin%=0.00	FieldFirst=1	FieldFirstWins=0	FieldFirstWin%=0.00	OverallConfidence=VERY_STRONG	RecommendationSource=OVERALL_MATCHUP	Recommendation=OVERALL_MATCHUP_ADVANTAGE	TossRecommendation=TOSS_DATA_INSUFFICIENT	StrategyRecommendation=BAT_FIELD_DATA_INSUFFICIENT	VenueConfidence=VERY_LOW	PerformanceScore=51.57	StrategyBonus=0.00	TossBonus=0.00	FinalScore=51.57	FinalDecision=BALANCED	DecisionConfidence=VERY_LOW	StrategySignal=NONE	TossSignal=NONE	VenueConfidence=VERY_LOW
Dr. Y.S. Rajasekhara Reddy ACA-VDCA Cricket Stadium	Mumbai Indians	Deccan Chargers	VenueWin%=100.00	OverallWin%=60.00	VenueMatches=1	OverallMatches=10	Matches=1	Wins=1	Losses=0	Win%=100.00	TossWins=0	TossLosses=1	TossWinMatchWins=0	TossWinMatchLosses=0	TossConversion%=0.00	BatFirst=0	BatFirstWins=0	BatFirstWin%=0.00	FieldFirst=0	FieldFirstWins=0	FieldFirstWin%=0.00	OverallConfidence=STRONG	RecommendationSource=OVERALL_MATCHUP	Recommendation=OVERALL_MATCHUP_ADVANTAGE	TossRecommendation=TOSS_DATA_INSUFFICIENT	StrategyRecommendation=BAT_FIELD_DATA_INSUFFICIENT	VenueConfidence=VERY_LOW	PerformanceScore=69.60	StrategyBonus=0.00	TossBonus=0.00	FinalScore=69.60	FinalDecision=POSITIVE	DecisionConfidence=VERY_LOW	StrategySignal=NONE	TossSignal=NONE	VenueConfidence=VERY_LOW
Dr. Y.S. Rajasekhara Reddy ACA-VDCA Cricket Stadium	Mumbai Indians	Delhi Capitals	VenueWin%=100.00	OverallWin%=54.29	VenueMatches=1	OverallMatches=35	Matches=1	Wins=1	Losses=0	Win%=100.00	TossWins=0	TossLosses=1	TossWinMatchWins=0	TossWinMatchLosses=0	TossConversion%=0.00	BatFirst=0	BatFirstWins=0	BatFirstWin%=0.00	FieldFirst=0	FieldFirstWins=0	FieldFirstWin%=0.00	OverallConfidence=VERY_STRONG	RecommendationSource=OVERALL_MATCHUP	Recommendation=OVERALL_MATCHUP_BALANCED	TossRecommendation=TOSS_DATA_INSUFFICIENT	StrategyRecommendation=BAT_FIELD_DATA_INSUFFICIENT	VenueConfidence=VERY_LOW	PerformanceScore=65.26	StrategyBonus=0.00	TossBonus=0.00	FinalScore=65.26	FinalDecision=POSITIVE	DecisionConfidence=VERY_LOW	StrategySignal=NONE	TossSignal=NONE	VenueConfidence=VERY_LOW
Dr. Y.S. Rajasekhara Reddy ACA-VDCA Cricket Stadium	Mumbai Indians	Punjab Kings	VenueWin%=0.00	OverallWin%=53.12	VenueMatches=1	OverallMatches=32	Matches=1	Wins=0	Losses=1	Win%=0.00	TossWins=1	TossLosses=0	TossWinMatchWins=0	TossWinMatchLosses=1	TossConversion%=0.00	BatFirst=1	BatFirstWins=0	BatFirstWin%=0.00	FieldFirst=0	FieldFirstWins=0	FieldFirstWin%=0.00	OverallConfidence=VERY_STRONG	RecommendationSource=OVERALL_MATCHUP	Recommendation=OVERALL_MATCHUP_BALANCED	TossRecommendation=TOSS_DATA_INSUFFICIENT	StrategyRecommendation=BAT_FIELD_DATA_INSUFFICIENT	VenueConfidence=VERY_LOW	PerformanceScore=40.37	StrategyBonus=0.00	TossBonus=0.00	FinalScore=40.37	FinalDecision=NEGATIVE	DecisionConfidence=VERY_LOW	StrategySignal=NONE	TossSignal=NONE	VenueConfidence=VERY_LOW
Dr. Y.S. Rajasekhara Reddy ACA-VDCA Cricket Stadium	Mumbai Indians	Sunrisers Hyderabad	VenueWin%=0.00	OverallWin%=56.52	VenueMatches=1	OverallMatches=23	Matches=1	Wins=0	Losses=1	Win%=0.00	TossWins=1	TossLosses=0	TossWinMatchWins=0	TossWinMatchLosses=1	TossConversion%=0.00	BatFirst=0	BatFirstWins=0	BatFirstWin%=0.00	FieldFirst=1	FieldFirstWins=0	FieldFirstWin%=0.00	OverallConfidence=VERY_STRONG	RecommendationSource=OVERALL_MATCHUP	Recommendation=OVERALL_MATCHUP_ADVANTAGE	TossRecommendation=TOSS_DATA_INSUFFICIENT	StrategyRecommendation=BAT_FIELD_DATA_INSUFFICIENT	VenueConfidence=VERY_LOW	PerformanceScore=42.96	StrategyBonus=0.00	TossBonus=0.00	FinalScore=42.96	FinalDecision=NEGATIVE	DecisionConfidence=VERY_LOW	StrategySignal=NONE	TossSignal=NONE	VenueConfidence=VERY_LOW
Dr. Y.S. Rajasekhara Reddy ACA-VDCA Cricket Stadium	Punjab Kings	Mumbai Indians	VenueWin%=100.00	OverallWin%=46.88	VenueMatches=1	OverallMatches=32	Matches=1	Wins=1	Losses=0	Win%=100.00	TossWins=0	TossLosses=1	TossWinMatchWins=0	TossWinMatchLosses=0	TossConversion%=0.00	BatFirst=0	BatFirstWins=0	BatFirstWin%=0.00	FieldFirst=0	FieldFirstWins=0	FieldFirstWin%=0.00	OverallConfidence=VERY_STRONG	RecommendationSource=OVERALL_MATCHUP	Recommendation=OVERALL_MATCHUP_BALANCED	TossRecommendation=TOSS_DATA_INSUFFICIENT	StrategyRecommendation=BAT_FIELD_DATA_INSUFFICIENT	VenueConfidence=VERY_LOW	PerformanceScore=59.63	StrategyBonus=0.00	TossBonus=0.00	FinalScore=59.63	FinalDecision=BALANCED	DecisionConfidence=VERY_LOW	StrategySignal=NONE	TossSignal=NONE	VenueConfidence=VERY_LOW
Dr. Y.S. Rajasekhara Reddy ACA-VDCA Cricket Stadium	Punjab Kings	Rising Pune Supergiants	VenueWin%=0.00	OverallWin%=50.00	VenueMatches=1	OverallMatches=4	Matches=1	Wins=0	Losses=1	Win%=0.00	TossWins=1	TossLosses=0	TossWinMatchWins=0	TossWinMatchLosses=1	TossConversion%=0.00	BatFirst=1	BatFirstWins=0	BatFirstWin%=0.00	FieldFirst=0	FieldFirstWins=0	FieldFirstWin%=0.00	OverallConfidence=LOW	RecommendationSource=OVERALL_MATCHUP	Recommendation=OVERALL_MATCHUP_BALANCED	TossRecommendation=TOSS_DATA_INSUFFICIENT	StrategyRecommendation=BAT_FIELD_DATA_INSUFFICIENT	VenueConfidence=VERY_LOW	PerformanceScore=38.00	StrategyBonus=0.00	TossBonus=0.00	FinalScore=38.00	FinalDecision=NEGATIVE	DecisionConfidence=VERY_LOW	StrategySignal=NONE	TossSignal=NONE	VenueConfidence=VERY_LOW
Dr. Y.S. Rajasekhara Reddy ACA-VDCA Cricket Stadium	Rajasthan Royals	Sunrisers Hyderabad	VenueWin%=100.00	OverallWin%=45.00	VenueMatches=1	OverallMatches=20	Matches=1	Wins=1	Losses=0	Win%=100.00	TossWins=1	TossLosses=0	TossWinMatchWins=1	TossWinMatchLosses=0	TossConversion%=100.00	BatFirst=0	BatFirstWins=0	BatFirstWin%=0.00	FieldFirst=1	FieldFirstWins=1	FieldFirstWin%=100.00	OverallConfidence=VERY_STRONG	RecommendationSource=OVERALL_MATCHUP	Recommendation=OVERALL_MATCHUP_BALANCED	TossRecommendation=TOSS_DATA_INSUFFICIENT	StrategyRecommendation=BAT_FIELD_DATA_INSUFFICIENT	VenueConfidence=VERY_LOW	PerformanceScore=58.20	StrategyBonus=0.00	TossBonus=0.00	FinalScore=58.20	FinalDecision=BALANCED	DecisionConfidence=VERY_LOW	StrategySignal=NONE	TossSignal=NONE	VenueConfidence=VERY_LOW
Dr. Y.S. Rajasekhara Reddy ACA-VDCA Cricket Stadium	Rising Pune Supergiants	Delhi Capitals	VenueWin%=100.00	OverallWin%=50.00	VenueMatches=1	OverallMatches=4	Matches=1	Wins=1	Losses=0	Win%=100.00	TossWins=1	TossLosses=0	TossWinMatchWins=1	TossWinMatchLosses=0	TossConversion%=100.00	BatFirst=0	BatFirstWins=0	BatFirstWin%=0.00	FieldFirst=1	FieldFirstWins=1	FieldFirstWin%=100.00	OverallConfidence=LOW	RecommendationSource=OVERALL_MATCHUP	Recommendation=OVERALL_MATCHUP_BALANCED	TossRecommendation=TOSS_DATA_INSUFFICIENT	StrategyRecommendation=BAT_FIELD_DATA_INSUFFICIENT	VenueConfidence=VERY_LOW	PerformanceScore=62.00	StrategyBonus=0.00	TossBonus=0.00	FinalScore=62.00	FinalDecision=POSITIVE	DecisionConfidence=VERY_LOW	StrategySignal=NONE	TossSignal=NONE	VenueConfidence=VERY_LOW
Dr. Y.S. Rajasekhara Reddy ACA-VDCA Cricket Stadium	Rising Pune Supergiants	Punjab Kings	VenueWin%=100.00	OverallWin%=50.00	VenueMatches=1	OverallMatches=4	Matches=1	Wins=1	Losses=0	Win%=100.00	TossWins=0	TossLosses=1	TossWinMatchWins=0	TossWinMatchLosses=0	TossConversion%=0.00	BatFirst=0	BatFirstWins=0	BatFirstWin%=0.00	FieldFirst=0	FieldFirstWins=0	FieldFirstWin%=0.00	OverallConfidence=LOW	RecommendationSource=OVERALL_MATCHUP	Recommendation=OVERALL_MATCHUP_BALANCED	TossRecommendation=TOSS_DATA_INSUFFICIENT	StrategyRecommendation=BAT_FIELD_DATA_INSUFFICIENT	VenueConfidence=VERY_LOW	PerformanceScore=62.00	StrategyBonus=0.00	TossBonus=0.00	FinalScore=62.00	FinalDecision=POSITIVE	DecisionConfidence=VERY_LOW	StrategySignal=NONE	TossSignal=NONE	VenueConfidence=VERY_LOW
Dr. Y.S. Rajasekhara Reddy ACA-VDCA Cricket Stadium	Rising Pune Supergiants	Sunrisers Hyderabad	VenueWin%=0.00	OverallWin%=75.00	VenueMatches=1	OverallMatches=4	Matches=1	Wins=0	Losses=1	Win%=0.00	TossWins=0	TossLosses=1	TossWinMatchWins=0	TossWinMatchLosses=0	TossConversion%=0.00	BatFirst=0	BatFirstWins=0	BatFirstWin%=0.00	FieldFirst=0	FieldFirstWins=0	FieldFirstWin%=0.00	OverallConfidence=LOW	RecommendationSource=OVERALL_MATCHUP	Recommendation=OVERALL_MATCHUP_STRONG_ADVANTAGE	TossRecommendation=TOSS_DATA_INSUFFICIENT	StrategyRecommendation=BAT_FIELD_DATA_INSUFFICIENT	VenueConfidence=VERY_LOW	PerformanceScore=57.00	StrategyBonus=0.00	TossBonus=0.00	FinalScore=57.00	FinalDecision=BALANCED	DecisionConfidence=VERY_LOW	StrategySignal=NONE	TossSignal=NONE	VenueConfidence=VERY_LOW
Dr. Y.S. Rajasekhara Reddy ACA-VDCA Cricket Stadium	Sunrisers Hyderabad	Delhi Capitals	VenueWin%=0.00	OverallWin%=54.17	VenueMatches=2	OverallMatches=24	Matches=2	Wins=0	Losses=2	Win%=0.00	TossWins=0	TossLosses=2	TossWinMatchWins=0	TossWinMatchLosses=0	TossConversion%=0.00	BatFirst=0	BatFirstWins=0	BatFirstWin%=0.00	FieldFirst=0	FieldFirstWins=0	FieldFirstWin%=0.00	OverallConfidence=VERY_STRONG	RecommendationSource=OVERALL_MATCHUP	Recommendation=OVERALL_MATCHUP_BALANCED	TossRecommendation=TOSS_DATA_INSUFFICIENT	StrategyRecommendation=BAT_FIELD_DATA_INSUFFICIENT	VenueConfidence=VERY_LOW	PerformanceScore=39.00	StrategyBonus=0.00	TossBonus=0.00	FinalScore=39.00	FinalDecision=NEGATIVE	DecisionConfidence=VERY_LOW	StrategySignal=NONE	TossSignal=NONE	VenueConfidence=VERY_LOW
Dr. Y.S. Rajasekhara Reddy ACA-VDCA Cricket Stadium	Sunrisers Hyderabad	Kolkata Knight Riders	VenueWin%=100.00	OverallWin%=32.14	VenueMatches=1	OverallMatches=28	Matches=1	Wins=1	Losses=0	Win%=100.00	TossWins=0	TossLosses=1	TossWinMatchWins=0	TossWinMatchLosses=0	TossConversion%=0.00	BatFirst=0	BatFirstWins=0	BatFirstWin%=0.00	FieldFirst=0	FieldFirstWins=0	FieldFirstWin%=0.00	OverallConfidence=VERY_STRONG	RecommendationSource=OVERALL_MATCHUP	Recommendation=OVERALL_MATCHUP_DISADVANTAGE	TossRecommendation=TOSS_DATA_INSUFFICIENT	StrategyRecommendation=BAT_FIELD_DATA_INSUFFICIENT	VenueConfidence=VERY_LOW	PerformanceScore=48.43	StrategyBonus=0.00	TossBonus=0.00	FinalScore=48.43	FinalDecision=BALANCED	DecisionConfidence=VERY_LOW	StrategySignal=NONE	TossSignal=NONE	VenueConfidence=VERY_LOW
Dr. Y.S. Rajasekhara Reddy ACA-VDCA Cricket Stadium	Sunrisers Hyderabad	Mumbai Indians	VenueWin%=100.00	OverallWin%=43.48	VenueMatches=1	OverallMatches=23	Matches=1	Wins=1	Losses=0	Win%=100.00	TossWins=0	TossLosses=1	TossWinMatchWins=0	TossWinMatchLosses=0	TossConversion%=0.00	BatFirst=0	BatFirstWins=0	BatFirstWin%=0.00	FieldFirst=0	FieldFirstWins=0	FieldFirstWin%=0.00	OverallConfidence=VERY_STRONG	RecommendationSource=OVERALL_MATCHUP	Recommendation=OVERALL_MATCHUP_BALANCED	TossRecommendation=TOSS_DATA_INSUFFICIENT	StrategyRecommendation=BAT_FIELD_DATA_INSUFFICIENT	VenueConfidence=VERY_LOW	PerformanceScore=57.04	StrategyBonus=0.00	TossBonus=0.00	FinalScore=57.04	FinalDecision=BALANCED	DecisionConfidence=VERY_LOW	StrategySignal=NONE	TossSignal=NONE	VenueConfidence=VERY_LOW
Dr. Y.S. Rajasekhara Reddy ACA-VDCA Cricket Stadium	Sunrisers Hyderabad	Rajasthan Royals	VenueWin%=0.00	OverallWin%=55.00	VenueMatches=1	OverallMatches=20	Matches=1	Wins=0	Losses=1	Win%=0.00	TossWins=0	TossLosses=1	TossWinMatchWins=0	TossWinMatchLosses=0	TossConversion%=0.00	BatFirst=0	BatFirstWins=0	BatFirstWin%=0.00	FieldFirst=0	FieldFirstWins=0	FieldFirstWin%=0.00	OverallConfidence=VERY_STRONG	RecommendationSource=OVERALL_MATCHUP	Recommendation=OVERALL_MATCHUP_ADVANTAGE	TossRecommendation=TOSS_DATA_INSUFFICIENT	StrategyRecommendation=BAT_FIELD_DATA_INSUFFICIENT	VenueConfidence=VERY_LOW	PerformanceScore=41.80	StrategyBonus=0.00	TossBonus=0.00	FinalScore=41.80	FinalDecision=NEGATIVE	DecisionConfidence=VERY_LOW	StrategySignal=NONE	TossSignal=NONE	VenueConfidence=VERY_LOW
Dr. Y.S. Rajasekhara Reddy ACA-VDCA Cricket Stadium	Sunrisers Hyderabad	Rising Pune Supergiants	VenueWin%=100.00	OverallWin%=25.00	VenueMatches=1	OverallMatches=4	Matches=1	Wins=1	Losses=0	Win%=100.00	TossWins=1	TossLosses=0	TossWinMatchWins=1	TossWinMatchLosses=0	TossConversion%=100.00	BatFirst=1	BatFirstWins=1	BatFirstWin%=100.00	FieldFirst=0	FieldFirstWins=0	FieldFirstWin%=0.00	OverallConfidence=LOW	RecommendationSource=OVERALL_MATCHUP	Recommendation=OVERALL_MATCHUP_DISADVANTAGE	TossRecommendation=TOSS_DATA_INSUFFICIENT	StrategyRecommendation=BAT_FIELD_DATA_INSUFFICIENT	VenueConfidence=VERY_LOW	PerformanceScore=43.00	StrategyBonus=0.00	TossBonus=0.00	FinalScore=43.00	FinalDecision=NEGATIVE	DecisionConfidence=VERY_LOW	StrategySignal=NONE	TossSignal=NONE	VenueConfidence=VERY_LOW
Dr. Y.S. Rajasekhara Reddy ACA-VDCA Cricket Stadium, Visakhapatnam	Chennai Super Kings	Delhi Capitals	VenueWin%=0.00	OverallWin%=63.33	VenueMatches=1	OverallMatches=30	Matches=1	Wins=0	Losses=1	Win%=0.00	TossWins=0	TossLosses=1	TossWinMatchWins=0	TossWinMatchLosses=0	TossConversion%=0.00	BatFirst=0	BatFirstWins=0	BatFirstWin%=0.00	FieldFirst=0	FieldFirstWins=0	FieldFirstWin%=0.00	OverallConfidence=VERY_STRONG	RecommendationSource=OVERALL_MATCHUP	Recommendation=OVERALL_MATCHUP_ADVANTAGE	TossRecommendation=TOSS_DATA_INSUFFICIENT	StrategyRecommendation=BAT_FIELD_DATA_INSUFFICIENT	VenueConfidence=VERY_LOW	PerformanceScore=48.13	StrategyBonus=0.00	TossBonus=0.00	FinalScore=48.13	FinalDecision=BALANCED	DecisionConfidence=VERY_LOW	StrategySignal=NONE	TossSignal=NONE	VenueConfidence=VERY_LOW
Dr. Y.S. Rajasekhara Reddy ACA-VDCA Cricket Stadium, Visakhapatnam	Delhi Capitals	Chennai Super Kings	VenueWin%=100.00	OverallWin%=36.67	VenueMatches=1	OverallMatches=30	Matches=1	Wins=1	Losses=0	Win%=100.00	TossWins=1	TossLosses=0	TossWinMatchWins=1	TossWinMatchLosses=0	TossConversion%=100.00	BatFirst=1	BatFirstWins=1	BatFirstWin%=100.00	FieldFirst=0	FieldFirstWins=0	FieldFirstWin%=0.00	OverallConfidence=VERY_STRONG	RecommendationSource=OVERALL_MATCHUP	Recommendation=OVERALL_MATCHUP_DISADVANTAGE	TossRecommendation=TOSS_DATA_INSUFFICIENT	StrategyRecommendation=BAT_FIELD_DATA_INSUFFICIENT	VenueConfidence=VERY_LOW	PerformanceScore=51.87	StrategyBonus=0.00	TossBonus=0.00	FinalScore=51.87	FinalDecision=BALANCED	DecisionConfidence=VERY_LOW	StrategySignal=NONE	TossSignal=NONE	VenueConfidence=VERY_LOW
Dr. Y.S. Rajasekhara Reddy ACA-VDCA Cricket Stadium, Visakhapatnam	Delhi Capitals	Kolkata Knight Riders	VenueWin%=0.00	OverallWin%=45.45	VenueMatches=1	OverallMatches=33	Matches=1	Wins=0	Losses=1	Win%=0.00	TossWins=0	TossLosses=1	TossWinMatchWins=0	TossWinMatchLosses=0	TossConversion%=0.00	BatFirst=0	BatFirstWins=0	BatFirstWin%=0.00	FieldFirst=0	FieldFirstWins=0	FieldFirstWin%=0.00	OverallConfidence=VERY_STRONG	RecommendationSource=OVERALL_MATCHUP	Recommendation=OVERALL_MATCHUP_BALANCED	TossRecommendation=TOSS_DATA_INSUFFICIENT	StrategyRecommendation=BAT_FIELD_DATA_INSUFFICIENT	VenueConfidence=VERY_LOW	PerformanceScore=34.54	StrategyBonus=0.00	TossBonus=0.00	FinalScore=34.54	FinalDecision=NEGATIVE	DecisionConfidence=VERY_LOW	StrategySignal=NONE	TossSignal=NONE	VenueConfidence=VERY_LOW
Dr. Y.S. Rajasekhara Reddy ACA-VDCA Cricket Stadium, Visakhapatnam	Kolkata Knight Riders	Delhi Capitals	VenueWin%=100.00	OverallWin%=54.55	VenueMatches=1	OverallMatches=33	Matches=1	Wins=1	Losses=0	Win%=100.00	TossWins=1	TossLosses=0	TossWinMatchWins=1	TossWinMatchLosses=0	TossConversion%=100.00	BatFirst=1	BatFirstWins=1	BatFirstWin%=100.00	FieldFirst=0	FieldFirstWins=0	FieldFirstWin%=0.00	OverallConfidence=VERY_STRONG	RecommendationSource=OVERALL_MATCHUP	Recommendation=OVERALL_MATCHUP_BALANCED	TossRecommendation=TOSS_DATA_INSUFFICIENT	StrategyRecommendation=BAT_FIELD_DATA_INSUFFICIENT	VenueConfidence=VERY_LOW	PerformanceScore=65.46	StrategyBonus=0.00	TossBonus=0.00	FinalScore=65.46	FinalDecision=POSITIVE	DecisionConfidence=VERY_LOW	StrategySignal=NONE	TossSignal=NONE	VenueConfidence=VERY_LOW
Dubai International Cricket Stadium	Chennai Super Kings	Delhi Capitals	VenueWin%=33.33	OverallWin%=63.33	VenueMatches=3	OverallMatches=30	Matches=3	Wins=1	Losses=2	Win%=33.33	TossWins=2	TossLosses=1	TossWinMatchWins=1	TossWinMatchLosses=1	TossConversion%=50.00	BatFirst=0	BatFirstWins=0	BatFirstWin%=0.00	FieldFirst=2	FieldFirstWins=1	FieldFirstWin%=50.00	OverallConfidence=VERY_STRONG	RecommendationSource=VENUE	Recommendation=VENUE_DISADVANTAGE	TossRecommendation=TOSS_IMPACT_BALANCED	StrategyRecommendation=BAT_FIELD_DATA_INSUFFICIENT	VenueConfidence=LOW	PerformanceScore=53.73	StrategyBonus=0.00	TossBonus=0.00	FinalScore=53.73	FinalDecision=BALANCED	DecisionConfidence=LOW	StrategySignal=NONE	TossSignal=NONE	VenueConfidence=LOW
Dubai International Cricket Stadium	Chennai Super Kings	Kolkata Knight Riders	VenueWin%=100.00	OverallWin%=65.52	VenueMatches=2	OverallMatches=29	Matches=2	Wins=2	Losses=0	Win%=100.00	TossWins=1	TossLosses=1	TossWinMatchWins=1	TossWinMatchLosses=0	TossConversion%=100.00	BatFirst=0	BatFirstWins=0	BatFirstWin%=0.00	FieldFirst=1	FieldFirstWins=1	FieldFirstWin%=100.00	OverallConfidence=VERY_STRONG	RecommendationSource=OVERALL_MATCHUP	Recommendation=OVERALL_MATCHUP_ADVANTAGE	TossRecommendation=TOSS_DATA_INSUFFICIENT	StrategyRecommendation=BAT_FIELD_DATA_INSUFFICIENT	VenueConfidence=VERY_LOW	PerformanceScore=75.17	StrategyBonus=0.00	TossBonus=0.00	FinalScore=75.17	FinalDecision=STRONG_POSITIVE	DecisionConfidence=VERY_LOW	StrategySignal=NONE	TossSignal=NONE	VenueConfidence=VERY_LOW
Dubai International Cricket Stadium	Chennai Super Kings	Mumbai Indians	VenueWin%=100.00	OverallWin%=45.95	VenueMatches=2	OverallMatches=37	Matches=2	Wins=2	Losses=0	Win%=100.00	TossWins=1	TossLosses=1	TossWinMatchWins=1	TossWinMatchLosses=0	TossConversion%=100.00	BatFirst=1	BatFirstWins=1	BatFirstWin%=100.00	FieldFirst=0	FieldFirstWins=0	FieldFirstWin%=0.00	OverallConfidence=VERY_STRONG	RecommendationSource=OVERALL_MATCHUP	Recommendation=OVERALL_MATCHUP_BALANCED	TossRecommendation=TOSS_DATA_INSUFFICIENT	StrategyRecommendation=BAT_FIELD_DATA_INSUFFICIENT	VenueConfidence=VERY_LOW	PerformanceScore=61.08	StrategyBonus=0.00	TossBonus=0.00	FinalScore=61.08	FinalDecision=POSITIVE	DecisionConfidence=VERY_LOW	StrategySignal=NONE	TossSignal=NONE	VenueConfidence=VERY_LOW
Dubai International Cricket Stadium	Chennai Super Kings	Punjab Kings	VenueWin%=50.00	OverallWin%=53.33	VenueMatches=2	OverallMatches=30	Matches=2	Wins=1	Losses=1	Win%=50.00	TossWins=0	TossLosses=2	TossWinMatchWins=0	TossWinMatchLosses=0	TossConversion%=0.00	BatFirst=0	BatFirstWins=0	BatFirstWin%=0.00	FieldFirst=0	FieldFirstWins=0	FieldFirstWin%=0.00	OverallConfidence=VERY_STRONG	RecommendationSource=OVERALL_MATCHUP	Recommendation=OVERALL_MATCHUP_BALANCED	TossRecommendation=TOSS_DATA_INSUFFICIENT	StrategyRecommendation=BAT_FIELD_DATA_INSUFFICIENT	VenueConfidence=VERY_LOW	PerformanceScore=52.40	StrategyBonus=0.00	TossBonus=0.00	FinalScore=52.40	FinalDecision=BALANCED	DecisionConfidence=VERY_LOW	StrategySignal=NONE	TossSignal=NONE	VenueConfidence=VERY_LOW
Dubai International Cricket Stadium	Chennai Super Kings	Rajasthan Royals	VenueWin%=100.00	OverallWin%=55.17	VenueMatches=1	OverallMatches=29	Matches=1	Wins=1	Losses=0	Win%=100.00	TossWins=0	TossLosses=1	TossWinMatchWins=0	TossWinMatchLosses=0	TossConversion%=0.00	BatFirst=0	BatFirstWins=0	BatFirstWin%=0.00	FieldFirst=0	FieldFirstWins=0	FieldFirstWin%=0.00	OverallConfidence=VERY_STRONG	RecommendationSource=OVERALL_MATCHUP	Recommendation=OVERALL_MATCHUP_ADVANTAGE	TossRecommendation=TOSS_DATA_INSUFFICIENT	StrategyRecommendation=BAT_FIELD_DATA_INSUFFICIENT	VenueConfidence=VERY_LOW	PerformanceScore=65.93	StrategyBonus=0.00	TossBonus=0.00	FinalScore=65.93	FinalDecision=POSITIVE	DecisionConfidence=VERY_LOW	StrategySignal=NONE	TossSignal=NONE	VenueConfidence=VERY_LOW
Dubai International Cricket Stadium	Chennai Super Kings	Royal Challengers Bengaluru	VenueWin%=50.00	OverallWin%=65.62	VenueMatches=2	OverallMatches=32	Matches=2	Wins=1	Losses=1	Win%=50.00	TossWins=0	TossLosses=2	TossWinMatchWins=0	TossWinMatchLosses=0	TossConversion%=0.00	BatFirst=0	BatFirstWins=0	BatFirstWin%=0.00	FieldFirst=0	FieldFirstWins=0	FieldFirstWin%=0.00	OverallConfidence=VERY_STRONG	RecommendationSource=OVERALL_MATCHUP	Recommendation=OVERALL_MATCHUP_ADVANTAGE	TossRecommendation=TOSS_DATA_INSUFFICIENT	StrategyRecommendation=BAT_FIELD_DATA_INSUFFICIENT	VenueConfidence=VERY_LOW	PerformanceScore=61.25	StrategyBonus=0.00	TossBonus=0.00	FinalScore=61.25	FinalDecision=POSITIVE	DecisionConfidence=VERY_LOW	StrategySignal=NONE	TossSignal=NONE	VenueConfidence=VERY_LOW
Dubai International Cricket Stadium	Chennai Super Kings	Sunrisers Hyderabad	VenueWin%=50.00	OverallWin%=71.43	VenueMatches=2	OverallMatches=21	Matches=2	Wins=1	Losses=1	Win%=50.00	TossWins=1	TossLosses=1	TossWinMatchWins=1	TossWinMatchLosses=0	TossConversion%=100.00	BatFirst=1	BatFirstWins=1	BatFirstWin%=100.00	FieldFirst=0	FieldFirstWins=0	FieldFirstWin%=0.00	OverallConfidence=VERY_STRONG	RecommendationSource=OVERALL_MATCHUP	Recommendation=OVERALL_MATCHUP_STRONG_ADVANTAGE	TossRecommendation=TOSS_DATA_INSUFFICIENT	StrategyRecommendation=BAT_FIELD_DATA_INSUFFICIENT	VenueConfidence=VERY_LOW	PerformanceScore=65.43	StrategyBonus=0.00	TossBonus=0.00	FinalScore=65.43	FinalDecision=POSITIVE	DecisionConfidence=VERY_LOW	StrategySignal=NONE	TossSignal=NONE	VenueConfidence=VERY_LOW
Dubai International Cricket Stadium	Delhi Capitals	Chennai Super Kings	VenueWin%=66.67	OverallWin%=36.67	VenueMatches=3	OverallMatches=30	Matches=3	Wins=2	Losses=1	Win%=66.67	TossWins=1	TossLosses=2	TossWinMatchWins=1	TossWinMatchLosses=0	TossConversion%=100.00	BatFirst=0	BatFirstWins=0	BatFirstWin%=0.00	FieldFirst=1	FieldFirstWins=1	FieldFirstWin%=100.00	OverallConfidence=VERY_STRONG	RecommendationSource=VENUE	Recommendation=VENUE_ADVANTAGE	TossRecommendation=TOSS_WIN_HAS_STRONG_VALUE	StrategyRecommendation=BAT_FIELD_DATA_INSUFFICIENT	VenueConfidence=LOW	PerformanceScore=46.27	StrategyBonus=0.00	TossBonus=0.00	FinalScore=46.27	FinalDecision=BALANCED	DecisionConfidence=LOW	StrategySignal=NONE	TossSignal=NONE	VenueConfidence=LOW
Dubai International Cricket Stadium	Delhi Capitals	Kolkata Knight Riders	VenueWin%=100.00	OverallWin%=45.45	VenueMatches=1	OverallMatches=33	Matches=1	Wins=1	Losses=0	Win%=100.00	TossWins=0	TossLosses=1	TossWinMatchWins=0	TossWinMatchLosses=0	TossConversion%=0.00	BatFirst=0	BatFirstWins=0	BatFirstWin%=0.00	FieldFirst=0	FieldFirstWins=0	FieldFirstWin%=0.00	OverallConfidence=VERY_STRONG	RecommendationSource=OVERALL_MATCHUP	Recommendation=OVERALL_MATCHUP_BALANCED	TossRecommendation=TOSS_DATA_INSUFFICIENT	StrategyRecommendation=BAT_FIELD_DATA_INSUFFICIENT	VenueConfidence=VERY_LOW	PerformanceScore=58.54	StrategyBonus=0.00	TossBonus=0.00	FinalScore=58.54	FinalDecision=BALANCED	DecisionConfidence=VERY_LOW	StrategySignal=NONE	TossSignal=NONE	VenueConfidence=VERY_LOW
Dubai International Cricket Stadium	Delhi Capitals	Mumbai Indians	VenueWin%=0.00	OverallWin%=45.71	VenueMatches=3	OverallMatches=35	Matches=3	Wins=0	Losses=3	Win%=0.00	TossWins=2	TossLosses=1	TossWinMatchWins=0	TossWinMatchLosses=2	TossConversion%=0.00	BatFirst=1	BatFirstWins=0	BatFirstWin%=0.00	FieldFirst=1	FieldFirstWins=0	FieldFirstWin%=0.00	OverallConfidence=VERY_STRONG	RecommendationSource=VENUE	Recommendation=VENUE_DISADVANTAGE	TossRecommendation=TOSS_WIN_HAS_LOW_VALUE	StrategyRecommendation=BAT_FIELD_DATA_INSUFFICIENT	VenueConfidence=LOW	PerformanceScore=31.08	StrategyBonus=0.00	TossBonus=0.00	FinalScore=31.08	FinalDecision=NEGATIVE	DecisionConfidence=LOW	StrategySignal=NONE	TossSignal=NONE	VenueConfidence=LOW
Dubai International Cricket Stadium	Delhi Capitals	Punjab Kings	VenueWin%=50.00	OverallWin%=48.48	VenueMatches=2	OverallMatches=33	Matches=2	Wins=1	Losses=1	Win%=50.00	TossWins=1	TossLosses=1	TossWinMatchWins=0	TossWinMatchLosses=1	TossConversion%=0.00	BatFirst=1	BatFirstWins=0	BatFirstWin%=0.00	FieldFirst=0	FieldFirstWins=0	FieldFirstWin%=0.00	OverallConfidence=VERY_STRONG	RecommendationSource=OVERALL_MATCHUP	Recommendation=OVERALL_MATCHUP_BALANCED	TossRecommendation=TOSS_DATA_INSUFFICIENT	StrategyRecommendation=BAT_FIELD_DATA_INSUFFICIENT	VenueConfidence=VERY_LOW	PerformanceScore=48.91	StrategyBonus=0.00	TossBonus=0.00	FinalScore=48.91	FinalDecision=BALANCED	DecisionConfidence=VERY_LOW	StrategySignal=NONE	TossSignal=NONE	VenueConfidence=VERY_LOW
Dubai International Cricket Stadium	Delhi Capitals	Rajasthan Royals	VenueWin%=100.00	OverallWin%=48.28	VenueMatches=1	OverallMatches=29	Matches=1	Wins=1	Losses=0	Win%=100.00	TossWins=1	TossLosses=0	TossWinMatchWins=1	TossWinMatchLosses=0	TossConversion%=100.00	BatFirst=1	BatFirstWins=1	BatFirstWin%=100.00	FieldFirst=0	FieldFirstWins=0	FieldFirstWin%=0.00	OverallConfidence=VERY_STRONG	RecommendationSource=OVERALL_MATCHUP	Recommendation=OVERALL_MATCHUP_BALANCED	TossRecommendation=TOSS_DATA_INSUFFICIENT	StrategyRecommendation=BAT_FIELD_DATA_INSUFFICIENT	VenueConfidence=VERY_LOW	PerformanceScore=60.69	StrategyBonus=0.00	TossBonus=0.00	FinalScore=60.69	FinalDecision=POSITIVE	DecisionConfidence=VERY_LOW	StrategySignal=NONE	TossSignal=NONE	VenueConfidence=VERY_LOW
Dubai International Cricket Stadium	Delhi Capitals	Royal Challengers Bengaluru	VenueWin%=50.00	OverallWin%=35.48	VenueMatches=2	OverallMatches=31	Matches=2	Wins=1	Losses=1	Win%=50.00	TossWins=0	TossLosses=2	TossWinMatchWins=0	TossWinMatchLosses=0	TossConversion%=0.00	BatFirst=0	BatFirstWins=0	BatFirstWin%=0.00	FieldFirst=0	FieldFirstWins=0	FieldFirstWin%=0.00	OverallConfidence=VERY_STRONG	RecommendationSource=OVERALL_MATCHUP	Recommendation=OVERALL_MATCHUP_DISADVANTAGE	TossRecommendation=TOSS_DATA_INSUFFICIENT	StrategyRecommendation=BAT_FIELD_DATA_INSUFFICIENT	VenueConfidence=VERY_LOW	PerformanceScore=39.55	StrategyBonus=0.00	TossBonus=0.00	FinalScore=39.55	FinalDecision=NEGATIVE	DecisionConfidence=VERY_LOW	StrategySignal=NONE	TossSignal=NONE	VenueConfidence=VERY_LOW
Dubai International Cricket Stadium	Delhi Capitals	Sunrisers Hyderabad	VenueWin%=33.33	OverallWin%=45.83	VenueMatches=3	OverallMatches=24	Matches=3	Wins=1	Losses=2	Win%=33.33	TossWins=1	TossLosses=2	TossWinMatchWins=0	TossWinMatchLosses=1	TossConversion%=0.00	BatFirst=0	BatFirstWins=0	BatFirstWin%=0.00	FieldFirst=1	FieldFirstWins=0	FieldFirstWin%=0.00	OverallConfidence=VERY_STRONG	RecommendationSource=VENUE	Recommendation=VENUE_DISADVANTAGE	TossRecommendation=TOSS_WIN_HAS_LOW_VALUE	StrategyRecommendation=BAT_FIELD_DATA_INSUFFICIENT	VenueConfidence=LOW	PerformanceScore=41.83	StrategyBonus=0.00	TossBonus=0.00	FinalScore=41.83	FinalDecision=NEGATIVE	DecisionConfidence=LOW	StrategySignal=NONE	TossSignal=NONE	VenueConfidence=LOW
Dubai International Cricket Stadium	Kolkata Knight Riders	Chennai Super Kings	VenueWin%=0.00	OverallWin%=34.48	VenueMatches=2	OverallMatches=29	Matches=2	Wins=0	Losses=2	Win%=0.00	TossWins=1	TossLosses=1	TossWinMatchWins=0	TossWinMatchLosses=1	TossConversion%=0.00	BatFirst=0	BatFirstWins=0	BatFirstWin%=0.00	FieldFirst=1	FieldFirstWins=0	FieldFirstWin%=0.00	OverallConfidence=VERY_STRONG	RecommendationSource=OVERALL_MATCHUP	Recommendation=OVERALL_MATCHUP_DISADVANTAGE	TossRecommendation=TOSS_DATA_INSUFFICIENT	StrategyRecommendation=BAT_FIELD_DATA_INSUFFICIENT	VenueConfidence=VERY_LOW	PerformanceScore=24.83	StrategyBonus=0.00	TossBonus=0.00	FinalScore=24.83	FinalDecision=STRONG_NEGATIVE	DecisionConfidence=VERY_LOW	StrategySignal=NONE	TossSignal=NONE	VenueConfidence=VERY_LOW
Dubai International Cricket Stadium	Kolkata Knight Riders	Delhi Capitals	VenueWin%=0.00	OverallWin%=54.55	VenueMatches=1	OverallMatches=33	Matches=1	Wins=0	Losses=1	Win%=0.00	TossWins=1	TossLosses=0	TossWinMatchWins=0	TossWinMatchLosses=1	TossConversion%=0.00	BatFirst=1	BatFirstWins=0	BatFirstWin%=0.00	FieldFirst=0	FieldFirstWins=0	FieldFirstWin%=0.00	OverallConfidence=VERY_STRONG	RecommendationSource=OVERALL_MATCHUP	Recommendation=OVERALL_MATCHUP_BALANCED	TossRecommendation=TOSS_DATA_INSUFFICIENT	StrategyRecommendation=BAT_FIELD_DATA_INSUFFICIENT	VenueConfidence=VERY_LOW	PerformanceScore=41.46	StrategyBonus=0.00	TossBonus=0.00	FinalScore=41.46	FinalDecision=NEGATIVE	DecisionConfidence=VERY_LOW	StrategySignal=NONE	TossSignal=NONE	VenueConfidence=VERY_LOW
Dubai International Cricket Stadium	Kolkata Knight Riders	Punjab Kings	VenueWin%=0.00	OverallWin%=63.64	VenueMatches=1	OverallMatches=33	Matches=1	Wins=0	Losses=1	Win%=0.00	TossWins=0	TossLosses=1	TossWinMatchWins=0	TossWinMatchLosses=0	TossConversion%=0.00	BatFirst=0	BatFirstWins=0	BatFirstWin%=0.00	FieldFirst=0	FieldFirstWins=0	FieldFirstWin%=0.00	OverallConfidence=VERY_STRONG	RecommendationSource=OVERALL_MATCHUP	Recommendation=OVERALL_MATCHUP_ADVANTAGE	TossRecommendation=TOSS_DATA_INSUFFICIENT	StrategyRecommendation=BAT_FIELD_DATA_INSUFFICIENT	VenueConfidence=VERY_LOW	PerformanceScore=48.37	StrategyBonus=0.00	TossBonus=0.00	FinalScore=48.37	FinalDecision=BALANCED	DecisionConfidence=VERY_LOW	StrategySignal=NONE	TossSignal=NONE	VenueConfidence=VERY_LOW
Dubai International Cricket Stadium	Kolkata Knight Riders	Rajasthan Royals	VenueWin%=100.00	OverallWin%=50.00	VenueMatches=2	OverallMatches=28	Matches=2	Wins=2	Losses=0	Win%=100.00	TossWins=0	TossLosses=2	TossWinMatchWins=0	TossWinMatchLosses=0	TossConversion%=0.00	BatFirst=0	BatFirstWins=0	BatFirstWin%=0.00	FieldFirst=0	FieldFirstWins=0	FieldFirstWin%=0.00	OverallConfidence=VERY_STRONG	RecommendationSource=OVERALL_MATCHUP	Recommendation=OVERALL_MATCHUP_BALANCED	TossRecommendation=TOSS_DATA_INSUFFICIENT	StrategyRecommendation=BAT_FIELD_DATA_INSUFFICIENT	VenueConfidence=VERY_LOW	PerformanceScore=64.00	StrategyBonus=0.00	TossBonus=0.00	FinalScore=64.00	FinalDecision=POSITIVE	DecisionConfidence=VERY_LOW	StrategySignal=NONE	TossSignal=NONE	VenueConfidence=VERY_LOW
Dubai International Cricket Stadium	Kolkata Knight Riders	Sunrisers Hyderabad	VenueWin%=100.00	OverallWin%=67.86	VenueMatches=1	OverallMatches=28	Matches=1	Wins=1	Losses=0	Win%=100.00	TossWins=0	TossLosses=1	TossWinMatchWins=0	TossWinMatchLosses=0	TossConversion%=0.00	BatFirst=0	BatFirstWins=0	BatFirstWin%=0.00	FieldFirst=0	FieldFirstWins=0	FieldFirstWin%=0.00	OverallConfidence=VERY_STRONG	RecommendationSource=OVERALL_MATCHUP	Recommendation=OVERALL_MATCHUP_ADVANTAGE	TossRecommendation=TOSS_DATA_INSUFFICIENT	StrategyRecommendation=BAT_FIELD_DATA_INSUFFICIENT	VenueConfidence=VERY_LOW	PerformanceScore=75.57	StrategyBonus=0.00	TossBonus=0.00	FinalScore=75.57	FinalDecision=STRONG_POSITIVE	DecisionConfidence=VERY_LOW	StrategySignal=NONE	TossSignal=NONE	VenueConfidence=VERY_LOW
Dubai International Cricket Stadium	Mumbai Indians	Chennai Super Kings	VenueWin%=0.00	OverallWin%=54.05	VenueMatches=2	OverallMatches=37	Matches=2	Wins=0	Losses=2	Win%=0.00	TossWins=1	TossLosses=1	TossWinMatchWins=0	TossWinMatchLosses=1	TossConversion%=0.00	BatFirst=1	BatFirstWins=0	BatFirstWin%=0.00	FieldFirst=0	FieldFirstWins=0	FieldFirstWin%=0.00	OverallConfidence=VERY_STRONG	RecommendationSource=OVERALL_MATCHUP	Recommendation=OVERALL_MATCHUP_BALANCED	TossRecommendation=TOSS_DATA_INSUFFICIENT	StrategyRecommendation=BAT_FIELD_DATA_INSUFFICIENT	VenueConfidence=VERY_LOW	PerformanceScore=38.92	StrategyBonus=0.00	TossBonus=0.00	FinalScore=38.92	FinalDecision=NEGATIVE	DecisionConfidence=VERY_LOW	StrategySignal=NONE	TossSignal=NONE	VenueConfidence=VERY_LOW
Dubai International Cricket Stadium	Mumbai Indians	Delhi Capitals	VenueWin%=100.00	OverallWin%=54.29	VenueMatches=3	OverallMatches=35	Matches=3	Wins=3	Losses=0	Win%=100.00	TossWins=1	TossLosses=2	TossWinMatchWins=1	TossWinMatchLosses=0	TossConversion%=100.00	BatFirst=0	BatFirstWins=0	BatFirstWin%=0.00	FieldFirst=1	FieldFirstWins=1	FieldFirstWin%=100.00	OverallConfidence=VERY_STRONG	RecommendationSource=VENUE	Recommendation=STRONG_VENUE_ADVANTAGE	TossRecommendation=TOSS_WIN_HAS_STRONG_VALUE	StrategyRecommendation=BAT_FIELD_DATA_INSUFFICIENT	VenueConfidence=LOW	PerformanceScore=68.92	StrategyBonus=0.00	TossBonus=0.00	FinalScore=68.92	FinalDecision=POSITIVE	DecisionConfidence=LOW	StrategySignal=NONE	TossSignal=NONE	VenueConfidence=LOW
Dubai International Cricket Stadium	Mumbai Indians	Punjab Kings	VenueWin%=0.00	OverallWin%=53.12	VenueMatches=1	OverallMatches=32	Matches=1	Wins=0	Losses=1	Win%=0.00	TossWins=1	TossLosses=0	TossWinMatchWins=0	TossWinMatchLosses=1	TossConversion%=0.00	BatFirst=1	BatFirstWins=0	BatFirstWin%=0.00	FieldFirst=0	FieldFirstWins=0	FieldFirstWin%=0.00	OverallConfidence=VERY_STRONG	RecommendationSource=OVERALL_MATCHUP	Recommendation=OVERALL_MATCHUP_BALANCED	TossRecommendation=TOSS_DATA_INSUFFICIENT	StrategyRecommendation=BAT_FIELD_DATA_INSUFFICIENT	VenueConfidence=VERY_LOW	PerformanceScore=40.37	StrategyBonus=0.00	TossBonus=0.00	FinalScore=40.37	FinalDecision=NEGATIVE	DecisionConfidence=VERY_LOW	StrategySignal=NONE	TossSignal=NONE	VenueConfidence=VERY_LOW
Dubai International Cricket Stadium	Mumbai Indians	Royal Challengers Bengaluru	VenueWin%=0.00	OverallWin%=57.58	VenueMatches=3	OverallMatches=33	Matches=3	Wins=0	Losses=3	Win%=0.00	TossWins=2	TossLosses=1	TossWinMatchWins=0	TossWinMatchLosses=2	TossConversion%=0.00	BatFirst=0	BatFirstWins=0	BatFirstWin%=0.00	FieldFirst=2	FieldFirstWins=0	FieldFirstWin%=0.00	OverallConfidence=VERY_STRONG	RecommendationSource=VENUE	Recommendation=VENUE_DISADVANTAGE	TossRecommendation=TOSS_WIN_HAS_LOW_VALUE	StrategyRecommendation=BAT_FIELD_DATA_INSUFFICIENT	VenueConfidence=LOW	PerformanceScore=39.15	StrategyBonus=0.00	TossBonus=0.00	FinalScore=39.15	FinalDecision=NEGATIVE	DecisionConfidence=LOW	StrategySignal=NONE	TossSignal=NONE	VenueConfidence=LOW
Dubai International Cricket Stadium	Mumbai Indians	Sunrisers Hyderabad	VenueWin%=0.00	OverallWin%=56.52	VenueMatches=1	OverallMatches=23	Matches=1	Wins=0	Losses=1	Win%=0.00	TossWins=1	TossLosses=0	TossWinMatchWins=0	TossWinMatchLosses=1	TossConversion%=0.00	BatFirst=0	BatFirstWins=0	BatFirstWin%=0.00	FieldFirst=1	FieldFirstWins=0	FieldFirstWin%=0.00	OverallConfidence=VERY_STRONG	RecommendationSource=OVERALL_MATCHUP	Recommendation=OVERALL_MATCHUP_ADVANTAGE	TossRecommendation=TOSS_DATA_INSUFFICIENT	StrategyRecommendation=BAT_FIELD_DATA_INSUFFICIENT	VenueConfidence=VERY_LOW	PerformanceScore=42.96	StrategyBonus=0.00	TossBonus=0.00	FinalScore=42.96	FinalDecision=NEGATIVE	DecisionConfidence=VERY_LOW	StrategySignal=NONE	TossSignal=NONE	VenueConfidence=VERY_LOW
Dubai International Cricket Stadium	Punjab Kings	Chennai Super Kings	VenueWin%=50.00	OverallWin%=46.67	VenueMatches=2	OverallMatches=30	Matches=2	Wins=1	Losses=1	Win%=50.00	TossWins=2	TossLosses=0	TossWinMatchWins=1	TossWinMatchLosses=1	TossConversion%=50.00	BatFirst=1	BatFirstWins=0	BatFirstWin%=0.00	FieldFirst=1	FieldFirstWins=1	FieldFirstWin%=100.00	OverallConfidence=VERY_STRONG	RecommendationSource=OVERALL_MATCHUP	Recommendation=OVERALL_MATCHUP_BALANCED	TossRecommendation=TOSS_DATA_INSUFFICIENT	StrategyRecommendation=BAT_FIELD_DATA_INSUFFICIENT	VenueConfidence=VERY_LOW	PerformanceScore=47.60	StrategyBonus=0.00	TossBonus=0.00	FinalScore=47.60	FinalDecision=BALANCED	DecisionConfidence=VERY_LOW	StrategySignal=NONE	TossSignal=NONE	VenueConfidence=VERY_LOW
Dubai International Cricket Stadium	Punjab Kings	Delhi Capitals	VenueWin%=50.00	OverallWin%=51.52	VenueMatches=2	OverallMatches=33	Matches=2	Wins=1	Losses=1	Win%=50.00	TossWins=1	TossLosses=1	TossWinMatchWins=0	TossWinMatchLosses=1	TossConversion%=0.00	BatFirst=0	BatFirstWins=0	BatFirstWin%=0.00	FieldFirst=1	FieldFirstWins=0	FieldFirstWin%=0.00	OverallConfidence=VERY_STRONG	RecommendationSource=OVERALL_MATCHUP	Recommendation=OVERALL_MATCHUP_BALANCED	TossRecommendation=TOSS_DATA_INSUFFICIENT	StrategyRecommendation=BAT_FIELD_DATA_INSUFFICIENT	VenueConfidence=VERY_LOW	PerformanceScore=51.09	StrategyBonus=0.00	TossBonus=0.00	FinalScore=51.09	FinalDecision=BALANCED	DecisionConfidence=VERY_LOW	StrategySignal=NONE	TossSignal=NONE	VenueConfidence=VERY_LOW
Dubai International Cricket Stadium	Punjab Kings	Kolkata Knight Riders	VenueWin%=100.00	OverallWin%=36.36	VenueMatches=1	OverallMatches=33	Matches=1	Wins=1	Losses=0	Win%=100.00	TossWins=1	TossLosses=0	TossWinMatchWins=1	TossWinMatchLosses=0	TossConversion%=100.00	BatFirst=0	BatFirstWins=0	BatFirstWin%=0.00	FieldFirst=1	FieldFirstWins=1	FieldFirstWin%=100.00	OverallConfidence=VERY_STRONG	RecommendationSource=OVERALL_MATCHUP	Recommendation=OVERALL_MATCHUP_DISADVANTAGE	TossRecommendation=TOSS_DATA_INSUFFICIENT	StrategyRecommendation=BAT_FIELD_DATA_INSUFFICIENT	VenueConfidence=VERY_LOW	PerformanceScore=51.63	StrategyBonus=0.00	TossBonus=0.00	FinalScore=51.63	FinalDecision=BALANCED	DecisionConfidence=VERY_LOW	StrategySignal=NONE	TossSignal=NONE	VenueConfidence=VERY_LOW
Dubai International Cricket Stadium	Punjab Kings	Mumbai Indians	VenueWin%=100.00	OverallWin%=46.88	VenueMatches=1	OverallMatches=32	Matches=1	Wins=1	Losses=0	Win%=100.00	TossWins=0	TossLosses=1	TossWinMatchWins=0	TossWinMatchLosses=0	TossConversion%=0.00	BatFirst=0	BatFirstWins=0	BatFirstWin%=0.00	FieldFirst=0	FieldFirstWins=0	FieldFirstWin%=0.00	OverallConfidence=VERY_STRONG	RecommendationSource=OVERALL_MATCHUP	Recommendation=OVERALL_MATCHUP_BALANCED	TossRecommendation=TOSS_DATA_INSUFFICIENT	StrategyRecommendation=BAT_FIELD_DATA_INSUFFICIENT	VenueConfidence=VERY_LOW	PerformanceScore=59.63	StrategyBonus=0.00	TossBonus=0.00	FinalScore=59.63	FinalDecision=BALANCED	DecisionConfidence=VERY_LOW	StrategySignal=NONE	TossSignal=NONE	VenueConfidence=VERY_LOW
Dubai International Cricket Stadium	Punjab Kings	Rajasthan Royals	VenueWin%=0.00	OverallWin%=42.86	VenueMatches=1	OverallMatches=28	Matches=1	Wins=0	Losses=1	Win%=0.00	TossWins=1	TossLosses=0	TossWinMatchWins=0	TossWinMatchLosses=1	TossConversion%=0.00	BatFirst=0	BatFirstWins=0	BatFirstWin%=0.00	FieldFirst=1	FieldFirstWins=0	FieldFirstWin%=0.00	OverallConfidence=VERY_STRONG	RecommendationSource=OVERALL_MATCHUP	Recommendation=OVERALL_MATCHUP_BALANCED	TossRecommendation=TOSS_DATA_INSUFFICIENT	StrategyRecommendation=BAT_FIELD_DATA_INSUFFICIENT	VenueConfidence=VERY_LOW	PerformanceScore=32.57	StrategyBonus=0.00	TossBonus=0.00	FinalScore=32.57	FinalDecision=NEGATIVE	DecisionConfidence=VERY_LOW	StrategySignal=NONE	TossSignal=NONE	VenueConfidence=VERY_LOW
Dubai International Cricket Stadium	Punjab Kings	Royal Challengers Bengaluru	VenueWin%=100.00	OverallWin%=51.52	VenueMatches=2	OverallMatches=33	Matches=2	Wins=2	Losses=0	Win%=100.00	TossWins=1	TossLosses=1	TossWinMatchWins=1	TossWinMatchLosses=0	TossConversion%=100.00	BatFirst=0	BatFirstWins=0	BatFirstWin%=0.00	FieldFirst=1	FieldFirstWins=1	FieldFirstWin%=100.00	OverallConfidence=VERY_STRONG	RecommendationSource=OVERALL_MATCHUP	Recommendation=OVERALL_MATCHUP_BALANCED	TossRecommendation=TOSS_DATA_INSUFFICIENT	StrategyRecommendation=BAT_FIELD_DATA_INSUFFICIENT	VenueConfidence=VERY_LOW	PerformanceScore=65.09	StrategyBonus=0.00	TossBonus=0.00	FinalScore=65.09	FinalDecision=POSITIVE	DecisionConfidence=VERY_LOW	StrategySignal=NONE	TossSignal=NONE	VenueConfidence=VERY_LOW
Dubai International Cricket Stadium	Punjab Kings	Sunrisers Hyderabad	VenueWin%=50.00	OverallWin%=30.43	VenueMatches=2	OverallMatches=23	Matches=2	Wins=1	Losses=1	Win%=50.00	TossWins=0	TossLosses=2	TossWinMatchWins=0	TossWinMatchLosses=0	TossConversion%=0.00	BatFirst=0	BatFirstWins=0	BatFirstWin%=0.00	FieldFirst=0	FieldFirstWins=0	FieldFirstWin%=0.00	OverallConfidence=VERY_STRONG	RecommendationSource=OVERALL_MATCHUP	Recommendation=OVERALL_MATCHUP_DISADVANTAGE	TossRecommendation=TOSS_DATA_INSUFFICIENT	StrategyRecommendation=BAT_FIELD_DATA_INSUFFICIENT	VenueConfidence=VERY_LOW	PerformanceScore=35.91	StrategyBonus=0.00	TossBonus=0.00	FinalScore=35.91	FinalDecision=NEGATIVE	DecisionConfidence=VERY_LOW	StrategySignal=NONE	TossSignal=NONE	VenueConfidence=VERY_LOW
Dubai International Cricket Stadium	Rajasthan Royals	Chennai Super Kings	VenueWin%=0.00	OverallWin%=44.83	VenueMatches=1	OverallMatches=29	Matches=1	Wins=0	Losses=1	Win%=0.00	TossWins=1	TossLosses=0	TossWinMatchWins=0	TossWinMatchLosses=1	TossConversion%=0.00	BatFirst=0	BatFirstWins=0	BatFirstWin%=0.00	FieldFirst=1	FieldFirstWins=0	FieldFirstWin%=0.00	OverallConfidence=VERY_STRONG	RecommendationSource=OVERALL_MATCHUP	Recommendation=OVERALL_MATCHUP_BALANCED	TossRecommendation=TOSS_DATA_INSUFFICIENT	StrategyRecommendation=BAT_FIELD_DATA_INSUFFICIENT	VenueConfidence=VERY_LOW	PerformanceScore=34.07	StrategyBonus=0.00	TossBonus=0.00	FinalScore=34.07	FinalDecision=NEGATIVE	DecisionConfidence=VERY_LOW	StrategySignal=NONE	TossSignal=NONE	VenueConfidence=VERY_LOW
Dubai International Cricket Stadium	Rajasthan Royals	Delhi Capitals	VenueWin%=0.00	OverallWin%=51.72	VenueMatches=1	OverallMatches=29	Matches=1	Wins=0	Losses=1	Win%=0.00	TossWins=0	TossLosses=1	TossWinMatchWins=0	TossWinMatchLosses=0	TossConversion%=0.00	BatFirst=0	BatFirstWins=0	BatFirstWin%=0.00	FieldFirst=0	FieldFirstWins=0	FieldFirstWin%=0.00	OverallConfidence=VERY_STRONG	RecommendationSource=OVERALL_MATCHUP	Recommendation=OVERALL_MATCHUP_BALANCED	TossRecommendation=TOSS_DATA_INSUFFICIENT	StrategyRecommendation=BAT_FIELD_DATA_INSUFFICIENT	VenueConfidence=VERY_LOW	PerformanceScore=39.31	StrategyBonus=0.00	TossBonus=0.00	FinalScore=39.31	FinalDecision=NEGATIVE	DecisionConfidence=VERY_LOW	StrategySignal=NONE	TossSignal=NONE	VenueConfidence=VERY_LOW
Dubai International Cricket Stadium	Rajasthan Royals	Kolkata Knight Riders	VenueWin%=0.00	OverallWin%=50.00	VenueMatches=2	OverallMatches=28	Matches=2	Wins=0	Losses=2	Win%=0.00	TossWins=2	TossLosses=0	TossWinMatchWins=0	TossWinMatchLosses=2	TossConversion%=0.00	BatFirst=0	BatFirstWins=0	BatFirstWin%=0.00	FieldFirst=2	FieldFirstWins=0	FieldFirstWin%=0.00	OverallConfidence=VERY_STRONG	RecommendationSource=OVERALL_MATCHUP	Recommendation=OVERALL_MATCHUP_BALANCED	TossRecommendation=TOSS_DATA_INSUFFICIENT	StrategyRecommendation=BAT_FIELD_DATA_INSUFFICIENT	VenueConfidence=VERY_LOW	PerformanceScore=36.00	StrategyBonus=0.00	TossBonus=0.00	FinalScore=36.00	FinalDecision=NEGATIVE	DecisionConfidence=VERY_LOW	StrategySignal=NONE	TossSignal=NONE	VenueConfidence=VERY_LOW
Dubai International Cricket Stadium	Rajasthan Royals	Punjab Kings	VenueWin%=100.00	OverallWin%=57.14	VenueMatches=1	OverallMatches=28	Matches=1	Wins=1	Losses=0	Win%=100.00	TossWins=0	TossLosses=1	TossWinMatchWins=0	TossWinMatchLosses=0	TossConversion%=0.00	BatFirst=0	BatFirstWins=0	BatFirstWin%=0.00	FieldFirst=0	FieldFirstWins=0	FieldFirstWin%=0.00	OverallConfidence=VERY_STRONG	RecommendationSource=OVERALL_MATCHUP	Recommendation=OVERALL_MATCHUP_ADVANTAGE	TossRecommendation=TOSS_DATA_INSUFFICIENT	StrategyRecommendation=BAT_FIELD_DATA_INSUFFICIENT	VenueConfidence=VERY_LOW	PerformanceScore=67.43	StrategyBonus=0.00	TossBonus=0.00	FinalScore=67.43	FinalDecision=POSITIVE	DecisionConfidence=VERY_LOW	StrategySignal=NONE	TossSignal=NONE	VenueConfidence=VERY_LOW
Dubai International Cricket Stadium	Rajasthan Royals	Royal Challengers Bengaluru	VenueWin%=0.00	OverallWin%=45.16	VenueMatches=2	OverallMatches=31	Matches=2	Wins=0	Losses=2	Win%=0.00	TossWins=1	TossLosses=1	TossWinMatchWins=0	TossWinMatchLosses=1	TossConversion%=0.00	BatFirst=1	BatFirstWins=0	BatFirstWin%=0.00	FieldFirst=0	FieldFirstWins=0	FieldFirstWin%=0.00	OverallConfidence=VERY_STRONG	RecommendationSource=OVERALL_MATCHUP	Recommendation=OVERALL_MATCHUP_BALANCED	TossRecommendation=TOSS_DATA_INSUFFICIENT	StrategyRecommendation=BAT_FIELD_DATA_INSUFFICIENT	VenueConfidence=VERY_LOW	PerformanceScore=32.52	StrategyBonus=0.00	TossBonus=0.00	FinalScore=32.52	FinalDecision=NEGATIVE	DecisionConfidence=VERY_LOW	StrategySignal=NONE	TossSignal=NONE	VenueConfidence=VERY_LOW
Dubai International Cricket Stadium	Rajasthan Royals	Sunrisers Hyderabad	VenueWin%=33.33	OverallWin%=45.00	VenueMatches=3	OverallMatches=20	Matches=3	Wins=1	Losses=2	Win%=33.33	TossWins=1	TossLosses=2	TossWinMatchWins=0	TossWinMatchLosses=1	TossConversion%=0.00	BatFirst=1	BatFirstWins=0	BatFirstWin%=0.00	FieldFirst=0	FieldFirstWins=0	FieldFirstWin%=0.00	OverallConfidence=VERY_STRONG	RecommendationSource=VENUE	Recommendation=VENUE_DISADVANTAGE	TossRecommendation=TOSS_WIN_HAS_LOW_VALUE	StrategyRecommendation=BAT_FIELD_DATA_INSUFFICIENT	VenueConfidence=LOW	PerformanceScore=41.27	StrategyBonus=0.00	TossBonus=0.00	FinalScore=41.27	FinalDecision=NEGATIVE	DecisionConfidence=LOW	StrategySignal=NONE	TossSignal=NONE	VenueConfidence=LOW
Dubai International Cricket Stadium	Royal Challengers Bengaluru	Chennai Super Kings	VenueWin%=50.00	OverallWin%=34.38	VenueMatches=2	OverallMatches=32	Matches=2	Wins=1	Losses=1	Win%=50.00	TossWins=2	TossLosses=0	TossWinMatchWins=1	TossWinMatchLosses=1	TossConversion%=50.00	BatFirst=2	BatFirstWins=1	BatFirstWin%=50.00	FieldFirst=0	FieldFirstWins=0	FieldFirstWin%=0.00	OverallConfidence=VERY_STRONG	RecommendationSource=OVERALL_MATCHUP	Recommendation=OVERALL_MATCHUP_DISADVANTAGE	TossRecommendation=TOSS_DATA_INSUFFICIENT	StrategyRecommendation=BAT_FIELD_DATA_INSUFFICIENT	VenueConfidence=VERY_LOW	PerformanceScore=38.75	StrategyBonus=0.00	TossBonus=0.00	FinalScore=38.75	FinalDecision=NEGATIVE	DecisionConfidence=VERY_LOW	StrategySignal=NONE	TossSignal=NONE	VenueConfidence=VERY_LOW
Dubai International Cricket Stadium	Royal Challengers Bengaluru	Delhi Capitals	VenueWin%=50.00	OverallWin%=61.29	VenueMatches=2	OverallMatches=31	Matches=2	Wins=1	Losses=1	Win%=50.00	TossWins=2	TossLosses=0	TossWinMatchWins=1	TossWinMatchLosses=1	TossConversion%=50.00	BatFirst=0	BatFirstWins=0	BatFirstWin%=0.00	FieldFirst=2	FieldFirstWins=1	FieldFirstWin%=50.00	OverallConfidence=VERY_STRONG	RecommendationSource=OVERALL_MATCHUP	Recommendation=OVERALL_MATCHUP_ADVANTAGE	TossRecommendation=TOSS_DATA_INSUFFICIENT	StrategyRecommendation=BAT_FIELD_DATA_INSUFFICIENT	VenueConfidence=VERY_LOW	PerformanceScore=58.13	StrategyBonus=0.00	TossBonus=0.00	FinalScore=58.13	FinalDecision=BALANCED	DecisionConfidence=VERY_LOW	StrategySignal=NONE	TossSignal=NONE	VenueConfidence=VERY_LOW
Dubai International Cricket Stadium	Royal Challengers Bengaluru	Mumbai Indians	VenueWin%=100.00	OverallWin%=42.42	VenueMatches=3	OverallMatches=33	Matches=3	Wins=3	Losses=0	Win%=100.00	TossWins=1	TossLosses=2	TossWinMatchWins=1	TossWinMatchLosses=0	TossConversion%=100.00	BatFirst=0	BatFirstWins=0	BatFirstWin%=0.00	FieldFirst=1	FieldFirstWins=1	FieldFirstWin%=100.00	OverallConfidence=VERY_STRONG	RecommendationSource=VENUE	Recommendation=STRONG_VENUE_ADVANTAGE	TossRecommendation=TOSS_WIN_HAS_STRONG_VALUE	StrategyRecommendation=BAT_FIELD_DATA_INSUFFICIENT	VenueConfidence=LOW	PerformanceScore=60.85	StrategyBonus=0.00	TossBonus=0.00	FinalScore=60.85	FinalDecision=POSITIVE	DecisionConfidence=LOW	StrategySignal=NONE	TossSignal=NONE	VenueConfidence=LOW
Dubai International Cricket Stadium	Royal Challengers Bengaluru	Punjab Kings	VenueWin%=0.00	OverallWin%=48.48	VenueMatches=2	OverallMatches=33	Matches=2	Wins=0	Losses=2	Win%=0.00	TossWins=1	TossLosses=1	TossWinMatchWins=0	TossWinMatchLosses=1	TossConversion%=0.00	BatFirst=0	BatFirstWins=0	BatFirstWin%=0.00	FieldFirst=1	FieldFirstWins=0	FieldFirstWin%=0.00	OverallConfidence=VERY_STRONG	RecommendationSource=OVERALL_MATCHUP	Recommendation=OVERALL_MATCHUP_BALANCED	TossRecommendation=TOSS_DATA_INSUFFICIENT	StrategyRecommendation=BAT_FIELD_DATA_INSUFFICIENT	VenueConfidence=VERY_LOW	PerformanceScore=34.91	StrategyBonus=0.00	TossBonus=0.00	FinalScore=34.91	FinalDecision=NEGATIVE	DecisionConfidence=VERY_LOW	StrategySignal=NONE	TossSignal=NONE	VenueConfidence=VERY_LOW
Dubai International Cricket Stadium	Royal Challengers Bengaluru	Rajasthan Royals	VenueWin%=100.00	OverallWin%=48.39	VenueMatches=2	OverallMatches=31	Matches=2	Wins=2	Losses=0	Win%=100.00	TossWins=1	TossLosses=1	TossWinMatchWins=1	TossWinMatchLosses=0	TossConversion%=100.00	BatFirst=0	BatFirstWins=0	BatFirstWin%=0.00	FieldFirst=1	FieldFirstWins=1	FieldFirstWin%=100.00	OverallConfidence=VERY_STRONG	RecommendationSource=OVERALL_MATCHUP	Recommendation=OVERALL_MATCHUP_BALANCED	TossRecommendation=TOSS_DATA_INSUFFICIENT	StrategyRecommendation=BAT_FIELD_DATA_INSUFFICIENT	VenueConfidence=VERY_LOW	PerformanceScore=62.84	StrategyBonus=0.00	TossBonus=0.00	FinalScore=62.84	FinalDecision=POSITIVE	DecisionConfidence=VERY_LOW	StrategySignal=NONE	TossSignal=NONE	VenueConfidence=VERY_LOW
Dubai International Cricket Stadium	Royal Challengers Bengaluru	Sunrisers Hyderabad	VenueWin%=100.00	OverallWin%=45.83	VenueMatches=1	OverallMatches=24	Matches=1	Wins=1	Losses=0	Win%=100.00	TossWins=0	TossLosses=1	TossWinMatchWins=0	TossWinMatchLosses=0	TossConversion%=0.00	BatFirst=0	BatFirstWins=0	BatFirstWin%=0.00	FieldFirst=0	FieldFirstWins=0	FieldFirstWin%=0.00	OverallConfidence=VERY_STRONG	RecommendationSource=OVERALL_MATCHUP	Recommendation=OVERALL_MATCHUP_BALANCED	TossRecommendation=TOSS_DATA_INSUFFICIENT	StrategyRecommendation=BAT_FIELD_DATA_INSUFFICIENT	VenueConfidence=VERY_LOW	PerformanceScore=58.83	StrategyBonus=0.00	TossBonus=0.00	FinalScore=58.83	FinalDecision=BALANCED	DecisionConfidence=VERY_LOW	StrategySignal=NONE	TossSignal=NONE	VenueConfidence=VERY_LOW
Dubai International Cricket Stadium	Sunrisers Hyderabad	Chennai Super Kings	VenueWin%=50.00	OverallWin%=28.57	VenueMatches=2	OverallMatches=21	Matches=2	Wins=1	Losses=1	Win%=50.00	TossWins=1	TossLosses=1	TossWinMatchWins=1	TossWinMatchLosses=0	TossConversion%=100.00	BatFirst=1	BatFirstWins=1	BatFirstWin%=100.00	FieldFirst=0	FieldFirstWins=0	FieldFirstWin%=0.00	OverallConfidence=VERY_STRONG	RecommendationSource=OVERALL_MATCHUP	Recommendation=OVERALL_MATCHUP_DISADVANTAGE	TossRecommendation=TOSS_DATA_INSUFFICIENT	StrategyRecommendation=BAT_FIELD_DATA_INSUFFICIENT	VenueConfidence=VERY_LOW	PerformanceScore=34.57	StrategyBonus=0.00	TossBonus=0.00	FinalScore=34.57	FinalDecision=NEGATIVE	DecisionConfidence=VERY_LOW	StrategySignal=NONE	TossSignal=NONE	VenueConfidence=VERY_LOW
Dubai International Cricket Stadium	Sunrisers Hyderabad	Delhi Capitals	VenueWin%=66.67	OverallWin%=54.17	VenueMatches=3	OverallMatches=24	Matches=3	Wins=2	Losses=1	Win%=66.67	TossWins=2	TossLosses=1	TossWinMatchWins=1	TossWinMatchLosses=1	TossConversion%=50.00	BatFirst=2	BatFirstWins=1	BatFirstWin%=50.00	FieldFirst=0	FieldFirstWins=0	FieldFirstWin%=0.00	OverallConfidence=VERY_STRONG	RecommendationSource=VENUE	Recommendation=VENUE_ADVANTAGE	TossRecommendation=TOSS_IMPACT_BALANCED	StrategyRecommendation=BAT_FIELD_DATA_INSUFFICIENT	VenueConfidence=LOW	PerformanceScore=58.17	StrategyBonus=0.00	TossBonus=0.00	FinalScore=58.17	FinalDecision=BALANCED	DecisionConfidence=LOW	StrategySignal=NONE	TossSignal=NONE	VenueConfidence=LOW
Dubai International Cricket Stadium	Sunrisers Hyderabad	Kolkata Knight Riders	VenueWin%=0.00	OverallWin%=32.14	VenueMatches=1	OverallMatches=28	Matches=1	Wins=0	Losses=1	Win%=0.00	TossWins=1	TossLosses=0	TossWinMatchWins=0	TossWinMatchLosses=1	TossConversion%=0.00	BatFirst=1	BatFirstWins=0	BatFirstWin%=0.00	FieldFirst=0	FieldFirstWins=0	FieldFirstWin%=0.00	OverallConfidence=VERY_STRONG	RecommendationSource=OVERALL_MATCHUP	Recommendation=OVERALL_MATCHUP_DISADVANTAGE	TossRecommendation=TOSS_DATA_INSUFFICIENT	StrategyRecommendation=BAT_FIELD_DATA_INSUFFICIENT	VenueConfidence=VERY_LOW	PerformanceScore=24.43	StrategyBonus=0.00	TossBonus=0.00	FinalScore=24.43	FinalDecision=STRONG_NEGATIVE	DecisionConfidence=VERY_LOW	StrategySignal=NONE	TossSignal=NONE	VenueConfidence=VERY_LOW
Dubai International Cricket Stadium	Sunrisers Hyderabad	Mumbai Indians	VenueWin%=100.00	OverallWin%=43.48	VenueMatches=1	OverallMatches=23	Matches=1	Wins=1	Losses=0	Win%=100.00	TossWins=0	TossLosses=1	TossWinMatchWins=0	TossWinMatchLosses=0	TossConversion%=0.00	BatFirst=0	BatFirstWins=0	BatFirstWin%=0.00	FieldFirst=0	FieldFirstWins=0	FieldFirstWin%=0.00	OverallConfidence=VERY_STRONG	RecommendationSource=OVERALL_MATCHUP	Recommendation=OVERALL_MATCHUP_BALANCED	TossRecommendation=TOSS_DATA_INSUFFICIENT	StrategyRecommendation=BAT_FIELD_DATA_INSUFFICIENT	VenueConfidence=VERY_LOW	PerformanceScore=57.04	StrategyBonus=0.00	TossBonus=0.00	FinalScore=57.04	FinalDecision=BALANCED	DecisionConfidence=VERY_LOW	StrategySignal=NONE	TossSignal=NONE	VenueConfidence=VERY_LOW
Dubai International Cricket Stadium	Sunrisers Hyderabad	Punjab Kings	VenueWin%=50.00	OverallWin%=69.57	VenueMatches=2	OverallMatches=23	Matches=2	Wins=1	Losses=1	Win%=50.00	TossWins=2	TossLosses=0	TossWinMatchWins=1	TossWinMatchLosses=1	TossConversion%=50.00	BatFirst=1	BatFirstWins=1	BatFirstWin%=100.00	FieldFirst=1	FieldFirstWins=0	FieldFirstWin%=0.00	OverallConfidence=VERY_STRONG	RecommendationSource=OVERALL_MATCHUP	Recommendation=OVERALL_MATCHUP_ADVANTAGE	TossRecommendation=TOSS_DATA_INSUFFICIENT	StrategyRecommendation=BAT_FIELD_DATA_INSUFFICIENT	VenueConfidence=VERY_LOW	PerformanceScore=64.09	StrategyBonus=0.00	TossBonus=0.00	FinalScore=64.09	FinalDecision=POSITIVE	DecisionConfidence=VERY_LOW	StrategySignal=NONE	TossSignal=NONE	VenueConfidence=VERY_LOW
Dubai International Cricket Stadium	Sunrisers Hyderabad	Rajasthan Royals	VenueWin%=66.67	OverallWin%=55.00	VenueMatches=3	OverallMatches=20	Matches=3	Wins=2	Losses=1	Win%=66.67	TossWins=2	TossLosses=1	TossWinMatchWins=1	TossWinMatchLosses=1	TossConversion%=50.00	BatFirst=1	BatFirstWins=0	BatFirstWin%=0.00	FieldFirst=1	FieldFirstWins=1	FieldFirstWin%=100.00	OverallConfidence=VERY_STRONG	RecommendationSource=VENUE	Recommendation=VENUE_ADVANTAGE	TossRecommendation=TOSS_IMPACT_BALANCED	StrategyRecommendation=BAT_FIELD_DATA_INSUFFICIENT	VenueConfidence=LOW	PerformanceScore=58.73	StrategyBonus=0.00	TossBonus=0.00	FinalScore=58.73	FinalDecision=BALANCED	DecisionConfidence=LOW	StrategySignal=NONE	TossSignal=NONE	VenueConfidence=LOW
Dubai International Cricket Stadium	Sunrisers Hyderabad	Royal Challengers Bengaluru	VenueWin%=0.00	OverallWin%=54.17	VenueMatches=1	OverallMatches=24	Matches=1	Wins=0	Losses=1	Win%=0.00	TossWins=1	TossLosses=0	TossWinMatchWins=0	TossWinMatchLosses=1	TossConversion%=0.00	BatFirst=0	BatFirstWins=0	BatFirstWin%=0.00	FieldFirst=1	FieldFirstWins=0	FieldFirstWin%=0.00	OverallConfidence=VERY_STRONG	RecommendationSource=OVERALL_MATCHUP	Recommendation=OVERALL_MATCHUP_BALANCED	TossRecommendation=TOSS_DATA_INSUFFICIENT	StrategyRecommendation=BAT_FIELD_DATA_INSUFFICIENT	VenueConfidence=VERY_LOW	PerformanceScore=41.17	StrategyBonus=0.00	TossBonus=0.00	FinalScore=41.17	FinalDecision=NEGATIVE	DecisionConfidence=VERY_LOW	StrategySignal=NONE	TossSignal=NONE	VenueConfidence=VERY_LOW
Eden Gardens	Chennai Super Kings	Kolkata Knight Riders	VenueWin%=55.56	OverallWin%=65.52	VenueMatches=9	OverallMatches=29	Matches=9	Wins=5	Losses=4	Win%=55.56	TossWins=4	TossLosses=5	TossWinMatchWins=3	TossWinMatchLosses=1	TossConversion%=75.00	BatFirst=2	BatFirstWins=1	BatFirstWin%=50.00	FieldFirst=2	FieldFirstWins=2	FieldFirstWin%=100.00	OverallConfidence=VERY_STRONG	RecommendationSource=VENUE	Recommendation=VENUE_ADVANTAGE	TossRecommendation=TOSS_WIN_HAS_STRONG_VALUE	StrategyRecommendation=BAT_FIELD_DATA_INSUFFICIENT	VenueConfidence=MODERATE	PerformanceScore=59.94	StrategyBonus=0.00	TossBonus=2.00	FinalScore=61.94	FinalDecision=POSITIVE	DecisionConfidence=MODERATE	StrategySignal=NONE	TossSignal=STRONG	VenueConfidence=MODERATE
Eden Gardens	Chennai Super Kings	Mumbai Indians	VenueWin%=0.00	OverallWin%=45.95	VenueMatches=2	OverallMatches=37	Matches=2	Wins=0	Losses=2	Win%=0.00	TossWins=1	TossLosses=1	TossWinMatchWins=0	TossWinMatchLosses=1	TossConversion%=0.00	BatFirst=0	BatFirstWins=0	BatFirstWin%=0.00	FieldFirst=1	FieldFirstWins=0	FieldFirstWin%=0.00	OverallConfidence=VERY_STRONG	RecommendationSource=OVERALL_MATCHUP	Recommendation=OVERALL_MATCHUP_BALANCED	TossRecommendation=TOSS_DATA_INSUFFICIENT	StrategyRecommendation=BAT_FIELD_DATA_INSUFFICIENT	VenueConfidence=VERY_LOW	PerformanceScore=33.08	StrategyBonus=0.00	TossBonus=0.00	FinalScore=33.08	FinalDecision=NEGATIVE	DecisionConfidence=VERY_LOW	StrategySignal=NONE	TossSignal=NONE	VenueConfidence=VERY_LOW
Eden Gardens	Deccan Chargers	Kolkata Knight Riders	VenueWin%=0.00	OverallWin%=22.22	VenueMatches=3	OverallMatches=9	Matches=3	Wins=0	Losses=3	Win%=0.00	TossWins=1	TossLosses=2	TossWinMatchWins=0	TossWinMatchLosses=1	TossConversion%=0.00	BatFirst=1	BatFirstWins=0	BatFirstWin%=0.00	FieldFirst=0	FieldFirstWins=0	FieldFirstWin%=0.00	OverallConfidence=MODERATE	RecommendationSource=VENUE	Recommendation=VENUE_DISADVANTAGE	TossRecommendation=TOSS_WIN_HAS_LOW_VALUE	StrategyRecommendation=BAT_FIELD_DATA_INSUFFICIENT	VenueConfidence=LOW	PerformanceScore=15.11	StrategyBonus=0.00	TossBonus=0.00	FinalScore=15.11	FinalDecision=STRONG_NEGATIVE	DecisionConfidence=LOW	StrategySignal=NONE	TossSignal=NONE	VenueConfidence=LOW
Eden Gardens	Delhi Capitals	Kolkata Knight Riders	VenueWin%=22.22	OverallWin%=45.45	VenueMatches=9	OverallMatches=33	Matches=9	Wins=2	Losses=7	Win%=22.22	TossWins=3	TossLosses=6	TossWinMatchWins=2	TossWinMatchLosses=1	TossConversion%=66.67	BatFirst=0	BatFirstWins=0	BatFirstWin%=0.00	FieldFirst=3	FieldFirstWins=2	FieldFirstWin%=66.67	OverallConfidence=VERY_STRONG	RecommendationSource=VENUE	Recommendation=VENUE_DISADVANTAGE	TossRecommendation=TOSS_WIN_HAS_MODERATE_VALUE	StrategyRecommendation=FIELD_FIRST_DATA_STRONGER	VenueConfidence=MODERATE	PerformanceScore=32.44	StrategyBonus=0.00	TossBonus=1.00	FinalScore=33.44	FinalDecision=NEGATIVE	DecisionConfidence=MODERATE	StrategySignal=NONE	TossSignal=MODERATE	VenueConfidence=MODERATE
Eden Gardens	Gujarat Lions	Kolkata Knight Riders	VenueWin%=100.00	OverallWin%=75.00	VenueMatches=2	OverallMatches=4	Matches=2	Wins=2	Losses=0	Win%=100.00	TossWins=2	TossLosses=0	TossWinMatchWins=2	TossWinMatchLosses=0	TossConversion%=100.00	BatFirst=0	BatFirstWins=0	BatFirstWin%=0.00	FieldFirst=2	FieldFirstWins=2	FieldFirstWin%=100.00	OverallConfidence=LOW	RecommendationSource=OVERALL_MATCHUP	Recommendation=OVERALL_MATCHUP_STRONG_ADVANTAGE	TossRecommendation=TOSS_DATA_INSUFFICIENT	StrategyRecommendation=BAT_FIELD_DATA_INSUFFICIENT	VenueConfidence=VERY_LOW	PerformanceScore=82.00	StrategyBonus=0.00	TossBonus=0.00	FinalScore=82.00	FinalDecision=STRONG_POSITIVE	DecisionConfidence=VERY_LOW	StrategySignal=NONE	TossSignal=NONE	VenueConfidence=VERY_LOW
Eden Gardens	Kochi Tuskers Kerala	Kolkata Knight Riders	VenueWin%=100.00	OverallWin%=100.00	VenueMatches=1	OverallMatches=2	Matches=1	Wins=1	Losses=0	Win%=100.00	TossWins=0	TossLosses=1	TossWinMatchWins=0	TossWinMatchLosses=0	TossConversion%=0.00	BatFirst=0	BatFirstWins=0	BatFirstWin%=0.00	FieldFirst=0	FieldFirstWins=0	FieldFirstWin%=0.00	OverallConfidence=VERY_LOW	RecommendationSource=INSUFFICIENT	Recommendation=INSUFFICIENT_DATA	TossRecommendation=TOSS_DATA_INSUFFICIENT	StrategyRecommendation=BAT_FIELD_DATA_INSUFFICIENT	VenueConfidence=VERY_LOW	PerformanceScore=100.00	StrategyBonus=0.00	TossBonus=0.00	FinalScore=100.00	FinalDecision=STRONG_POSITIVE	DecisionConfidence=VERY_LOW	StrategySignal=NONE	TossSignal=NONE	VenueConfidence=VERY_LOW
Eden Gardens	Kolkata Knight Riders	Chennai Super Kings	VenueWin%=44.44	OverallWin%=34.48	VenueMatches=9	OverallMatches=29	Matches=9	Wins=4	Losses=5	Win%=44.44	TossWins=5	TossLosses=4	TossWinMatchWins=3	TossWinMatchLosses=2	TossConversion%=60.00	BatFirst=2	BatFirstWins=0	BatFirstWin%=0.00	FieldFirst=3	FieldFirstWins=3	FieldFirstWin%=100.00	OverallConfidence=VERY_STRONG	RecommendationSource=VENUE	Recommendation=BALANCED_VENUE	TossRecommendation=TOSS_WIN_HAS_MODERATE_VALUE	StrategyRecommendation=FIELD_FIRST_DATA_STRONGER	VenueConfidence=MODERATE	PerformanceScore=40.06	StrategyBonus=0.00	TossBonus=1.00	FinalScore=41.06	FinalDecision=NEGATIVE	DecisionConfidence=MODERATE	StrategySignal=NONE	TossSignal=MODERATE	VenueConfidence=MODERATE
Eden Gardens	Kolkata Knight Riders	Deccan Chargers	VenueWin%=100.00	OverallWin%=77.78	VenueMatches=3	OverallMatches=9	Matches=3	Wins=3	Losses=0	Win%=100.00	TossWins=2	TossLosses=1	TossWinMatchWins=2	TossWinMatchLosses=0	TossConversion%=100.00	BatFirst=2	BatFirstWins=2	BatFirstWin%=100.00	FieldFirst=0	FieldFirstWins=0	FieldFirstWin%=0.00	OverallConfidence=MODERATE	RecommendationSource=VENUE	Recommendation=STRONG_VENUE_ADVANTAGE	TossRecommendation=TOSS_WIN_HAS_STRONG_VALUE	StrategyRecommendation=BAT_FIELD_DATA_INSUFFICIENT	VenueConfidence=LOW	PerformanceScore=84.89	StrategyBonus=0.00	TossBonus=0.00	FinalScore=84.89	FinalDecision=STRONG_POSITIVE	DecisionConfidence=LOW	StrategySignal=NONE	TossSignal=NONE	VenueConfidence=LOW
Eden Gardens	Kolkata Knight Riders	Delhi Capitals	VenueWin%=77.78	OverallWin%=54.55	VenueMatches=9	OverallMatches=33	Matches=9	Wins=7	Losses=2	Win%=77.78	TossWins=6	TossLosses=3	TossWinMatchWins=6	TossWinMatchLosses=0	TossConversion%=100.00	BatFirst=3	BatFirstWins=3	BatFirstWin%=100.00	FieldFirst=3	FieldFirstWins=3	FieldFirstWin%=100.00	OverallConfidence=VERY_STRONG	RecommendationSource=VENUE	Recommendation=STRONG_VENUE_ADVANTAGE	TossRecommendation=TOSS_WIN_HAS_STRONG_VALUE	StrategyRecommendation=BAT_FIELD_BALANCED	VenueConfidence=MODERATE	PerformanceScore=67.56	StrategyBonus=0.00	TossBonus=2.00	FinalScore=69.56	FinalDecision=POSITIVE	DecisionConfidence=MODERATE	StrategySignal=BALANCED	TossSignal=STRONG	VenueConfidence=MODERATE
Eden Gardens	Kolkata Knight Riders	Gujarat Lions	VenueWin%=0.00	OverallWin%=25.00	VenueMatches=2	OverallMatches=4	Matches=2	Wins=0	Losses=2	Win%=0.00	TossWins=0	TossLosses=2	TossWinMatchWins=0	TossWinMatchLosses=0	TossConversion%=0.00	BatFirst=0	BatFirstWins=0	BatFirstWin%=0.00	FieldFirst=0	FieldFirstWins=0	FieldFirstWin%=0.00	OverallConfidence=LOW	RecommendationSource=OVERALL_MATCHUP	Recommendation=OVERALL_MATCHUP_DISADVANTAGE	TossRecommendation=TOSS_DATA_INSUFFICIENT	StrategyRecommendation=BAT_FIELD_DATA_INSUFFICIENT	VenueConfidence=VERY_LOW	PerformanceScore=18.00	StrategyBonus=0.00	TossBonus=0.00	FinalScore=18.00	FinalDecision=STRONG_NEGATIVE	DecisionConfidence=VERY_LOW	StrategySignal=NONE	TossSignal=NONE	VenueConfidence=VERY_LOW
Eden Gardens	Kolkata Knight Riders	Kochi Tuskers Kerala	VenueWin%=0.00	OverallWin%=0.00	VenueMatches=1	OverallMatches=2	Matches=1	Wins=0	Losses=1	Win%=0.00	TossWins=1	TossLosses=0	TossWinMatchWins=0	TossWinMatchLosses=1	TossConversion%=0.00	BatFirst=0	BatFirstWins=0	BatFirstWin%=0.00	FieldFirst=1	FieldFirstWins=0	FieldFirstWin%=0.00	OverallConfidence=VERY_LOW	RecommendationSource=INSUFFICIENT	Recommendation=INSUFFICIENT_DATA	TossRecommendation=TOSS_DATA_INSUFFICIENT	StrategyRecommendation=BAT_FIELD_DATA_INSUFFICIENT	VenueConfidence=VERY_LOW	PerformanceScore=0.00	StrategyBonus=0.00	TossBonus=0.00	FinalScore=0.00	FinalDecision=STRONG_NEGATIVE	DecisionConfidence=VERY_LOW	StrategySignal=NONE	TossSignal=NONE	VenueConfidence=VERY_LOW
Eden Gardens	Kolkata Knight Riders	Mumbai Indians	VenueWin%=30.00	OverallWin%=32.35	VenueMatches=10	OverallMatches=34	Matches=10	Wins=3	Losses=7	Win%=30.00	TossWins=5	TossLosses=5	TossWinMatchWins=1	TossWinMatchLosses=4	TossConversion%=20.00	BatFirst=2	BatFirstWins=0	BatFirstWin%=0.00	FieldFirst=3	FieldFirstWins=1	FieldFirstWin%=33.33	OverallConfidence=VERY_STRONG	RecommendationSource=VENUE	Recommendation=VENUE_DISADVANTAGE	TossRecommendation=TOSS_WIN_HAS_LOW_VALUE	StrategyRecommendation=FIELD_FIRST_DATA_STRONGER	VenueConfidence=STRONG	PerformanceScore=30.94	StrategyBonus=0.00	TossBonus=0.00	FinalScore=30.94	FinalDecision=NEGATIVE	DecisionConfidence=MODERATE	StrategySignal=NONE	TossSignal=LOW	VenueConfidence=STRONG
Eden Gardens	Kolkata Knight Riders	Pune Warriors	VenueWin%=100.00	OverallWin%=80.00	VenueMatches=1	OverallMatches=5	Matches=1	Wins=1	Losses=0	Win%=100.00	TossWins=1	TossLosses=0	TossWinMatchWins=1	TossWinMatchLosses=0	TossConversion%=100.00	BatFirst=1	BatFirstWins=1	BatFirstWin%=100.00	FieldFirst=0	FieldFirstWins=0	FieldFirstWin%=0.00	OverallConfidence=MODERATE	RecommendationSource=OVERALL_MATCHUP	Recommendation=OVERALL_MATCHUP_STRONG_ADVANTAGE	TossRecommendation=TOSS_DATA_INSUFFICIENT	StrategyRecommendation=BAT_FIELD_DATA_INSUFFICIENT	VenueConfidence=VERY_LOW	PerformanceScore=84.80	StrategyBonus=0.00	TossBonus=0.00	FinalScore=84.80	FinalDecision=STRONG_POSITIVE	DecisionConfidence=VERY_LOW	StrategySignal=NONE	TossSignal=NONE	VenueConfidence=VERY_LOW
Eden Gardens	Kolkata Knight Riders	Punjab Kings	VenueWin%=72.73	OverallWin%=63.64	VenueMatches=11	OverallMatches=33	Matches=11	Wins=8	Losses=3	Win%=72.73	TossWins=4	TossLosses=7	TossWinMatchWins=2	TossWinMatchLosses=2	TossConversion%=50.00	BatFirst=1	BatFirstWins=0	BatFirstWin%=0.00	FieldFirst=3	FieldFirstWins=2	FieldFirstWin%=66.67	OverallConfidence=VERY_STRONG	RecommendationSource=VENUE	Recommendation=STRONG_VENUE_ADVANTAGE	TossRecommendation=TOSS_IMPACT_BALANCED	StrategyRecommendation=FIELD_FIRST_DATA_STRONGER	VenueConfidence=STRONG	PerformanceScore=69.09	StrategyBonus=0.00	TossBonus=0.00	FinalScore=69.09	FinalDecision=POSITIVE	DecisionConfidence=MODERATE	StrategySignal=NONE	TossSignal=LOW	VenueConfidence=STRONG
Eden Gardens	Kolkata Knight Riders	Rajasthan Royals	VenueWin%=75.00	OverallWin%=50.00	VenueMatches=8	OverallMatches=28	Matches=8	Wins=6	Losses=2	Win%=75.00	TossWins=2	TossLosses=6	TossWinMatchWins=2	TossWinMatchLosses=0	TossConversion%=100.00	BatFirst=0	BatFirstWins=0	BatFirstWin%=0.00	FieldFirst=2	FieldFirstWins=2	FieldFirstWin%=100.00	OverallConfidence=VERY_STRONG	RecommendationSource=VENUE	Recommendation=STRONG_VENUE_ADVANTAGE	TossRecommendation=TOSS_WIN_HAS_STRONG_VALUE	StrategyRecommendation=BAT_FIELD_DATA_INSUFFICIENT	VenueConfidence=MODERATE	PerformanceScore=63.00	StrategyBonus=0.00	TossBonus=2.00	FinalScore=65.00	FinalDecision=POSITIVE	DecisionConfidence=MODERATE	StrategySignal=NONE	TossSignal=STRONG	VenueConfidence=MODERATE
Eden Gardens	Kolkata Knight Riders	Rising Pune Supergiants	VenueWin%=50.00	OverallWin%=75.00	VenueMatches=2	OverallMatches=4	Matches=2	Wins=1	Losses=1	Win%=50.00	TossWins=0	TossLosses=2	TossWinMatchWins=0	TossWinMatchLosses=0	TossConversion%=0.00	BatFirst=0	BatFirstWins=0	BatFirstWin%=0.00	FieldFirst=0	FieldFirstWins=0	FieldFirstWin%=0.00	OverallConfidence=LOW	RecommendationSource=OVERALL_MATCHUP	Recommendation=OVERALL_MATCHUP_STRONG_ADVANTAGE	TossRecommendation=TOSS_DATA_INSUFFICIENT	StrategyRecommendation=BAT_FIELD_DATA_INSUFFICIENT	VenueConfidence=VERY_LOW	PerformanceScore=68.00	StrategyBonus=0.00	TossBonus=0.00	FinalScore=68.00	FinalDecision=POSITIVE	DecisionConfidence=VERY_LOW	StrategySignal=NONE	TossSignal=NONE	VenueConfidence=VERY_LOW
Eden Gardens	Kolkata Knight Riders	Royal Challengers Bengaluru	VenueWin%=60.00	OverallWin%=58.82	VenueMatches=10	OverallMatches=34	Matches=10	Wins=6	Losses=4	Win%=60.00	TossWins=5	TossLosses=5	TossWinMatchWins=4	TossWinMatchLosses=1	TossConversion%=80.00	BatFirst=2	BatFirstWins=2	BatFirstWin%=100.00	FieldFirst=3	FieldFirstWins=2	FieldFirstWin%=66.67	OverallConfidence=VERY_STRONG	RecommendationSource=VENUE	Recommendation=VENUE_ADVANTAGE	TossRecommendation=TOSS_WIN_HAS_STRONG_VALUE	StrategyRecommendation=FIELD_FIRST_DATA_STRONGER	VenueConfidence=STRONG	PerformanceScore=59.53	StrategyBonus=0.00	TossBonus=2.00	FinalScore=61.53	FinalDecision=POSITIVE	DecisionConfidence=MODERATE	StrategySignal=NONE	TossSignal=STRONG	VenueConfidence=STRONG
Eden Gardens	Kolkata Knight Riders	Sunrisers Hyderabad	VenueWin%=75.00	OverallWin%=67.86	VenueMatches=8	OverallMatches=28	Matches=8	Wins=6	Losses=2	Win%=75.00	TossWins=4	TossLosses=4	TossWinMatchWins=3	TossWinMatchLosses=1	TossConversion%=75.00	BatFirst=1	BatFirstWins=1	BatFirstWin%=100.00	FieldFirst=3	FieldFirstWins=2	FieldFirstWin%=66.67	OverallConfidence=VERY_STRONG	RecommendationSource=VENUE	Recommendation=STRONG_VENUE_ADVANTAGE	TossRecommendation=TOSS_WIN_HAS_STRONG_VALUE	StrategyRecommendation=FIELD_FIRST_DATA_STRONGER	VenueConfidence=MODERATE	PerformanceScore=71.57	StrategyBonus=0.00	TossBonus=2.00	FinalScore=73.57	FinalDecision=POSITIVE	DecisionConfidence=MODERATE	StrategySignal=NONE	TossSignal=STRONG	VenueConfidence=MODERATE
Eden Gardens	Mumbai Indians	Chennai Super Kings	VenueWin%=100.00	OverallWin%=54.05	VenueMatches=2	OverallMatches=37	Matches=2	Wins=2	Losses=0	Win%=100.00	TossWins=1	TossLosses=1	TossWinMatchWins=1	TossWinMatchLosses=0	TossConversion%=100.00	BatFirst=1	BatFirstWins=1	BatFirstWin%=100.00	FieldFirst=0	FieldFirstWins=0	FieldFirstWin%=0.00	OverallConfidence=VERY_STRONG	RecommendationSource=OVERALL_MATCHUP	Recommendation=OVERALL_MATCHUP_BALANCED	TossRecommendation=TOSS_DATA_INSUFFICIENT	StrategyRecommendation=BAT_FIELD_DATA_INSUFFICIENT	VenueConfidence=VERY_LOW	PerformanceScore=66.92	StrategyBonus=0.00	TossBonus=0.00	FinalScore=66.92	FinalDecision=POSITIVE	DecisionConfidence=VERY_LOW	StrategySignal=NONE	TossSignal=NONE	VenueConfidence=VERY_LOW
Eden Gardens	Mumbai Indians	Kolkata Knight Riders	VenueWin%=70.00	OverallWin%=67.65	VenueMatches=10	OverallMatches=34	Matches=10	Wins=7	Losses=3	Win%=70.00	TossWins=5	TossLosses=5	TossWinMatchWins=3	TossWinMatchLosses=2	TossConversion%=60.00	BatFirst=2	BatFirstWins=1	BatFirstWin%=50.00	FieldFirst=3	FieldFirstWins=2	FieldFirstWin%=66.67	OverallConfidence=VERY_STRONG	RecommendationSource=VENUE	Recommendation=STRONG_VENUE_ADVANTAGE	TossRecommendation=TOSS_WIN_HAS_MODERATE_VALUE	StrategyRecommendation=FIELD_FIRST_DATA_STRONGER	VenueConfidence=STRONG	PerformanceScore=69.06	StrategyBonus=0.00	TossBonus=1.00	FinalScore=70.06	FinalDecision=POSITIVE	DecisionConfidence=HIGH	StrategySignal=NONE	TossSignal=MODERATE	VenueConfidence=STRONG
Eden Gardens	Mumbai Indians	Rajasthan Royals	VenueWin%=100.00	OverallWin%=51.72	VenueMatches=1	OverallMatches=29	Matches=1	Wins=1	Losses=0	Win%=100.00	TossWins=0	TossLosses=1	TossWinMatchWins=0	TossWinMatchLosses=0	TossConversion%=0.00	BatFirst=0	BatFirstWins=0	BatFirstWin%=0.00	FieldFirst=0	FieldFirstWins=0	FieldFirstWin%=0.00	OverallConfidence=VERY_STRONG	RecommendationSource=OVERALL_MATCHUP	Recommendation=OVERALL_MATCHUP_BALANCED	TossRecommendation=TOSS_DATA_INSUFFICIENT	StrategyRecommendation=BAT_FIELD_DATA_INSUFFICIENT	VenueConfidence=VERY_LOW	PerformanceScore=63.31	StrategyBonus=0.00	TossBonus=0.00	FinalScore=63.31	FinalDecision=POSITIVE	DecisionConfidence=VERY_LOW	StrategySignal=NONE	TossSignal=NONE	VenueConfidence=VERY_LOW
Eden Gardens	Pune Warriors	Kolkata Knight Riders	VenueWin%=0.00	OverallWin%=20.00	VenueMatches=1	OverallMatches=5	Matches=1	Wins=0	Losses=1	Win%=0.00	TossWins=0	TossLosses=1	TossWinMatchWins=0	TossWinMatchLosses=0	TossConversion%=0.00	BatFirst=0	BatFirstWins=0	BatFirstWin%=0.00	FieldFirst=0	FieldFirstWins=0	FieldFirstWin%=0.00	OverallConfidence=MODERATE	RecommendationSource=OVERALL_MATCHUP	Recommendation=OVERALL_MATCHUP_DISADVANTAGE	TossRecommendation=TOSS_DATA_INSUFFICIENT	StrategyRecommendation=BAT_FIELD_DATA_INSUFFICIENT	VenueConfidence=VERY_LOW	PerformanceScore=15.20	StrategyBonus=0.00	TossBonus=0.00	FinalScore=15.20	FinalDecision=STRONG_NEGATIVE	DecisionConfidence=VERY_LOW	StrategySignal=NONE	TossSignal=NONE	VenueConfidence=VERY_LOW
Eden Gardens	Punjab Kings	Kolkata Knight Riders	VenueWin%=27.27	OverallWin%=36.36	VenueMatches=11	OverallMatches=33	Matches=11	Wins=3	Losses=8	Win%=27.27	TossWins=7	TossLosses=4	TossWinMatchWins=1	TossWinMatchLosses=6	TossConversion%=14.29	BatFirst=3	BatFirstWins=0	BatFirstWin%=0.00	FieldFirst=4	FieldFirstWins=1	FieldFirstWin%=25.00	OverallConfidence=VERY_STRONG	RecommendationSource=VENUE	Recommendation=VENUE_DISADVANTAGE	TossRecommendation=TOSS_WIN_HAS_LOW_VALUE	StrategyRecommendation=PREFER_FIELD_FIRST	VenueConfidence=STRONG	PerformanceScore=30.91	StrategyBonus=3.00	TossBonus=0.00	FinalScore=33.91	FinalDecision=NEGATIVE	DecisionConfidence=MODERATE	StrategySignal=FIELD_FIRST	TossSignal=LOW	VenueConfidence=STRONG
Eden Gardens	Rajasthan Royals	Kolkata Knight Riders	VenueWin%=25.00	OverallWin%=50.00	VenueMatches=8	OverallMatches=28	Matches=8	Wins=2	Losses=6	Win%=25.00	TossWins=6	TossLosses=2	TossWinMatchWins=2	TossWinMatchLosses=4	TossConversion%=33.33	BatFirst=3	BatFirstWins=0	BatFirstWin%=0.00	FieldFirst=3	FieldFirstWins=2	FieldFirstWin%=66.67	OverallConfidence=VERY_STRONG	RecommendationSource=VENUE	Recommendation=VENUE_DISADVANTAGE	TossRecommendation=TOSS_WIN_HAS_LOW_VALUE	StrategyRecommendation=PREFER_FIELD_FIRST	VenueConfidence=MODERATE	PerformanceScore=37.00	StrategyBonus=3.00	TossBonus=0.00	FinalScore=40.00	FinalDecision=NEGATIVE	DecisionConfidence=MODERATE	StrategySignal=FIELD_FIRST	TossSignal=LOW	VenueConfidence=MODERATE
Eden Gardens	Rajasthan Royals	Mumbai Indians	VenueWin%=0.00	OverallWin%=48.28	VenueMatches=1	OverallMatches=29	Matches=1	Wins=0	Losses=1	Win%=0.00	TossWins=1	TossLosses=0	TossWinMatchWins=0	TossWinMatchLosses=1	TossConversion%=0.00	BatFirst=1	BatFirstWins=0	BatFirstWin%=0.00	FieldFirst=0	FieldFirstWins=0	FieldFirstWin%=0.00	OverallConfidence=VERY_STRONG	RecommendationSource=OVERALL_MATCHUP	Recommendation=OVERALL_MATCHUP_BALANCED	TossRecommendation=TOSS_DATA_INSUFFICIENT	StrategyRecommendation=BAT_FIELD_DATA_INSUFFICIENT	VenueConfidence=VERY_LOW	PerformanceScore=36.69	StrategyBonus=0.00	TossBonus=0.00	FinalScore=36.69	FinalDecision=NEGATIVE	DecisionConfidence=VERY_LOW	StrategySignal=NONE	TossSignal=NONE	VenueConfidence=VERY_LOW
Eden Gardens	Rising Pune Supergiants	Kolkata Knight Riders	VenueWin%=50.00	OverallWin%=25.00	VenueMatches=2	OverallMatches=4	Matches=2	Wins=1	Losses=1	Win%=50.00	TossWins=2	TossLosses=0	TossWinMatchWins=1	TossWinMatchLosses=1	TossConversion%=50.00	BatFirst=1	BatFirstWins=0	BatFirstWin%=0.00	FieldFirst=1	FieldFirstWins=1	FieldFirstWin%=100.00	OverallConfidence=LOW	RecommendationSource=OVERALL_MATCHUP	Recommendation=OVERALL_MATCHUP_DISADVANTAGE	TossRecommendation=TOSS_DATA_INSUFFICIENT	StrategyRecommendation=BAT_FIELD_DATA_INSUFFICIENT	VenueConfidence=VERY_LOW	PerformanceScore=32.00	StrategyBonus=0.00	TossBonus=0.00	FinalScore=32.00	FinalDecision=NEGATIVE	DecisionConfidence=VERY_LOW	StrategySignal=NONE	TossSignal=NONE	VenueConfidence=VERY_LOW
Eden Gardens	Royal Challengers Bengaluru	Kolkata Knight Riders	VenueWin%=40.00	OverallWin%=41.18	VenueMatches=10	OverallMatches=34	Matches=10	Wins=4	Losses=6	Win%=40.00	TossWins=5	TossLosses=5	TossWinMatchWins=3	TossWinMatchLosses=2	TossConversion%=60.00	BatFirst=0	BatFirstWins=0	BatFirstWin%=0.00	FieldFirst=5	FieldFirstWins=3	FieldFirstWin%=60.00	OverallConfidence=VERY_STRONG	RecommendationSource=VENUE	Recommendation=VENUE_DISADVANTAGE	TossRecommendation=TOSS_WIN_HAS_MODERATE_VALUE	StrategyRecommendation=FIELD_FIRST_DATA_STRONGER	VenueConfidence=STRONG	PerformanceScore=40.47	StrategyBonus=0.00	TossBonus=1.00	FinalScore=41.47	FinalDecision=NEGATIVE	DecisionConfidence=MODERATE	StrategySignal=NONE	TossSignal=MODERATE	VenueConfidence=STRONG
Eden Gardens	Sunrisers Hyderabad	Kolkata Knight Riders	VenueWin%=25.00	OverallWin%=32.14	VenueMatches=8	OverallMatches=28	Matches=8	Wins=2	Losses=6	Win%=25.00	TossWins=4	TossLosses=4	TossWinMatchWins=1	TossWinMatchLosses=3	TossConversion%=25.00	BatFirst=0	BatFirstWins=0	BatFirstWin%=0.00	FieldFirst=4	FieldFirstWins=1	FieldFirstWin%=25.00	OverallConfidence=VERY_STRONG	RecommendationSource=VENUE	Recommendation=VENUE_DISADVANTAGE	TossRecommendation=TOSS_WIN_HAS_LOW_VALUE	StrategyRecommendation=FIELD_FIRST_DATA_STRONGER	VenueConfidence=MODERATE	PerformanceScore=28.43	StrategyBonus=0.00	TossBonus=0.00	FinalScore=28.43	FinalDecision=STRONG_NEGATIVE	DecisionConfidence=MODERATE	StrategySignal=NONE	TossSignal=LOW	VenueConfidence=MODERATE
Eden Gardens, Kolkata	Chennai Super Kings	Kolkata Knight Riders	VenueWin%=100.00	OverallWin%=65.52	VenueMatches=1	OverallMatches=29	Matches=1	Wins=1	Losses=0	Win%=100.00	TossWins=0	TossLosses=1	TossWinMatchWins=0	TossWinMatchLosses=0	TossConversion%=0.00	BatFirst=0	BatFirstWins=0	BatFirstWin%=0.00	FieldFirst=0	FieldFirstWins=0	FieldFirstWin%=0.00	OverallConfidence=VERY_STRONG	RecommendationSource=OVERALL_MATCHUP	Recommendation=OVERALL_MATCHUP_ADVANTAGE	TossRecommendation=TOSS_DATA_INSUFFICIENT	StrategyRecommendation=BAT_FIELD_DATA_INSUFFICIENT	VenueConfidence=VERY_LOW	PerformanceScore=73.80	StrategyBonus=0.00	TossBonus=0.00	FinalScore=73.80	FinalDecision=POSITIVE	DecisionConfidence=VERY_LOW	StrategySignal=NONE	TossSignal=NONE	VenueConfidence=VERY_LOW
Eden Gardens, Kolkata	Delhi Capitals	Kolkata Knight Riders	VenueWin%=0.00	OverallWin%=45.45	VenueMatches=1	OverallMatches=33	Matches=1	Wins=0	Losses=1	Win%=0.00	TossWins=1	TossLosses=0	TossWinMatchWins=0	TossWinMatchLosses=1	TossConversion%=0.00	BatFirst=1	BatFirstWins=0	BatFirstWin%=0.00	FieldFirst=0	FieldFirstWins=0	FieldFirstWin%=0.00	OverallConfidence=VERY_STRONG	RecommendationSource=OVERALL_MATCHUP	Recommendation=OVERALL_MATCHUP_BALANCED	TossRecommendation=TOSS_DATA_INSUFFICIENT	StrategyRecommendation=BAT_FIELD_DATA_INSUFFICIENT	VenueConfidence=VERY_LOW	PerformanceScore=34.54	StrategyBonus=0.00	TossBonus=0.00	FinalScore=34.54	FinalDecision=NEGATIVE	DecisionConfidence=VERY_LOW	StrategySignal=NONE	TossSignal=NONE	VenueConfidence=VERY_LOW
Eden Gardens, Kolkata	Gujarat Titans	Kolkata Knight Riders	VenueWin%=100.00	OverallWin%=66.67	VenueMatches=1	OverallMatches=3	Matches=1	Wins=1	Losses=0	Win%=100.00	TossWins=1	TossLosses=0	TossWinMatchWins=1	TossWinMatchLosses=0	TossConversion%=100.00	BatFirst=0	BatFirstWins=0	BatFirstWin%=0.00	FieldFirst=1	FieldFirstWins=1	FieldFirstWin%=100.00	OverallConfidence=LOW	RecommendationSource=OVERALL_MATCHUP	Recommendation=OVERALL_MATCHUP_ADVANTAGE	TossRecommendation=TOSS_DATA_INSUFFICIENT	StrategyRecommendation=BAT_FIELD_DATA_INSUFFICIENT	VenueConfidence=VERY_LOW	PerformanceScore=74.67	StrategyBonus=0.00	TossBonus=0.00	FinalScore=74.67	FinalDecision=POSITIVE	DecisionConfidence=VERY_LOW	StrategySignal=NONE	TossSignal=NONE	VenueConfidence=VERY_LOW
Eden Gardens, Kolkata	Gujarat Titans	Rajasthan Royals	VenueWin%=100.00	OverallWin%=83.33	VenueMatches=1	OverallMatches=6	Matches=1	Wins=1	Losses=0	Win%=100.00	TossWins=1	TossLosses=0	TossWinMatchWins=1	TossWinMatchLosses=0	TossConversion%=100.00	BatFirst=0	BatFirstWins=0	BatFirstWin%=0.00	FieldFirst=1	FieldFirstWins=1	FieldFirstWin%=100.00	OverallConfidence=MODERATE	RecommendationSource=OVERALL_MATCHUP	Recommendation=OVERALL_MATCHUP_STRONG_ADVANTAGE	TossRecommendation=TOSS_DATA_INSUFFICIENT	StrategyRecommendation=BAT_FIELD_DATA_INSUFFICIENT	VenueConfidence=VERY_LOW	PerformanceScore=87.33	StrategyBonus=0.00	TossBonus=0.00	FinalScore=87.33	FinalDecision=STRONG_POSITIVE	DecisionConfidence=VERY_LOW	StrategySignal=NONE	TossSignal=NONE	VenueConfidence=VERY_LOW
Eden Gardens, Kolkata	Kolkata Knight Riders	Chennai Super Kings	VenueWin%=0.00	OverallWin%=34.48	VenueMatches=1	OverallMatches=29	Matches=1	Wins=0	Losses=1	Win%=0.00	TossWins=1	TossLosses=0	TossWinMatchWins=0	TossWinMatchLosses=1	TossConversion%=0.00	BatFirst=0	BatFirstWins=0	BatFirstWin%=0.00	FieldFirst=1	FieldFirstWins=0	FieldFirstWin%=0.00	OverallConfidence=VERY_STRONG	RecommendationSource=OVERALL_MATCHUP	Recommendation=OVERALL_MATCHUP_DISADVANTAGE	TossRecommendation=TOSS_DATA_INSUFFICIENT	StrategyRecommendation=BAT_FIELD_DATA_INSUFFICIENT	VenueConfidence=VERY_LOW	PerformanceScore=26.20	StrategyBonus=0.00	TossBonus=0.00	FinalScore=26.20	FinalDecision=STRONG_NEGATIVE	DecisionConfidence=VERY_LOW	StrategySignal=NONE	TossSignal=NONE	VenueConfidence=VERY_LOW
Eden Gardens, Kolkata	Kolkata Knight Riders	Delhi Capitals	VenueWin%=100.00	OverallWin%=54.55	VenueMatches=1	OverallMatches=33	Matches=1	Wins=1	Losses=0	Win%=100.00	TossWins=0	TossLosses=1	TossWinMatchWins=0	TossWinMatchLosses=0	TossConversion%=0.00	BatFirst=0	BatFirstWins=0	BatFirstWin%=0.00	FieldFirst=0	FieldFirstWins=0	FieldFirstWin%=0.00	OverallConfidence=VERY_STRONG	RecommendationSource=OVERALL_MATCHUP	Recommendation=OVERALL_MATCHUP_BALANCED	TossRecommendation=TOSS_DATA_INSUFFICIENT	StrategyRecommendation=BAT_FIELD_DATA_INSUFFICIENT	VenueConfidence=VERY_LOW	PerformanceScore=65.46	StrategyBonus=0.00	TossBonus=0.00	FinalScore=65.46	FinalDecision=POSITIVE	DecisionConfidence=VERY_LOW	StrategySignal=NONE	TossSignal=NONE	VenueConfidence=VERY_LOW
Eden Gardens, Kolkata	Kolkata Knight Riders	Gujarat Titans	VenueWin%=0.00	OverallWin%=33.33	VenueMatches=1	OverallMatches=3	Matches=1	Wins=0	Losses=1	Win%=0.00	TossWins=0	TossLosses=1	TossWinMatchWins=0	TossWinMatchLosses=0	TossConversion%=0.00	BatFirst=0	BatFirstWins=0	BatFirstWin%=0.00	FieldFirst=0	FieldFirstWins=0	FieldFirstWin%=0.00	OverallConfidence=LOW	RecommendationSource=OVERALL_MATCHUP	Recommendation=OVERALL_MATCHUP_DISADVANTAGE	TossRecommendation=TOSS_DATA_INSUFFICIENT	StrategyRecommendation=BAT_FIELD_DATA_INSUFFICIENT	VenueConfidence=VERY_LOW	PerformanceScore=25.33	StrategyBonus=0.00	TossBonus=0.00	FinalScore=25.33	FinalDecision=STRONG_NEGATIVE	DecisionConfidence=VERY_LOW	StrategySignal=NONE	TossSignal=NONE	VenueConfidence=VERY_LOW
Eden Gardens, Kolkata	Kolkata Knight Riders	Lucknow Super Giants	VenueWin%=50.00	OverallWin%=40.00	VenueMatches=2	OverallMatches=5	Matches=2	Wins=1	Losses=1	Win%=50.00	TossWins=2	TossLosses=0	TossWinMatchWins=1	TossWinMatchLosses=1	TossConversion%=50.00	BatFirst=0	BatFirstWins=0	BatFirstWin%=0.00	FieldFirst=2	FieldFirstWins=1	FieldFirstWin%=50.00	OverallConfidence=MODERATE	RecommendationSource=OVERALL_MATCHUP	Recommendation=OVERALL_MATCHUP_DISADVANTAGE	TossRecommendation=TOSS_DATA_INSUFFICIENT	StrategyRecommendation=BAT_FIELD_DATA_INSUFFICIENT	VenueConfidence=VERY_LOW	PerformanceScore=42.80	StrategyBonus=0.00	TossBonus=0.00	FinalScore=42.80	FinalDecision=NEGATIVE	DecisionConfidence=VERY_LOW	StrategySignal=NONE	TossSignal=NONE	VenueConfidence=VERY_LOW
Eden Gardens, Kolkata	Kolkata Knight Riders	Mumbai Indians	VenueWin%=100.00	OverallWin%=32.35	VenueMatches=1	OverallMatches=34	Matches=1	Wins=1	Losses=0	Win%=100.00	TossWins=0	TossLosses=1	TossWinMatchWins=0	TossWinMatchLosses=0	TossConversion%=0.00	BatFirst=0	BatFirstWins=0	BatFirstWin%=0.00	FieldFirst=0	FieldFirstWins=0	FieldFirstWin%=0.00	OverallConfidence=VERY_STRONG	RecommendationSource=OVERALL_MATCHUP	Recommendation=OVERALL_MATCHUP_DISADVANTAGE	TossRecommendation=TOSS_DATA_INSUFFICIENT	StrategyRecommendation=BAT_FIELD_DATA_INSUFFICIENT	VenueConfidence=VERY_LOW	PerformanceScore=48.59	StrategyBonus=0.00	TossBonus=0.00	FinalScore=48.59	FinalDecision=BALANCED	DecisionConfidence=VERY_LOW	StrategySignal=NONE	TossSignal=NONE	VenueConfidence=VERY_LOW
Eden Gardens, Kolkata	Kolkata Knight Riders	Punjab Kings	VenueWin%=50.00	OverallWin%=63.64	VenueMatches=2	OverallMatches=33	Matches=2	Wins=1	Losses=1	Win%=50.00	TossWins=0	TossLosses=2	TossWinMatchWins=0	TossWinMatchLosses=0	TossConversion%=0.00	BatFirst=0	BatFirstWins=0	BatFirstWin%=0.00	FieldFirst=0	FieldFirstWins=0	FieldFirstWin%=0.00	OverallConfidence=VERY_STRONG	RecommendationSource=OVERALL_MATCHUP	Recommendation=OVERALL_MATCHUP_ADVANTAGE	TossRecommendation=TOSS_DATA_INSUFFICIENT	StrategyRecommendation=BAT_FIELD_DATA_INSUFFICIENT	VenueConfidence=VERY_LOW	PerformanceScore=59.82	StrategyBonus=0.00	TossBonus=0.00	FinalScore=59.82	FinalDecision=BALANCED	DecisionConfidence=VERY_LOW	StrategySignal=NONE	TossSignal=NONE	VenueConfidence=VERY_LOW
Eden Gardens, Kolkata	Kolkata Knight Riders	Rajasthan Royals	VenueWin%=0.00	OverallWin%=50.00	VenueMatches=2	OverallMatches=28	Matches=2	Wins=0	Losses=2	Win%=0.00	TossWins=0	TossLosses=2	TossWinMatchWins=0	TossWinMatchLosses=0	TossConversion%=0.00	BatFirst=0	BatFirstWins=0	BatFirstWin%=0.00	FieldFirst=0	FieldFirstWins=0	FieldFirstWin%=0.00	OverallConfidence=VERY_STRONG	RecommendationSource=OVERALL_MATCHUP	Recommendation=OVERALL_MATCHUP_BALANCED	TossRecommendation=TOSS_DATA_INSUFFICIENT	StrategyRecommendation=BAT_FIELD_DATA_INSUFFICIENT	VenueConfidence=VERY_LOW	PerformanceScore=36.00	StrategyBonus=0.00	TossBonus=0.00	FinalScore=36.00	FinalDecision=NEGATIVE	DecisionConfidence=VERY_LOW	StrategySignal=NONE	TossSignal=NONE	VenueConfidence=VERY_LOW
Eden Gardens, Kolkata	Kolkata Knight Riders	Royal Challengers Bengaluru	VenueWin%=100.00	OverallWin%=58.82	VenueMatches=2	OverallMatches=34	Matches=2	Wins=2	Losses=0	Win%=100.00	TossWins=0	TossLosses=2	TossWinMatchWins=0	TossWinMatchLosses=0	TossConversion%=0.00	BatFirst=0	BatFirstWins=0	BatFirstWin%=0.00	FieldFirst=0	FieldFirstWins=0	FieldFirstWin%=0.00	OverallConfidence=VERY_STRONG	RecommendationSource=OVERALL_MATCHUP	Recommendation=OVERALL_MATCHUP_ADVANTAGE	TossRecommendation=TOSS_DATA_INSUFFICIENT	StrategyRecommendation=BAT_FIELD_DATA_INSUFFICIENT	VenueConfidence=VERY_LOW	PerformanceScore=70.35	StrategyBonus=0.00	TossBonus=0.00	FinalScore=70.35	FinalDecision=POSITIVE	DecisionConfidence=VERY_LOW	StrategySignal=NONE	TossSignal=NONE	VenueConfidence=VERY_LOW
Eden Gardens, Kolkata	Kolkata Knight Riders	Sunrisers Hyderabad	VenueWin%=50.00	OverallWin%=67.86	VenueMatches=2	OverallMatches=28	Matches=2	Wins=1	Losses=1	Win%=50.00	TossWins=1	TossLosses=1	TossWinMatchWins=0	TossWinMatchLosses=1	TossConversion%=0.00	BatFirst=0	BatFirstWins=0	BatFirstWin%=0.00	FieldFirst=1	FieldFirstWins=0	FieldFirstWin%=0.00	OverallConfidence=VERY_STRONG	RecommendationSource=OVERALL_MATCHUP	Recommendation=OVERALL_MATCHUP_ADVANTAGE	TossRecommendation=TOSS_DATA_INSUFFICIENT	StrategyRecommendation=BAT_FIELD_DATA_INSUFFICIENT	VenueConfidence=VERY_LOW	PerformanceScore=62.86	StrategyBonus=0.00	TossBonus=0.00	FinalScore=62.86	FinalDecision=POSITIVE	DecisionConfidence=VERY_LOW	StrategySignal=NONE	TossSignal=NONE	VenueConfidence=VERY_LOW
Eden Gardens, Kolkata	Lucknow Super Giants	Kolkata Knight Riders	VenueWin%=50.00	OverallWin%=60.00	VenueMatches=2	OverallMatches=5	Matches=2	Wins=1	Losses=1	Win%=50.00	TossWins=0	TossLosses=2	TossWinMatchWins=0	TossWinMatchLosses=0	TossConversion%=0.00	BatFirst=0	BatFirstWins=0	BatFirstWin%=0.00	FieldFirst=0	FieldFirstWins=0	FieldFirstWin%=0.00	OverallConfidence=MODERATE	RecommendationSource=OVERALL_MATCHUP	Recommendation=OVERALL_MATCHUP_ADVANTAGE	TossRecommendation=TOSS_DATA_INSUFFICIENT	StrategyRecommendation=BAT_FIELD_DATA_INSUFFICIENT	VenueConfidence=VERY_LOW	PerformanceScore=57.20	StrategyBonus=0.00	TossBonus=0.00	FinalScore=57.20	FinalDecision=BALANCED	DecisionConfidence=VERY_LOW	StrategySignal=NONE	TossSignal=NONE	VenueConfidence=VERY_LOW
Eden Gardens, Kolkata	Lucknow Super Giants	Royal Challengers Bengaluru	VenueWin%=0.00	OverallWin%=40.00	VenueMatches=1	OverallMatches=5	Matches=1	Wins=0	Losses=1	Win%=0.00	TossWins=1	TossLosses=0	TossWinMatchWins=0	TossWinMatchLosses=1	TossConversion%=0.00	BatFirst=0	BatFirstWins=0	BatFirstWin%=0.00	FieldFirst=1	FieldFirstWins=0	FieldFirstWin%=0.00	OverallConfidence=MODERATE	RecommendationSource=OVERALL_MATCHUP	Recommendation=OVERALL_MATCHUP_DISADVANTAGE	TossRecommendation=TOSS_DATA_INSUFFICIENT	StrategyRecommendation=BAT_FIELD_DATA_INSUFFICIENT	VenueConfidence=VERY_LOW	PerformanceScore=30.40	StrategyBonus=0.00	TossBonus=0.00	FinalScore=30.40	FinalDecision=NEGATIVE	DecisionConfidence=VERY_LOW	StrategySignal=NONE	TossSignal=NONE	VenueConfidence=VERY_LOW
Eden Gardens, Kolkata	Mumbai Indians	Kolkata Knight Riders	VenueWin%=0.00	OverallWin%=67.65	VenueMatches=1	OverallMatches=34	Matches=1	Wins=0	Losses=1	Win%=0.00	TossWins=1	TossLosses=0	TossWinMatchWins=0	TossWinMatchLosses=1	TossConversion%=0.00	BatFirst=0	BatFirstWins=0	BatFirstWin%=0.00	FieldFirst=1	FieldFirstWins=0	FieldFirstWin%=0.00	OverallConfidence=VERY_STRONG	RecommendationSource=OVERALL_MATCHUP	Recommendation=OVERALL_MATCHUP_ADVANTAGE	TossRecommendation=TOSS_DATA_INSUFFICIENT	StrategyRecommendation=BAT_FIELD_DATA_INSUFFICIENT	VenueConfidence=VERY_LOW	PerformanceScore=51.41	StrategyBonus=0.00	TossBonus=0.00	FinalScore=51.41	FinalDecision=BALANCED	DecisionConfidence=VERY_LOW	StrategySignal=NONE	TossSignal=NONE	VenueConfidence=VERY_LOW
Eden Gardens, Kolkata	Punjab Kings	Kolkata Knight Riders	VenueWin%=50.00	OverallWin%=36.36	VenueMatches=2	OverallMatches=33	Matches=2	Wins=1	Losses=1	Win%=50.00	TossWins=2	TossLosses=0	TossWinMatchWins=1	TossWinMatchLosses=1	TossConversion%=50.00	BatFirst=1	BatFirstWins=0	BatFirstWin%=0.00	FieldFirst=1	FieldFirstWins=1	FieldFirstWin%=100.00	OverallConfidence=VERY_STRONG	RecommendationSource=OVERALL_MATCHUP	Recommendation=OVERALL_MATCHUP_DISADVANTAGE	TossRecommendation=TOSS_DATA_INSUFFICIENT	StrategyRecommendation=BAT_FIELD_DATA_INSUFFICIENT	VenueConfidence=VERY_LOW	PerformanceScore=40.18	StrategyBonus=0.00	TossBonus=0.00	FinalScore=40.18	FinalDecision=NEGATIVE	DecisionConfidence=VERY_LOW	StrategySignal=NONE	TossSignal=NONE	VenueConfidence=VERY_LOW
Eden Gardens, Kolkata	Rajasthan Royals	Gujarat Titans	VenueWin%=0.00	OverallWin%=16.67	VenueMatches=1	OverallMatches=6	Matches=1	Wins=0	Losses=1	Win%=0.00	TossWins=0	TossLosses=1	TossWinMatchWins=0	TossWinMatchLosses=0	TossConversion%=0.00	BatFirst=0	BatFirstWins=0	BatFirstWin%=0.00	FieldFirst=0	FieldFirstWins=0	FieldFirstWin%=0.00	OverallConfidence=MODERATE	RecommendationSource=OVERALL_MATCHUP	Recommendation=OVERALL_MATCHUP_DISADVANTAGE	TossRecommendation=TOSS_DATA_INSUFFICIENT	StrategyRecommendation=BAT_FIELD_DATA_INSUFFICIENT	VenueConfidence=VERY_LOW	PerformanceScore=12.67	StrategyBonus=0.00	TossBonus=0.00	FinalScore=12.67	FinalDecision=STRONG_NEGATIVE	DecisionConfidence=VERY_LOW	StrategySignal=NONE	TossSignal=NONE	VenueConfidence=VERY_LOW
Eden Gardens, Kolkata	Rajasthan Royals	Kolkata Knight Riders	VenueWin%=100.00	OverallWin%=50.00	VenueMatches=2	OverallMatches=28	Matches=2	Wins=2	Losses=0	Win%=100.00	TossWins=2	TossLosses=0	TossWinMatchWins=2	TossWinMatchLosses=0	TossConversion%=100.00	BatFirst=0	BatFirstWins=0	BatFirstWin%=0.00	FieldFirst=2	FieldFirstWins=2	FieldFirstWin%=100.00	OverallConfidence=VERY_STRONG	RecommendationSource=OVERALL_MATCHUP	Recommendation=OVERALL_MATCHUP_BALANCED	TossRecommendation=TOSS_DATA_INSUFFICIENT	StrategyRecommendation=BAT_FIELD_DATA_INSUFFICIENT	VenueConfidence=VERY_LOW	PerformanceScore=64.00	StrategyBonus=0.00	TossBonus=0.00	FinalScore=64.00	FinalDecision=POSITIVE	DecisionConfidence=VERY_LOW	StrategySignal=NONE	TossSignal=NONE	VenueConfidence=VERY_LOW
Eden Gardens, Kolkata	Royal Challengers Bengaluru	Kolkata Knight Riders	VenueWin%=0.00	OverallWin%=41.18	VenueMatches=2	OverallMatches=34	Matches=2	Wins=0	Losses=2	Win%=0.00	TossWins=2	TossLosses=0	TossWinMatchWins=0	TossWinMatchLosses=2	TossConversion%=0.00	BatFirst=0	BatFirstWins=0	BatFirstWin%=0.00	FieldFirst=2	FieldFirstWins=0	FieldFirstWin%=0.00	OverallConfidence=VERY_STRONG	RecommendationSource=OVERALL_MATCHUP	Recommendation=OVERALL_MATCHUP_BALANCED	TossRecommendation=TOSS_DATA_INSUFFICIENT	StrategyRecommendation=BAT_FIELD_DATA_INSUFFICIENT	VenueConfidence=VERY_LOW	PerformanceScore=29.65	StrategyBonus=0.00	TossBonus=0.00	FinalScore=29.65	FinalDecision=STRONG_NEGATIVE	DecisionConfidence=VERY_LOW	StrategySignal=NONE	TossSignal=NONE	VenueConfidence=VERY_LOW
Eden Gardens, Kolkata	Royal Challengers Bengaluru	Lucknow Super Giants	VenueWin%=100.00	OverallWin%=60.00	VenueMatches=1	OverallMatches=5	Matches=1	Wins=1	Losses=0	Win%=100.00	TossWins=0	TossLosses=1	TossWinMatchWins=0	TossWinMatchLosses=0	TossConversion%=0.00	BatFirst=0	BatFirstWins=0	BatFirstWin%=0.00	FieldFirst=0	FieldFirstWins=0	FieldFirstWin%=0.00	OverallConfidence=MODERATE	RecommendationSource=OVERALL_MATCHUP	Recommendation=OVERALL_MATCHUP_ADVANTAGE	TossRecommendation=TOSS_DATA_INSUFFICIENT	StrategyRecommendation=BAT_FIELD_DATA_INSUFFICIENT	VenueConfidence=VERY_LOW	PerformanceScore=69.60	StrategyBonus=0.00	TossBonus=0.00	FinalScore=69.60	FinalDecision=POSITIVE	DecisionConfidence=VERY_LOW	StrategySignal=NONE	TossSignal=NONE	VenueConfidence=VERY_LOW
Eden Gardens, Kolkata	Sunrisers Hyderabad	Kolkata Knight Riders	VenueWin%=50.00	OverallWin%=32.14	VenueMatches=2	OverallMatches=28	Matches=2	Wins=1	Losses=1	Win%=50.00	TossWins=1	TossLosses=1	TossWinMatchWins=0	TossWinMatchLosses=1	TossConversion%=0.00	BatFirst=0	BatFirstWins=0	BatFirstWin%=0.00	FieldFirst=1	FieldFirstWins=0	FieldFirstWin%=0.00	OverallConfidence=VERY_STRONG	RecommendationSource=OVERALL_MATCHUP	Recommendation=OVERALL_MATCHUP_DISADVANTAGE	TossRecommendation=TOSS_DATA_INSUFFICIENT	StrategyRecommendation=BAT_FIELD_DATA_INSUFFICIENT	VenueConfidence=VERY_LOW	PerformanceScore=37.14	StrategyBonus=0.00	TossBonus=0.00	FinalScore=37.14	FinalDecision=NEGATIVE	DecisionConfidence=VERY_LOW	StrategySignal=NONE	TossSignal=NONE	VenueConfidence=VERY_LOW
Feroz Shah Kotla	Chennai Super Kings	Delhi Capitals	VenueWin%=80.00	OverallWin%=63.33	VenueMatches=5	OverallMatches=30	Matches=5	Wins=4	Losses=1	Win%=80.00	TossWins=3	TossLosses=2	TossWinMatchWins=3	TossWinMatchLosses=0	TossConversion%=100.00	BatFirst=1	BatFirstWins=1	BatFirstWin%=100.00	FieldFirst=2	FieldFirstWins=2	FieldFirstWin%=100.00	OverallConfidence=VERY_STRONG	RecommendationSource=VENUE	Recommendation=STRONG_VENUE_ADVANTAGE	TossRecommendation=TOSS_WIN_HAS_STRONG_VALUE	StrategyRecommendation=BAT_FIELD_DATA_INSUFFICIENT	VenueConfidence=MODERATE	PerformanceScore=70.00	StrategyBonus=0.00	TossBonus=2.00	FinalScore=72.00	FinalDecision=POSITIVE	DecisionConfidence=MODERATE	StrategySignal=NONE	TossSignal=STRONG	VenueConfidence=MODERATE
Feroz Shah Kotla	Chennai Super Kings	Mumbai Indians	VenueWin%=100.00	OverallWin%=45.95	VenueMatches=1	OverallMatches=37	Matches=1	Wins=1	Losses=0	Win%=100.00	TossWins=1	TossLosses=0	TossWinMatchWins=1	TossWinMatchLosses=0	TossConversion%=100.00	BatFirst=1	BatFirstWins=1	BatFirstWin%=100.00	FieldFirst=0	FieldFirstWins=0	FieldFirstWin%=0.00	OverallConfidence=VERY_STRONG	RecommendationSource=OVERALL_MATCHUP	Recommendation=OVERALL_MATCHUP_BALANCED	TossRecommendation=TOSS_DATA_INSUFFICIENT	StrategyRecommendation=BAT_FIELD_DATA_INSUFFICIENT	VenueConfidence=VERY_LOW	PerformanceScore=58.92	StrategyBonus=0.00	TossBonus=0.00	FinalScore=58.92	FinalDecision=BALANCED	DecisionConfidence=VERY_LOW	StrategySignal=NONE	TossSignal=NONE	VenueConfidence=VERY_LOW
Feroz Shah Kotla	Deccan Chargers	Delhi Capitals	VenueWin%=50.00	OverallWin%=36.36	VenueMatches=4	OverallMatches=11	Matches=4	Wins=2	Losses=2	Win%=50.00	TossWins=4	TossLosses=0	TossWinMatchWins=2	TossWinMatchLosses=2	TossConversion%=50.00	BatFirst=3	BatFirstWins=2	BatFirstWin%=66.67	FieldFirst=1	FieldFirstWins=0	FieldFirstWin%=0.00	OverallConfidence=STRONG	RecommendationSource=VENUE	Recommendation=BALANCED_VENUE	TossRecommendation=TOSS_IMPACT_BALANCED	StrategyRecommendation=BAT_FIRST_DATA_STRONGER	VenueConfidence=LOW	PerformanceScore=41.27	StrategyBonus=0.00	TossBonus=0.00	FinalScore=41.27	FinalDecision=NEGATIVE	DecisionConfidence=LOW	StrategySignal=NONE	TossSignal=NONE	VenueConfidence=LOW
Feroz Shah Kotla	Delhi Capitals	Chennai Super Kings	VenueWin%=20.00	OverallWin%=36.67	VenueMatches=5	OverallMatches=30	Matches=5	Wins=1	Losses=4	Win%=20.00	TossWins=2	TossLosses=3	TossWinMatchWins=1	TossWinMatchLosses=1	TossConversion%=50.00	BatFirst=1	BatFirstWins=0	BatFirstWin%=0.00	FieldFirst=1	FieldFirstWins=1	FieldFirstWin%=100.00	OverallConfidence=VERY_STRONG	RecommendationSource=VENUE	Recommendation=VENUE_DISADVANTAGE	TossRecommendation=TOSS_IMPACT_BALANCED	StrategyRecommendation=BAT_FIELD_DATA_INSUFFICIENT	VenueConfidence=MODERATE	PerformanceScore=30.00	StrategyBonus=0.00	TossBonus=0.00	FinalScore=30.00	FinalDecision=NEGATIVE	DecisionConfidence=MODERATE	StrategySignal=NONE	TossSignal=LOW	VenueConfidence=MODERATE
Feroz Shah Kotla	Delhi Capitals	Deccan Chargers	VenueWin%=50.00	OverallWin%=63.64	VenueMatches=4	OverallMatches=11	Matches=4	Wins=2	Losses=2	Win%=50.00	TossWins=0	TossLosses=4	TossWinMatchWins=0	TossWinMatchLosses=0	TossConversion%=0.00	BatFirst=0	BatFirstWins=0	BatFirstWin%=0.00	FieldFirst=0	FieldFirstWins=0	FieldFirstWin%=0.00	OverallConfidence=STRONG	RecommendationSource=VENUE	Recommendation=BALANCED_VENUE	TossRecommendation=TOSS_WIN_HAS_LOW_VALUE	StrategyRecommendation=BAT_FIELD_DATA_INSUFFICIENT	VenueConfidence=LOW	PerformanceScore=58.73	StrategyBonus=0.00	TossBonus=0.00	FinalScore=58.73	FinalDecision=BALANCED	DecisionConfidence=LOW	StrategySignal=NONE	TossSignal=NONE	VenueConfidence=LOW
Feroz Shah Kotla	Delhi Capitals	Gujarat Lions	VenueWin%=50.00	OverallWin%=75.00	VenueMatches=2	OverallMatches=4	Matches=2	Wins=1	Losses=1	Win%=50.00	TossWins=2	TossLosses=0	TossWinMatchWins=1	TossWinMatchLosses=1	TossConversion%=50.00	BatFirst=0	BatFirstWins=0	BatFirstWin%=0.00	FieldFirst=2	FieldFirstWins=1	FieldFirstWin%=50.00	OverallConfidence=LOW	RecommendationSource=OVERALL_MATCHUP	Recommendation=OVERALL_MATCHUP_STRONG_ADVANTAGE	TossRecommendation=TOSS_DATA_INSUFFICIENT	StrategyRecommendation=BAT_FIELD_DATA_INSUFFICIENT	VenueConfidence=VERY_LOW	PerformanceScore=68.00	StrategyBonus=0.00	TossBonus=0.00	FinalScore=68.00	FinalDecision=POSITIVE	DecisionConfidence=VERY_LOW	StrategySignal=NONE	TossSignal=NONE	VenueConfidence=VERY_LOW
Feroz Shah Kotla	Delhi Capitals	Kochi Tuskers Kerala	VenueWin%=0.00	OverallWin%=50.00	VenueMatches=1	OverallMatches=2	Matches=1	Wins=0	Losses=1	Win%=0.00	TossWins=0	TossLosses=1	TossWinMatchWins=0	TossWinMatchLosses=0	TossConversion%=0.00	BatFirst=0	BatFirstWins=0	BatFirstWin%=0.00	FieldFirst=0	FieldFirstWins=0	FieldFirstWin%=0.00	OverallConfidence=VERY_LOW	RecommendationSource=INSUFFICIENT	Recommendation=INSUFFICIENT_DATA	TossRecommendation=TOSS_DATA_INSUFFICIENT	StrategyRecommendation=BAT_FIELD_DATA_INSUFFICIENT	VenueConfidence=VERY_LOW	PerformanceScore=38.00	StrategyBonus=0.00	TossBonus=0.00	FinalScore=38.00	FinalDecision=NEGATIVE	DecisionConfidence=VERY_LOW	StrategySignal=NONE	TossSignal=NONE	VenueConfidence=VERY_LOW
Feroz Shah Kotla	Delhi Capitals	Kolkata Knight Riders	VenueWin%=28.57	OverallWin%=45.45	VenueMatches=7	OverallMatches=33	Matches=7	Wins=2	Losses=5	Win%=28.57	TossWins=5	TossLosses=2	TossWinMatchWins=1	TossWinMatchLosses=4	TossConversion%=20.00	BatFirst=4	BatFirstWins=1	BatFirstWin%=25.00	FieldFirst=1	FieldFirstWins=0	FieldFirstWin%=0.00	OverallConfidence=VERY_STRONG	RecommendationSource=VENUE	Recommendation=VENUE_DISADVANTAGE	TossRecommendation=TOSS_WIN_HAS_LOW_VALUE	StrategyRecommendation=BAT_FIRST_DATA_STRONGER	VenueConfidence=MODERATE	PerformanceScore=37.35	StrategyBonus=0.00	TossBonus=0.00	FinalScore=37.35	FinalDecision=NEGATIVE	DecisionConfidence=MODERATE	StrategySignal=NONE	TossSignal=LOW	VenueConfidence=MODERATE
Feroz Shah Kotla	Delhi Capitals	Mumbai Indians	VenueWin%=62.50	OverallWin%=45.71	VenueMatches=8	OverallMatches=35	Matches=8	Wins=5	Losses=3	Win%=62.50	TossWins=4	TossLosses=4	TossWinMatchWins=1	TossWinMatchLosses=3	TossConversion%=25.00	BatFirst=1	BatFirstWins=0	BatFirstWin%=0.00	FieldFirst=3	FieldFirstWins=1	FieldFirstWin%=33.33	OverallConfidence=VERY_STRONG	RecommendationSource=VENUE	Recommendation=VENUE_ADVANTAGE	TossRecommendation=TOSS_WIN_HAS_LOW_VALUE	StrategyRecommendation=FIELD_FIRST_DATA_STRONGER	VenueConfidence=MODERATE	PerformanceScore=54.44	StrategyBonus=0.00	TossBonus=0.00	FinalScore=54.44	FinalDecision=BALANCED	DecisionConfidence=MODERATE	StrategySignal=NONE	TossSignal=LOW	VenueConfidence=MODERATE
Feroz Shah Kotla	Delhi Capitals	Pune Warriors	VenueWin%=0.00	OverallWin%=50.00	VenueMatches=2	OverallMatches=6	Matches=2	Wins=0	Losses=2	Win%=0.00	TossWins=2	TossLosses=0	TossWinMatchWins=0	TossWinMatchLosses=2	TossConversion%=0.00	BatFirst=1	BatFirstWins=0	BatFirstWin%=0.00	FieldFirst=1	FieldFirstWins=0	FieldFirstWin%=0.00	OverallConfidence=MODERATE	RecommendationSource=OVERALL_MATCHUP	Recommendation=OVERALL_MATCHUP_BALANCED	TossRecommendation=TOSS_DATA_INSUFFICIENT	StrategyRecommendation=BAT_FIELD_DATA_INSUFFICIENT	VenueConfidence=VERY_LOW	PerformanceScore=36.00	StrategyBonus=0.00	TossBonus=0.00	FinalScore=36.00	FinalDecision=NEGATIVE	DecisionConfidence=VERY_LOW	StrategySignal=NONE	TossSignal=NONE	VenueConfidence=VERY_LOW
Feroz Shah Kotla	Delhi Capitals	Punjab Kings	VenueWin%=55.56	OverallWin%=48.48	VenueMatches=9	OverallMatches=33	Matches=9	Wins=5	Losses=4	Win%=55.56	TossWins=5	TossLosses=4	TossWinMatchWins=3	TossWinMatchLosses=2	TossConversion%=60.00	BatFirst=3	BatFirstWins=1	BatFirstWin%=33.33	FieldFirst=2	FieldFirstWins=2	FieldFirstWin%=100.00	OverallConfidence=VERY_STRONG	RecommendationSource=VENUE	Recommendation=VENUE_ADVANTAGE	TossRecommendation=TOSS_WIN_HAS_MODERATE_VALUE	StrategyRecommendation=BAT_FIRST_DATA_STRONGER	VenueConfidence=MODERATE	PerformanceScore=52.44	StrategyBonus=0.00	TossBonus=1.00	FinalScore=53.44	FinalDecision=BALANCED	DecisionConfidence=MODERATE	StrategySignal=NONE	TossSignal=MODERATE	VenueConfidence=MODERATE
Feroz Shah Kotla	Delhi Capitals	Rajasthan Royals	VenueWin%=50.00	OverallWin%=48.28	VenueMatches=6	OverallMatches=29	Matches=6	Wins=3	Losses=3	Win%=50.00	TossWins=2	TossLosses=4	TossWinMatchWins=2	TossWinMatchLosses=0	TossConversion%=100.00	BatFirst=2	BatFirstWins=2	BatFirstWin%=100.00	FieldFirst=0	FieldFirstWins=0	FieldFirstWin%=0.00	OverallConfidence=VERY_STRONG	RecommendationSource=VENUE	Recommendation=BALANCED_VENUE	TossRecommendation=TOSS_WIN_HAS_STRONG_VALUE	StrategyRecommendation=BAT_FIELD_DATA_INSUFFICIENT	VenueConfidence=MODERATE	PerformanceScore=49.04	StrategyBonus=0.00	TossBonus=2.00	FinalScore=51.04	FinalDecision=BALANCED	DecisionConfidence=MODERATE	StrategySignal=NONE	TossSignal=STRONG	VenueConfidence=MODERATE
Feroz Shah Kotla	Delhi Capitals	Rising Pune Supergiants	VenueWin%=50.00	OverallWin%=50.00	VenueMatches=2	OverallMatches=4	Matches=2	Wins=1	Losses=1	Win%=50.00	TossWins=1	TossLosses=1	TossWinMatchWins=1	TossWinMatchLosses=0	TossConversion%=100.00	BatFirst=1	BatFirstWins=1	BatFirstWin%=100.00	FieldFirst=0	FieldFirstWins=0	FieldFirstWin%=0.00	OverallConfidence=LOW	RecommendationSource=OVERALL_MATCHUP	Recommendation=OVERALL_MATCHUP_BALANCED	TossRecommendation=TOSS_DATA_INSUFFICIENT	StrategyRecommendation=BAT_FIELD_DATA_INSUFFICIENT	VenueConfidence=VERY_LOW	PerformanceScore=50.00	StrategyBonus=0.00	TossBonus=0.00	FinalScore=50.00	FinalDecision=BALANCED	DecisionConfidence=VERY_LOW	StrategySignal=NONE	TossSignal=NONE	VenueConfidence=VERY_LOW
Feroz Shah Kotla	Delhi Capitals	Royal Challengers Bengaluru	VenueWin%=28.57	OverallWin%=35.48	VenueMatches=7	OverallMatches=31	Matches=7	Wins=2	Losses=5	Win%=28.57	TossWins=3	TossLosses=4	TossWinMatchWins=1	TossWinMatchLosses=2	TossConversion%=33.33	BatFirst=1	BatFirstWins=1	BatFirstWin%=100.00	FieldFirst=2	FieldFirstWins=0	FieldFirstWin%=0.00	OverallConfidence=VERY_STRONG	RecommendationSource=VENUE	Recommendation=VENUE_DISADVANTAGE	TossRecommendation=TOSS_WIN_HAS_LOW_VALUE	StrategyRecommendation=BAT_FIELD_DATA_INSUFFICIENT	VenueConfidence=MODERATE	PerformanceScore=32.16	StrategyBonus=0.00	TossBonus=0.00	FinalScore=32.16	FinalDecision=NEGATIVE	DecisionConfidence=MODERATE	StrategySignal=NONE	TossSignal=LOW	VenueConfidence=MODERATE
Feroz Shah Kotla	Delhi Capitals	Sunrisers Hyderabad	VenueWin%=33.33	OverallWin%=45.83	VenueMatches=3	OverallMatches=24	Matches=3	Wins=1	Losses=2	Win%=33.33	TossWins=2	TossLosses=1	TossWinMatchWins=1	TossWinMatchLosses=1	TossConversion%=50.00	BatFirst=1	BatFirstWins=0	BatFirstWin%=0.00	FieldFirst=1	FieldFirstWins=1	FieldFirstWin%=100.00	OverallConfidence=VERY_STRONG	RecommendationSource=VENUE	Recommendation=VENUE_DISADVANTAGE	TossRecommendation=TOSS_IMPACT_BALANCED	StrategyRecommendation=BAT_FIELD_DATA_INSUFFICIENT	VenueConfidence=LOW	PerformanceScore=41.83	StrategyBonus=0.00	TossBonus=0.00	FinalScore=41.83	FinalDecision=NEGATIVE	DecisionConfidence=LOW	StrategySignal=NONE	TossSignal=NONE	VenueConfidence=LOW
Feroz Shah Kotla	Gujarat Lions	Delhi Capitals	VenueWin%=50.00	OverallWin%=25.00	VenueMatches=2	OverallMatches=4	Matches=2	Wins=1	Losses=1	Win%=50.00	TossWins=0	TossLosses=2	TossWinMatchWins=0	TossWinMatchLosses=0	TossConversion%=0.00	BatFirst=0	BatFirstWins=0	BatFirstWin%=0.00	FieldFirst=0	FieldFirstWins=0	FieldFirstWin%=0.00	OverallConfidence=LOW	RecommendationSource=OVERALL_MATCHUP	Recommendation=OVERALL_MATCHUP_DISADVANTAGE	TossRecommendation=TOSS_DATA_INSUFFICIENT	StrategyRecommendation=BAT_FIELD_DATA_INSUFFICIENT	VenueConfidence=VERY_LOW	PerformanceScore=32.00	StrategyBonus=0.00	TossBonus=0.00	FinalScore=32.00	FinalDecision=NEGATIVE	DecisionConfidence=VERY_LOW	StrategySignal=NONE	TossSignal=NONE	VenueConfidence=VERY_LOW
Feroz Shah Kotla	Gujarat Lions	Sunrisers Hyderabad	VenueWin%=0.00	OverallWin%=0.00	VenueMatches=1	OverallMatches=5	Matches=1	Wins=0	Losses=1	Win%=0.00	TossWins=0	TossLosses=1	TossWinMatchWins=0	TossWinMatchLosses=0	TossConversion%=0.00	BatFirst=0	BatFirstWins=0	BatFirstWin%=0.00	FieldFirst=0	FieldFirstWins=0	FieldFirstWin%=0.00	OverallConfidence=MODERATE	RecommendationSource=OVERALL_MATCHUP	Recommendation=OVERALL_MATCHUP_DISADVANTAGE	TossRecommendation=TOSS_DATA_INSUFFICIENT	StrategyRecommendation=BAT_FIELD_DATA_INSUFFICIENT	VenueConfidence=VERY_LOW	PerformanceScore=0.00	StrategyBonus=0.00	TossBonus=0.00	FinalScore=0.00	FinalDecision=STRONG_NEGATIVE	DecisionConfidence=VERY_LOW	StrategySignal=NONE	TossSignal=NONE	VenueConfidence=VERY_LOW
Feroz Shah Kotla	Kochi Tuskers Kerala	Delhi Capitals	VenueWin%=100.00	OverallWin%=50.00	VenueMatches=1	OverallMatches=2	Matches=1	Wins=1	Losses=0	Win%=100.00	TossWins=1	TossLosses=0	TossWinMatchWins=1	TossWinMatchLosses=0	TossConversion%=100.00	BatFirst=0	BatFirstWins=0	BatFirstWin%=0.00	FieldFirst=1	FieldFirstWins=1	FieldFirstWin%=100.00	OverallConfidence=VERY_LOW	RecommendationSource=INSUFFICIENT	Recommendation=INSUFFICIENT_DATA	TossRecommendation=TOSS_DATA_INSUFFICIENT	StrategyRecommendation=BAT_FIELD_DATA_INSUFFICIENT	VenueConfidence=VERY_LOW	PerformanceScore=62.00	StrategyBonus=0.00	TossBonus=0.00	FinalScore=62.00	FinalDecision=POSITIVE	DecisionConfidence=VERY_LOW	StrategySignal=NONE	TossSignal=NONE	VenueConfidence=VERY_LOW
Feroz Shah Kotla	Kolkata Knight Riders	Delhi Capitals	VenueWin%=71.43	OverallWin%=54.55	VenueMatches=7	OverallMatches=33	Matches=7	Wins=5	Losses=2	Win%=71.43	TossWins=2	TossLosses=5	TossWinMatchWins=1	TossWinMatchLosses=1	TossConversion%=50.00	BatFirst=0	BatFirstWins=0	BatFirstWin%=0.00	FieldFirst=2	FieldFirstWins=1	FieldFirstWin%=50.00	OverallConfidence=VERY_STRONG	RecommendationSource=VENUE	Recommendation=STRONG_VENUE_ADVANTAGE	TossRecommendation=TOSS_IMPACT_BALANCED	StrategyRecommendation=BAT_FIELD_DATA_INSUFFICIENT	VenueConfidence=MODERATE	PerformanceScore=62.65	StrategyBonus=0.00	TossBonus=0.00	FinalScore=62.65	FinalDecision=POSITIVE	DecisionConfidence=MODERATE	StrategySignal=NONE	TossSignal=LOW	VenueConfidence=MODERATE
Feroz Shah Kotla	Kolkata Knight Riders	Sunrisers Hyderabad	VenueWin%=0.00	OverallWin%=67.86	VenueMatches=1	OverallMatches=28	Matches=1	Wins=0	Losses=1	Win%=0.00	TossWins=1	TossLosses=0	TossWinMatchWins=0	TossWinMatchLosses=1	TossConversion%=0.00	BatFirst=0	BatFirstWins=0	BatFirstWin%=0.00	FieldFirst=1	FieldFirstWins=0	FieldFirstWin%=0.00	OverallConfidence=VERY_STRONG	RecommendationSource=OVERALL_MATCHUP	Recommendation=OVERALL_MATCHUP_ADVANTAGE	TossRecommendation=TOSS_DATA_INSUFFICIENT	StrategyRecommendation=BAT_FIELD_DATA_INSUFFICIENT	VenueConfidence=VERY_LOW	PerformanceScore=51.57	StrategyBonus=0.00	TossBonus=0.00	FinalScore=51.57	FinalDecision=BALANCED	DecisionConfidence=VERY_LOW	StrategySignal=NONE	TossSignal=NONE	VenueConfidence=VERY_LOW
Feroz Shah Kotla	Mumbai Indians	Chennai Super Kings	VenueWin%=0.00	OverallWin%=54.05	VenueMatches=1	OverallMatches=37	Matches=1	Wins=0	Losses=1	Win%=0.00	TossWins=0	TossLosses=1	TossWinMatchWins=0	TossWinMatchLosses=0	TossConversion%=0.00	BatFirst=0	BatFirstWins=0	BatFirstWin%=0.00	FieldFirst=0	FieldFirstWins=0	FieldFirstWin%=0.00	OverallConfidence=VERY_STRONG	RecommendationSource=OVERALL_MATCHUP	Recommendation=OVERALL_MATCHUP_BALANCED	TossRecommendation=TOSS_DATA_INSUFFICIENT	StrategyRecommendation=BAT_FIELD_DATA_INSUFFICIENT	VenueConfidence=VERY_LOW	PerformanceScore=41.08	StrategyBonus=0.00	TossBonus=0.00	FinalScore=41.08	FinalDecision=NEGATIVE	DecisionConfidence=VERY_LOW	StrategySignal=NONE	TossSignal=NONE	VenueConfidence=VERY_LOW
Feroz Shah Kotla	Mumbai Indians	Delhi Capitals	VenueWin%=37.50	OverallWin%=54.29	VenueMatches=8	OverallMatches=35	Matches=8	Wins=3	Losses=5	Win%=37.50	TossWins=4	TossLosses=4	TossWinMatchWins=0	TossWinMatchLosses=4	TossConversion%=0.00	BatFirst=1	BatFirstWins=0	BatFirstWin%=0.00	FieldFirst=3	FieldFirstWins=0	FieldFirstWin%=0.00	OverallConfidence=VERY_STRONG	RecommendationSource=VENUE	Recommendation=VENUE_DISADVANTAGE	TossRecommendation=TOSS_WIN_HAS_LOW_VALUE	StrategyRecommendation=FIELD_FIRST_DATA_STRONGER	VenueConfidence=MODERATE	PerformanceScore=45.56	StrategyBonus=0.00	TossBonus=0.00	FinalScore=45.56	FinalDecision=BALANCED	DecisionConfidence=MODERATE	StrategySignal=NONE	TossSignal=LOW	VenueConfidence=MODERATE
Feroz Shah Kotla	Pune Warriors	Delhi Capitals	VenueWin%=50.00	OverallWin%=33.33	VenueMatches=2	OverallMatches=6	Matches=2	Wins=1	Losses=1	Win%=50.00	TossWins=0	TossLosses=2	TossWinMatchWins=0	TossWinMatchLosses=0	TossConversion%=0.00	BatFirst=0	BatFirstWins=0	BatFirstWin%=0.00	FieldFirst=0	FieldFirstWins=0	FieldFirstWin%=0.00	OverallConfidence=MODERATE	RecommendationSource=OVERALL_MATCHUP	Recommendation=OVERALL_MATCHUP_DISADVANTAGE	TossRecommendation=TOSS_DATA_INSUFFICIENT	StrategyRecommendation=BAT_FIELD_DATA_INSUFFICIENT	VenueConfidence=VERY_LOW	PerformanceScore=38.00	StrategyBonus=0.00	TossBonus=0.00	FinalScore=38.00	FinalDecision=NEGATIVE	DecisionConfidence=VERY_LOW	StrategySignal=NONE	TossSignal=NONE	VenueConfidence=VERY_LOW
Feroz Shah Kotla	Punjab Kings	Delhi Capitals	VenueWin%=44.44	OverallWin%=51.52	VenueMatches=9	OverallMatches=33	Matches=9	Wins=4	Losses=5	Win%=44.44	TossWins=4	TossLosses=5	TossWinMatchWins=2	TossWinMatchLosses=2	TossConversion%=50.00	BatFirst=1	BatFirstWins=0	BatFirstWin%=0.00	FieldFirst=3	FieldFirstWins=2	FieldFirstWin%=66.67	OverallConfidence=VERY_STRONG	RecommendationSource=VENUE	Recommendation=BALANCED_VENUE	TossRecommendation=TOSS_IMPACT_BALANCED	StrategyRecommendation=FIELD_FIRST_DATA_STRONGER	VenueConfidence=MODERATE	PerformanceScore=47.56	StrategyBonus=0.00	TossBonus=0.00	FinalScore=47.56	FinalDecision=BALANCED	DecisionConfidence=MODERATE	StrategySignal=NONE	TossSignal=LOW	VenueConfidence=MODERATE
Feroz Shah Kotla	Rajasthan Royals	Delhi Capitals	VenueWin%=50.00	OverallWin%=51.72	VenueMatches=6	OverallMatches=29	Matches=6	Wins=3	Losses=3	Win%=50.00	TossWins=4	TossLosses=2	TossWinMatchWins=3	TossWinMatchLosses=1	TossConversion%=75.00	BatFirst=2	BatFirstWins=1	BatFirstWin%=50.00	FieldFirst=2	FieldFirstWins=2	FieldFirstWin%=100.00	OverallConfidence=VERY_STRONG	RecommendationSource=VENUE	Recommendation=BALANCED_VENUE	TossRecommendation=TOSS_WIN_HAS_STRONG_VALUE	StrategyRecommendation=BAT_FIELD_DATA_INSUFFICIENT	VenueConfidence=MODERATE	PerformanceScore=50.96	StrategyBonus=0.00	TossBonus=2.00	FinalScore=52.96	FinalDecision=BALANCED	DecisionConfidence=MODERATE	StrategySignal=NONE	TossSignal=STRONG	VenueConfidence=MODERATE
Feroz Shah Kotla	Rajasthan Royals	Sunrisers Hyderabad	VenueWin%=100.00	OverallWin%=45.00	VenueMatches=1	OverallMatches=20	Matches=1	Wins=1	Losses=0	Win%=100.00	TossWins=0	TossLosses=1	TossWinMatchWins=0	TossWinMatchLosses=0	TossConversion%=0.00	BatFirst=0	BatFirstWins=0	BatFirstWin%=0.00	FieldFirst=0	FieldFirstWins=0	FieldFirstWin%=0.00	OverallConfidence=VERY_STRONG	RecommendationSource=OVERALL_MATCHUP	Recommendation=OVERALL_MATCHUP_BALANCED	TossRecommendation=TOSS_DATA_INSUFFICIENT	StrategyRecommendation=BAT_FIELD_DATA_INSUFFICIENT	VenueConfidence=VERY_LOW	PerformanceScore=58.20	StrategyBonus=0.00	TossBonus=0.00	FinalScore=58.20	FinalDecision=BALANCED	DecisionConfidence=VERY_LOW	StrategySignal=NONE	TossSignal=NONE	VenueConfidence=VERY_LOW
Feroz Shah Kotla	Rising Pune Supergiants	Delhi Capitals	VenueWin%=50.00	OverallWin%=50.00	VenueMatches=2	OverallMatches=4	Matches=2	Wins=1	Losses=1	Win%=50.00	TossWins=1	TossLosses=1	TossWinMatchWins=1	TossWinMatchLosses=0	TossConversion%=100.00	BatFirst=0	BatFirstWins=0	BatFirstWin%=0.00	FieldFirst=1	FieldFirstWins=1	FieldFirstWin%=100.00	OverallConfidence=LOW	RecommendationSource=OVERALL_MATCHUP	Recommendation=OVERALL_MATCHUP_BALANCED	TossRecommendation=TOSS_DATA_INSUFFICIENT	StrategyRecommendation=BAT_FIELD_DATA_INSUFFICIENT	VenueConfidence=VERY_LOW	PerformanceScore=50.00	StrategyBonus=0.00	TossBonus=0.00	FinalScore=50.00	FinalDecision=BALANCED	DecisionConfidence=VERY_LOW	StrategySignal=NONE	TossSignal=NONE	VenueConfidence=VERY_LOW
Feroz Shah Kotla	Royal Challengers Bengaluru	Delhi Capitals	VenueWin%=71.43	OverallWin%=61.29	VenueMatches=7	OverallMatches=31	Matches=7	Wins=5	Losses=2	Win%=71.43	TossWins=4	TossLosses=3	TossWinMatchWins=3	TossWinMatchLosses=1	TossConversion%=75.00	BatFirst=1	BatFirstWins=1	BatFirstWin%=100.00	FieldFirst=3	FieldFirstWins=2	FieldFirstWin%=66.67	OverallConfidence=VERY_STRONG	RecommendationSource=VENUE	Recommendation=STRONG_VENUE_ADVANTAGE	TossRecommendation=TOSS_WIN_HAS_STRONG_VALUE	StrategyRecommendation=FIELD_FIRST_DATA_STRONGER	VenueConfidence=MODERATE	PerformanceScore=66.16	StrategyBonus=0.00	TossBonus=2.00	FinalScore=68.16	FinalDecision=POSITIVE	DecisionConfidence=MODERATE	StrategySignal=NONE	TossSignal=STRONG	VenueConfidence=MODERATE
Feroz Shah Kotla	Sunrisers Hyderabad	Delhi Capitals	VenueWin%=66.67	OverallWin%=54.17	VenueMatches=3	OverallMatches=24	Matches=3	Wins=2	Losses=1	Win%=66.67	TossWins=1	TossLosses=2	TossWinMatchWins=1	TossWinMatchLosses=0	TossConversion%=100.00	BatFirst=0	BatFirstWins=0	BatFirstWin%=0.00	FieldFirst=1	FieldFirstWins=1	FieldFirstWin%=100.00	OverallConfidence=VERY_STRONG	RecommendationSource=VENUE	Recommendation=VENUE_ADVANTAGE	TossRecommendation=TOSS_WIN_HAS_STRONG_VALUE	StrategyRecommendation=BAT_FIELD_DATA_INSUFFICIENT	VenueConfidence=LOW	PerformanceScore=58.17	StrategyBonus=0.00	TossBonus=0.00	FinalScore=58.17	FinalDecision=BALANCED	DecisionConfidence=LOW	StrategySignal=NONE	TossSignal=NONE	VenueConfidence=LOW
Feroz Shah Kotla	Sunrisers Hyderabad	Gujarat Lions	VenueWin%=100.00	OverallWin%=100.00	VenueMatches=1	OverallMatches=5	Matches=1	Wins=1	Losses=0	Win%=100.00	TossWins=1	TossLosses=0	TossWinMatchWins=1	TossWinMatchLosses=0	TossConversion%=100.00	BatFirst=0	BatFirstWins=0	BatFirstWin%=0.00	FieldFirst=1	FieldFirstWins=1	FieldFirstWin%=100.00	OverallConfidence=MODERATE	RecommendationSource=OVERALL_MATCHUP	Recommendation=OVERALL_MATCHUP_STRONG_ADVANTAGE	TossRecommendation=TOSS_DATA_INSUFFICIENT	StrategyRecommendation=BAT_FIELD_DATA_INSUFFICIENT	VenueConfidence=VERY_LOW	PerformanceScore=100.00	StrategyBonus=0.00	TossBonus=0.00	FinalScore=100.00	FinalDecision=STRONG_POSITIVE	DecisionConfidence=VERY_LOW	StrategySignal=NONE	TossSignal=NONE	VenueConfidence=VERY_LOW
Feroz Shah Kotla	Sunrisers Hyderabad	Kolkata Knight Riders	VenueWin%=100.00	OverallWin%=32.14	VenueMatches=1	OverallMatches=28	Matches=1	Wins=1	Losses=0	Win%=100.00	TossWins=0	TossLosses=1	TossWinMatchWins=0	TossWinMatchLosses=0	TossConversion%=0.00	BatFirst=0	BatFirstWins=0	BatFirstWin%=0.00	FieldFirst=0	FieldFirstWins=0	FieldFirstWin%=0.00	OverallConfidence=VERY_STRONG	RecommendationSource=OVERALL_MATCHUP	Recommendation=OVERALL_MATCHUP_DISADVANTAGE	TossRecommendation=TOSS_DATA_INSUFFICIENT	StrategyRecommendation=BAT_FIELD_DATA_INSUFFICIENT	VenueConfidence=VERY_LOW	PerformanceScore=48.43	StrategyBonus=0.00	TossBonus=0.00	FinalScore=48.43	FinalDecision=BALANCED	DecisionConfidence=VERY_LOW	StrategySignal=NONE	TossSignal=NONE	VenueConfidence=VERY_LOW
Feroz Shah Kotla	Sunrisers Hyderabad	Rajasthan Royals	VenueWin%=0.00	OverallWin%=55.00	VenueMatches=1	OverallMatches=20	Matches=1	Wins=0	Losses=1	Win%=0.00	TossWins=1	TossLosses=0	TossWinMatchWins=0	TossWinMatchLosses=1	TossConversion%=0.00	BatFirst=1	BatFirstWins=0	BatFirstWin%=0.00	FieldFirst=0	FieldFirstWins=0	FieldFirstWin%=0.00	OverallConfidence=VERY_STRONG	RecommendationSource=OVERALL_MATCHUP	Recommendation=OVERALL_MATCHUP_ADVANTAGE	TossRecommendation=TOSS_DATA_INSUFFICIENT	StrategyRecommendation=BAT_FIELD_DATA_INSUFFICIENT	VenueConfidence=VERY_LOW	PerformanceScore=41.80	StrategyBonus=0.00	TossBonus=0.00	FinalScore=41.80	FinalDecision=NEGATIVE	DecisionConfidence=VERY_LOW	StrategySignal=NONE	TossSignal=NONE	VenueConfidence=VERY_LOW
Green Park	Delhi Capitals	Gujarat Lions	VenueWin%=100.00	OverallWin%=75.00	VenueMatches=1	OverallMatches=4	Matches=1	Wins=1	Losses=0	Win%=100.00	TossWins=1	TossLosses=0	TossWinMatchWins=1	TossWinMatchLosses=0	TossConversion%=100.00	BatFirst=0	BatFirstWins=0	BatFirstWin%=0.00	FieldFirst=1	FieldFirstWins=1	FieldFirstWin%=100.00	OverallConfidence=LOW	RecommendationSource=OVERALL_MATCHUP	Recommendation=OVERALL_MATCHUP_STRONG_ADVANTAGE	TossRecommendation=TOSS_DATA_INSUFFICIENT	StrategyRecommendation=BAT_FIELD_DATA_INSUFFICIENT	VenueConfidence=VERY_LOW	PerformanceScore=81.00	StrategyBonus=0.00	TossBonus=0.00	FinalScore=81.00	FinalDecision=STRONG_POSITIVE	DecisionConfidence=VERY_LOW	StrategySignal=NONE	TossSignal=NONE	VenueConfidence=VERY_LOW
Green Park	Gujarat Lions	Delhi Capitals	VenueWin%=0.00	OverallWin%=25.00	VenueMatches=1	OverallMatches=4	Matches=1	Wins=0	Losses=1	Win%=0.00	TossWins=0	TossLosses=1	TossWinMatchWins=0	TossWinMatchLosses=0	TossConversion%=0.00	BatFirst=0	BatFirstWins=0	BatFirstWin%=0.00	FieldFirst=0	FieldFirstWins=0	FieldFirstWin%=0.00	OverallConfidence=LOW	RecommendationSource=OVERALL_MATCHUP	Recommendation=OVERALL_MATCHUP_DISADVANTAGE	TossRecommendation=TOSS_DATA_INSUFFICIENT	StrategyRecommendation=BAT_FIELD_DATA_INSUFFICIENT	VenueConfidence=VERY_LOW	PerformanceScore=19.00	StrategyBonus=0.00	TossBonus=0.00	FinalScore=19.00	FinalDecision=STRONG_NEGATIVE	DecisionConfidence=VERY_LOW	StrategySignal=NONE	TossSignal=NONE	VenueConfidence=VERY_LOW
Green Park	Gujarat Lions	Kolkata Knight Riders	VenueWin%=100.00	OverallWin%=75.00	VenueMatches=1	OverallMatches=4	Matches=1	Wins=1	Losses=0	Win%=100.00	TossWins=1	TossLosses=0	TossWinMatchWins=1	TossWinMatchLosses=0	TossConversion%=100.00	BatFirst=0	BatFirstWins=0	BatFirstWin%=0.00	FieldFirst=1	FieldFirstWins=1	FieldFirstWin%=100.00	OverallConfidence=LOW	RecommendationSource=OVERALL_MATCHUP	Recommendation=OVERALL_MATCHUP_STRONG_ADVANTAGE	TossRecommendation=TOSS_DATA_INSUFFICIENT	StrategyRecommendation=BAT_FIELD_DATA_INSUFFICIENT	VenueConfidence=VERY_LOW	PerformanceScore=81.00	StrategyBonus=0.00	TossBonus=0.00	FinalScore=81.00	FinalDecision=STRONG_POSITIVE	DecisionConfidence=VERY_LOW	StrategySignal=NONE	TossSignal=NONE	VenueConfidence=VERY_LOW
Green Park	Gujarat Lions	Mumbai Indians	VenueWin%=100.00	OverallWin%=50.00	VenueMatches=1	OverallMatches=4	Matches=1	Wins=1	Losses=0	Win%=100.00	TossWins=1	TossLosses=0	TossWinMatchWins=1	TossWinMatchLosses=0	TossConversion%=100.00	BatFirst=0	BatFirstWins=0	BatFirstWin%=0.00	FieldFirst=1	FieldFirstWins=1	FieldFirstWin%=100.00	OverallConfidence=LOW	RecommendationSource=OVERALL_MATCHUP	Recommendation=OVERALL_MATCHUP_BALANCED	TossRecommendation=TOSS_DATA_INSUFFICIENT	StrategyRecommendation=BAT_FIELD_DATA_INSUFFICIENT	VenueConfidence=VERY_LOW	PerformanceScore=62.00	StrategyBonus=0.00	TossBonus=0.00	FinalScore=62.00	FinalDecision=POSITIVE	DecisionConfidence=VERY_LOW	StrategySignal=NONE	TossSignal=NONE	VenueConfidence=VERY_LOW
Green Park	Gujarat Lions	Sunrisers Hyderabad	VenueWin%=0.00	OverallWin%=0.00	VenueMatches=1	OverallMatches=5	Matches=1	Wins=0	Losses=1	Win%=0.00	TossWins=0	TossLosses=1	TossWinMatchWins=0	TossWinMatchLosses=0	TossConversion%=0.00	BatFirst=0	BatFirstWins=0	BatFirstWin%=0.00	FieldFirst=0	FieldFirstWins=0	FieldFirstWin%=0.00	OverallConfidence=MODERATE	RecommendationSource=OVERALL_MATCHUP	Recommendation=OVERALL_MATCHUP_DISADVANTAGE	TossRecommendation=TOSS_DATA_INSUFFICIENT	StrategyRecommendation=BAT_FIELD_DATA_INSUFFICIENT	VenueConfidence=VERY_LOW	PerformanceScore=0.00	StrategyBonus=0.00	TossBonus=0.00	FinalScore=0.00	FinalDecision=STRONG_NEGATIVE	DecisionConfidence=VERY_LOW	StrategySignal=NONE	TossSignal=NONE	VenueConfidence=VERY_LOW
Green Park	Kolkata Knight Riders	Gujarat Lions	VenueWin%=0.00	OverallWin%=25.00	VenueMatches=1	OverallMatches=4	Matches=1	Wins=0	Losses=1	Win%=0.00	TossWins=0	TossLosses=1	TossWinMatchWins=0	TossWinMatchLosses=0	TossConversion%=0.00	BatFirst=0	BatFirstWins=0	BatFirstWin%=0.00	FieldFirst=0	FieldFirstWins=0	FieldFirstWin%=0.00	OverallConfidence=LOW	RecommendationSource=OVERALL_MATCHUP	Recommendation=OVERALL_MATCHUP_DISADVANTAGE	TossRecommendation=TOSS_DATA_INSUFFICIENT	StrategyRecommendation=BAT_FIELD_DATA_INSUFFICIENT	VenueConfidence=VERY_LOW	PerformanceScore=19.00	StrategyBonus=0.00	TossBonus=0.00	FinalScore=19.00	FinalDecision=STRONG_NEGATIVE	DecisionConfidence=VERY_LOW	StrategySignal=NONE	TossSignal=NONE	VenueConfidence=VERY_LOW
Green Park	Mumbai Indians	Gujarat Lions	VenueWin%=0.00	OverallWin%=50.00	VenueMatches=1	OverallMatches=4	Matches=1	Wins=0	Losses=1	Win%=0.00	TossWins=0	TossLosses=1	TossWinMatchWins=0	TossWinMatchLosses=0	TossConversion%=0.00	BatFirst=0	BatFirstWins=0	BatFirstWin%=0.00	FieldFirst=0	FieldFirstWins=0	FieldFirstWin%=0.00	OverallConfidence=LOW	RecommendationSource=OVERALL_MATCHUP	Recommendation=OVERALL_MATCHUP_BALANCED	TossRecommendation=TOSS_DATA_INSUFFICIENT	StrategyRecommendation=BAT_FIELD_DATA_INSUFFICIENT	VenueConfidence=VERY_LOW	PerformanceScore=38.00	StrategyBonus=0.00	TossBonus=0.00	FinalScore=38.00	FinalDecision=NEGATIVE	DecisionConfidence=VERY_LOW	StrategySignal=NONE	TossSignal=NONE	VenueConfidence=VERY_LOW
Green Park	Sunrisers Hyderabad	Gujarat Lions	VenueWin%=100.00	OverallWin%=100.00	VenueMatches=1	OverallMatches=5	Matches=1	Wins=1	Losses=0	Win%=100.00	TossWins=1	TossLosses=0	TossWinMatchWins=1	TossWinMatchLosses=0	TossConversion%=100.00	BatFirst=0	BatFirstWins=0	BatFirstWin%=0.00	FieldFirst=1	FieldFirstWins=1	FieldFirstWin%=100.00	OverallConfidence=MODERATE	RecommendationSource=OVERALL_MATCHUP	Recommendation=OVERALL_MATCHUP_STRONG_ADVANTAGE	TossRecommendation=TOSS_DATA_INSUFFICIENT	StrategyRecommendation=BAT_FIELD_DATA_INSUFFICIENT	VenueConfidence=VERY_LOW	PerformanceScore=100.00	StrategyBonus=0.00	TossBonus=0.00	FinalScore=100.00	FinalDecision=STRONG_POSITIVE	DecisionConfidence=VERY_LOW	StrategySignal=NONE	TossSignal=NONE	VenueConfidence=VERY_LOW
Himachal Pradesh Cricket Association Stadium	Chennai Super Kings	Punjab Kings	VenueWin%=50.00	OverallWin%=53.33	VenueMatches=2	OverallMatches=30	Matches=2	Wins=1	Losses=1	Win%=50.00	TossWins=1	TossLosses=1	TossWinMatchWins=1	TossWinMatchLosses=0	TossConversion%=100.00	BatFirst=0	BatFirstWins=0	BatFirstWin%=0.00	FieldFirst=1	FieldFirstWins=1	FieldFirstWin%=100.00	OverallConfidence=VERY_STRONG	RecommendationSource=OVERALL_MATCHUP	Recommendation=OVERALL_MATCHUP_BALANCED	TossRecommendation=TOSS_DATA_INSUFFICIENT	StrategyRecommendation=BAT_FIELD_DATA_INSUFFICIENT	VenueConfidence=VERY_LOW	PerformanceScore=52.40	StrategyBonus=0.00	TossBonus=0.00	FinalScore=52.40	FinalDecision=BALANCED	DecisionConfidence=VERY_LOW	StrategySignal=NONE	TossSignal=NONE	VenueConfidence=VERY_LOW
Himachal Pradesh Cricket Association Stadium	Deccan Chargers	Punjab Kings	VenueWin%=100.00	OverallWin%=30.00	VenueMatches=2	OverallMatches=10	Matches=2	Wins=2	Losses=0	Win%=100.00	TossWins=1	TossLosses=1	TossWinMatchWins=1	TossWinMatchLosses=0	TossConversion%=100.00	BatFirst=0	BatFirstWins=0	BatFirstWin%=0.00	FieldFirst=1	FieldFirstWins=1	FieldFirstWin%=100.00	OverallConfidence=STRONG	RecommendationSource=OVERALL_MATCHUP	Recommendation=OVERALL_MATCHUP_DISADVANTAGE	TossRecommendation=TOSS_DATA_INSUFFICIENT	StrategyRecommendation=BAT_FIELD_DATA_INSUFFICIENT	VenueConfidence=VERY_LOW	PerformanceScore=49.60	StrategyBonus=0.00	TossBonus=0.00	FinalScore=49.60	FinalDecision=BALANCED	DecisionConfidence=VERY_LOW	StrategySignal=NONE	TossSignal=NONE	VenueConfidence=VERY_LOW
Himachal Pradesh Cricket Association Stadium	Delhi Capitals	Punjab Kings	VenueWin%=33.33	OverallWin%=48.48	VenueMatches=3	OverallMatches=33	Matches=3	Wins=1	Losses=2	Win%=33.33	TossWins=3	TossLosses=0	TossWinMatchWins=1	TossWinMatchLosses=2	TossConversion%=33.33	BatFirst=0	BatFirstWins=0	BatFirstWin%=0.00	FieldFirst=3	FieldFirstWins=1	FieldFirstWin%=33.33	OverallConfidence=VERY_STRONG	RecommendationSource=VENUE	Recommendation=VENUE_DISADVANTAGE	TossRecommendation=TOSS_WIN_HAS_LOW_VALUE	StrategyRecommendation=FIELD_FIRST_DATA_STRONGER	VenueConfidence=LOW	PerformanceScore=43.63	StrategyBonus=0.00	TossBonus=0.00	FinalScore=43.63	FinalDecision=NEGATIVE	DecisionConfidence=LOW	StrategySignal=NONE	TossSignal=NONE	VenueConfidence=LOW
Himachal Pradesh Cricket Association Stadium	Mumbai Indians	Punjab Kings	VenueWin%=0.00	OverallWin%=53.12	VenueMatches=1	OverallMatches=32	Matches=1	Wins=0	Losses=1	Win%=0.00	TossWins=1	TossLosses=0	TossWinMatchWins=0	TossWinMatchLosses=1	TossConversion%=0.00	BatFirst=0	BatFirstWins=0	BatFirstWin%=0.00	FieldFirst=1	FieldFirstWins=0	FieldFirstWin%=0.00	OverallConfidence=VERY_STRONG	RecommendationSource=OVERALL_MATCHUP	Recommendation=OVERALL_MATCHUP_BALANCED	TossRecommendation=TOSS_DATA_INSUFFICIENT	StrategyRecommendation=BAT_FIELD_DATA_INSUFFICIENT	VenueConfidence=VERY_LOW	PerformanceScore=40.37	StrategyBonus=0.00	TossBonus=0.00	FinalScore=40.37	FinalDecision=NEGATIVE	DecisionConfidence=VERY_LOW	StrategySignal=NONE	TossSignal=NONE	VenueConfidence=VERY_LOW
Himachal Pradesh Cricket Association Stadium	Punjab Kings	Chennai Super Kings	VenueWin%=50.00	OverallWin%=46.67	VenueMatches=2	OverallMatches=30	Matches=2	Wins=1	Losses=1	Win%=50.00	TossWins=1	TossLosses=1	TossWinMatchWins=1	TossWinMatchLosses=0	TossConversion%=100.00	BatFirst=0	BatFirstWins=0	BatFirstWin%=0.00	FieldFirst=1	FieldFirstWins=1	FieldFirstWin%=100.00	OverallConfidence=VERY_STRONG	RecommendationSource=OVERALL_MATCHUP	Recommendation=OVERALL_MATCHUP_BALANCED	TossRecommendation=TOSS_DATA_INSUFFICIENT	StrategyRecommendation=BAT_FIELD_DATA_INSUFFICIENT	VenueConfidence=VERY_LOW	PerformanceScore=47.60	StrategyBonus=0.00	TossBonus=0.00	FinalScore=47.60	FinalDecision=BALANCED	DecisionConfidence=VERY_LOW	StrategySignal=NONE	TossSignal=NONE	VenueConfidence=VERY_LOW
Himachal Pradesh Cricket Association Stadium	Punjab Kings	Deccan Chargers	VenueWin%=0.00	OverallWin%=70.00	VenueMatches=2	OverallMatches=10	Matches=2	Wins=0	Losses=2	Win%=0.00	TossWins=1	TossLosses=1	TossWinMatchWins=0	TossWinMatchLosses=1	TossConversion%=0.00	BatFirst=0	BatFirstWins=0	BatFirstWin%=0.00	FieldFirst=1	FieldFirstWins=0	FieldFirstWin%=0.00	OverallConfidence=STRONG	RecommendationSource=OVERALL_MATCHUP	Recommendation=OVERALL_MATCHUP_STRONG_ADVANTAGE	TossRecommendation=TOSS_DATA_INSUFFICIENT	StrategyRecommendation=BAT_FIELD_DATA_INSUFFICIENT	VenueConfidence=VERY_LOW	PerformanceScore=50.40	StrategyBonus=0.00	TossBonus=0.00	FinalScore=50.40	FinalDecision=BALANCED	DecisionConfidence=VERY_LOW	StrategySignal=NONE	TossSignal=NONE	VenueConfidence=VERY_LOW
Himachal Pradesh Cricket Association Stadium	Punjab Kings	Delhi Capitals	VenueWin%=66.67	OverallWin%=51.52	VenueMatches=3	OverallMatches=33	Matches=3	Wins=2	Losses=1	Win%=66.67	TossWins=0	TossLosses=3	TossWinMatchWins=0	TossWinMatchLosses=0	TossConversion%=0.00	BatFirst=0	BatFirstWins=0	BatFirstWin%=0.00	FieldFirst=0	FieldFirstWins=0	FieldFirstWin%=0.00	OverallConfidence=VERY_STRONG	RecommendationSource=VENUE	Recommendation=VENUE_ADVANTAGE	TossRecommendation=TOSS_WIN_HAS_LOW_VALUE	StrategyRecommendation=BAT_FIELD_DATA_INSUFFICIENT	VenueConfidence=LOW	PerformanceScore=56.37	StrategyBonus=0.00	TossBonus=0.00	FinalScore=56.37	FinalDecision=BALANCED	DecisionConfidence=LOW	StrategySignal=NONE	TossSignal=NONE	VenueConfidence=LOW
Himachal Pradesh Cricket Association Stadium	Punjab Kings	Mumbai Indians	VenueWin%=100.00	OverallWin%=46.88	VenueMatches=1	OverallMatches=32	Matches=1	Wins=1	Losses=0	Win%=100.00	TossWins=0	TossLosses=1	TossWinMatchWins=0	TossWinMatchLosses=0	TossConversion%=0.00	BatFirst=0	BatFirstWins=0	BatFirstWin%=0.00	FieldFirst=0	FieldFirstWins=0	FieldFirstWin%=0.00	OverallConfidence=VERY_STRONG	RecommendationSource=OVERALL_MATCHUP	Recommendation=OVERALL_MATCHUP_BALANCED	TossRecommendation=TOSS_DATA_INSUFFICIENT	StrategyRecommendation=BAT_FIELD_DATA_INSUFFICIENT	VenueConfidence=VERY_LOW	PerformanceScore=59.63	StrategyBonus=0.00	TossBonus=0.00	FinalScore=59.63	FinalDecision=BALANCED	DecisionConfidence=VERY_LOW	StrategySignal=NONE	TossSignal=NONE	VenueConfidence=VERY_LOW
Himachal Pradesh Cricket Association Stadium	Punjab Kings	Royal Challengers Bengaluru	VenueWin%=100.00	OverallWin%=51.52	VenueMatches=1	OverallMatches=33	Matches=1	Wins=1	Losses=0	Win%=100.00	TossWins=1	TossLosses=0	TossWinMatchWins=1	TossWinMatchLosses=0	TossConversion%=100.00	BatFirst=1	BatFirstWins=1	BatFirstWin%=100.00	FieldFirst=0	FieldFirstWins=0	FieldFirstWin%=0.00	OverallConfidence=VERY_STRONG	RecommendationSource=OVERALL_MATCHUP	Recommendation=OVERALL_MATCHUP_BALANCED	TossRecommendation=TOSS_DATA_INSUFFICIENT	StrategyRecommendation=BAT_FIELD_DATA_INSUFFICIENT	VenueConfidence=VERY_LOW	PerformanceScore=63.16	StrategyBonus=0.00	TossBonus=0.00	FinalScore=63.16	FinalDecision=POSITIVE	DecisionConfidence=VERY_LOW	StrategySignal=NONE	TossSignal=NONE	VenueConfidence=VERY_LOW
Himachal Pradesh Cricket Association Stadium	Royal Challengers Bengaluru	Punjab Kings	VenueWin%=0.00	OverallWin%=48.48	VenueMatches=1	OverallMatches=33	Matches=1	Wins=0	Losses=1	Win%=0.00	TossWins=0	TossLosses=1	TossWinMatchWins=0	TossWinMatchLosses=0	TossConversion%=0.00	BatFirst=0	BatFirstWins=0	BatFirstWin%=0.00	FieldFirst=0	FieldFirstWins=0	FieldFirstWin%=0.00	OverallConfidence=VERY_STRONG	RecommendationSource=OVERALL_MATCHUP	Recommendation=OVERALL_MATCHUP_BALANCED	TossRecommendation=TOSS_DATA_INSUFFICIENT	StrategyRecommendation=BAT_FIELD_DATA_INSUFFICIENT	VenueConfidence=VERY_LOW	PerformanceScore=36.84	StrategyBonus=0.00	TossBonus=0.00	FinalScore=36.84	FinalDecision=NEGATIVE	DecisionConfidence=VERY_LOW	StrategySignal=NONE	TossSignal=NONE	VenueConfidence=VERY_LOW
Himachal Pradesh Cricket Association Stadium, Dharamsala	Chennai Super Kings	Punjab Kings	VenueWin%=100.00	OverallWin%=53.33	VenueMatches=1	OverallMatches=30	Matches=1	Wins=1	Losses=0	Win%=100.00	TossWins=0	TossLosses=1	TossWinMatchWins=0	TossWinMatchLosses=0	TossConversion%=0.00	BatFirst=0	BatFirstWins=0	BatFirstWin%=0.00	FieldFirst=0	FieldFirstWins=0	FieldFirstWin%=0.00	OverallConfidence=VERY_STRONG	RecommendationSource=OVERALL_MATCHUP	Recommendation=OVERALL_MATCHUP_BALANCED	TossRecommendation=TOSS_DATA_INSUFFICIENT	StrategyRecommendation=BAT_FIELD_DATA_INSUFFICIENT	VenueConfidence=VERY_LOW	PerformanceScore=64.53	StrategyBonus=0.00	TossBonus=0.00	FinalScore=64.53	FinalDecision=POSITIVE	DecisionConfidence=VERY_LOW	StrategySignal=NONE	TossSignal=NONE	VenueConfidence=VERY_LOW
Himachal Pradesh Cricket Association Stadium, Dharamsala	Delhi Capitals	Punjab Kings	VenueWin%=100.00	OverallWin%=48.48	VenueMatches=1	OverallMatches=33	Matches=1	Wins=1	Losses=0	Win%=100.00	TossWins=0	TossLosses=1	TossWinMatchWins=0	TossWinMatchLosses=0	TossConversion%=0.00	BatFirst=0	BatFirstWins=0	BatFirstWin%=0.00	FieldFirst=0	FieldFirstWins=0	FieldFirstWin%=0.00	OverallConfidence=VERY_STRONG	RecommendationSource=OVERALL_MATCHUP	Recommendation=OVERALL_MATCHUP_BALANCED	TossRecommendation=TOSS_DATA_INSUFFICIENT	StrategyRecommendation=BAT_FIELD_DATA_INSUFFICIENT	VenueConfidence=VERY_LOW	PerformanceScore=60.84	StrategyBonus=0.00	TossBonus=0.00	FinalScore=60.84	FinalDecision=POSITIVE	DecisionConfidence=VERY_LOW	StrategySignal=NONE	TossSignal=NONE	VenueConfidence=VERY_LOW
Himachal Pradesh Cricket Association Stadium, Dharamsala	Punjab Kings	Chennai Super Kings	VenueWin%=0.00	OverallWin%=46.67	VenueMatches=1	OverallMatches=30	Matches=1	Wins=0	Losses=1	Win%=0.00	TossWins=1	TossLosses=0	TossWinMatchWins=0	TossWinMatchLosses=1	TossConversion%=0.00	BatFirst=0	BatFirstWins=0	BatFirstWin%=0.00	FieldFirst=1	FieldFirstWins=0	FieldFirstWin%=0.00	OverallConfidence=VERY_STRONG	RecommendationSource=OVERALL_MATCHUP	Recommendation=OVERALL_MATCHUP_BALANCED	TossRecommendation=TOSS_DATA_INSUFFICIENT	StrategyRecommendation=BAT_FIELD_DATA_INSUFFICIENT	VenueConfidence=VERY_LOW	PerformanceScore=35.47	StrategyBonus=0.00	TossBonus=0.00	FinalScore=35.47	FinalDecision=NEGATIVE	DecisionConfidence=VERY_LOW	StrategySignal=NONE	TossSignal=NONE	VenueConfidence=VERY_LOW
Himachal Pradesh Cricket Association Stadium, Dharamsala	Punjab Kings	Delhi Capitals	VenueWin%=0.00	OverallWin%=51.52	VenueMatches=1	OverallMatches=33	Matches=1	Wins=0	Losses=1	Win%=0.00	TossWins=1	TossLosses=0	TossWinMatchWins=0	TossWinMatchLosses=1	TossConversion%=0.00	BatFirst=0	BatFirstWins=0	BatFirstWin%=0.00	FieldFirst=1	FieldFirstWins=0	FieldFirstWin%=0.00	OverallConfidence=VERY_STRONG	RecommendationSource=OVERALL_MATCHUP	Recommendation=OVERALL_MATCHUP_BALANCED	TossRecommendation=TOSS_DATA_INSUFFICIENT	StrategyRecommendation=BAT_FIELD_DATA_INSUFFICIENT	VenueConfidence=VERY_LOW	PerformanceScore=39.16	StrategyBonus=0.00	TossBonus=0.00	FinalScore=39.16	FinalDecision=NEGATIVE	DecisionConfidence=VERY_LOW	StrategySignal=NONE	TossSignal=NONE	VenueConfidence=VERY_LOW
Himachal Pradesh Cricket Association Stadium, Dharamsala	Punjab Kings	Rajasthan Royals	VenueWin%=0.00	OverallWin%=42.86	VenueMatches=1	OverallMatches=28	Matches=1	Wins=0	Losses=1	Win%=0.00	TossWins=0	TossLosses=1	TossWinMatchWins=0	TossWinMatchLosses=0	TossConversion%=0.00	BatFirst=0	BatFirstWins=0	BatFirstWin%=0.00	FieldFirst=0	FieldFirstWins=0	FieldFirstWin%=0.00	OverallConfidence=VERY_STRONG	RecommendationSource=OVERALL_MATCHUP	Recommendation=OVERALL_MATCHUP_BALANCED	TossRecommendation=TOSS_DATA_INSUFFICIENT	StrategyRecommendation=BAT_FIELD_DATA_INSUFFICIENT	VenueConfidence=VERY_LOW	PerformanceScore=32.57	StrategyBonus=0.00	TossBonus=0.00	FinalScore=32.57	FinalDecision=NEGATIVE	DecisionConfidence=VERY_LOW	StrategySignal=NONE	TossSignal=NONE	VenueConfidence=VERY_LOW
Himachal Pradesh Cricket Association Stadium, Dharamsala	Punjab Kings	Royal Challengers Bengaluru	VenueWin%=0.00	OverallWin%=51.52	VenueMatches=1	OverallMatches=33	Matches=1	Wins=0	Losses=1	Win%=0.00	TossWins=1	TossLosses=0	TossWinMatchWins=0	TossWinMatchLosses=1	TossConversion%=0.00	BatFirst=0	BatFirstWins=0	BatFirstWin%=0.00	FieldFirst=1	FieldFirstWins=0	FieldFirstWin%=0.00	OverallConfidence=VERY_STRONG	RecommendationSource=OVERALL_MATCHUP	Recommendation=OVERALL_MATCHUP_BALANCED	TossRecommendation=TOSS_DATA_INSUFFICIENT	StrategyRecommendation=BAT_FIELD_DATA_INSUFFICIENT	VenueConfidence=VERY_LOW	PerformanceScore=39.16	StrategyBonus=0.00	TossBonus=0.00	FinalScore=39.16	FinalDecision=NEGATIVE	DecisionConfidence=VERY_LOW	StrategySignal=NONE	TossSignal=NONE	VenueConfidence=VERY_LOW
Himachal Pradesh Cricket Association Stadium, Dharamsala	Rajasthan Royals	Punjab Kings	VenueWin%=100.00	OverallWin%=57.14	VenueMatches=1	OverallMatches=28	Matches=1	Wins=1	Losses=0	Win%=100.00	TossWins=1	TossLosses=0	TossWinMatchWins=1	TossWinMatchLosses=0	TossConversion%=100.00	BatFirst=0	BatFirstWins=0	BatFirstWin%=0.00	FieldFirst=1	FieldFirstWins=1	FieldFirstWin%=100.00	OverallConfidence=VERY_STRONG	RecommendationSource=OVERALL_MATCHUP	Recommendation=OVERALL_MATCHUP_ADVANTAGE	TossRecommendation=TOSS_DATA_INSUFFICIENT	StrategyRecommendation=BAT_FIELD_DATA_INSUFFICIENT	VenueConfidence=VERY_LOW	PerformanceScore=67.43	StrategyBonus=0.00	TossBonus=0.00	FinalScore=67.43	FinalDecision=POSITIVE	DecisionConfidence=VERY_LOW	StrategySignal=NONE	TossSignal=NONE	VenueConfidence=VERY_LOW
Himachal Pradesh Cricket Association Stadium, Dharamsala	Royal Challengers Bengaluru	Punjab Kings	VenueWin%=100.00	OverallWin%=48.48	VenueMatches=1	OverallMatches=33	Matches=1	Wins=1	Losses=0	Win%=100.00	TossWins=0	TossLosses=1	TossWinMatchWins=0	TossWinMatchLosses=0	TossConversion%=0.00	BatFirst=0	BatFirstWins=0	BatFirstWin%=0.00	FieldFirst=0	FieldFirstWins=0	FieldFirstWin%=0.00	OverallConfidence=VERY_STRONG	RecommendationSource=OVERALL_MATCHUP	Recommendation=OVERALL_MATCHUP_BALANCED	TossRecommendation=TOSS_DATA_INSUFFICIENT	StrategyRecommendation=BAT_FIELD_DATA_INSUFFICIENT	VenueConfidence=VERY_LOW	PerformanceScore=60.84	StrategyBonus=0.00	TossBonus=0.00	FinalScore=60.84	FinalDecision=POSITIVE	DecisionConfidence=VERY_LOW	StrategySignal=NONE	TossSignal=NONE	VenueConfidence=VERY_LOW
Holkar Cricket Stadium	Kochi Tuskers Kerala	Punjab Kings	VenueWin%=0.00	OverallWin%=0.00	VenueMatches=1	OverallMatches=1	Matches=1	Wins=0	Losses=1	Win%=0.00	TossWins=0	TossLosses=1	TossWinMatchWins=0	TossWinMatchLosses=0	TossConversion%=0.00	BatFirst=0	BatFirstWins=0	BatFirstWin%=0.00	FieldFirst=0	FieldFirstWins=0	FieldFirstWin%=0.00	OverallConfidence=VERY_LOW	RecommendationSource=INSUFFICIENT	Recommendation=INSUFFICIENT_DATA	TossRecommendation=TOSS_DATA_INSUFFICIENT	StrategyRecommendation=BAT_FIELD_DATA_INSUFFICIENT	VenueConfidence=VERY_LOW	PerformanceScore=0.00	StrategyBonus=0.00	TossBonus=0.00	FinalScore=0.00	FinalDecision=STRONG_NEGATIVE	DecisionConfidence=VERY_LOW	StrategySignal=NONE	TossSignal=NONE	VenueConfidence=VERY_LOW
Holkar Cricket Stadium	Kochi Tuskers Kerala	Rajasthan Royals	VenueWin%=100.00	OverallWin%=50.00	VenueMatches=1	OverallMatches=2	Matches=1	Wins=1	Losses=0	Win%=100.00	TossWins=1	TossLosses=0	TossWinMatchWins=1	TossWinMatchLosses=0	TossConversion%=100.00	BatFirst=0	BatFirstWins=0	BatFirstWin%=0.00	FieldFirst=1	FieldFirstWins=1	FieldFirstWin%=100.00	OverallConfidence=VERY_LOW	RecommendationSource=INSUFFICIENT	Recommendation=INSUFFICIENT_DATA	TossRecommendation=TOSS_DATA_INSUFFICIENT	StrategyRecommendation=BAT_FIELD_DATA_INSUFFICIENT	VenueConfidence=VERY_LOW	PerformanceScore=62.00	StrategyBonus=0.00	TossBonus=0.00	FinalScore=62.00	FinalDecision=POSITIVE	DecisionConfidence=VERY_LOW	StrategySignal=NONE	TossSignal=NONE	VenueConfidence=VERY_LOW
Holkar Cricket Stadium	Kolkata Knight Riders	Punjab Kings	VenueWin%=100.00	OverallWin%=63.64	VenueMatches=1	OverallMatches=33	Matches=1	Wins=1	Losses=0	Win%=100.00	TossWins=0	TossLosses=1	TossWinMatchWins=0	TossWinMatchLosses=0	TossConversion%=0.00	BatFirst=0	BatFirstWins=0	BatFirstWin%=0.00	FieldFirst=0	FieldFirstWins=0	FieldFirstWin%=0.00	OverallConfidence=VERY_STRONG	RecommendationSource=OVERALL_MATCHUP	Recommendation=OVERALL_MATCHUP_ADVANTAGE	TossRecommendation=TOSS_DATA_INSUFFICIENT	StrategyRecommendation=BAT_FIELD_DATA_INSUFFICIENT	VenueConfidence=VERY_LOW	PerformanceScore=72.37	StrategyBonus=0.00	TossBonus=0.00	FinalScore=72.37	FinalDecision=POSITIVE	DecisionConfidence=VERY_LOW	StrategySignal=NONE	TossSignal=NONE	VenueConfidence=VERY_LOW
Holkar Cricket Stadium	Mumbai Indians	Punjab Kings	VenueWin%=100.00	OverallWin%=53.12	VenueMatches=2	OverallMatches=32	Matches=2	Wins=2	Losses=0	Win%=100.00	TossWins=2	TossLosses=0	TossWinMatchWins=2	TossWinMatchLosses=0	TossConversion%=100.00	BatFirst=0	BatFirstWins=0	BatFirstWin%=0.00	FieldFirst=2	FieldFirstWins=2	FieldFirstWin%=100.00	OverallConfidence=VERY_STRONG	RecommendationSource=OVERALL_MATCHUP	Recommendation=OVERALL_MATCHUP_BALANCED	TossRecommendation=TOSS_DATA_INSUFFICIENT	StrategyRecommendation=BAT_FIELD_DATA_INSUFFICIENT	VenueConfidence=VERY_LOW	PerformanceScore=66.25	StrategyBonus=0.00	TossBonus=0.00	FinalScore=66.25	FinalDecision=POSITIVE	DecisionConfidence=VERY_LOW	StrategySignal=NONE	TossSignal=NONE	VenueConfidence=VERY_LOW
Holkar Cricket Stadium	Punjab Kings	Kochi Tuskers Kerala	VenueWin%=100.00	OverallWin%=100.00	VenueMatches=1	OverallMatches=1	Matches=1	Wins=1	Losses=0	Win%=100.00	TossWins=1	TossLosses=0	TossWinMatchWins=1	TossWinMatchLosses=0	TossConversion%=100.00	BatFirst=0	BatFirstWins=0	BatFirstWin%=0.00	FieldFirst=1	FieldFirstWins=1	FieldFirstWin%=100.00	OverallConfidence=VERY_LOW	RecommendationSource=INSUFFICIENT	Recommendation=INSUFFICIENT_DATA	TossRecommendation=TOSS_DATA_INSUFFICIENT	StrategyRecommendation=BAT_FIELD_DATA_INSUFFICIENT	VenueConfidence=VERY_LOW	PerformanceScore=100.00	StrategyBonus=0.00	TossBonus=0.00	FinalScore=100.00	FinalDecision=STRONG_POSITIVE	DecisionConfidence=VERY_LOW	StrategySignal=NONE	TossSignal=NONE	VenueConfidence=VERY_LOW
Holkar Cricket Stadium	Punjab Kings	Kolkata Knight Riders	VenueWin%=0.00	OverallWin%=36.36	VenueMatches=1	OverallMatches=33	Matches=1	Wins=0	Losses=1	Win%=0.00	TossWins=1	TossLosses=0	TossWinMatchWins=0	TossWinMatchLosses=1	TossConversion%=0.00	BatFirst=0	BatFirstWins=0	BatFirstWin%=0.00	FieldFirst=1	FieldFirstWins=0	FieldFirstWin%=0.00	OverallConfidence=VERY_STRONG	RecommendationSource=OVERALL_MATCHUP	Recommendation=OVERALL_MATCHUP_DISADVANTAGE	TossRecommendation=TOSS_DATA_INSUFFICIENT	StrategyRecommendation=BAT_FIELD_DATA_INSUFFICIENT	VenueConfidence=VERY_LOW	PerformanceScore=27.63	StrategyBonus=0.00	TossBonus=0.00	FinalScore=27.63	FinalDecision=STRONG_NEGATIVE	DecisionConfidence=VERY_LOW	StrategySignal=NONE	TossSignal=NONE	VenueConfidence=VERY_LOW
Holkar Cricket Stadium	Punjab Kings	Mumbai Indians	VenueWin%=0.00	OverallWin%=46.88	VenueMatches=2	OverallMatches=32	Matches=2	Wins=0	Losses=2	Win%=0.00	TossWins=0	TossLosses=2	TossWinMatchWins=0	TossWinMatchLosses=0	TossConversion%=0.00	BatFirst=0	BatFirstWins=0	BatFirstWin%=0.00	FieldFirst=0	FieldFirstWins=0	FieldFirstWin%=0.00	OverallConfidence=VERY_STRONG	RecommendationSource=OVERALL_MATCHUP	Recommendation=OVERALL_MATCHUP_BALANCED	TossRecommendation=TOSS_DATA_INSUFFICIENT	StrategyRecommendation=BAT_FIELD_DATA_INSUFFICIENT	VenueConfidence=VERY_LOW	PerformanceScore=33.75	StrategyBonus=0.00	TossBonus=0.00	FinalScore=33.75	FinalDecision=NEGATIVE	DecisionConfidence=VERY_LOW	StrategySignal=NONE	TossSignal=NONE	VenueConfidence=VERY_LOW
Holkar Cricket Stadium	Punjab Kings	Rajasthan Royals	VenueWin%=100.00	OverallWin%=42.86	VenueMatches=1	OverallMatches=28	Matches=1	Wins=1	Losses=0	Win%=100.00	TossWins=1	TossLosses=0	TossWinMatchWins=1	TossWinMatchLosses=0	TossConversion%=100.00	BatFirst=0	BatFirstWins=0	BatFirstWin%=0.00	FieldFirst=1	FieldFirstWins=1	FieldFirstWin%=100.00	OverallConfidence=VERY_STRONG	RecommendationSource=OVERALL_MATCHUP	Recommendation=OVERALL_MATCHUP_BALANCED	TossRecommendation=TOSS_DATA_INSUFFICIENT	StrategyRecommendation=BAT_FIELD_DATA_INSUFFICIENT	VenueConfidence=VERY_LOW	PerformanceScore=56.57	StrategyBonus=0.00	TossBonus=0.00	FinalScore=56.57	FinalDecision=BALANCED	DecisionConfidence=VERY_LOW	StrategySignal=NONE	TossSignal=NONE	VenueConfidence=VERY_LOW
Holkar Cricket Stadium	Punjab Kings	Rising Pune Supergiants	VenueWin%=100.00	OverallWin%=50.00	VenueMatches=1	OverallMatches=4	Matches=1	Wins=1	Losses=0	Win%=100.00	TossWins=1	TossLosses=0	TossWinMatchWins=1	TossWinMatchLosses=0	TossConversion%=100.00	BatFirst=0	BatFirstWins=0	BatFirstWin%=0.00	FieldFirst=1	FieldFirstWins=1	FieldFirstWin%=100.00	OverallConfidence=LOW	RecommendationSource=OVERALL_MATCHUP	Recommendation=OVERALL_MATCHUP_BALANCED	TossRecommendation=TOSS_DATA_INSUFFICIENT	StrategyRecommendation=BAT_FIELD_DATA_INSUFFICIENT	VenueConfidence=VERY_LOW	PerformanceScore=62.00	StrategyBonus=0.00	TossBonus=0.00	FinalScore=62.00	FinalDecision=POSITIVE	DecisionConfidence=VERY_LOW	StrategySignal=NONE	TossSignal=NONE	VenueConfidence=VERY_LOW
Holkar Cricket Stadium	Punjab Kings	Royal Challengers Bengaluru	VenueWin%=50.00	OverallWin%=51.52	VenueMatches=2	OverallMatches=33	Matches=2	Wins=1	Losses=1	Win%=50.00	TossWins=0	TossLosses=2	TossWinMatchWins=0	TossWinMatchLosses=0	TossConversion%=0.00	BatFirst=0	BatFirstWins=0	BatFirstWin%=0.00	FieldFirst=0	FieldFirstWins=0	FieldFirstWin%=0.00	OverallConfidence=VERY_STRONG	RecommendationSource=OVERALL_MATCHUP	Recommendation=OVERALL_MATCHUP_BALANCED	TossRecommendation=TOSS_DATA_INSUFFICIENT	StrategyRecommendation=BAT_FIELD_DATA_INSUFFICIENT	VenueConfidence=VERY_LOW	PerformanceScore=51.09	StrategyBonus=0.00	TossBonus=0.00	FinalScore=51.09	FinalDecision=BALANCED	DecisionConfidence=VERY_LOW	StrategySignal=NONE	TossSignal=NONE	VenueConfidence=VERY_LOW
Holkar Cricket Stadium	Rajasthan Royals	Kochi Tuskers Kerala	VenueWin%=0.00	OverallWin%=50.00	VenueMatches=1	OverallMatches=2	Matches=1	Wins=0	Losses=1	Win%=0.00	TossWins=0	TossLosses=1	TossWinMatchWins=0	TossWinMatchLosses=0	TossConversion%=0.00	BatFirst=0	BatFirstWins=0	BatFirstWin%=0.00	FieldFirst=0	FieldFirstWins=0	FieldFirstWin%=0.00	OverallConfidence=VERY_LOW	RecommendationSource=INSUFFICIENT	Recommendation=INSUFFICIENT_DATA	TossRecommendation=TOSS_DATA_INSUFFICIENT	StrategyRecommendation=BAT_FIELD_DATA_INSUFFICIENT	VenueConfidence=VERY_LOW	PerformanceScore=38.00	StrategyBonus=0.00	TossBonus=0.00	FinalScore=38.00	FinalDecision=NEGATIVE	DecisionConfidence=VERY_LOW	StrategySignal=NONE	TossSignal=NONE	VenueConfidence=VERY_LOW
Holkar Cricket Stadium	Rajasthan Royals	Punjab Kings	VenueWin%=0.00	OverallWin%=57.14	VenueMatches=1	OverallMatches=28	Matches=1	Wins=0	Losses=1	Win%=0.00	TossWins=0	TossLosses=1	TossWinMatchWins=0	TossWinMatchLosses=0	TossConversion%=0.00	BatFirst=0	BatFirstWins=0	BatFirstWin%=0.00	FieldFirst=0	FieldFirstWins=0	FieldFirstWin%=0.00	OverallConfidence=VERY_STRONG	RecommendationSource=OVERALL_MATCHUP	Recommendation=OVERALL_MATCHUP_ADVANTAGE	TossRecommendation=TOSS_DATA_INSUFFICIENT	StrategyRecommendation=BAT_FIELD_DATA_INSUFFICIENT	VenueConfidence=VERY_LOW	PerformanceScore=43.43	StrategyBonus=0.00	TossBonus=0.00	FinalScore=43.43	FinalDecision=NEGATIVE	DecisionConfidence=VERY_LOW	StrategySignal=NONE	TossSignal=NONE	VenueConfidence=VERY_LOW
Holkar Cricket Stadium	Rising Pune Supergiants	Punjab Kings	VenueWin%=0.00	OverallWin%=50.00	VenueMatches=1	OverallMatches=4	Matches=1	Wins=0	Losses=1	Win%=0.00	TossWins=0	TossLosses=1	TossWinMatchWins=0	TossWinMatchLosses=0	TossConversion%=0.00	BatFirst=0	BatFirstWins=0	BatFirstWin%=0.00	FieldFirst=0	FieldFirstWins=0	FieldFirstWin%=0.00	OverallConfidence=LOW	RecommendationSource=OVERALL_MATCHUP	Recommendation=OVERALL_MATCHUP_BALANCED	TossRecommendation=TOSS_DATA_INSUFFICIENT	StrategyRecommendation=BAT_FIELD_DATA_INSUFFICIENT	VenueConfidence=VERY_LOW	PerformanceScore=38.00	StrategyBonus=0.00	TossBonus=0.00	FinalScore=38.00	FinalDecision=NEGATIVE	DecisionConfidence=VERY_LOW	StrategySignal=NONE	TossSignal=NONE	VenueConfidence=VERY_LOW
Holkar Cricket Stadium	Royal Challengers Bengaluru	Punjab Kings	VenueWin%=50.00	OverallWin%=48.48	VenueMatches=2	OverallMatches=33	Matches=2	Wins=1	Losses=1	Win%=50.00	TossWins=2	TossLosses=0	TossWinMatchWins=1	TossWinMatchLosses=1	TossConversion%=50.00	BatFirst=1	BatFirstWins=0	BatFirstWin%=0.00	FieldFirst=1	FieldFirstWins=1	FieldFirstWin%=100.00	OverallConfidence=VERY_STRONG	RecommendationSource=OVERALL_MATCHUP	Recommendation=OVERALL_MATCHUP_BALANCED	TossRecommendation=TOSS_DATA_INSUFFICIENT	StrategyRecommendation=BAT_FIELD_DATA_INSUFFICIENT	VenueConfidence=VERY_LOW	PerformanceScore=48.91	StrategyBonus=0.00	TossBonus=0.00	FinalScore=48.91	FinalDecision=BALANCED	DecisionConfidence=VERY_LOW	StrategySignal=NONE	TossSignal=NONE	VenueConfidence=VERY_LOW
JSCA International Stadium Complex	Chennai Super Kings	Kolkata Knight Riders	VenueWin%=100.00	OverallWin%=65.52	VenueMatches=1	OverallMatches=29	Matches=1	Wins=1	Losses=0	Win%=100.00	TossWins=1	TossLosses=0	TossWinMatchWins=1	TossWinMatchLosses=0	TossConversion%=100.00	BatFirst=1	BatFirstWins=1	BatFirstWin%=100.00	FieldFirst=0	FieldFirstWins=0	FieldFirstWin%=0.00	OverallConfidence=VERY_STRONG	RecommendationSource=OVERALL_MATCHUP	Recommendation=OVERALL_MATCHUP_ADVANTAGE	TossRecommendation=TOSS_DATA_INSUFFICIENT	StrategyRecommendation=BAT_FIELD_DATA_INSUFFICIENT	VenueConfidence=VERY_LOW	PerformanceScore=73.80	StrategyBonus=0.00	TossBonus=0.00	FinalScore=73.80	FinalDecision=POSITIVE	DecisionConfidence=VERY_LOW	StrategySignal=NONE	TossSignal=NONE	VenueConfidence=VERY_LOW
JSCA International Stadium Complex	Chennai Super Kings	Rajasthan Royals	VenueWin%=100.00	OverallWin%=55.17	VenueMatches=1	OverallMatches=29	Matches=1	Wins=1	Losses=0	Win%=100.00	TossWins=0	TossLosses=1	TossWinMatchWins=0	TossWinMatchLosses=0	TossConversion%=0.00	BatFirst=0	BatFirstWins=0	BatFirstWin%=0.00	FieldFirst=0	FieldFirstWins=0	FieldFirstWin%=0.00	OverallConfidence=VERY_STRONG	RecommendationSource=OVERALL_MATCHUP	Recommendation=OVERALL_MATCHUP_ADVANTAGE	TossRecommendation=TOSS_DATA_INSUFFICIENT	StrategyRecommendation=BAT_FIELD_DATA_INSUFFICIENT	VenueConfidence=VERY_LOW	PerformanceScore=65.93	StrategyBonus=0.00	TossBonus=0.00	FinalScore=65.93	FinalDecision=POSITIVE	DecisionConfidence=VERY_LOW	StrategySignal=NONE	TossSignal=NONE	VenueConfidence=VERY_LOW
JSCA International Stadium Complex	Chennai Super Kings	Royal Challengers Bengaluru	VenueWin%=50.00	OverallWin%=65.62	VenueMatches=2	OverallMatches=32	Matches=2	Wins=1	Losses=1	Win%=50.00	TossWins=2	TossLosses=0	TossWinMatchWins=1	TossWinMatchLosses=1	TossConversion%=50.00	BatFirst=1	BatFirstWins=0	BatFirstWin%=0.00	FieldFirst=1	FieldFirstWins=1	FieldFirstWin%=100.00	OverallConfidence=VERY_STRONG	RecommendationSource=OVERALL_MATCHUP	Recommendation=OVERALL_MATCHUP_ADVANTAGE	TossRecommendation=TOSS_DATA_INSUFFICIENT	StrategyRecommendation=BAT_FIELD_DATA_INSUFFICIENT	VenueConfidence=VERY_LOW	PerformanceScore=61.25	StrategyBonus=0.00	TossBonus=0.00	FinalScore=61.25	FinalDecision=POSITIVE	DecisionConfidence=VERY_LOW	StrategySignal=NONE	TossSignal=NONE	VenueConfidence=VERY_LOW
JSCA International Stadium Complex	Chennai Super Kings	Sunrisers Hyderabad	VenueWin%=0.00	OverallWin%=71.43	VenueMatches=1	OverallMatches=21	Matches=1	Wins=0	Losses=1	Win%=0.00	TossWins=0	TossLosses=1	TossWinMatchWins=0	TossWinMatchLosses=0	TossConversion%=0.00	BatFirst=0	BatFirstWins=0	BatFirstWin%=0.00	FieldFirst=0	FieldFirstWins=0	FieldFirstWin%=0.00	OverallConfidence=VERY_STRONG	RecommendationSource=OVERALL_MATCHUP	Recommendation=OVERALL_MATCHUP_STRONG_ADVANTAGE	TossRecommendation=TOSS_DATA_INSUFFICIENT	StrategyRecommendation=BAT_FIELD_DATA_INSUFFICIENT	VenueConfidence=VERY_LOW	PerformanceScore=54.29	StrategyBonus=0.00	TossBonus=0.00	FinalScore=54.29	FinalDecision=BALANCED	DecisionConfidence=VERY_LOW	StrategySignal=NONE	TossSignal=NONE	VenueConfidence=VERY_LOW
JSCA International Stadium Complex	Kolkata Knight Riders	Chennai Super Kings	VenueWin%=0.00	OverallWin%=34.48	VenueMatches=1	OverallMatches=29	Matches=1	Wins=0	Losses=1	Win%=0.00	TossWins=0	TossLosses=1	TossWinMatchWins=0	TossWinMatchLosses=0	TossConversion%=0.00	BatFirst=0	BatFirstWins=0	BatFirstWin%=0.00	FieldFirst=0	FieldFirstWins=0	FieldFirstWin%=0.00	OverallConfidence=VERY_STRONG	RecommendationSource=OVERALL_MATCHUP	Recommendation=OVERALL_MATCHUP_DISADVANTAGE	TossRecommendation=TOSS_DATA_INSUFFICIENT	StrategyRecommendation=BAT_FIELD_DATA_INSUFFICIENT	VenueConfidence=VERY_LOW	PerformanceScore=26.20	StrategyBonus=0.00	TossBonus=0.00	FinalScore=26.20	FinalDecision=STRONG_NEGATIVE	DecisionConfidence=VERY_LOW	StrategySignal=NONE	TossSignal=NONE	VenueConfidence=VERY_LOW
JSCA International Stadium Complex	Kolkata Knight Riders	Pune Warriors	VenueWin%=0.00	OverallWin%=80.00	VenueMatches=1	OverallMatches=5	Matches=1	Wins=0	Losses=1	Win%=0.00	TossWins=1	TossLosses=0	TossWinMatchWins=0	TossWinMatchLosses=1	TossConversion%=0.00	BatFirst=0	BatFirstWins=0	BatFirstWin%=0.00	FieldFirst=1	FieldFirstWins=0	FieldFirstWin%=0.00	OverallConfidence=MODERATE	RecommendationSource=OVERALL_MATCHUP	Recommendation=OVERALL_MATCHUP_STRONG_ADVANTAGE	TossRecommendation=TOSS_DATA_INSUFFICIENT	StrategyRecommendation=BAT_FIELD_DATA_INSUFFICIENT	VenueConfidence=VERY_LOW	PerformanceScore=60.80	StrategyBonus=0.00	TossBonus=0.00	FinalScore=60.80	FinalDecision=POSITIVE	DecisionConfidence=VERY_LOW	StrategySignal=NONE	TossSignal=NONE	VenueConfidence=VERY_LOW
JSCA International Stadium Complex	Kolkata Knight Riders	Royal Challengers Bengaluru	VenueWin%=100.00	OverallWin%=58.82	VenueMatches=1	OverallMatches=34	Matches=1	Wins=1	Losses=0	Win%=100.00	TossWins=1	TossLosses=0	TossWinMatchWins=1	TossWinMatchLosses=0	TossConversion%=100.00	BatFirst=0	BatFirstWins=0	BatFirstWin%=0.00	FieldFirst=1	FieldFirstWins=1	FieldFirstWin%=100.00	OverallConfidence=VERY_STRONG	RecommendationSource=OVERALL_MATCHUP	Recommendation=OVERALL_MATCHUP_ADVANTAGE	TossRecommendation=TOSS_DATA_INSUFFICIENT	StrategyRecommendation=BAT_FIELD_DATA_INSUFFICIENT	VenueConfidence=VERY_LOW	PerformanceScore=68.70	StrategyBonus=0.00	TossBonus=0.00	FinalScore=68.70	FinalDecision=POSITIVE	DecisionConfidence=VERY_LOW	StrategySignal=NONE	TossSignal=NONE	VenueConfidence=VERY_LOW
JSCA International Stadium Complex	Pune Warriors	Kolkata Knight Riders	VenueWin%=100.00	OverallWin%=20.00	VenueMatches=1	OverallMatches=5	Matches=1	Wins=1	Losses=0	Win%=100.00	TossWins=0	TossLosses=1	TossWinMatchWins=0	TossWinMatchLosses=0	TossConversion%=0.00	BatFirst=0	BatFirstWins=0	BatFirstWin%=0.00	FieldFirst=0	FieldFirstWins=0	FieldFirstWin%=0.00	OverallConfidence=MODERATE	RecommendationSource=OVERALL_MATCHUP	Recommendation=OVERALL_MATCHUP_DISADVANTAGE	TossRecommendation=TOSS_DATA_INSUFFICIENT	StrategyRecommendation=BAT_FIELD_DATA_INSUFFICIENT	VenueConfidence=VERY_LOW	PerformanceScore=39.20	StrategyBonus=0.00	TossBonus=0.00	FinalScore=39.20	FinalDecision=NEGATIVE	DecisionConfidence=VERY_LOW	StrategySignal=NONE	TossSignal=NONE	VenueConfidence=VERY_LOW
JSCA International Stadium Complex	Rajasthan Royals	Chennai Super Kings	VenueWin%=0.00	OverallWin%=44.83	VenueMatches=1	OverallMatches=29	Matches=1	Wins=0	Losses=1	Win%=0.00	TossWins=1	TossLosses=0	TossWinMatchWins=0	TossWinMatchLosses=1	TossConversion%=0.00	BatFirst=1	BatFirstWins=0	BatFirstWin%=0.00	FieldFirst=0	FieldFirstWins=0	FieldFirstWin%=0.00	OverallConfidence=VERY_STRONG	RecommendationSource=OVERALL_MATCHUP	Recommendation=OVERALL_MATCHUP_BALANCED	TossRecommendation=TOSS_DATA_INSUFFICIENT	StrategyRecommendation=BAT_FIELD_DATA_INSUFFICIENT	VenueConfidence=VERY_LOW	PerformanceScore=34.07	StrategyBonus=0.00	TossBonus=0.00	FinalScore=34.07	FinalDecision=NEGATIVE	DecisionConfidence=VERY_LOW	StrategySignal=NONE	TossSignal=NONE	VenueConfidence=VERY_LOW
JSCA International Stadium Complex	Royal Challengers Bengaluru	Chennai Super Kings	VenueWin%=50.00	OverallWin%=34.38	VenueMatches=2	OverallMatches=32	Matches=2	Wins=1	Losses=1	Win%=50.00	TossWins=0	TossLosses=2	TossWinMatchWins=0	TossWinMatchLosses=0	TossConversion%=0.00	BatFirst=0	BatFirstWins=0	BatFirstWin%=0.00	FieldFirst=0	FieldFirstWins=0	FieldFirstWin%=0.00	OverallConfidence=VERY_STRONG	RecommendationSource=OVERALL_MATCHUP	Recommendation=OVERALL_MATCHUP_DISADVANTAGE	TossRecommendation=TOSS_DATA_INSUFFICIENT	StrategyRecommendation=BAT_FIELD_DATA_INSUFFICIENT	VenueConfidence=VERY_LOW	PerformanceScore=38.75	StrategyBonus=0.00	TossBonus=0.00	FinalScore=38.75	FinalDecision=NEGATIVE	DecisionConfidence=VERY_LOW	StrategySignal=NONE	TossSignal=NONE	VenueConfidence=VERY_LOW
JSCA International Stadium Complex	Royal Challengers Bengaluru	Kolkata Knight Riders	VenueWin%=0.00	OverallWin%=41.18	VenueMatches=1	OverallMatches=34	Matches=1	Wins=0	Losses=1	Win%=0.00	TossWins=0	TossLosses=1	TossWinMatchWins=0	TossWinMatchLosses=0	TossConversion%=0.00	BatFirst=0	BatFirstWins=0	BatFirstWin%=0.00	FieldFirst=0	FieldFirstWins=0	FieldFirstWin%=0.00	OverallConfidence=VERY_STRONG	RecommendationSource=OVERALL_MATCHUP	Recommendation=OVERALL_MATCHUP_BALANCED	TossRecommendation=TOSS_DATA_INSUFFICIENT	StrategyRecommendation=BAT_FIELD_DATA_INSUFFICIENT	VenueConfidence=VERY_LOW	PerformanceScore=31.30	StrategyBonus=0.00	TossBonus=0.00	FinalScore=31.30	FinalDecision=NEGATIVE	DecisionConfidence=VERY_LOW	StrategySignal=NONE	TossSignal=NONE	VenueConfidence=VERY_LOW
JSCA International Stadium Complex	Sunrisers Hyderabad	Chennai Super Kings	VenueWin%=100.00	OverallWin%=28.57	VenueMatches=1	OverallMatches=21	Matches=1	Wins=1	Losses=0	Win%=100.00	TossWins=1	TossLosses=0	TossWinMatchWins=1	TossWinMatchLosses=0	TossConversion%=100.00	BatFirst=0	BatFirstWins=0	BatFirstWin%=0.00	FieldFirst=1	FieldFirstWins=1	FieldFirstWin%=100.00	OverallConfidence=VERY_STRONG	RecommendationSource=OVERALL_MATCHUP	Recommendation=OVERALL_MATCHUP_DISADVANTAGE	TossRecommendation=TOSS_DATA_INSUFFICIENT	StrategyRecommendation=BAT_FIELD_DATA_INSUFFICIENT	VenueConfidence=VERY_LOW	PerformanceScore=45.71	StrategyBonus=0.00	TossBonus=0.00	FinalScore=45.71	FinalDecision=BALANCED	DecisionConfidence=VERY_LOW	StrategySignal=NONE	TossSignal=NONE	VenueConfidence=VERY_LOW
Kingsmead	Chennai Super Kings	Deccan Chargers	VenueWin%=0.00	OverallWin%=60.00	VenueMatches=1	OverallMatches=10	Matches=1	Wins=0	Losses=1	Win%=0.00	TossWins=0	TossLosses=1	TossWinMatchWins=0	TossWinMatchLosses=0	TossConversion%=0.00	BatFirst=0	BatFirstWins=0	BatFirstWin%=0.00	FieldFirst=0	FieldFirstWins=0	FieldFirstWin%=0.00	OverallConfidence=STRONG	RecommendationSource=OVERALL_MATCHUP	Recommendation=OVERALL_MATCHUP_ADVANTAGE	TossRecommendation=TOSS_DATA_INSUFFICIENT	StrategyRecommendation=BAT_FIELD_DATA_INSUFFICIENT	VenueConfidence=VERY_LOW	PerformanceScore=45.60	StrategyBonus=0.00	TossBonus=0.00	FinalScore=45.60	FinalDecision=BALANCED	DecisionConfidence=VERY_LOW	StrategySignal=NONE	TossSignal=NONE	VenueConfidence=VERY_LOW
Kingsmead	Chennai Super Kings	Delhi Capitals	VenueWin%=0.00	OverallWin%=63.33	VenueMatches=1	OverallMatches=30	Matches=1	Wins=0	Losses=1	Win%=0.00	TossWins=0	TossLosses=1	TossWinMatchWins=0	TossWinMatchLosses=0	TossConversion%=0.00	BatFirst=0	BatFirstWins=0	BatFirstWin%=0.00	FieldFirst=0	FieldFirstWins=0	FieldFirstWin%=0.00	OverallConfidence=VERY_STRONG	RecommendationSource=OVERALL_MATCHUP	Recommendation=OVERALL_MATCHUP_ADVANTAGE	TossRecommendation=TOSS_DATA_INSUFFICIENT	StrategyRecommendation=BAT_FIELD_DATA_INSUFFICIENT	VenueConfidence=VERY_LOW	PerformanceScore=48.13	StrategyBonus=0.00	TossBonus=0.00	FinalScore=48.13	FinalDecision=BALANCED	DecisionConfidence=VERY_LOW	StrategySignal=NONE	TossSignal=NONE	VenueConfidence=VERY_LOW
Kingsmead	Chennai Super Kings	Punjab Kings	VenueWin%=100.00	OverallWin%=53.33	VenueMatches=1	OverallMatches=30	Matches=1	Wins=1	Losses=0	Win%=100.00	TossWins=1	TossLosses=0	TossWinMatchWins=1	TossWinMatchLosses=0	TossConversion%=100.00	BatFirst=1	BatFirstWins=1	BatFirstWin%=100.00	FieldFirst=0	FieldFirstWins=0	FieldFirstWin%=0.00	OverallConfidence=VERY_STRONG	RecommendationSource=OVERALL_MATCHUP	Recommendation=OVERALL_MATCHUP_BALANCED	TossRecommendation=TOSS_DATA_INSUFFICIENT	StrategyRecommendation=BAT_FIELD_DATA_INSUFFICIENT	VenueConfidence=VERY_LOW	PerformanceScore=64.53	StrategyBonus=0.00	TossBonus=0.00	FinalScore=64.53	FinalDecision=POSITIVE	DecisionConfidence=VERY_LOW	StrategySignal=NONE	TossSignal=NONE	VenueConfidence=VERY_LOW
Kingsmead	Chennai Super Kings	Royal Challengers Bengaluru	VenueWin%=0.00	OverallWin%=65.62	VenueMatches=1	OverallMatches=32	Matches=1	Wins=0	Losses=1	Win%=0.00	TossWins=1	TossLosses=0	TossWinMatchWins=0	TossWinMatchLosses=1	TossConversion%=0.00	BatFirst=1	BatFirstWins=0	BatFirstWin%=0.00	FieldFirst=0	FieldFirstWins=0	FieldFirstWin%=0.00	OverallConfidence=VERY_STRONG	RecommendationSource=OVERALL_MATCHUP	Recommendation=OVERALL_MATCHUP_ADVANTAGE	TossRecommendation=TOSS_DATA_INSUFFICIENT	StrategyRecommendation=BAT_FIELD_DATA_INSUFFICIENT	VenueConfidence=VERY_LOW	PerformanceScore=49.87	StrategyBonus=0.00	TossBonus=0.00	FinalScore=49.87	FinalDecision=BALANCED	DecisionConfidence=VERY_LOW	StrategySignal=NONE	TossSignal=NONE	VenueConfidence=VERY_LOW
Kingsmead	Deccan Chargers	Chennai Super Kings	VenueWin%=100.00	OverallWin%=40.00	VenueMatches=1	OverallMatches=10	Matches=1	Wins=1	Losses=0	Win%=100.00	TossWins=1	TossLosses=0	TossWinMatchWins=1	TossWinMatchLosses=0	TossConversion%=100.00	BatFirst=0	BatFirstWins=0	BatFirstWin%=0.00	FieldFirst=1	FieldFirstWins=1	FieldFirstWin%=100.00	OverallConfidence=STRONG	RecommendationSource=OVERALL_MATCHUP	Recommendation=OVERALL_MATCHUP_DISADVANTAGE	TossRecommendation=TOSS_DATA_INSUFFICIENT	StrategyRecommendation=BAT_FIELD_DATA_INSUFFICIENT	VenueConfidence=VERY_LOW	PerformanceScore=54.40	StrategyBonus=0.00	TossBonus=0.00	FinalScore=54.40	FinalDecision=BALANCED	DecisionConfidence=VERY_LOW	StrategySignal=NONE	TossSignal=NONE	VenueConfidence=VERY_LOW
Kingsmead	Deccan Chargers	Delhi Capitals	VenueWin%=0.00	OverallWin%=36.36	VenueMatches=1	OverallMatches=11	Matches=1	Wins=0	Losses=1	Win%=0.00	TossWins=1	TossLosses=0	TossWinMatchWins=0	TossWinMatchLosses=1	TossConversion%=0.00	BatFirst=0	BatFirstWins=0	BatFirstWin%=0.00	FieldFirst=1	FieldFirstWins=0	FieldFirstWin%=0.00	OverallConfidence=STRONG	RecommendationSource=OVERALL_MATCHUP	Recommendation=OVERALL_MATCHUP_DISADVANTAGE	TossRecommendation=TOSS_DATA_INSUFFICIENT	StrategyRecommendation=BAT_FIELD_DATA_INSUFFICIENT	VenueConfidence=VERY_LOW	PerformanceScore=27.63	StrategyBonus=0.00	TossBonus=0.00	FinalScore=27.63	FinalDecision=STRONG_NEGATIVE	DecisionConfidence=VERY_LOW	StrategySignal=NONE	TossSignal=NONE	VenueConfidence=VERY_LOW
Kingsmead	Deccan Chargers	Mumbai Indians	VenueWin%=100.00	OverallWin%=40.00	VenueMatches=1	OverallMatches=10	Matches=1	Wins=1	Losses=0	Win%=100.00	TossWins=1	TossLosses=0	TossWinMatchWins=1	TossWinMatchLosses=0	TossConversion%=100.00	BatFirst=1	BatFirstWins=1	BatFirstWin%=100.00	FieldFirst=0	FieldFirstWins=0	FieldFirstWin%=0.00	OverallConfidence=STRONG	RecommendationSource=OVERALL_MATCHUP	Recommendation=OVERALL_MATCHUP_DISADVANTAGE	TossRecommendation=TOSS_DATA_INSUFFICIENT	StrategyRecommendation=BAT_FIELD_DATA_INSUFFICIENT	VenueConfidence=VERY_LOW	PerformanceScore=54.40	StrategyBonus=0.00	TossBonus=0.00	FinalScore=54.40	FinalDecision=BALANCED	DecisionConfidence=VERY_LOW	StrategySignal=NONE	TossSignal=NONE	VenueConfidence=VERY_LOW
Kingsmead	Delhi Capitals	Chennai Super Kings	VenueWin%=100.00	OverallWin%=36.67	VenueMatches=1	OverallMatches=30	Matches=1	Wins=1	Losses=0	Win%=100.00	TossWins=1	TossLosses=0	TossWinMatchWins=1	TossWinMatchLosses=0	TossConversion%=100.00	BatFirst=1	BatFirstWins=1	BatFirstWin%=100.00	FieldFirst=0	FieldFirstWins=0	FieldFirstWin%=0.00	OverallConfidence=VERY_STRONG	RecommendationSource=OVERALL_MATCHUP	Recommendation=OVERALL_MATCHUP_DISADVANTAGE	TossRecommendation=TOSS_DATA_INSUFFICIENT	StrategyRecommendation=BAT_FIELD_DATA_INSUFFICIENT	VenueConfidence=VERY_LOW	PerformanceScore=51.87	StrategyBonus=0.00	TossBonus=0.00	FinalScore=51.87	FinalDecision=BALANCED	DecisionConfidence=VERY_LOW	StrategySignal=NONE	TossSignal=NONE	VenueConfidence=VERY_LOW
Kingsmead	Delhi Capitals	Deccan Chargers	VenueWin%=100.00	OverallWin%=63.64	VenueMatches=1	OverallMatches=11	Matches=1	Wins=1	Losses=0	Win%=100.00	TossWins=0	TossLosses=1	TossWinMatchWins=0	TossWinMatchLosses=0	TossConversion%=0.00	BatFirst=0	BatFirstWins=0	BatFirstWin%=0.00	FieldFirst=0	FieldFirstWins=0	FieldFirstWin%=0.00	OverallConfidence=STRONG	RecommendationSource=OVERALL_MATCHUP	Recommendation=OVERALL_MATCHUP_ADVANTAGE	TossRecommendation=TOSS_DATA_INSUFFICIENT	StrategyRecommendation=BAT_FIELD_DATA_INSUFFICIENT	VenueConfidence=VERY_LOW	PerformanceScore=72.37	StrategyBonus=0.00	TossBonus=0.00	FinalScore=72.37	FinalDecision=POSITIVE	DecisionConfidence=VERY_LOW	StrategySignal=NONE	TossSignal=NONE	VenueConfidence=VERY_LOW
Kingsmead	Delhi Capitals	Kolkata Knight Riders	VenueWin%=100.00	OverallWin%=45.45	VenueMatches=1	OverallMatches=33	Matches=1	Wins=1	Losses=0	Win%=100.00	TossWins=0	TossLosses=1	TossWinMatchWins=0	TossWinMatchLosses=0	TossConversion%=0.00	BatFirst=0	BatFirstWins=0	BatFirstWin%=0.00	FieldFirst=0	FieldFirstWins=0	FieldFirstWin%=0.00	OverallConfidence=VERY_STRONG	RecommendationSource=OVERALL_MATCHUP	Recommendation=OVERALL_MATCHUP_BALANCED	TossRecommendation=TOSS_DATA_INSUFFICIENT	StrategyRecommendation=BAT_FIELD_DATA_INSUFFICIENT	VenueConfidence=VERY_LOW	PerformanceScore=58.54	StrategyBonus=0.00	TossBonus=0.00	FinalScore=58.54	FinalDecision=BALANCED	DecisionConfidence=VERY_LOW	StrategySignal=NONE	TossSignal=NONE	VenueConfidence=VERY_LOW
Kingsmead	Kolkata Knight Riders	Delhi Capitals	VenueWin%=0.00	OverallWin%=54.55	VenueMatches=1	OverallMatches=33	Matches=1	Wins=0	Losses=1	Win%=0.00	TossWins=1	TossLosses=0	TossWinMatchWins=0	TossWinMatchLosses=1	TossConversion%=0.00	BatFirst=1	BatFirstWins=0	BatFirstWin%=0.00	FieldFirst=0	FieldFirstWins=0	FieldFirstWin%=0.00	OverallConfidence=VERY_STRONG	RecommendationSource=OVERALL_MATCHUP	Recommendation=OVERALL_MATCHUP_BALANCED	TossRecommendation=TOSS_DATA_INSUFFICIENT	StrategyRecommendation=BAT_FIELD_DATA_INSUFFICIENT	VenueConfidence=VERY_LOW	PerformanceScore=41.46	StrategyBonus=0.00	TossBonus=0.00	FinalScore=41.46	FinalDecision=NEGATIVE	DecisionConfidence=VERY_LOW	StrategySignal=NONE	TossSignal=NONE	VenueConfidence=VERY_LOW
Kingsmead	Kolkata Knight Riders	Punjab Kings	VenueWin%=100.00	OverallWin%=63.64	VenueMatches=1	OverallMatches=33	Matches=1	Wins=1	Losses=0	Win%=100.00	TossWins=1	TossLosses=0	TossWinMatchWins=1	TossWinMatchLosses=0	TossConversion%=100.00	BatFirst=0	BatFirstWins=0	BatFirstWin%=0.00	FieldFirst=1	FieldFirstWins=1	FieldFirstWin%=100.00	OverallConfidence=VERY_STRONG	RecommendationSource=OVERALL_MATCHUP	Recommendation=OVERALL_MATCHUP_ADVANTAGE	TossRecommendation=TOSS_DATA_INSUFFICIENT	StrategyRecommendation=BAT_FIELD_DATA_INSUFFICIENT	VenueConfidence=VERY_LOW	PerformanceScore=72.37	StrategyBonus=0.00	TossBonus=0.00	FinalScore=72.37	FinalDecision=POSITIVE	DecisionConfidence=VERY_LOW	StrategySignal=NONE	TossSignal=NONE	VenueConfidence=VERY_LOW
Kingsmead	Kolkata Knight Riders	Rajasthan Royals	VenueWin%=100.00	OverallWin%=50.00	VenueMatches=1	OverallMatches=28	Matches=1	Wins=1	Losses=0	Win%=100.00	TossWins=1	TossLosses=0	TossWinMatchWins=1	TossWinMatchLosses=0	TossConversion%=100.00	BatFirst=0	BatFirstWins=0	BatFirstWin%=0.00	FieldFirst=1	FieldFirstWins=1	FieldFirstWin%=100.00	OverallConfidence=VERY_STRONG	RecommendationSource=OVERALL_MATCHUP	Recommendation=OVERALL_MATCHUP_BALANCED	TossRecommendation=TOSS_DATA_INSUFFICIENT	StrategyRecommendation=BAT_FIELD_DATA_INSUFFICIENT	VenueConfidence=VERY_LOW	PerformanceScore=62.00	StrategyBonus=0.00	TossBonus=0.00	FinalScore=62.00	FinalDecision=POSITIVE	DecisionConfidence=VERY_LOW	StrategySignal=NONE	TossSignal=NONE	VenueConfidence=VERY_LOW
Kingsmead	Kolkata Knight Riders	Royal Challengers Bengaluru	VenueWin%=0.00	OverallWin%=58.82	VenueMatches=1	OverallMatches=34	Matches=1	Wins=0	Losses=1	Win%=0.00	TossWins=1	TossLosses=0	TossWinMatchWins=0	TossWinMatchLosses=1	TossConversion%=0.00	BatFirst=1	BatFirstWins=0	BatFirstWin%=0.00	FieldFirst=0	FieldFirstWins=0	FieldFirstWin%=0.00	OverallConfidence=VERY_STRONG	RecommendationSource=OVERALL_MATCHUP	Recommendation=OVERALL_MATCHUP_ADVANTAGE	TossRecommendation=TOSS_DATA_INSUFFICIENT	StrategyRecommendation=BAT_FIELD_DATA_INSUFFICIENT	VenueConfidence=VERY_LOW	PerformanceScore=44.70	StrategyBonus=0.00	TossBonus=0.00	FinalScore=44.70	FinalDecision=NEGATIVE	DecisionConfidence=VERY_LOW	StrategySignal=NONE	TossSignal=NONE	VenueConfidence=VERY_LOW
Kingsmead	Mumbai Indians	Deccan Chargers	VenueWin%=0.00	OverallWin%=60.00	VenueMatches=1	OverallMatches=10	Matches=1	Wins=0	Losses=1	Win%=0.00	TossWins=0	TossLosses=1	TossWinMatchWins=0	TossWinMatchLosses=0	TossConversion%=0.00	BatFirst=0	BatFirstWins=0	BatFirstWin%=0.00	FieldFirst=0	FieldFirstWins=0	FieldFirstWin%=0.00	OverallConfidence=STRONG	RecommendationSource=OVERALL_MATCHUP	Recommendation=OVERALL_MATCHUP_ADVANTAGE	TossRecommendation=TOSS_DATA_INSUFFICIENT	StrategyRecommendation=BAT_FIELD_DATA_INSUFFICIENT	VenueConfidence=VERY_LOW	PerformanceScore=45.60	StrategyBonus=0.00	TossBonus=0.00	FinalScore=45.60	FinalDecision=BALANCED	DecisionConfidence=VERY_LOW	StrategySignal=NONE	TossSignal=NONE	VenueConfidence=VERY_LOW
Kingsmead	Mumbai Indians	Punjab Kings	VenueWin%=0.00	OverallWin%=53.12	VenueMatches=1	OverallMatches=32	Matches=1	Wins=0	Losses=1	Win%=0.00	TossWins=0	TossLosses=1	TossWinMatchWins=0	TossWinMatchLosses=0	TossConversion%=0.00	BatFirst=0	BatFirstWins=0	BatFirstWin%=0.00	FieldFirst=0	FieldFirstWins=0	FieldFirstWin%=0.00	OverallConfidence=VERY_STRONG	RecommendationSource=OVERALL_MATCHUP	Recommendation=OVERALL_MATCHUP_BALANCED	TossRecommendation=TOSS_DATA_INSUFFICIENT	StrategyRecommendation=BAT_FIELD_DATA_INSUFFICIENT	VenueConfidence=VERY_LOW	PerformanceScore=40.37	StrategyBonus=0.00	TossBonus=0.00	FinalScore=40.37	FinalDecision=NEGATIVE	DecisionConfidence=VERY_LOW	StrategySignal=NONE	TossSignal=NONE	VenueConfidence=VERY_LOW
Kingsmead	Mumbai Indians	Rajasthan Royals	VenueWin%=0.00	OverallWin%=51.72	VenueMatches=1	OverallMatches=29	Matches=1	Wins=0	Losses=1	Win%=0.00	TossWins=0	TossLosses=1	TossWinMatchWins=0	TossWinMatchLosses=0	TossConversion%=0.00	BatFirst=0	BatFirstWins=0	BatFirstWin%=0.00	FieldFirst=0	FieldFirstWins=0	FieldFirstWin%=0.00	OverallConfidence=VERY_STRONG	RecommendationSource=OVERALL_MATCHUP	Recommendation=OVERALL_MATCHUP_BALANCED	TossRecommendation=TOSS_DATA_INSUFFICIENT	StrategyRecommendation=BAT_FIELD_DATA_INSUFFICIENT	VenueConfidence=VERY_LOW	PerformanceScore=39.31	StrategyBonus=0.00	TossBonus=0.00	FinalScore=39.31	FinalDecision=NEGATIVE	DecisionConfidence=VERY_LOW	StrategySignal=NONE	TossSignal=NONE	VenueConfidence=VERY_LOW
Kingsmead	Punjab Kings	Chennai Super Kings	VenueWin%=0.00	OverallWin%=46.67	VenueMatches=1	OverallMatches=30	Matches=1	Wins=0	Losses=1	Win%=0.00	TossWins=0	TossLosses=1	TossWinMatchWins=0	TossWinMatchLosses=0	TossConversion%=0.00	BatFirst=0	BatFirstWins=0	BatFirstWin%=0.00	FieldFirst=0	FieldFirstWins=0	FieldFirstWin%=0.00	OverallConfidence=VERY_STRONG	RecommendationSource=OVERALL_MATCHUP	Recommendation=OVERALL_MATCHUP_BALANCED	TossRecommendation=TOSS_DATA_INSUFFICIENT	StrategyRecommendation=BAT_FIELD_DATA_INSUFFICIENT	VenueConfidence=VERY_LOW	PerformanceScore=35.47	StrategyBonus=0.00	TossBonus=0.00	FinalScore=35.47	FinalDecision=NEGATIVE	DecisionConfidence=VERY_LOW	StrategySignal=NONE	TossSignal=NONE	VenueConfidence=VERY_LOW
Kingsmead	Punjab Kings	Kolkata Knight Riders	VenueWin%=0.00	OverallWin%=36.36	VenueMatches=1	OverallMatches=33	Matches=1	Wins=0	Losses=1	Win%=0.00	TossWins=0	TossLosses=1	TossWinMatchWins=0	TossWinMatchLosses=0	TossConversion%=0.00	BatFirst=0	BatFirstWins=0	BatFirstWin%=0.00	FieldFirst=0	FieldFirstWins=0	FieldFirstWin%=0.00	OverallConfidence=VERY_STRONG	RecommendationSource=OVERALL_MATCHUP	Recommendation=OVERALL_MATCHUP_DISADVANTAGE	TossRecommendation=TOSS_DATA_INSUFFICIENT	StrategyRecommendation=BAT_FIELD_DATA_INSUFFICIENT	VenueConfidence=VERY_LOW	PerformanceScore=27.63	StrategyBonus=0.00	TossBonus=0.00	FinalScore=27.63	FinalDecision=STRONG_NEGATIVE	DecisionConfidence=VERY_LOW	StrategySignal=NONE	TossSignal=NONE	VenueConfidence=VERY_LOW
Kingsmead	Punjab Kings	Mumbai Indians	VenueWin%=100.00	OverallWin%=46.88	VenueMatches=1	OverallMatches=32	Matches=1	Wins=1	Losses=0	Win%=100.00	TossWins=1	TossLosses=0	TossWinMatchWins=1	TossWinMatchLosses=0	TossConversion%=100.00	BatFirst=1	BatFirstWins=1	BatFirstWin%=100.00	FieldFirst=0	FieldFirstWins=0	FieldFirstWin%=0.00	OverallConfidence=VERY_STRONG	RecommendationSource=OVERALL_MATCHUP	Recommendation=OVERALL_MATCHUP_BALANCED	TossRecommendation=TOSS_DATA_INSUFFICIENT	StrategyRecommendation=BAT_FIELD_DATA_INSUFFICIENT	VenueConfidence=VERY_LOW	PerformanceScore=59.63	StrategyBonus=0.00	TossBonus=0.00	FinalScore=59.63	FinalDecision=BALANCED	DecisionConfidence=VERY_LOW	StrategySignal=NONE	TossSignal=NONE	VenueConfidence=VERY_LOW
Kingsmead	Punjab Kings	Rajasthan Royals	VenueWin%=0.00	OverallWin%=42.86	VenueMatches=1	OverallMatches=28	Matches=1	Wins=0	Losses=1	Win%=0.00	TossWins=1	TossLosses=0	TossWinMatchWins=0	TossWinMatchLosses=1	TossConversion%=0.00	BatFirst=0	BatFirstWins=0	BatFirstWin%=0.00	FieldFirst=1	FieldFirstWins=0	FieldFirstWin%=0.00	OverallConfidence=VERY_STRONG	RecommendationSource=OVERALL_MATCHUP	Recommendation=OVERALL_MATCHUP_BALANCED	TossRecommendation=TOSS_DATA_INSUFFICIENT	StrategyRecommendation=BAT_FIELD_DATA_INSUFFICIENT	VenueConfidence=VERY_LOW	PerformanceScore=32.57	StrategyBonus=0.00	TossBonus=0.00	FinalScore=32.57	FinalDecision=NEGATIVE	DecisionConfidence=VERY_LOW	StrategySignal=NONE	TossSignal=NONE	VenueConfidence=VERY_LOW
Kingsmead	Punjab Kings	Royal Challengers Bengaluru	VenueWin%=50.00	OverallWin%=51.52	VenueMatches=2	OverallMatches=33	Matches=2	Wins=1	Losses=1	Win%=50.00	TossWins=0	TossLosses=2	TossWinMatchWins=0	TossWinMatchLosses=0	TossConversion%=0.00	BatFirst=0	BatFirstWins=0	BatFirstWin%=0.00	FieldFirst=0	FieldFirstWins=0	FieldFirstWin%=0.00	OverallConfidence=VERY_STRONG	RecommendationSource=OVERALL_MATCHUP	Recommendation=OVERALL_MATCHUP_BALANCED	TossRecommendation=TOSS_DATA_INSUFFICIENT	StrategyRecommendation=BAT_FIELD_DATA_INSUFFICIENT	VenueConfidence=VERY_LOW	PerformanceScore=51.09	StrategyBonus=0.00	TossBonus=0.00	FinalScore=51.09	FinalDecision=BALANCED	DecisionConfidence=VERY_LOW	StrategySignal=NONE	TossSignal=NONE	VenueConfidence=VERY_LOW
Kingsmead	Rajasthan Royals	Kolkata Knight Riders	VenueWin%=0.00	OverallWin%=50.00	VenueMatches=1	OverallMatches=28	Matches=1	Wins=0	Losses=1	Win%=0.00	TossWins=0	TossLosses=1	TossWinMatchWins=0	TossWinMatchLosses=0	TossConversion%=0.00	BatFirst=0	BatFirstWins=0	BatFirstWin%=0.00	FieldFirst=0	FieldFirstWins=0	FieldFirstWin%=0.00	OverallConfidence=VERY_STRONG	RecommendationSource=OVERALL_MATCHUP	Recommendation=OVERALL_MATCHUP_BALANCED	TossRecommendation=TOSS_DATA_INSUFFICIENT	StrategyRecommendation=BAT_FIELD_DATA_INSUFFICIENT	VenueConfidence=VERY_LOW	PerformanceScore=38.00	StrategyBonus=0.00	TossBonus=0.00	FinalScore=38.00	FinalDecision=NEGATIVE	DecisionConfidence=VERY_LOW	StrategySignal=NONE	TossSignal=NONE	VenueConfidence=VERY_LOW
Kingsmead	Rajasthan Royals	Mumbai Indians	VenueWin%=100.00	OverallWin%=48.28	VenueMatches=1	OverallMatches=29	Matches=1	Wins=1	Losses=0	Win%=100.00	TossWins=1	TossLosses=0	TossWinMatchWins=1	TossWinMatchLosses=0	TossConversion%=100.00	BatFirst=1	BatFirstWins=1	BatFirstWin%=100.00	FieldFirst=0	FieldFirstWins=0	FieldFirstWin%=0.00	OverallConfidence=VERY_STRONG	RecommendationSource=OVERALL_MATCHUP	Recommendation=OVERALL_MATCHUP_BALANCED	TossRecommendation=TOSS_DATA_INSUFFICIENT	StrategyRecommendation=BAT_FIELD_DATA_INSUFFICIENT	VenueConfidence=VERY_LOW	PerformanceScore=60.69	StrategyBonus=0.00	TossBonus=0.00	FinalScore=60.69	FinalDecision=POSITIVE	DecisionConfidence=VERY_LOW	StrategySignal=NONE	TossSignal=NONE	VenueConfidence=VERY_LOW
Kingsmead	Rajasthan Royals	Punjab Kings	VenueWin%=100.00	OverallWin%=57.14	VenueMatches=1	OverallMatches=28	Matches=1	Wins=1	Losses=0	Win%=100.00	TossWins=0	TossLosses=1	TossWinMatchWins=0	TossWinMatchLosses=0	TossConversion%=0.00	BatFirst=0	BatFirstWins=0	BatFirstWin%=0.00	FieldFirst=0	FieldFirstWins=0	FieldFirstWin%=0.00	OverallConfidence=VERY_STRONG	RecommendationSource=OVERALL_MATCHUP	Recommendation=OVERALL_MATCHUP_ADVANTAGE	TossRecommendation=TOSS_DATA_INSUFFICIENT	StrategyRecommendation=BAT_FIELD_DATA_INSUFFICIENT	VenueConfidence=VERY_LOW	PerformanceScore=67.43	StrategyBonus=0.00	TossBonus=0.00	FinalScore=67.43	FinalDecision=POSITIVE	DecisionConfidence=VERY_LOW	StrategySignal=NONE	TossSignal=NONE	VenueConfidence=VERY_LOW
Kingsmead	Royal Challengers Bengaluru	Chennai Super Kings	VenueWin%=100.00	OverallWin%=34.38	VenueMatches=1	OverallMatches=32	Matches=1	Wins=1	Losses=0	Win%=100.00	TossWins=0	TossLosses=1	TossWinMatchWins=0	TossWinMatchLosses=0	TossConversion%=0.00	BatFirst=0	BatFirstWins=0	BatFirstWin%=0.00	FieldFirst=0	FieldFirstWins=0	FieldFirstWin%=0.00	OverallConfidence=VERY_STRONG	RecommendationSource=OVERALL_MATCHUP	Recommendation=OVERALL_MATCHUP_DISADVANTAGE	TossRecommendation=TOSS_DATA_INSUFFICIENT	StrategyRecommendation=BAT_FIELD_DATA_INSUFFICIENT	VenueConfidence=VERY_LOW	PerformanceScore=50.13	StrategyBonus=0.00	TossBonus=0.00	FinalScore=50.13	FinalDecision=BALANCED	DecisionConfidence=VERY_LOW	StrategySignal=NONE	TossSignal=NONE	VenueConfidence=VERY_LOW
Kingsmead	Royal Challengers Bengaluru	Kolkata Knight Riders	VenueWin%=100.00	OverallWin%=41.18	VenueMatches=1	OverallMatches=34	Matches=1	Wins=1	Losses=0	Win%=100.00	TossWins=0	TossLosses=1	TossWinMatchWins=0	TossWinMatchLosses=0	TossConversion%=0.00	BatFirst=0	BatFirstWins=0	BatFirstWin%=0.00	FieldFirst=0	FieldFirstWins=0	FieldFirstWin%=0.00	OverallConfidence=VERY_STRONG	RecommendationSource=OVERALL_MATCHUP	Recommendation=OVERALL_MATCHUP_BALANCED	TossRecommendation=TOSS_DATA_INSUFFICIENT	StrategyRecommendation=BAT_FIELD_DATA_INSUFFICIENT	VenueConfidence=VERY_LOW	PerformanceScore=55.30	StrategyBonus=0.00	TossBonus=0.00	FinalScore=55.30	FinalDecision=BALANCED	DecisionConfidence=VERY_LOW	StrategySignal=NONE	TossSignal=NONE	VenueConfidence=VERY_LOW
Kingsmead	Royal Challengers Bengaluru	Punjab Kings	VenueWin%=50.00	OverallWin%=48.48	VenueMatches=2	OverallMatches=33	Matches=2	Wins=1	Losses=1	Win%=50.00	TossWins=2	TossLosses=0	TossWinMatchWins=1	TossWinMatchLosses=1	TossConversion%=50.00	BatFirst=2	BatFirstWins=1	BatFirstWin%=50.00	FieldFirst=0	FieldFirstWins=0	FieldFirstWin%=0.00	OverallConfidence=VERY_STRONG	RecommendationSource=OVERALL_MATCHUP	Recommendation=OVERALL_MATCHUP_BALANCED	TossRecommendation=TOSS_DATA_INSUFFICIENT	StrategyRecommendation=BAT_FIELD_DATA_INSUFFICIENT	VenueConfidence=VERY_LOW	PerformanceScore=48.91	StrategyBonus=0.00	TossBonus=0.00	FinalScore=48.91	FinalDecision=BALANCED	DecisionConfidence=VERY_LOW	StrategySignal=NONE	TossSignal=NONE	VenueConfidence=VERY_LOW
M Chinnaswamy Stadium	Chennai Super Kings	Mumbai Indians	VenueWin%=100.00	OverallWin%=45.95	VenueMatches=1	OverallMatches=37	Matches=1	Wins=1	Losses=0	Win%=100.00	TossWins=0	TossLosses=1	TossWinMatchWins=0	TossWinMatchLosses=0	TossConversion%=0.00	BatFirst=0	BatFirstWins=0	BatFirstWin%=0.00	FieldFirst=0	FieldFirstWins=0	FieldFirstWin%=0.00	OverallConfidence=VERY_STRONG	RecommendationSource=OVERALL_MATCHUP	Recommendation=OVERALL_MATCHUP_BALANCED	TossRecommendation=TOSS_DATA_INSUFFICIENT	StrategyRecommendation=BAT_FIELD_DATA_INSUFFICIENT	VenueConfidence=VERY_LOW	PerformanceScore=58.92	StrategyBonus=0.00	TossBonus=0.00	FinalScore=58.92	FinalDecision=BALANCED	DecisionConfidence=VERY_LOW	StrategySignal=NONE	TossSignal=NONE	VenueConfidence=VERY_LOW
M Chinnaswamy Stadium	Chennai Super Kings	Royal Challengers Bengaluru	VenueWin%=50.00	OverallWin%=65.62	VenueMatches=6	OverallMatches=32	Matches=6	Wins=3	Losses=3	Win%=50.00	TossWins=4	TossLosses=2	TossWinMatchWins=2	TossWinMatchLosses=2	TossConversion%=50.00	BatFirst=1	BatFirstWins=1	BatFirstWin%=100.00	FieldFirst=3	FieldFirstWins=1	FieldFirstWin%=33.33	OverallConfidence=VERY_STRONG	RecommendationSource=VENUE	Recommendation=BALANCED_VENUE	TossRecommendation=TOSS_IMPACT_BALANCED	StrategyRecommendation=FIELD_FIRST_DATA_STRONGER	VenueConfidence=MODERATE	PerformanceScore=58.75	StrategyBonus=0.00	TossBonus=0.00	FinalScore=58.75	FinalDecision=BALANCED	DecisionConfidence=MODERATE	StrategySignal=NONE	TossSignal=LOW	VenueConfidence=MODERATE
M Chinnaswamy Stadium	Deccan Chargers	Royal Challengers Bengaluru	VenueWin%=33.33	OverallWin%=54.55	VenueMatches=3	OverallMatches=11	Matches=3	Wins=1	Losses=2	Win%=33.33	TossWins=2	TossLosses=1	TossWinMatchWins=1	TossWinMatchLosses=1	TossConversion%=50.00	BatFirst=0	BatFirstWins=0	BatFirstWin%=0.00	FieldFirst=2	FieldFirstWins=1	FieldFirstWin%=50.00	OverallConfidence=STRONG	RecommendationSource=VENUE	Recommendation=VENUE_DISADVANTAGE	TossRecommendation=TOSS_IMPACT_BALANCED	StrategyRecommendation=BAT_FIELD_DATA_INSUFFICIENT	VenueConfidence=LOW	PerformanceScore=47.76	StrategyBonus=0.00	TossBonus=0.00	FinalScore=47.76	FinalDecision=BALANCED	DecisionConfidence=LOW	StrategySignal=NONE	TossSignal=NONE	VenueConfidence=LOW
M Chinnaswamy Stadium	Delhi Capitals	Royal Challengers Bengaluru	VenueWin%=42.86	OverallWin%=35.48	VenueMatches=7	OverallMatches=31	Matches=7	Wins=3	Losses=4	Win%=42.86	TossWins=4	TossLosses=3	TossWinMatchWins=2	TossWinMatchLosses=2	TossConversion%=50.00	BatFirst=0	BatFirstWins=0	BatFirstWin%=0.00	FieldFirst=4	FieldFirstWins=2	FieldFirstWin%=50.00	OverallConfidence=VERY_STRONG	RecommendationSource=VENUE	Recommendation=BALANCED_VENUE	TossRecommendation=TOSS_IMPACT_BALANCED	StrategyRecommendation=FIELD_FIRST_DATA_STRONGER	VenueConfidence=MODERATE	PerformanceScore=39.02	StrategyBonus=0.00	TossBonus=0.00	FinalScore=39.02	FinalDecision=NEGATIVE	DecisionConfidence=MODERATE	StrategySignal=NONE	TossSignal=LOW	VenueConfidence=MODERATE
M Chinnaswamy Stadium	Gujarat Lions	Royal Challengers Bengaluru	VenueWin%=33.33	OverallWin%=40.00	VenueMatches=3	OverallMatches=5	Matches=3	Wins=1	Losses=2	Win%=33.33	TossWins=2	TossLosses=1	TossWinMatchWins=1	TossWinMatchLosses=1	TossConversion%=50.00	BatFirst=0	BatFirstWins=0	BatFirstWin%=0.00	FieldFirst=2	FieldFirstWins=1	FieldFirstWin%=50.00	OverallConfidence=MODERATE	RecommendationSource=VENUE	Recommendation=VENUE_DISADVANTAGE	TossRecommendation=TOSS_IMPACT_BALANCED	StrategyRecommendation=BAT_FIELD_DATA_INSUFFICIENT	VenueConfidence=LOW	PerformanceScore=37.87	StrategyBonus=0.00	TossBonus=0.00	FinalScore=37.87	FinalDecision=NEGATIVE	DecisionConfidence=LOW	StrategySignal=NONE	TossSignal=NONE	VenueConfidence=LOW
M Chinnaswamy Stadium	Kochi Tuskers Kerala	Royal Challengers Bengaluru	VenueWin%=0.00	OverallWin%=0.00	VenueMatches=1	OverallMatches=2	Matches=1	Wins=0	Losses=1	Win%=0.00	TossWins=1	TossLosses=0	TossWinMatchWins=0	TossWinMatchLosses=1	TossConversion%=0.00	BatFirst=1	BatFirstWins=0	BatFirstWin%=0.00	FieldFirst=0	FieldFirstWins=0	FieldFirstWin%=0.00	OverallConfidence=VERY_LOW	RecommendationSource=INSUFFICIENT	Recommendation=INSUFFICIENT_DATA	TossRecommendation=TOSS_DATA_INSUFFICIENT	StrategyRecommendation=BAT_FIELD_DATA_INSUFFICIENT	VenueConfidence=VERY_LOW	PerformanceScore=0.00	StrategyBonus=0.00	TossBonus=0.00	FinalScore=0.00	FinalDecision=STRONG_NEGATIVE	DecisionConfidence=VERY_LOW	StrategySignal=NONE	TossSignal=NONE	VenueConfidence=VERY_LOW
M Chinnaswamy Stadium	Kolkata Knight Riders	Mumbai Indians	VenueWin%=0.00	OverallWin%=32.35	VenueMatches=1	OverallMatches=34	Matches=1	Wins=0	Losses=1	Win%=0.00	TossWins=0	TossLosses=1	TossWinMatchWins=0	TossWinMatchLosses=0	TossConversion%=0.00	BatFirst=0	BatFirstWins=0	BatFirstWin%=0.00	FieldFirst=0	FieldFirstWins=0	FieldFirstWin%=0.00	OverallConfidence=VERY_STRONG	RecommendationSource=OVERALL_MATCHUP	Recommendation=OVERALL_MATCHUP_DISADVANTAGE	TossRecommendation=TOSS_DATA_INSUFFICIENT	StrategyRecommendation=BAT_FIELD_DATA_INSUFFICIENT	VenueConfidence=VERY_LOW	PerformanceScore=24.59	StrategyBonus=0.00	TossBonus=0.00	FinalScore=24.59	FinalDecision=STRONG_NEGATIVE	DecisionConfidence=VERY_LOW	StrategySignal=NONE	TossSignal=NONE	VenueConfidence=VERY_LOW
M Chinnaswamy Stadium	Kolkata Knight Riders	Punjab Kings	VenueWin%=100.00	OverallWin%=63.64	VenueMatches=1	OverallMatches=33	Matches=1	Wins=1	Losses=0	Win%=100.00	TossWins=1	TossLosses=0	TossWinMatchWins=1	TossWinMatchLosses=0	TossConversion%=100.00	BatFirst=0	BatFirstWins=0	BatFirstWin%=0.00	FieldFirst=1	FieldFirstWins=1	FieldFirstWin%=100.00	OverallConfidence=VERY_STRONG	RecommendationSource=OVERALL_MATCHUP	Recommendation=OVERALL_MATCHUP_ADVANTAGE	TossRecommendation=TOSS_DATA_INSUFFICIENT	StrategyRecommendation=BAT_FIELD_DATA_INSUFFICIENT	VenueConfidence=VERY_LOW	PerformanceScore=72.37	StrategyBonus=0.00	TossBonus=0.00	FinalScore=72.37	FinalDecision=POSITIVE	DecisionConfidence=VERY_LOW	StrategySignal=NONE	TossSignal=NONE	VenueConfidence=VERY_LOW
M Chinnaswamy Stadium	Kolkata Knight Riders	Royal Challengers Bengaluru	VenueWin%=50.00	OverallWin%=58.82	VenueMatches=8	OverallMatches=34	Matches=8	Wins=4	Losses=4	Win%=50.00	TossWins=2	TossLosses=6	TossWinMatchWins=2	TossWinMatchLosses=0	TossConversion%=100.00	BatFirst=0	BatFirstWins=0	BatFirstWin%=0.00	FieldFirst=2	FieldFirstWins=2	FieldFirstWin%=100.00	OverallConfidence=VERY_STRONG	RecommendationSource=VENUE	Recommendation=BALANCED_VENUE	TossRecommendation=TOSS_WIN_HAS_STRONG_VALUE	StrategyRecommendation=BAT_FIELD_DATA_INSUFFICIENT	VenueConfidence=MODERATE	PerformanceScore=54.23	StrategyBonus=0.00	TossBonus=2.00	FinalScore=56.23	FinalDecision=BALANCED	DecisionConfidence=MODERATE	StrategySignal=NONE	TossSignal=STRONG	VenueConfidence=MODERATE
M Chinnaswamy Stadium	Kolkata Knight Riders	Sunrisers Hyderabad	VenueWin%=100.00	OverallWin%=67.86	VenueMatches=1	OverallMatches=28	Matches=1	Wins=1	Losses=0	Win%=100.00	TossWins=1	TossLosses=0	TossWinMatchWins=1	TossWinMatchLosses=0	TossConversion%=100.00	BatFirst=0	BatFirstWins=0	BatFirstWin%=0.00	FieldFirst=1	FieldFirstWins=1	FieldFirstWin%=100.00	OverallConfidence=VERY_STRONG	RecommendationSource=OVERALL_MATCHUP	Recommendation=OVERALL_MATCHUP_ADVANTAGE	TossRecommendation=TOSS_DATA_INSUFFICIENT	StrategyRecommendation=BAT_FIELD_DATA_INSUFFICIENT	VenueConfidence=VERY_LOW	PerformanceScore=75.57	StrategyBonus=0.00	TossBonus=0.00	FinalScore=75.57	FinalDecision=STRONG_POSITIVE	DecisionConfidence=VERY_LOW	StrategySignal=NONE	TossSignal=NONE	VenueConfidence=VERY_LOW
M Chinnaswamy Stadium	Mumbai Indians	Chennai Super Kings	VenueWin%=0.00	OverallWin%=54.05	VenueMatches=1	OverallMatches=37	Matches=1	Wins=0	Losses=1	Win%=0.00	TossWins=1	TossLosses=0	TossWinMatchWins=0	TossWinMatchLosses=1	TossConversion%=0.00	BatFirst=0	BatFirstWins=0	BatFirstWin%=0.00	FieldFirst=1	FieldFirstWins=0	FieldFirstWin%=0.00	OverallConfidence=VERY_STRONG	RecommendationSource=OVERALL_MATCHUP	Recommendation=OVERALL_MATCHUP_BALANCED	TossRecommendation=TOSS_DATA_INSUFFICIENT	StrategyRecommendation=BAT_FIELD_DATA_INSUFFICIENT	VenueConfidence=VERY_LOW	PerformanceScore=41.08	StrategyBonus=0.00	TossBonus=0.00	FinalScore=41.08	FinalDecision=NEGATIVE	DecisionConfidence=VERY_LOW	StrategySignal=NONE	TossSignal=NONE	VenueConfidence=VERY_LOW
M Chinnaswamy Stadium	Mumbai Indians	Kolkata Knight Riders	VenueWin%=100.00	OverallWin%=67.65	VenueMatches=1	OverallMatches=34	Matches=1	Wins=1	Losses=0	Win%=100.00	TossWins=1	TossLosses=0	TossWinMatchWins=1	TossWinMatchLosses=0	TossConversion%=100.00	BatFirst=0	BatFirstWins=0	BatFirstWin%=0.00	FieldFirst=1	FieldFirstWins=1	FieldFirstWin%=100.00	OverallConfidence=VERY_STRONG	RecommendationSource=OVERALL_MATCHUP	Recommendation=OVERALL_MATCHUP_ADVANTAGE	TossRecommendation=TOSS_DATA_INSUFFICIENT	StrategyRecommendation=BAT_FIELD_DATA_INSUFFICIENT	VenueConfidence=VERY_LOW	PerformanceScore=75.41	StrategyBonus=0.00	TossBonus=0.00	FinalScore=75.41	FinalDecision=STRONG_POSITIVE	DecisionConfidence=VERY_LOW	StrategySignal=NONE	TossSignal=NONE	VenueConfidence=VERY_LOW
M Chinnaswamy Stadium	Mumbai Indians	Royal Challengers Bengaluru	VenueWin%=87.50	OverallWin%=57.58	VenueMatches=8	OverallMatches=33	Matches=8	Wins=7	Losses=1	Win%=87.50	TossWins=6	TossLosses=2	TossWinMatchWins=5	TossWinMatchLosses=1	TossConversion%=83.33	BatFirst=0	BatFirstWins=0	BatFirstWin%=0.00	FieldFirst=6	FieldFirstWins=5	FieldFirstWin%=83.33	OverallConfidence=VERY_STRONG	RecommendationSource=VENUE	Recommendation=STRONG_VENUE_ADVANTAGE	TossRecommendation=TOSS_WIN_HAS_STRONG_VALUE	StrategyRecommendation=FIELD_FIRST_DATA_STRONGER	VenueConfidence=MODERATE	PerformanceScore=73.14	StrategyBonus=0.00	TossBonus=2.00	FinalScore=75.14	FinalDecision=STRONG_POSITIVE	DecisionConfidence=MODERATE	StrategySignal=NONE	TossSignal=STRONG	VenueConfidence=MODERATE
M Chinnaswamy Stadium	Pune Warriors	Royal Challengers Bengaluru	VenueWin%=0.00	OverallWin%=0.00	VenueMatches=3	OverallMatches=5	Matches=3	Wins=0	Losses=3	Win%=0.00	TossWins=3	TossLosses=0	TossWinMatchWins=0	TossWinMatchLosses=3	TossConversion%=0.00	BatFirst=1	BatFirstWins=0	BatFirstWin%=0.00	FieldFirst=2	FieldFirstWins=0	FieldFirstWin%=0.00	OverallConfidence=MODERATE	RecommendationSource=VENUE	Recommendation=VENUE_DISADVANTAGE	TossRecommendation=TOSS_WIN_HAS_LOW_VALUE	StrategyRecommendation=BAT_FIELD_DATA_INSUFFICIENT	VenueConfidence=LOW	PerformanceScore=0.00	StrategyBonus=0.00	TossBonus=0.00	FinalScore=0.00	FinalDecision=STRONG_NEGATIVE	DecisionConfidence=LOW	StrategySignal=NONE	TossSignal=NONE	VenueConfidence=LOW
M Chinnaswamy Stadium	Punjab Kings	Kolkata Knight Riders	VenueWin%=0.00	OverallWin%=36.36	VenueMatches=1	OverallMatches=33	Matches=1	Wins=0	Losses=1	Win%=0.00	TossWins=0	TossLosses=1	TossWinMatchWins=0	TossWinMatchLosses=0	TossConversion%=0.00	BatFirst=0	BatFirstWins=0	BatFirstWin%=0.00	FieldFirst=0	FieldFirstWins=0	FieldFirstWin%=0.00	OverallConfidence=VERY_STRONG	RecommendationSource=OVERALL_MATCHUP	Recommendation=OVERALL_MATCHUP_DISADVANTAGE	TossRecommendation=TOSS_DATA_INSUFFICIENT	StrategyRecommendation=BAT_FIELD_DATA_INSUFFICIENT	VenueConfidence=VERY_LOW	PerformanceScore=27.63	StrategyBonus=0.00	TossBonus=0.00	FinalScore=27.63	FinalDecision=STRONG_NEGATIVE	DecisionConfidence=VERY_LOW	StrategySignal=NONE	TossSignal=NONE	VenueConfidence=VERY_LOW
M Chinnaswamy Stadium	Punjab Kings	Royal Challengers Bengaluru	VenueWin%=55.56	OverallWin%=51.52	VenueMatches=9	OverallMatches=33	Matches=9	Wins=5	Losses=4	Win%=55.56	TossWins=7	TossLosses=2	TossWinMatchWins=3	TossWinMatchLosses=4	TossConversion%=42.86	BatFirst=1	BatFirstWins=0	BatFirstWin%=0.00	FieldFirst=6	FieldFirstWins=3	FieldFirstWin%=50.00	OverallConfidence=VERY_STRONG	RecommendationSource=VENUE	Recommendation=VENUE_ADVANTAGE	TossRecommendation=TOSS_IMPACT_BALANCED	StrategyRecommendation=FIELD_FIRST_DATA_STRONGER	VenueConfidence=MODERATE	PerformanceScore=53.78	StrategyBonus=0.00	TossBonus=0.00	FinalScore=53.78	FinalDecision=BALANCED	DecisionConfidence=MODERATE	StrategySignal=NONE	TossSignal=LOW	VenueConfidence=MODERATE
M Chinnaswamy Stadium	Rajasthan Royals	Royal Challengers Bengaluru	VenueWin%=50.00	OverallWin%=45.16	VenueMatches=6	OverallMatches=31	Matches=6	Wins=3	Losses=3	Win%=50.00	TossWins=3	TossLosses=3	TossWinMatchWins=2	TossWinMatchLosses=1	TossConversion%=66.67	BatFirst=1	BatFirstWins=1	BatFirstWin%=100.00	FieldFirst=2	FieldFirstWins=1	FieldFirstWin%=50.00	OverallConfidence=VERY_STRONG	RecommendationSource=VENUE	Recommendation=BALANCED_VENUE	TossRecommendation=TOSS_WIN_HAS_MODERATE_VALUE	StrategyRecommendation=BAT_FIELD_DATA_INSUFFICIENT	VenueConfidence=MODERATE	PerformanceScore=47.29	StrategyBonus=0.00	TossBonus=1.00	FinalScore=48.29	FinalDecision=BALANCED	DecisionConfidence=MODERATE	StrategySignal=NONE	TossSignal=MODERATE	VenueConfidence=MODERATE
M Chinnaswamy Stadium	Rising Pune Supergiants	Royal Challengers Bengaluru	VenueWin%=50.00	OverallWin%=50.00	VenueMatches=2	OverallMatches=4	Matches=2	Wins=1	Losses=1	Win%=50.00	TossWins=0	TossLosses=2	TossWinMatchWins=0	TossWinMatchLosses=0	TossConversion%=0.00	BatFirst=0	BatFirstWins=0	BatFirstWin%=0.00	FieldFirst=0	FieldFirstWins=0	FieldFirstWin%=0.00	OverallConfidence=LOW	RecommendationSource=OVERALL_MATCHUP	Recommendation=OVERALL_MATCHUP_BALANCED	TossRecommendation=TOSS_DATA_INSUFFICIENT	StrategyRecommendation=BAT_FIELD_DATA_INSUFFICIENT	VenueConfidence=VERY_LOW	PerformanceScore=50.00	StrategyBonus=0.00	TossBonus=0.00	FinalScore=50.00	FinalDecision=BALANCED	DecisionConfidence=VERY_LOW	StrategySignal=NONE	TossSignal=NONE	VenueConfidence=VERY_LOW
M Chinnaswamy Stadium	Royal Challengers Bengaluru	Chennai Super Kings	VenueWin%=50.00	OverallWin%=34.38	VenueMatches=6	OverallMatches=32	Matches=6	Wins=3	Losses=3	Win%=50.00	TossWins=2	TossLosses=4	TossWinMatchWins=1	TossWinMatchLosses=1	TossConversion%=50.00	BatFirst=0	BatFirstWins=0	BatFirstWin%=0.00	FieldFirst=2	FieldFirstWins=1	FieldFirstWin%=50.00	OverallConfidence=VERY_STRONG	RecommendationSource=VENUE	Recommendation=BALANCED_VENUE	TossRecommendation=TOSS_IMPACT_BALANCED	StrategyRecommendation=BAT_FIELD_DATA_INSUFFICIENT	VenueConfidence=MODERATE	PerformanceScore=41.25	StrategyBonus=0.00	TossBonus=0.00	FinalScore=41.25	FinalDecision=NEGATIVE	DecisionConfidence=MODERATE	StrategySignal=NONE	TossSignal=LOW	VenueConfidence=MODERATE
M Chinnaswamy Stadium	Royal Challengers Bengaluru	Deccan Chargers	VenueWin%=66.67	OverallWin%=45.45	VenueMatches=3	OverallMatches=11	Matches=3	Wins=2	Losses=1	Win%=66.67	TossWins=1	TossLosses=2	TossWinMatchWins=1	TossWinMatchLosses=0	TossConversion%=100.00	BatFirst=0	BatFirstWins=0	BatFirstWin%=0.00	FieldFirst=1	FieldFirstWins=1	FieldFirstWin%=100.00	OverallConfidence=STRONG	RecommendationSource=VENUE	Recommendation=VENUE_ADVANTAGE	TossRecommendation=TOSS_WIN_HAS_STRONG_VALUE	StrategyRecommendation=BAT_FIELD_DATA_INSUFFICIENT	VenueConfidence=LOW	PerformanceScore=52.24	StrategyBonus=0.00	TossBonus=0.00	FinalScore=52.24	FinalDecision=BALANCED	DecisionConfidence=LOW	StrategySignal=NONE	TossSignal=NONE	VenueConfidence=LOW
M Chinnaswamy Stadium	Royal Challengers Bengaluru	Delhi Capitals	VenueWin%=42.86	OverallWin%=61.29	VenueMatches=7	OverallMatches=31	Matches=7	Wins=3	Losses=4	Win%=42.86	TossWins=3	TossLosses=4	TossWinMatchWins=1	TossWinMatchLosses=2	TossConversion%=33.33	BatFirst=0	BatFirstWins=0	BatFirstWin%=0.00	FieldFirst=3	FieldFirstWins=1	FieldFirstWin%=33.33	OverallConfidence=VERY_STRONG	RecommendationSource=VENUE	Recommendation=BALANCED_VENUE	TossRecommendation=TOSS_WIN_HAS_LOW_VALUE	StrategyRecommendation=FIELD_FIRST_DATA_STRONGER	VenueConfidence=MODERATE	PerformanceScore=52.44	StrategyBonus=0.00	TossBonus=0.00	FinalScore=52.44	FinalDecision=BALANCED	DecisionConfidence=MODERATE	StrategySignal=NONE	TossSignal=LOW	VenueConfidence=MODERATE
M Chinnaswamy Stadium	Royal Challengers Bengaluru	Gujarat Lions	VenueWin%=66.67	OverallWin%=60.00	VenueMatches=3	OverallMatches=5	Matches=3	Wins=2	Losses=1	Win%=66.67	TossWins=1	TossLosses=2	TossWinMatchWins=1	TossWinMatchLosses=0	TossConversion%=100.00	BatFirst=0	BatFirstWins=0	BatFirstWin%=0.00	FieldFirst=1	FieldFirstWins=1	FieldFirstWin%=100.00	OverallConfidence=MODERATE	RecommendationSource=VENUE	Recommendation=VENUE_ADVANTAGE	TossRecommendation=TOSS_WIN_HAS_STRONG_VALUE	StrategyRecommendation=BAT_FIELD_DATA_INSUFFICIENT	VenueConfidence=LOW	PerformanceScore=62.13	StrategyBonus=0.00	TossBonus=0.00	FinalScore=62.13	FinalDecision=POSITIVE	DecisionConfidence=LOW	StrategySignal=NONE	TossSignal=NONE	VenueConfidence=LOW
M Chinnaswamy Stadium	Royal Challengers Bengaluru	Kochi Tuskers Kerala	VenueWin%=100.00	OverallWin%=100.00	VenueMatches=1	OverallMatches=2	Matches=1	Wins=1	Losses=0	Win%=100.00	TossWins=0	TossLosses=1	TossWinMatchWins=0	TossWinMatchLosses=0	TossConversion%=0.00	BatFirst=0	BatFirstWins=0	BatFirstWin%=0.00	FieldFirst=0	FieldFirstWins=0	FieldFirstWin%=0.00	OverallConfidence=VERY_LOW	RecommendationSource=INSUFFICIENT	Recommendation=INSUFFICIENT_DATA	TossRecommendation=TOSS_DATA_INSUFFICIENT	StrategyRecommendation=BAT_FIELD_DATA_INSUFFICIENT	VenueConfidence=VERY_LOW	PerformanceScore=100.00	StrategyBonus=0.00	TossBonus=0.00	FinalScore=100.00	FinalDecision=STRONG_POSITIVE	DecisionConfidence=VERY_LOW	StrategySignal=NONE	TossSignal=NONE	VenueConfidence=VERY_LOW
M Chinnaswamy Stadium	Royal Challengers Bengaluru	Kolkata Knight Riders	VenueWin%=50.00	OverallWin%=41.18	VenueMatches=8	OverallMatches=34	Matches=8	Wins=4	Losses=4	Win%=50.00	TossWins=6	TossLosses=2	TossWinMatchWins=4	TossWinMatchLosses=2	TossConversion%=66.67	BatFirst=0	BatFirstWins=0	BatFirstWin%=0.00	FieldFirst=6	FieldFirstWins=4	FieldFirstWin%=66.67	OverallConfidence=VERY_STRONG	RecommendationSource=VENUE	Recommendation=BALANCED_VENUE	TossRecommendation=TOSS_WIN_HAS_MODERATE_VALUE	StrategyRecommendation=FIELD_FIRST_DATA_STRONGER	VenueConfidence=MODERATE	PerformanceScore=45.77	StrategyBonus=0.00	TossBonus=1.00	FinalScore=46.77	FinalDecision=BALANCED	DecisionConfidence=MODERATE	StrategySignal=NONE	TossSignal=MODERATE	VenueConfidence=MODERATE
M Chinnaswamy Stadium	Royal Challengers Bengaluru	Mumbai Indians	VenueWin%=12.50	OverallWin%=42.42	VenueMatches=8	OverallMatches=33	Matches=8	Wins=1	Losses=7	Win%=12.50	TossWins=2	TossLosses=6	TossWinMatchWins=0	TossWinMatchLosses=2	TossConversion%=0.00	BatFirst=0	BatFirstWins=0	BatFirstWin%=0.00	FieldFirst=2	FieldFirstWins=0	FieldFirstWin%=0.00	OverallConfidence=VERY_STRONG	RecommendationSource=VENUE	Recommendation=VENUE_DISADVANTAGE	TossRecommendation=TOSS_WIN_HAS_LOW_VALUE	StrategyRecommendation=BAT_FIELD_DATA_INSUFFICIENT	VenueConfidence=MODERATE	PerformanceScore=26.86	StrategyBonus=0.00	TossBonus=0.00	FinalScore=26.86	FinalDecision=STRONG_NEGATIVE	DecisionConfidence=MODERATE	StrategySignal=NONE	TossSignal=LOW	VenueConfidence=MODERATE
M Chinnaswamy Stadium	Royal Challengers Bengaluru	Pune Warriors	VenueWin%=100.00	OverallWin%=100.00	VenueMatches=3	OverallMatches=5	Matches=3	Wins=3	Losses=0	Win%=100.00	TossWins=0	TossLosses=3	TossWinMatchWins=0	TossWinMatchLosses=0	TossConversion%=0.00	BatFirst=0	BatFirstWins=0	BatFirstWin%=0.00	FieldFirst=0	FieldFirstWins=0	FieldFirstWin%=0.00	OverallConfidence=MODERATE	RecommendationSource=VENUE	Recommendation=STRONG_VENUE_ADVANTAGE	TossRecommendation=TOSS_WIN_HAS_LOW_VALUE	StrategyRecommendation=BAT_FIELD_DATA_INSUFFICIENT	VenueConfidence=LOW	PerformanceScore=100.00	StrategyBonus=0.00	TossBonus=0.00	FinalScore=100.00	FinalDecision=STRONG_POSITIVE	DecisionConfidence=LOW	StrategySignal=NONE	TossSignal=NONE	VenueConfidence=LOW
M Chinnaswamy Stadium	Royal Challengers Bengaluru	Punjab Kings	VenueWin%=44.44	OverallWin%=48.48	VenueMatches=9	OverallMatches=33	Matches=9	Wins=4	Losses=5	Win%=44.44	TossWins=2	TossLosses=7	TossWinMatchWins=0	TossWinMatchLosses=2	TossConversion%=0.00	BatFirst=0	BatFirstWins=0	BatFirstWin%=0.00	FieldFirst=2	FieldFirstWins=0	FieldFirstWin%=0.00	OverallConfidence=VERY_STRONG	RecommendationSource=VENUE	Recommendation=BALANCED_VENUE	TossRecommendation=TOSS_WIN_HAS_LOW_VALUE	StrategyRecommendation=BAT_FIELD_DATA_INSUFFICIENT	VenueConfidence=MODERATE	PerformanceScore=46.22	StrategyBonus=0.00	TossBonus=0.00	FinalScore=46.22	FinalDecision=BALANCED	DecisionConfidence=MODERATE	StrategySignal=NONE	TossSignal=LOW	VenueConfidence=MODERATE
M Chinnaswamy Stadium	Royal Challengers Bengaluru	Rajasthan Royals	VenueWin%=33.33	OverallWin%=48.39	VenueMatches=6	OverallMatches=31	Matches=6	Wins=2	Losses=4	Win%=33.33	TossWins=3	TossLosses=3	TossWinMatchWins=2	TossWinMatchLosses=1	TossConversion%=66.67	BatFirst=1	BatFirstWins=0	BatFirstWin%=0.00	FieldFirst=2	FieldFirstWins=2	FieldFirstWin%=100.00	OverallConfidence=VERY_STRONG	RecommendationSource=VENUE	Recommendation=VENUE_DISADVANTAGE	TossRecommendation=TOSS_WIN_HAS_MODERATE_VALUE	StrategyRecommendation=BAT_FIELD_DATA_INSUFFICIENT	VenueConfidence=MODERATE	PerformanceScore=41.76	StrategyBonus=0.00	TossBonus=1.00	FinalScore=42.76	FinalDecision=NEGATIVE	DecisionConfidence=MODERATE	StrategySignal=NONE	TossSignal=MODERATE	VenueConfidence=MODERATE
M Chinnaswamy Stadium	Royal Challengers Bengaluru	Rising Pune Supergiants	VenueWin%=50.00	OverallWin%=50.00	VenueMatches=2	OverallMatches=4	Matches=2	Wins=1	Losses=1	Win%=50.00	TossWins=2	TossLosses=0	TossWinMatchWins=1	TossWinMatchLosses=1	TossConversion%=50.00	BatFirst=0	BatFirstWins=0	BatFirstWin%=0.00	FieldFirst=2	FieldFirstWins=1	FieldFirstWin%=50.00	OverallConfidence=LOW	RecommendationSource=OVERALL_MATCHUP	Recommendation=OVERALL_MATCHUP_BALANCED	TossRecommendation=TOSS_DATA_INSUFFICIENT	StrategyRecommendation=BAT_FIELD_DATA_INSUFFICIENT	VenueConfidence=VERY_LOW	PerformanceScore=50.00	StrategyBonus=0.00	TossBonus=0.00	FinalScore=50.00	FinalDecision=BALANCED	DecisionConfidence=VERY_LOW	StrategySignal=NONE	TossSignal=NONE	VenueConfidence=VERY_LOW
M Chinnaswamy Stadium	Royal Challengers Bengaluru	Sunrisers Hyderabad	VenueWin%=60.00	OverallWin%=45.83	VenueMatches=5	OverallMatches=24	Matches=5	Wins=3	Losses=2	Win%=60.00	TossWins=1	TossLosses=4	TossWinMatchWins=1	TossWinMatchLosses=0	TossConversion%=100.00	BatFirst=0	BatFirstWins=0	BatFirstWin%=0.00	FieldFirst=1	FieldFirstWins=1	FieldFirstWin%=100.00	OverallConfidence=VERY_STRONG	RecommendationSource=VENUE	Recommendation=VENUE_ADVANTAGE	TossRecommendation=TOSS_WIN_HAS_STRONG_VALUE	StrategyRecommendation=BAT_FIELD_DATA_INSUFFICIENT	VenueConfidence=MODERATE	PerformanceScore=51.50	StrategyBonus=0.00	TossBonus=2.00	FinalScore=53.50	FinalDecision=BALANCED	DecisionConfidence=MODERATE	StrategySignal=NONE	TossSignal=STRONG	VenueConfidence=MODERATE
M Chinnaswamy Stadium	Sunrisers Hyderabad	Kolkata Knight Riders	VenueWin%=0.00	OverallWin%=32.14	VenueMatches=1	OverallMatches=28	Matches=1	Wins=0	Losses=1	Win%=0.00	TossWins=0	TossLosses=1	TossWinMatchWins=0	TossWinMatchLosses=0	TossConversion%=0.00	BatFirst=0	BatFirstWins=0	BatFirstWin%=0.00	FieldFirst=0	FieldFirstWins=0	FieldFirstWin%=0.00	OverallConfidence=VERY_STRONG	RecommendationSource=OVERALL_MATCHUP	Recommendation=OVERALL_MATCHUP_DISADVANTAGE	TossRecommendation=TOSS_DATA_INSUFFICIENT	StrategyRecommendation=BAT_FIELD_DATA_INSUFFICIENT	VenueConfidence=VERY_LOW	PerformanceScore=24.43	StrategyBonus=0.00	TossBonus=0.00	FinalScore=24.43	FinalDecision=STRONG_NEGATIVE	DecisionConfidence=VERY_LOW	StrategySignal=NONE	TossSignal=NONE	VenueConfidence=VERY_LOW
M Chinnaswamy Stadium	Sunrisers Hyderabad	Royal Challengers Bengaluru	VenueWin%=40.00	OverallWin%=54.17	VenueMatches=5	OverallMatches=24	Matches=5	Wins=2	Losses=3	Win%=40.00	TossWins=4	TossLosses=1	TossWinMatchWins=2	TossWinMatchLosses=2	TossConversion%=50.00	BatFirst=2	BatFirstWins=1	BatFirstWin%=50.00	FieldFirst=2	FieldFirstWins=1	FieldFirstWin%=50.00	OverallConfidence=VERY_STRONG	RecommendationSource=VENUE	Recommendation=VENUE_DISADVANTAGE	TossRecommendation=TOSS_IMPACT_BALANCED	StrategyRecommendation=BAT_FIELD_DATA_INSUFFICIENT	VenueConfidence=MODERATE	PerformanceScore=48.50	StrategyBonus=0.00	TossBonus=0.00	FinalScore=48.50	FinalDecision=BALANCED	DecisionConfidence=MODERATE	StrategySignal=NONE	TossSignal=LOW	VenueConfidence=MODERATE
M Chinnaswamy Stadium, Bengaluru	Chennai Super Kings	Royal Challengers Bengaluru	VenueWin%=50.00	OverallWin%=65.62	VenueMatches=2	OverallMatches=32	Matches=2	Wins=1	Losses=1	Win%=50.00	TossWins=1	TossLosses=1	TossWinMatchWins=0	TossWinMatchLosses=1	TossConversion%=0.00	BatFirst=0	BatFirstWins=0	BatFirstWin%=0.00	FieldFirst=1	FieldFirstWins=0	FieldFirstWin%=0.00	OverallConfidence=VERY_STRONG	RecommendationSource=OVERALL_MATCHUP	Recommendation=OVERALL_MATCHUP_ADVANTAGE	TossRecommendation=TOSS_DATA_INSUFFICIENT	StrategyRecommendation=BAT_FIELD_DATA_INSUFFICIENT	VenueConfidence=VERY_LOW	PerformanceScore=61.25	StrategyBonus=0.00	TossBonus=0.00	FinalScore=61.25	FinalDecision=POSITIVE	DecisionConfidence=VERY_LOW	StrategySignal=NONE	TossSignal=NONE	VenueConfidence=VERY_LOW
M Chinnaswamy Stadium, Bengaluru	Delhi Capitals	Royal Challengers Bengaluru	VenueWin%=0.00	OverallWin%=35.48	VenueMatches=2	OverallMatches=31	Matches=2	Wins=0	Losses=2	Win%=0.00	TossWins=2	TossLosses=0	TossWinMatchWins=0	TossWinMatchLosses=2	TossConversion%=0.00	BatFirst=0	BatFirstWins=0	BatFirstWin%=0.00	FieldFirst=2	FieldFirstWins=0	FieldFirstWin%=0.00	OverallConfidence=VERY_STRONG	RecommendationSource=OVERALL_MATCHUP	Recommendation=OVERALL_MATCHUP_DISADVANTAGE	TossRecommendation=TOSS_DATA_INSUFFICIENT	StrategyRecommendation=BAT_FIELD_DATA_INSUFFICIENT	VenueConfidence=VERY_LOW	PerformanceScore=25.55	StrategyBonus=0.00	TossBonus=0.00	FinalScore=25.55	FinalDecision=STRONG_NEGATIVE	DecisionConfidence=VERY_LOW	StrategySignal=NONE	TossSignal=NONE	VenueConfidence=VERY_LOW
M Chinnaswamy Stadium, Bengaluru	Gujarat Titans	Royal Challengers Bengaluru	VenueWin%=50.00	OverallWin%=40.00	VenueMatches=2	OverallMatches=5	Matches=2	Wins=1	Losses=1	Win%=50.00	TossWins=1	TossLosses=1	TossWinMatchWins=1	TossWinMatchLosses=0	TossConversion%=100.00	BatFirst=0	BatFirstWins=0	BatFirstWin%=0.00	FieldFirst=1	FieldFirstWins=1	FieldFirstWin%=100.00	OverallConfidence=MODERATE	RecommendationSource=OVERALL_MATCHUP	Recommendation=OVERALL_MATCHUP_DISADVANTAGE	TossRecommendation=TOSS_DATA_INSUFFICIENT	StrategyRecommendation=BAT_FIELD_DATA_INSUFFICIENT	VenueConfidence=VERY_LOW	PerformanceScore=42.80	StrategyBonus=0.00	TossBonus=0.00	FinalScore=42.80	FinalDecision=NEGATIVE	DecisionConfidence=VERY_LOW	StrategySignal=NONE	TossSignal=NONE	VenueConfidence=VERY_LOW
M Chinnaswamy Stadium, Bengaluru	Kolkata Knight Riders	Royal Challengers Bengaluru	VenueWin%=100.00	OverallWin%=58.82	VenueMatches=2	OverallMatches=34	Matches=2	Wins=2	Losses=0	Win%=100.00	TossWins=1	TossLosses=1	TossWinMatchWins=1	TossWinMatchLosses=0	TossConversion%=100.00	BatFirst=0	BatFirstWins=0	BatFirstWin%=0.00	FieldFirst=1	FieldFirstWins=1	FieldFirstWin%=100.00	OverallConfidence=VERY_STRONG	RecommendationSource=OVERALL_MATCHUP	Recommendation=OVERALL_MATCHUP_ADVANTAGE	TossRecommendation=TOSS_DATA_INSUFFICIENT	StrategyRecommendation=BAT_FIELD_DATA_INSUFFICIENT	VenueConfidence=VERY_LOW	PerformanceScore=70.35	StrategyBonus=0.00	TossBonus=0.00	FinalScore=70.35	FinalDecision=POSITIVE	DecisionConfidence=VERY_LOW	StrategySignal=NONE	TossSignal=NONE	VenueConfidence=VERY_LOW
M Chinnaswamy Stadium, Bengaluru	Lucknow Super Giants	Royal Challengers Bengaluru	VenueWin%=100.00	OverallWin%=40.00	VenueMatches=2	OverallMatches=5	Matches=2	Wins=2	Losses=0	Win%=100.00	TossWins=1	TossLosses=1	TossWinMatchWins=1	TossWinMatchLosses=0	TossConversion%=100.00	BatFirst=0	BatFirstWins=0	BatFirstWin%=0.00	FieldFirst=1	FieldFirstWins=1	FieldFirstWin%=100.00	OverallConfidence=MODERATE	RecommendationSource=OVERALL_MATCHUP	Recommendation=OVERALL_MATCHUP_DISADVANTAGE	TossRecommendation=TOSS_DATA_INSUFFICIENT	StrategyRecommendation=BAT_FIELD_DATA_INSUFFICIENT	VenueConfidence=VERY_LOW	PerformanceScore=56.80	StrategyBonus=0.00	TossBonus=0.00	FinalScore=56.80	FinalDecision=BALANCED	DecisionConfidence=VERY_LOW	StrategySignal=NONE	TossSignal=NONE	VenueConfidence=VERY_LOW
M Chinnaswamy Stadium, Bengaluru	Mumbai Indians	Royal Challengers Bengaluru	VenueWin%=0.00	OverallWin%=57.58	VenueMatches=1	OverallMatches=33	Matches=1	Wins=0	Losses=1	Win%=0.00	TossWins=0	TossLosses=1	TossWinMatchWins=0	TossWinMatchLosses=0	TossConversion%=0.00	BatFirst=0	BatFirstWins=0	BatFirstWin%=0.00	FieldFirst=0	FieldFirstWins=0	FieldFirstWin%=0.00	OverallConfidence=VERY_STRONG	RecommendationSource=OVERALL_MATCHUP	Recommendation=OVERALL_MATCHUP_ADVANTAGE	TossRecommendation=TOSS_DATA_INSUFFICIENT	StrategyRecommendation=BAT_FIELD_DATA_INSUFFICIENT	VenueConfidence=VERY_LOW	PerformanceScore=43.76	StrategyBonus=0.00	TossBonus=0.00	FinalScore=43.76	FinalDecision=NEGATIVE	DecisionConfidence=VERY_LOW	StrategySignal=NONE	TossSignal=NONE	VenueConfidence=VERY_LOW
M Chinnaswamy Stadium, Bengaluru	Punjab Kings	Royal Challengers Bengaluru	VenueWin%=0.00	OverallWin%=51.52	VenueMatches=1	OverallMatches=33	Matches=1	Wins=0	Losses=1	Win%=0.00	TossWins=0	TossLosses=1	TossWinMatchWins=0	TossWinMatchLosses=0	TossConversion%=0.00	BatFirst=0	BatFirstWins=0	BatFirstWin%=0.00	FieldFirst=0	FieldFirstWins=0	FieldFirstWin%=0.00	OverallConfidence=VERY_STRONG	RecommendationSource=OVERALL_MATCHUP	Recommendation=OVERALL_MATCHUP_BALANCED	TossRecommendation=TOSS_DATA_INSUFFICIENT	StrategyRecommendation=BAT_FIELD_DATA_INSUFFICIENT	VenueConfidence=VERY_LOW	PerformanceScore=39.16	StrategyBonus=0.00	TossBonus=0.00	FinalScore=39.16	FinalDecision=NEGATIVE	DecisionConfidence=VERY_LOW	StrategySignal=NONE	TossSignal=NONE	VenueConfidence=VERY_LOW
M Chinnaswamy Stadium, Bengaluru	Rajasthan Royals	Royal Challengers Bengaluru	VenueWin%=0.00	OverallWin%=45.16	VenueMatches=1	OverallMatches=31	Matches=1	Wins=0	Losses=1	Win%=0.00	TossWins=1	TossLosses=0	TossWinMatchWins=0	TossWinMatchLosses=1	TossConversion%=0.00	BatFirst=0	BatFirstWins=0	BatFirstWin%=0.00	FieldFirst=1	FieldFirstWins=0	FieldFirstWin%=0.00	OverallConfidence=VERY_STRONG	RecommendationSource=OVERALL_MATCHUP	Recommendation=OVERALL_MATCHUP_BALANCED	TossRecommendation=TOSS_DATA_INSUFFICIENT	StrategyRecommendation=BAT_FIELD_DATA_INSUFFICIENT	VenueConfidence=VERY_LOW	PerformanceScore=34.32	StrategyBonus=0.00	TossBonus=0.00	FinalScore=34.32	FinalDecision=NEGATIVE	DecisionConfidence=VERY_LOW	StrategySignal=NONE	TossSignal=NONE	VenueConfidence=VERY_LOW
M Chinnaswamy Stadium, Bengaluru	Royal Challengers Bengaluru	Chennai Super Kings	VenueWin%=50.00	OverallWin%=34.38	VenueMatches=2	OverallMatches=32	Matches=2	Wins=1	Losses=1	Win%=50.00	TossWins=1	TossLosses=1	TossWinMatchWins=0	TossWinMatchLosses=1	TossConversion%=0.00	BatFirst=0	BatFirstWins=0	BatFirstWin%=0.00	FieldFirst=1	FieldFirstWins=0	FieldFirstWin%=0.00	OverallConfidence=VERY_STRONG	RecommendationSource=OVERALL_MATCHUP	Recommendation=OVERALL_MATCHUP_DISADVANTAGE	TossRecommendation=TOSS_DATA_INSUFFICIENT	StrategyRecommendation=BAT_FIELD_DATA_INSUFFICIENT	VenueConfidence=VERY_LOW	PerformanceScore=38.75	StrategyBonus=0.00	TossBonus=0.00	FinalScore=38.75	FinalDecision=NEGATIVE	DecisionConfidence=VERY_LOW	StrategySignal=NONE	TossSignal=NONE	VenueConfidence=VERY_LOW
M Chinnaswamy Stadium, Bengaluru	Royal Challengers Bengaluru	Delhi Capitals	VenueWin%=100.00	OverallWin%=61.29	VenueMatches=2	OverallMatches=31	Matches=2	Wins=2	Losses=0	Win%=100.00	TossWins=0	TossLosses=2	TossWinMatchWins=0	TossWinMatchLosses=0	TossConversion%=0.00	BatFirst=0	BatFirstWins=0	BatFirstWin%=0.00	FieldFirst=0	FieldFirstWins=0	FieldFirstWin%=0.00	OverallConfidence=VERY_STRONG	RecommendationSource=OVERALL_MATCHUP	Recommendation=OVERALL_MATCHUP_ADVANTAGE	TossRecommendation=TOSS_DATA_INSUFFICIENT	StrategyRecommendation=BAT_FIELD_DATA_INSUFFICIENT	VenueConfidence=VERY_LOW	PerformanceScore=72.13	StrategyBonus=0.00	TossBonus=0.00	FinalScore=72.13	FinalDecision=POSITIVE	DecisionConfidence=VERY_LOW	StrategySignal=NONE	TossSignal=NONE	VenueConfidence=VERY_LOW
M Chinnaswamy Stadium, Bengaluru	Royal Challengers Bengaluru	Gujarat Titans	VenueWin%=50.00	OverallWin%=60.00	VenueMatches=2	OverallMatches=5	Matches=2	Wins=1	Losses=1	Win%=50.00	TossWins=1	TossLosses=1	TossWinMatchWins=1	TossWinMatchLosses=0	TossConversion%=100.00	BatFirst=0	BatFirstWins=0	BatFirstWin%=0.00	FieldFirst=1	FieldFirstWins=1	FieldFirstWin%=100.00	OverallConfidence=MODERATE	RecommendationSource=OVERALL_MATCHUP	Recommendation=OVERALL_MATCHUP_ADVANTAGE	TossRecommendation=TOSS_DATA_INSUFFICIENT	StrategyRecommendation=BAT_FIELD_DATA_INSUFFICIENT	VenueConfidence=VERY_LOW	PerformanceScore=57.20	StrategyBonus=0.00	TossBonus=0.00	FinalScore=57.20	FinalDecision=BALANCED	DecisionConfidence=VERY_LOW	StrategySignal=NONE	TossSignal=NONE	VenueConfidence=VERY_LOW
M Chinnaswamy Stadium, Bengaluru	Royal Challengers Bengaluru	Kolkata Knight Riders	VenueWin%=0.00	OverallWin%=41.18	VenueMatches=2	OverallMatches=34	Matches=2	Wins=0	Losses=2	Win%=0.00	TossWins=1	TossLosses=1	TossWinMatchWins=0	TossWinMatchLosses=1	TossConversion%=0.00	BatFirst=0	BatFirstWins=0	BatFirstWin%=0.00	FieldFirst=1	FieldFirstWins=0	FieldFirstWin%=0.00	OverallConfidence=VERY_STRONG	RecommendationSource=OVERALL_MATCHUP	Recommendation=OVERALL_MATCHUP_BALANCED	TossRecommendation=TOSS_DATA_INSUFFICIENT	StrategyRecommendation=BAT_FIELD_DATA_INSUFFICIENT	VenueConfidence=VERY_LOW	PerformanceScore=29.65	StrategyBonus=0.00	TossBonus=0.00	FinalScore=29.65	FinalDecision=STRONG_NEGATIVE	DecisionConfidence=VERY_LOW	StrategySignal=NONE	TossSignal=NONE	VenueConfidence=VERY_LOW
M Chinnaswamy Stadium, Bengaluru	Royal Challengers Bengaluru	Lucknow Super Giants	VenueWin%=0.00	OverallWin%=60.00	VenueMatches=2	OverallMatches=5	Matches=2	Wins=0	Losses=2	Win%=0.00	TossWins=1	TossLosses=1	TossWinMatchWins=0	TossWinMatchLosses=1	TossConversion%=0.00	BatFirst=0	BatFirstWins=0	BatFirstWin%=0.00	FieldFirst=1	FieldFirstWins=0	FieldFirstWin%=0.00	OverallConfidence=MODERATE	RecommendationSource=OVERALL_MATCHUP	Recommendation=OVERALL_MATCHUP_ADVANTAGE	TossRecommendation=TOSS_DATA_INSUFFICIENT	StrategyRecommendation=BAT_FIELD_DATA_INSUFFICIENT	VenueConfidence=VERY_LOW	PerformanceScore=43.20	StrategyBonus=0.00	TossBonus=0.00	FinalScore=43.20	FinalDecision=NEGATIVE	DecisionConfidence=VERY_LOW	StrategySignal=NONE	TossSignal=NONE	VenueConfidence=VERY_LOW
M Chinnaswamy Stadium, Bengaluru	Royal Challengers Bengaluru	Mumbai Indians	VenueWin%=100.00	OverallWin%=42.42	VenueMatches=1	OverallMatches=33	Matches=1	Wins=1	Losses=0	Win%=100.00	TossWins=1	TossLosses=0	TossWinMatchWins=1	TossWinMatchLosses=0	TossConversion%=100.00	BatFirst=0	BatFirstWins=0	BatFirstWin%=0.00	FieldFirst=1	FieldFirstWins=1	FieldFirstWin%=100.00	OverallConfidence=VERY_STRONG	RecommendationSource=OVERALL_MATCHUP	Recommendation=OVERALL_MATCHUP_BALANCED	TossRecommendation=TOSS_DATA_INSUFFICIENT	StrategyRecommendation=BAT_FIELD_DATA_INSUFFICIENT	VenueConfidence=VERY_LOW	PerformanceScore=56.24	StrategyBonus=0.00	TossBonus=0.00	FinalScore=56.24	FinalDecision=BALANCED	DecisionConfidence=VERY_LOW	StrategySignal=NONE	TossSignal=NONE	VenueConfidence=VERY_LOW
M Chinnaswamy Stadium, Bengaluru	Royal Challengers Bengaluru	Punjab Kings	VenueWin%=100.00	OverallWin%=48.48	VenueMatches=1	OverallMatches=33	Matches=1	Wins=1	Losses=0	Win%=100.00	TossWins=1	TossLosses=0	TossWinMatchWins=1	TossWinMatchLosses=0	TossConversion%=100.00	BatFirst=0	BatFirstWins=0	BatFirstWin%=0.00	FieldFirst=1	FieldFirstWins=1	FieldFirstWin%=100.00	OverallConfidence=VERY_STRONG	RecommendationSource=OVERALL_MATCHUP	Recommendation=OVERALL_MATCHUP_BALANCED	TossRecommendation=TOSS_DATA_INSUFFICIENT	StrategyRecommendation=BAT_FIELD_DATA_INSUFFICIENT	VenueConfidence=VERY_LOW	PerformanceScore=60.84	StrategyBonus=0.00	TossBonus=0.00	FinalScore=60.84	FinalDecision=POSITIVE	DecisionConfidence=VERY_LOW	StrategySignal=NONE	TossSignal=NONE	VenueConfidence=VERY_LOW
M Chinnaswamy Stadium, Bengaluru	Royal Challengers Bengaluru	Rajasthan Royals	VenueWin%=100.00	OverallWin%=48.39	VenueMatches=1	OverallMatches=31	Matches=1	Wins=1	Losses=0	Win%=100.00	TossWins=0	TossLosses=1	TossWinMatchWins=0	TossWinMatchLosses=0	TossConversion%=0.00	BatFirst=0	BatFirstWins=0	BatFirstWin%=0.00	FieldFirst=0	FieldFirstWins=0	FieldFirstWin%=0.00	OverallConfidence=VERY_STRONG	RecommendationSource=OVERALL_MATCHUP	Recommendation=OVERALL_MATCHUP_BALANCED	TossRecommendation=TOSS_DATA_INSUFFICIENT	StrategyRecommendation=BAT_FIELD_DATA_INSUFFICIENT	VenueConfidence=VERY_LOW	PerformanceScore=60.78	StrategyBonus=0.00	TossBonus=0.00	FinalScore=60.78	FinalDecision=POSITIVE	DecisionConfidence=VERY_LOW	StrategySignal=NONE	TossSignal=NONE	VenueConfidence=VERY_LOW
M Chinnaswamy Stadium, Bengaluru	Royal Challengers Bengaluru	Sunrisers Hyderabad	VenueWin%=0.00	OverallWin%=45.83	VenueMatches=1	OverallMatches=24	Matches=1	Wins=0	Losses=1	Win%=0.00	TossWins=1	TossLosses=0	TossWinMatchWins=0	TossWinMatchLosses=1	TossConversion%=0.00	BatFirst=0	BatFirstWins=0	BatFirstWin%=0.00	FieldFirst=1	FieldFirstWins=0	FieldFirstWin%=0.00	OverallConfidence=VERY_STRONG	RecommendationSource=OVERALL_MATCHUP	Recommendation=OVERALL_MATCHUP_BALANCED	TossRecommendation=TOSS_DATA_INSUFFICIENT	StrategyRecommendation=BAT_FIELD_DATA_INSUFFICIENT	VenueConfidence=VERY_LOW	PerformanceScore=34.83	StrategyBonus=0.00	TossBonus=0.00	FinalScore=34.83	FinalDecision=NEGATIVE	DecisionConfidence=VERY_LOW	StrategySignal=NONE	TossSignal=NONE	VenueConfidence=VERY_LOW
M Chinnaswamy Stadium, Bengaluru	Sunrisers Hyderabad	Royal Challengers Bengaluru	VenueWin%=100.00	OverallWin%=54.17	VenueMatches=1	OverallMatches=24	Matches=1	Wins=1	Losses=0	Win%=100.00	TossWins=0	TossLosses=1	TossWinMatchWins=0	TossWinMatchLosses=0	TossConversion%=0.00	BatFirst=0	BatFirstWins=0	BatFirstWin%=0.00	FieldFirst=0	FieldFirstWins=0	FieldFirstWin%=0.00	OverallConfidence=VERY_STRONG	RecommendationSource=OVERALL_MATCHUP	Recommendation=OVERALL_MATCHUP_BALANCED	TossRecommendation=TOSS_DATA_INSUFFICIENT	StrategyRecommendation=BAT_FIELD_DATA_INSUFFICIENT	VenueConfidence=VERY_LOW	PerformanceScore=65.17	StrategyBonus=0.00	TossBonus=0.00	FinalScore=65.17	FinalDecision=POSITIVE	DecisionConfidence=VERY_LOW	StrategySignal=NONE	TossSignal=NONE	VenueConfidence=VERY_LOW
M.Chinnaswamy Stadium	Chennai Super Kings	Royal Challengers Bengaluru	VenueWin%=50.00	OverallWin%=65.62	VenueMatches=2	OverallMatches=32	Matches=2	Wins=1	Losses=1	Win%=50.00	TossWins=2	TossLosses=0	TossWinMatchWins=1	TossWinMatchLosses=1	TossConversion%=50.00	BatFirst=0	BatFirstWins=0	BatFirstWin%=0.00	FieldFirst=2	FieldFirstWins=1	FieldFirstWin%=50.00	OverallConfidence=VERY_STRONG	RecommendationSource=OVERALL_MATCHUP	Recommendation=OVERALL_MATCHUP_ADVANTAGE	TossRecommendation=TOSS_DATA_INSUFFICIENT	StrategyRecommendation=BAT_FIELD_DATA_INSUFFICIENT	VenueConfidence=VERY_LOW	PerformanceScore=61.25	StrategyBonus=0.00	TossBonus=0.00	FinalScore=61.25	FinalDecision=POSITIVE	DecisionConfidence=VERY_LOW	StrategySignal=NONE	TossSignal=NONE	VenueConfidence=VERY_LOW
M.Chinnaswamy Stadium	Delhi Capitals	Royal Challengers Bengaluru	VenueWin%=33.33	OverallWin%=35.48	VenueMatches=3	OverallMatches=31	Matches=3	Wins=1	Losses=2	Win%=33.33	TossWins=1	TossLosses=2	TossWinMatchWins=1	TossWinMatchLosses=0	TossConversion%=100.00	BatFirst=0	BatFirstWins=0	BatFirstWin%=0.00	FieldFirst=1	FieldFirstWins=1	FieldFirstWin%=100.00	OverallConfidence=VERY_STRONG	RecommendationSource=VENUE	Recommendation=VENUE_DISADVANTAGE	TossRecommendation=TOSS_WIN_HAS_STRONG_VALUE	StrategyRecommendation=BAT_FIELD_DATA_INSUFFICIENT	VenueConfidence=LOW	PerformanceScore=34.79	StrategyBonus=0.00	TossBonus=0.00	FinalScore=34.79	FinalDecision=NEGATIVE	DecisionConfidence=LOW	StrategySignal=NONE	TossSignal=NONE	VenueConfidence=LOW
M.Chinnaswamy Stadium	Kolkata Knight Riders	Royal Challengers Bengaluru	VenueWin%=100.00	OverallWin%=58.82	VenueMatches=2	OverallMatches=34	Matches=2	Wins=2	Losses=0	Win%=100.00	TossWins=2	TossLosses=0	TossWinMatchWins=2	TossWinMatchLosses=0	TossConversion%=100.00	BatFirst=0	BatFirstWins=0	BatFirstWin%=0.00	FieldFirst=2	FieldFirstWins=2	FieldFirstWin%=100.00	OverallConfidence=VERY_STRONG	RecommendationSource=OVERALL_MATCHUP	Recommendation=OVERALL_MATCHUP_ADVANTAGE	TossRecommendation=TOSS_DATA_INSUFFICIENT	StrategyRecommendation=BAT_FIELD_DATA_INSUFFICIENT	VenueConfidence=VERY_LOW	PerformanceScore=70.35	StrategyBonus=0.00	TossBonus=0.00	FinalScore=70.35	FinalDecision=POSITIVE	DecisionConfidence=VERY_LOW	StrategySignal=NONE	TossSignal=NONE	VenueConfidence=VERY_LOW
M.Chinnaswamy Stadium	Mumbai Indians	Royal Challengers Bengaluru	VenueWin%=50.00	OverallWin%=57.58	VenueMatches=2	OverallMatches=33	Matches=2	Wins=1	Losses=1	Win%=50.00	TossWins=1	TossLosses=1	TossWinMatchWins=0	TossWinMatchLosses=1	TossConversion%=0.00	BatFirst=0	BatFirstWins=0	BatFirstWin%=0.00	FieldFirst=1	FieldFirstWins=0	FieldFirstWin%=0.00	OverallConfidence=VERY_STRONG	RecommendationSource=OVERALL_MATCHUP	Recommendation=OVERALL_MATCHUP_ADVANTAGE	TossRecommendation=TOSS_DATA_INSUFFICIENT	StrategyRecommendation=BAT_FIELD_DATA_INSUFFICIENT	VenueConfidence=VERY_LOW	PerformanceScore=55.46	StrategyBonus=0.00	TossBonus=0.00	FinalScore=55.46	FinalDecision=BALANCED	DecisionConfidence=VERY_LOW	StrategySignal=NONE	TossSignal=NONE	VenueConfidence=VERY_LOW
M.Chinnaswamy Stadium	Punjab Kings	Royal Challengers Bengaluru	VenueWin%=0.00	OverallWin%=51.52	VenueMatches=2	OverallMatches=33	Matches=2	Wins=0	Losses=2	Win%=0.00	TossWins=1	TossLosses=1	TossWinMatchWins=0	TossWinMatchLosses=1	TossConversion%=0.00	BatFirst=0	BatFirstWins=0	BatFirstWin%=0.00	FieldFirst=1	FieldFirstWins=0	FieldFirstWin%=0.00	OverallConfidence=VERY_STRONG	RecommendationSource=OVERALL_MATCHUP	Recommendation=OVERALL_MATCHUP_BALANCED	TossRecommendation=TOSS_DATA_INSUFFICIENT	StrategyRecommendation=BAT_FIELD_DATA_INSUFFICIENT	VenueConfidence=VERY_LOW	PerformanceScore=37.09	StrategyBonus=0.00	TossBonus=0.00	FinalScore=37.09	FinalDecision=NEGATIVE	DecisionConfidence=VERY_LOW	StrategySignal=NONE	TossSignal=NONE	VenueConfidence=VERY_LOW
M.Chinnaswamy Stadium	Rajasthan Royals	Royal Challengers Bengaluru	VenueWin%=50.00	OverallWin%=45.16	VenueMatches=2	OverallMatches=31	Matches=2	Wins=1	Losses=1	Win%=50.00	TossWins=1	TossLosses=1	TossWinMatchWins=0	TossWinMatchLosses=1	TossConversion%=0.00	BatFirst=0	BatFirstWins=0	BatFirstWin%=0.00	FieldFirst=1	FieldFirstWins=0	FieldFirstWin%=0.00	OverallConfidence=VERY_STRONG	RecommendationSource=OVERALL_MATCHUP	Recommendation=OVERALL_MATCHUP_BALANCED	TossRecommendation=TOSS_DATA_INSUFFICIENT	StrategyRecommendation=BAT_FIELD_DATA_INSUFFICIENT	VenueConfidence=VERY_LOW	PerformanceScore=46.52	StrategyBonus=0.00	TossBonus=0.00	FinalScore=46.52	FinalDecision=BALANCED	DecisionConfidence=VERY_LOW	StrategySignal=NONE	TossSignal=NONE	VenueConfidence=VERY_LOW
M.Chinnaswamy Stadium	Royal Challengers Bengaluru	Chennai Super Kings	VenueWin%=50.00	OverallWin%=34.38	VenueMatches=2	OverallMatches=32	Matches=2	Wins=1	Losses=1	Win%=50.00	TossWins=0	TossLosses=2	TossWinMatchWins=0	TossWinMatchLosses=0	TossConversion%=0.00	BatFirst=0	BatFirstWins=0	BatFirstWin%=0.00	FieldFirst=0	FieldFirstWins=0	FieldFirstWin%=0.00	OverallConfidence=VERY_STRONG	RecommendationSource=OVERALL_MATCHUP	Recommendation=OVERALL_MATCHUP_DISADVANTAGE	TossRecommendation=TOSS_DATA_INSUFFICIENT	StrategyRecommendation=BAT_FIELD_DATA_INSUFFICIENT	VenueConfidence=VERY_LOW	PerformanceScore=38.75	StrategyBonus=0.00	TossBonus=0.00	FinalScore=38.75	FinalDecision=NEGATIVE	DecisionConfidence=VERY_LOW	StrategySignal=NONE	TossSignal=NONE	VenueConfidence=VERY_LOW
M.Chinnaswamy Stadium	Royal Challengers Bengaluru	Delhi Capitals	VenueWin%=66.67	OverallWin%=61.29	VenueMatches=3	OverallMatches=31	Matches=3	Wins=2	Losses=1	Win%=66.67	TossWins=2	TossLosses=1	TossWinMatchWins=2	TossWinMatchLosses=0	TossConversion%=100.00	BatFirst=1	BatFirstWins=1	BatFirstWin%=100.00	FieldFirst=1	FieldFirstWins=1	FieldFirstWin%=100.00	OverallConfidence=VERY_STRONG	RecommendationSource=VENUE	Recommendation=VENUE_ADVANTAGE	TossRecommendation=TOSS_WIN_HAS_STRONG_VALUE	StrategyRecommendation=BAT_FIELD_DATA_INSUFFICIENT	VenueConfidence=LOW	PerformanceScore=63.01	StrategyBonus=0.00	TossBonus=0.00	FinalScore=63.01	FinalDecision=POSITIVE	DecisionConfidence=LOW	StrategySignal=NONE	TossSignal=NONE	VenueConfidence=LOW
M.Chinnaswamy Stadium	Royal Challengers Bengaluru	Kolkata Knight Riders	VenueWin%=0.00	OverallWin%=41.18	VenueMatches=2	OverallMatches=34	Matches=2	Wins=0	Losses=2	Win%=0.00	TossWins=0	TossLosses=2	TossWinMatchWins=0	TossWinMatchLosses=0	TossConversion%=0.00	BatFirst=0	BatFirstWins=0	BatFirstWin%=0.00	FieldFirst=0	FieldFirstWins=0	FieldFirstWin%=0.00	OverallConfidence=VERY_STRONG	RecommendationSource=OVERALL_MATCHUP	Recommendation=OVERALL_MATCHUP_BALANCED	TossRecommendation=TOSS_DATA_INSUFFICIENT	StrategyRecommendation=BAT_FIELD_DATA_INSUFFICIENT	VenueConfidence=VERY_LOW	PerformanceScore=29.65	StrategyBonus=0.00	TossBonus=0.00	FinalScore=29.65	FinalDecision=STRONG_NEGATIVE	DecisionConfidence=VERY_LOW	StrategySignal=NONE	TossSignal=NONE	VenueConfidence=VERY_LOW
M.Chinnaswamy Stadium	Royal Challengers Bengaluru	Mumbai Indians	VenueWin%=50.00	OverallWin%=42.42	VenueMatches=2	OverallMatches=33	Matches=2	Wins=1	Losses=1	Win%=50.00	TossWins=1	TossLosses=1	TossWinMatchWins=0	TossWinMatchLosses=1	TossConversion%=0.00	BatFirst=0	BatFirstWins=0	BatFirstWin%=0.00	FieldFirst=1	FieldFirstWins=0	FieldFirstWin%=0.00	OverallConfidence=VERY_STRONG	RecommendationSource=OVERALL_MATCHUP	Recommendation=OVERALL_MATCHUP_BALANCED	TossRecommendation=TOSS_DATA_INSUFFICIENT	StrategyRecommendation=BAT_FIELD_DATA_INSUFFICIENT	VenueConfidence=VERY_LOW	PerformanceScore=44.54	StrategyBonus=0.00	TossBonus=0.00	FinalScore=44.54	FinalDecision=NEGATIVE	DecisionConfidence=VERY_LOW	StrategySignal=NONE	TossSignal=NONE	VenueConfidence=VERY_LOW
M.Chinnaswamy Stadium	Royal Challengers Bengaluru	Punjab Kings	VenueWin%=100.00	OverallWin%=48.48	VenueMatches=2	OverallMatches=33	Matches=2	Wins=2	Losses=0	Win%=100.00	TossWins=1	TossLosses=1	TossWinMatchWins=1	TossWinMatchLosses=0	TossConversion%=100.00	BatFirst=0	BatFirstWins=0	BatFirstWin%=0.00	FieldFirst=1	FieldFirstWins=1	FieldFirstWin%=100.00	OverallConfidence=VERY_STRONG	RecommendationSource=OVERALL_MATCHUP	Recommendation=OVERALL_MATCHUP_BALANCED	TossRecommendation=TOSS_DATA_INSUFFICIENT	StrategyRecommendation=BAT_FIELD_DATA_INSUFFICIENT	VenueConfidence=VERY_LOW	PerformanceScore=62.91	StrategyBonus=0.00	TossBonus=0.00	FinalScore=62.91	FinalDecision=POSITIVE	DecisionConfidence=VERY_LOW	StrategySignal=NONE	TossSignal=NONE	VenueConfidence=VERY_LOW
M.Chinnaswamy Stadium	Royal Challengers Bengaluru	Rajasthan Royals	VenueWin%=0.00	OverallWin%=48.39	VenueMatches=2	OverallMatches=31	Matches=2	Wins=0	Losses=2	Win%=0.00	TossWins=1	TossLosses=1	TossWinMatchWins=0	TossWinMatchLosses=1	TossConversion%=0.00	BatFirst=0	BatFirstWins=0	BatFirstWin%=0.00	FieldFirst=1	FieldFirstWins=0	FieldFirstWin%=0.00	OverallConfidence=VERY_STRONG	RecommendationSource=OVERALL_MATCHUP	Recommendation=OVERALL_MATCHUP_BALANCED	TossRecommendation=TOSS_DATA_INSUFFICIENT	StrategyRecommendation=BAT_FIELD_DATA_INSUFFICIENT	VenueConfidence=VERY_LOW	PerformanceScore=34.84	StrategyBonus=0.00	TossBonus=0.00	FinalScore=34.84	FinalDecision=NEGATIVE	DecisionConfidence=VERY_LOW	StrategySignal=NONE	TossSignal=NONE	VenueConfidence=VERY_LOW
M.Chinnaswamy Stadium	Royal Challengers Bengaluru	Sunrisers Hyderabad	VenueWin%=100.00	OverallWin%=45.83	VenueMatches=2	OverallMatches=24	Matches=2	Wins=2	Losses=0	Win%=100.00	TossWins=1	TossLosses=1	TossWinMatchWins=1	TossWinMatchLosses=0	TossConversion%=100.00	BatFirst=0	BatFirstWins=0	BatFirstWin%=0.00	FieldFirst=1	FieldFirstWins=1	FieldFirstWin%=100.00	OverallConfidence=VERY_STRONG	RecommendationSource=OVERALL_MATCHUP	Recommendation=OVERALL_MATCHUP_BALANCED	TossRecommendation=TOSS_DATA_INSUFFICIENT	StrategyRecommendation=BAT_FIELD_DATA_INSUFFICIENT	VenueConfidence=VERY_LOW	PerformanceScore=61.00	StrategyBonus=0.00	TossBonus=0.00	FinalScore=61.00	FinalDecision=POSITIVE	DecisionConfidence=VERY_LOW	StrategySignal=NONE	TossSignal=NONE	VenueConfidence=VERY_LOW
M.Chinnaswamy Stadium	Sunrisers Hyderabad	Royal Challengers Bengaluru	VenueWin%=0.00	OverallWin%=54.17	VenueMatches=2	OverallMatches=24	Matches=2	Wins=0	Losses=2	Win%=0.00	TossWins=1	TossLosses=1	TossWinMatchWins=0	TossWinMatchLosses=1	TossConversion%=0.00	BatFirst=0	BatFirstWins=0	BatFirstWin%=0.00	FieldFirst=1	FieldFirstWins=0	FieldFirstWin%=0.00	OverallConfidence=VERY_STRONG	RecommendationSource=OVERALL_MATCHUP	Recommendation=OVERALL_MATCHUP_BALANCED	TossRecommendation=TOSS_DATA_INSUFFICIENT	StrategyRecommendation=BAT_FIELD_DATA_INSUFFICIENT	VenueConfidence=VERY_LOW	PerformanceScore=39.00	StrategyBonus=0.00	TossBonus=0.00	FinalScore=39.00	FinalDecision=NEGATIVE	DecisionConfidence=VERY_LOW	StrategySignal=NONE	TossSignal=NONE	VenueConfidence=VERY_LOW
MA Chidambaram Stadium	Chennai Super Kings	Delhi Capitals	VenueWin%=100.00	OverallWin%=63.33	VenueMatches=1	OverallMatches=30	Matches=1	Wins=1	Losses=0	Win%=100.00	TossWins=0	TossLosses=1	TossWinMatchWins=0	TossWinMatchLosses=0	TossConversion%=0.00	BatFirst=0	BatFirstWins=0	BatFirstWin%=0.00	FieldFirst=0	FieldFirstWins=0	FieldFirstWin%=0.00	OverallConfidence=VERY_STRONG	RecommendationSource=OVERALL_MATCHUP	Recommendation=OVERALL_MATCHUP_ADVANTAGE	TossRecommendation=TOSS_DATA_INSUFFICIENT	StrategyRecommendation=BAT_FIELD_DATA_INSUFFICIENT	VenueConfidence=VERY_LOW	PerformanceScore=72.13	StrategyBonus=0.00	TossBonus=0.00	FinalScore=72.13	FinalDecision=POSITIVE	DecisionConfidence=VERY_LOW	StrategySignal=NONE	TossSignal=NONE	VenueConfidence=VERY_LOW
MA Chidambaram Stadium	Chennai Super Kings	Kolkata Knight Riders	VenueWin%=100.00	OverallWin%=65.52	VenueMatches=2	OverallMatches=29	Matches=2	Wins=2	Losses=0	Win%=100.00	TossWins=2	TossLosses=0	TossWinMatchWins=2	TossWinMatchLosses=0	TossConversion%=100.00	BatFirst=0	BatFirstWins=0	BatFirstWin%=0.00	FieldFirst=2	FieldFirstWins=2	FieldFirstWin%=100.00	OverallConfidence=VERY_STRONG	RecommendationSource=OVERALL_MATCHUP	Recommendation=OVERALL_MATCHUP_ADVANTAGE	TossRecommendation=TOSS_DATA_INSUFFICIENT	StrategyRecommendation=BAT_FIELD_DATA_INSUFFICIENT	VenueConfidence=VERY_LOW	PerformanceScore=75.17	StrategyBonus=0.00	TossBonus=0.00	FinalScore=75.17	FinalDecision=STRONG_POSITIVE	DecisionConfidence=VERY_LOW	StrategySignal=NONE	TossSignal=NONE	VenueConfidence=VERY_LOW
MA Chidambaram Stadium	Chennai Super Kings	Mumbai Indians	VenueWin%=0.00	OverallWin%=45.95	VenueMatches=2	OverallMatches=37	Matches=2	Wins=0	Losses=2	Win%=0.00	TossWins=2	TossLosses=0	TossWinMatchWins=0	TossWinMatchLosses=2	TossConversion%=0.00	BatFirst=1	BatFirstWins=0	BatFirstWin%=0.00	FieldFirst=1	FieldFirstWins=0	FieldFirstWin%=0.00	OverallConfidence=VERY_STRONG	RecommendationSource=OVERALL_MATCHUP	Recommendation=OVERALL_MATCHUP_BALANCED	TossRecommendation=TOSS_DATA_INSUFFICIENT	StrategyRecommendation=BAT_FIELD_DATA_INSUFFICIENT	VenueConfidence=VERY_LOW	PerformanceScore=33.08	StrategyBonus=0.00	TossBonus=0.00	FinalScore=33.08	FinalDecision=NEGATIVE	DecisionConfidence=VERY_LOW	StrategySignal=NONE	TossSignal=NONE	VenueConfidence=VERY_LOW
MA Chidambaram Stadium	Chennai Super Kings	Punjab Kings	VenueWin%=100.00	OverallWin%=53.33	VenueMatches=1	OverallMatches=30	Matches=1	Wins=1	Losses=0	Win%=100.00	TossWins=1	TossLosses=0	TossWinMatchWins=1	TossWinMatchLosses=0	TossConversion%=100.00	BatFirst=1	BatFirstWins=1	BatFirstWin%=100.00	FieldFirst=0	FieldFirstWins=0	FieldFirstWin%=0.00	OverallConfidence=VERY_STRONG	RecommendationSource=OVERALL_MATCHUP	Recommendation=OVERALL_MATCHUP_BALANCED	TossRecommendation=TOSS_DATA_INSUFFICIENT	StrategyRecommendation=BAT_FIELD_DATA_INSUFFICIENT	VenueConfidence=VERY_LOW	PerformanceScore=64.53	StrategyBonus=0.00	TossBonus=0.00	FinalScore=64.53	FinalDecision=POSITIVE	DecisionConfidence=VERY_LOW	StrategySignal=NONE	TossSignal=NONE	VenueConfidence=VERY_LOW
MA Chidambaram Stadium	Chennai Super Kings	Rajasthan Royals	VenueWin%=100.00	OverallWin%=55.17	VenueMatches=1	OverallMatches=29	Matches=1	Wins=1	Losses=0	Win%=100.00	TossWins=0	TossLosses=1	TossWinMatchWins=0	TossWinMatchLosses=0	TossConversion%=0.00	BatFirst=0	BatFirstWins=0	BatFirstWin%=0.00	FieldFirst=0	FieldFirstWins=0	FieldFirstWin%=0.00	OverallConfidence=VERY_STRONG	RecommendationSource=OVERALL_MATCHUP	Recommendation=OVERALL_MATCHUP_ADVANTAGE	TossRecommendation=TOSS_DATA_INSUFFICIENT	StrategyRecommendation=BAT_FIELD_DATA_INSUFFICIENT	VenueConfidence=VERY_LOW	PerformanceScore=65.93	StrategyBonus=0.00	TossBonus=0.00	FinalScore=65.93	FinalDecision=POSITIVE	DecisionConfidence=VERY_LOW	StrategySignal=NONE	TossSignal=NONE	VenueConfidence=VERY_LOW
MA Chidambaram Stadium	Chennai Super Kings	Royal Challengers Bengaluru	VenueWin%=100.00	OverallWin%=65.62	VenueMatches=1	OverallMatches=32	Matches=1	Wins=1	Losses=0	Win%=100.00	TossWins=1	TossLosses=0	TossWinMatchWins=1	TossWinMatchLosses=0	TossConversion%=100.00	BatFirst=0	BatFirstWins=0	BatFirstWin%=0.00	FieldFirst=1	FieldFirstWins=1	FieldFirstWin%=100.00	OverallConfidence=VERY_STRONG	RecommendationSource=OVERALL_MATCHUP	Recommendation=OVERALL_MATCHUP_ADVANTAGE	TossRecommendation=TOSS_DATA_INSUFFICIENT	StrategyRecommendation=BAT_FIELD_DATA_INSUFFICIENT	VenueConfidence=VERY_LOW	PerformanceScore=73.87	StrategyBonus=0.00	TossBonus=0.00	FinalScore=73.87	FinalDecision=POSITIVE	DecisionConfidence=VERY_LOW	StrategySignal=NONE	TossSignal=NONE	VenueConfidence=VERY_LOW
MA Chidambaram Stadium	Chennai Super Kings	Sunrisers Hyderabad	VenueWin%=100.00	OverallWin%=71.43	VenueMatches=1	OverallMatches=21	Matches=1	Wins=1	Losses=0	Win%=100.00	TossWins=1	TossLosses=0	TossWinMatchWins=1	TossWinMatchLosses=0	TossConversion%=100.00	BatFirst=0	BatFirstWins=0	BatFirstWin%=0.00	FieldFirst=1	FieldFirstWins=1	FieldFirstWin%=100.00	OverallConfidence=VERY_STRONG	RecommendationSource=OVERALL_MATCHUP	Recommendation=OVERALL_MATCHUP_STRONG_ADVANTAGE	TossRecommendation=TOSS_DATA_INSUFFICIENT	StrategyRecommendation=BAT_FIELD_DATA_INSUFFICIENT	VenueConfidence=VERY_LOW	PerformanceScore=78.29	StrategyBonus=0.00	TossBonus=0.00	FinalScore=78.29	FinalDecision=STRONG_POSITIVE	DecisionConfidence=VERY_LOW	StrategySignal=NONE	TossSignal=NONE	VenueConfidence=VERY_LOW
MA Chidambaram Stadium	Delhi Capitals	Chennai Super Kings	VenueWin%=0.00	OverallWin%=36.67	VenueMatches=1	OverallMatches=30	Matches=1	Wins=0	Losses=1	Win%=0.00	TossWins=1	TossLosses=0	TossWinMatchWins=0	TossWinMatchLosses=1	TossConversion%=0.00	BatFirst=0	BatFirstWins=0	BatFirstWin%=0.00	FieldFirst=1	FieldFirstWins=0	FieldFirstWin%=0.00	OverallConfidence=VERY_STRONG	RecommendationSource=OVERALL_MATCHUP	Recommendation=OVERALL_MATCHUP_DISADVANTAGE	TossRecommendation=TOSS_DATA_INSUFFICIENT	StrategyRecommendation=BAT_FIELD_DATA_INSUFFICIENT	VenueConfidence=VERY_LOW	PerformanceScore=27.87	StrategyBonus=0.00	TossBonus=0.00	FinalScore=27.87	FinalDecision=STRONG_NEGATIVE	DecisionConfidence=VERY_LOW	StrategySignal=NONE	TossSignal=NONE	VenueConfidence=VERY_LOW
MA Chidambaram Stadium	Kolkata Knight Riders	Chennai Super Kings	VenueWin%=0.00	OverallWin%=34.48	VenueMatches=2	OverallMatches=29	Matches=2	Wins=0	Losses=2	Win%=0.00	TossWins=0	TossLosses=2	TossWinMatchWins=0	TossWinMatchLosses=0	TossConversion%=0.00	BatFirst=0	BatFirstWins=0	BatFirstWin%=0.00	FieldFirst=0	FieldFirstWins=0	FieldFirstWin%=0.00	OverallConfidence=VERY_STRONG	RecommendationSource=OVERALL_MATCHUP	Recommendation=OVERALL_MATCHUP_DISADVANTAGE	TossRecommendation=TOSS_DATA_INSUFFICIENT	StrategyRecommendation=BAT_FIELD_DATA_INSUFFICIENT	VenueConfidence=VERY_LOW	PerformanceScore=24.83	StrategyBonus=0.00	TossBonus=0.00	FinalScore=24.83	FinalDecision=STRONG_NEGATIVE	DecisionConfidence=VERY_LOW	StrategySignal=NONE	TossSignal=NONE	VenueConfidence=VERY_LOW
MA Chidambaram Stadium	Mumbai Indians	Chennai Super Kings	VenueWin%=100.00	OverallWin%=54.05	VenueMatches=2	OverallMatches=37	Matches=2	Wins=2	Losses=0	Win%=100.00	TossWins=0	TossLosses=2	TossWinMatchWins=0	TossWinMatchLosses=0	TossConversion%=0.00	BatFirst=0	BatFirstWins=0	BatFirstWin%=0.00	FieldFirst=0	FieldFirstWins=0	FieldFirstWin%=0.00	OverallConfidence=VERY_STRONG	RecommendationSource=OVERALL_MATCHUP	Recommendation=OVERALL_MATCHUP_BALANCED	TossRecommendation=TOSS_DATA_INSUFFICIENT	StrategyRecommendation=BAT_FIELD_DATA_INSUFFICIENT	VenueConfidence=VERY_LOW	PerformanceScore=66.92	StrategyBonus=0.00	TossBonus=0.00	FinalScore=66.92	FinalDecision=POSITIVE	DecisionConfidence=VERY_LOW	StrategySignal=NONE	TossSignal=NONE	VenueConfidence=VERY_LOW
MA Chidambaram Stadium	Punjab Kings	Chennai Super Kings	VenueWin%=0.00	OverallWin%=46.67	VenueMatches=1	OverallMatches=30	Matches=1	Wins=0	Losses=1	Win%=0.00	TossWins=0	TossLosses=1	TossWinMatchWins=0	TossWinMatchLosses=0	TossConversion%=0.00	BatFirst=0	BatFirstWins=0	BatFirstWin%=0.00	FieldFirst=0	FieldFirstWins=0	FieldFirstWin%=0.00	OverallConfidence=VERY_STRONG	RecommendationSource=OVERALL_MATCHUP	Recommendation=OVERALL_MATCHUP_BALANCED	TossRecommendation=TOSS_DATA_INSUFFICIENT	StrategyRecommendation=BAT_FIELD_DATA_INSUFFICIENT	VenueConfidence=VERY_LOW	PerformanceScore=35.47	StrategyBonus=0.00	TossBonus=0.00	FinalScore=35.47	FinalDecision=NEGATIVE	DecisionConfidence=VERY_LOW	StrategySignal=NONE	TossSignal=NONE	VenueConfidence=VERY_LOW
MA Chidambaram Stadium	Rajasthan Royals	Chennai Super Kings	VenueWin%=0.00	OverallWin%=44.83	VenueMatches=1	OverallMatches=29	Matches=1	Wins=0	Losses=1	Win%=0.00	TossWins=1	TossLosses=0	TossWinMatchWins=0	TossWinMatchLosses=1	TossConversion%=0.00	BatFirst=0	BatFirstWins=0	BatFirstWin%=0.00	FieldFirst=1	FieldFirstWins=0	FieldFirstWin%=0.00	OverallConfidence=VERY_STRONG	RecommendationSource=OVERALL_MATCHUP	Recommendation=OVERALL_MATCHUP_BALANCED	TossRecommendation=TOSS_DATA_INSUFFICIENT	StrategyRecommendation=BAT_FIELD_DATA_INSUFFICIENT	VenueConfidence=VERY_LOW	PerformanceScore=34.07	StrategyBonus=0.00	TossBonus=0.00	FinalScore=34.07	FinalDecision=NEGATIVE	DecisionConfidence=VERY_LOW	StrategySignal=NONE	TossSignal=NONE	VenueConfidence=VERY_LOW
MA Chidambaram Stadium	Royal Challengers Bengaluru	Chennai Super Kings	VenueWin%=0.00	OverallWin%=34.38	VenueMatches=1	OverallMatches=32	Matches=1	Wins=0	Losses=1	Win%=0.00	TossWins=0	TossLosses=1	TossWinMatchWins=0	TossWinMatchLosses=0	TossConversion%=0.00	BatFirst=0	BatFirstWins=0	BatFirstWin%=0.00	FieldFirst=0	FieldFirstWins=0	FieldFirstWin%=0.00	OverallConfidence=VERY_STRONG	RecommendationSource=OVERALL_MATCHUP	Recommendation=OVERALL_MATCHUP_DISADVANTAGE	TossRecommendation=TOSS_DATA_INSUFFICIENT	StrategyRecommendation=BAT_FIELD_DATA_INSUFFICIENT	VenueConfidence=VERY_LOW	PerformanceScore=26.13	StrategyBonus=0.00	TossBonus=0.00	FinalScore=26.13	FinalDecision=STRONG_NEGATIVE	DecisionConfidence=VERY_LOW	StrategySignal=NONE	TossSignal=NONE	VenueConfidence=VERY_LOW
MA Chidambaram Stadium	Sunrisers Hyderabad	Chennai Super Kings	VenueWin%=0.00	OverallWin%=28.57	VenueMatches=1	OverallMatches=21	Matches=1	Wins=0	Losses=1	Win%=0.00	TossWins=0	TossLosses=1	TossWinMatchWins=0	TossWinMatchLosses=0	TossConversion%=0.00	BatFirst=0	BatFirstWins=0	BatFirstWin%=0.00	FieldFirst=0	FieldFirstWins=0	FieldFirstWin%=0.00	OverallConfidence=VERY_STRONG	RecommendationSource=OVERALL_MATCHUP	Recommendation=OVERALL_MATCHUP_DISADVANTAGE	TossRecommendation=TOSS_DATA_INSUFFICIENT	StrategyRecommendation=BAT_FIELD_DATA_INSUFFICIENT	VenueConfidence=VERY_LOW	PerformanceScore=21.71	StrategyBonus=0.00	TossBonus=0.00	FinalScore=21.71	FinalDecision=STRONG_NEGATIVE	DecisionConfidence=VERY_LOW	StrategySignal=NONE	TossSignal=NONE	VenueConfidence=VERY_LOW
MA Chidambaram Stadium, Chepauk	Chennai Super Kings	Deccan Chargers	VenueWin%=50.00	OverallWin%=60.00	VenueMatches=4	OverallMatches=10	Matches=4	Wins=2	Losses=2	Win%=50.00	TossWins=2	TossLosses=2	TossWinMatchWins=2	TossWinMatchLosses=0	TossConversion%=100.00	BatFirst=2	BatFirstWins=2	BatFirstWin%=100.00	FieldFirst=0	FieldFirstWins=0	FieldFirstWin%=0.00	OverallConfidence=STRONG	RecommendationSource=VENUE	Recommendation=BALANCED_VENUE	TossRecommendation=TOSS_WIN_HAS_STRONG_VALUE	StrategyRecommendation=BAT_FIELD_DATA_INSUFFICIENT	VenueConfidence=LOW	PerformanceScore=56.40	StrategyBonus=0.00	TossBonus=0.00	FinalScore=56.40	FinalDecision=BALANCED	DecisionConfidence=LOW	StrategySignal=NONE	TossSignal=NONE	VenueConfidence=LOW
MA Chidambaram Stadium, Chepauk	Chennai Super Kings	Delhi Capitals	VenueWin%=71.43	OverallWin%=63.33	VenueMatches=7	OverallMatches=30	Matches=7	Wins=5	Losses=2	Win%=71.43	TossWins=5	TossLosses=2	TossWinMatchWins=3	TossWinMatchLosses=2	TossConversion%=60.00	BatFirst=4	BatFirstWins=2	BatFirstWin%=50.00	FieldFirst=1	FieldFirstWins=1	FieldFirstWin%=100.00	OverallConfidence=VERY_STRONG	RecommendationSource=VENUE	Recommendation=STRONG_VENUE_ADVANTAGE	TossRecommendation=TOSS_WIN_HAS_MODERATE_VALUE	StrategyRecommendation=BAT_FIRST_DATA_STRONGER	VenueConfidence=MODERATE	PerformanceScore=67.22	StrategyBonus=0.00	TossBonus=1.00	FinalScore=68.22	FinalDecision=POSITIVE	DecisionConfidence=MODERATE	StrategySignal=NONE	TossSignal=MODERATE	VenueConfidence=MODERATE
MA Chidambaram Stadium, Chepauk	Chennai Super Kings	Kochi Tuskers Kerala	VenueWin%=100.00	OverallWin%=50.00	VenueMatches=1	OverallMatches=2	Matches=1	Wins=1	Losses=0	Win%=100.00	TossWins=1	TossLosses=0	TossWinMatchWins=1	TossWinMatchLosses=0	TossConversion%=100.00	BatFirst=1	BatFirstWins=1	BatFirstWin%=100.00	FieldFirst=0	FieldFirstWins=0	FieldFirstWin%=0.00	OverallConfidence=VERY_LOW	RecommendationSource=INSUFFICIENT	Recommendation=INSUFFICIENT_DATA	TossRecommendation=TOSS_DATA_INSUFFICIENT	StrategyRecommendation=BAT_FIELD_DATA_INSUFFICIENT	VenueConfidence=VERY_LOW	PerformanceScore=62.00	StrategyBonus=0.00	TossBonus=0.00	FinalScore=62.00	FinalDecision=POSITIVE	DecisionConfidence=VERY_LOW	StrategySignal=NONE	TossSignal=NONE	VenueConfidence=VERY_LOW
MA Chidambaram Stadium, Chepauk	Chennai Super Kings	Kolkata Knight Riders	VenueWin%=71.43	OverallWin%=65.52	VenueMatches=7	OverallMatches=29	Matches=7	Wins=5	Losses=2	Win%=71.43	TossWins=3	TossLosses=4	TossWinMatchWins=1	TossWinMatchLosses=2	TossConversion%=33.33	BatFirst=3	BatFirstWins=1	BatFirstWin%=33.33	FieldFirst=0	FieldFirstWins=0	FieldFirstWin%=0.00	OverallConfidence=VERY_STRONG	RecommendationSource=VENUE	Recommendation=STRONG_VENUE_ADVANTAGE	TossRecommendation=TOSS_WIN_HAS_LOW_VALUE	StrategyRecommendation=BAT_FIRST_DATA_STRONGER	VenueConfidence=MODERATE	PerformanceScore=68.36	StrategyBonus=0.00	TossBonus=0.00	FinalScore=68.36	FinalDecision=POSITIVE	DecisionConfidence=MODERATE	StrategySignal=NONE	TossSignal=LOW	VenueConfidence=MODERATE
MA Chidambaram Stadium, Chepauk	Chennai Super Kings	Mumbai Indians	VenueWin%=40.00	OverallWin%=45.95	VenueMatches=5	OverallMatches=37	Matches=5	Wins=2	Losses=3	Win%=40.00	TossWins=2	TossLosses=3	TossWinMatchWins=1	TossWinMatchLosses=1	TossConversion%=50.00	BatFirst=2	BatFirstWins=1	BatFirstWin%=50.00	FieldFirst=0	FieldFirstWins=0	FieldFirstWin%=0.00	OverallConfidence=VERY_STRONG	RecommendationSource=VENUE	Recommendation=VENUE_DISADVANTAGE	TossRecommendation=TOSS_IMPACT_BALANCED	StrategyRecommendation=BAT_FIELD_DATA_INSUFFICIENT	VenueConfidence=MODERATE	PerformanceScore=43.57	StrategyBonus=0.00	TossBonus=0.00	FinalScore=43.57	FinalDecision=NEGATIVE	DecisionConfidence=MODERATE	StrategySignal=NONE	TossSignal=LOW	VenueConfidence=MODERATE
MA Chidambaram Stadium, Chepauk	Chennai Super Kings	Pune Warriors	VenueWin%=66.67	OverallWin%=66.67	VenueMatches=3	OverallMatches=6	Matches=3	Wins=2	Losses=1	Win%=66.67	TossWins=0	TossLosses=3	TossWinMatchWins=0	TossWinMatchLosses=0	TossConversion%=0.00	BatFirst=0	BatFirstWins=0	BatFirstWin%=0.00	FieldFirst=0	FieldFirstWins=0	FieldFirstWin%=0.00	OverallConfidence=MODERATE	RecommendationSource=VENUE	Recommendation=VENUE_ADVANTAGE	TossRecommendation=TOSS_WIN_HAS_LOW_VALUE	StrategyRecommendation=BAT_FIELD_DATA_INSUFFICIENT	VenueConfidence=LOW	PerformanceScore=66.67	StrategyBonus=0.00	TossBonus=0.00	FinalScore=66.67	FinalDecision=POSITIVE	DecisionConfidence=LOW	StrategySignal=NONE	TossSignal=NONE	VenueConfidence=LOW
MA Chidambaram Stadium, Chepauk	Chennai Super Kings	Punjab Kings	VenueWin%=60.00	OverallWin%=53.33	VenueMatches=5	OverallMatches=30	Matches=5	Wins=3	Losses=2	Win%=60.00	TossWins=3	TossLosses=2	TossWinMatchWins=2	TossWinMatchLosses=1	TossConversion%=66.67	BatFirst=2	BatFirstWins=2	BatFirstWin%=100.00	FieldFirst=1	FieldFirstWins=0	FieldFirstWin%=0.00	OverallConfidence=VERY_STRONG	RecommendationSource=VENUE	Recommendation=VENUE_ADVANTAGE	TossRecommendation=TOSS_WIN_HAS_MODERATE_VALUE	StrategyRecommendation=BAT_FIELD_DATA_INSUFFICIENT	VenueConfidence=MODERATE	PerformanceScore=56.00	StrategyBonus=0.00	TossBonus=1.00	FinalScore=57.00	FinalDecision=BALANCED	DecisionConfidence=MODERATE	StrategySignal=NONE	TossSignal=MODERATE	VenueConfidence=MODERATE
MA Chidambaram Stadium, Chepauk	Chennai Super Kings	Rajasthan Royals	VenueWin%=83.33	OverallWin%=55.17	VenueMatches=6	OverallMatches=29	Matches=6	Wins=5	Losses=1	Win%=83.33	TossWins=2	TossLosses=4	TossWinMatchWins=2	TossWinMatchLosses=0	TossConversion%=100.00	BatFirst=2	BatFirstWins=2	BatFirstWin%=100.00	FieldFirst=0	FieldFirstWins=0	FieldFirstWin%=0.00	OverallConfidence=VERY_STRONG	RecommendationSource=VENUE	Recommendation=STRONG_VENUE_ADVANTAGE	TossRecommendation=TOSS_WIN_HAS_STRONG_VALUE	StrategyRecommendation=BAT_FIELD_DATA_INSUFFICIENT	VenueConfidence=MODERATE	PerformanceScore=67.56	StrategyBonus=0.00	TossBonus=2.00	FinalScore=69.56	FinalDecision=POSITIVE	DecisionConfidence=MODERATE	StrategySignal=NONE	TossSignal=STRONG	VenueConfidence=MODERATE
MA Chidambaram Stadium, Chepauk	Chennai Super Kings	Royal Challengers Bengaluru	VenueWin%=85.71	OverallWin%=65.62	VenueMatches=7	OverallMatches=32	Matches=7	Wins=6	Losses=1	Win%=85.71	TossWins=4	TossLosses=3	TossWinMatchWins=4	TossWinMatchLosses=0	TossConversion%=100.00	BatFirst=3	BatFirstWins=3	BatFirstWin%=100.00	FieldFirst=1	FieldFirstWins=1	FieldFirstWin%=100.00	OverallConfidence=VERY_STRONG	RecommendationSource=VENUE	Recommendation=STRONG_VENUE_ADVANTAGE	TossRecommendation=TOSS_WIN_HAS_STRONG_VALUE	StrategyRecommendation=BAT_FIRST_DATA_STRONGER	VenueConfidence=MODERATE	PerformanceScore=75.26	StrategyBonus=0.00	TossBonus=2.00	FinalScore=77.26	FinalDecision=STRONG_POSITIVE	DecisionConfidence=MODERATE	StrategySignal=NONE	TossSignal=STRONG	VenueConfidence=MODERATE
MA Chidambaram Stadium, Chepauk	Chennai Super Kings	Sunrisers Hyderabad	VenueWin%=100.00	OverallWin%=71.43	VenueMatches=2	OverallMatches=21	Matches=2	Wins=2	Losses=0	Win%=100.00	TossWins=1	TossLosses=1	TossWinMatchWins=1	TossWinMatchLosses=0	TossConversion%=100.00	BatFirst=1	BatFirstWins=1	BatFirstWin%=100.00	FieldFirst=0	FieldFirstWins=0	FieldFirstWin%=0.00	OverallConfidence=VERY_STRONG	RecommendationSource=OVERALL_MATCHUP	Recommendation=OVERALL_MATCHUP_STRONG_ADVANTAGE	TossRecommendation=TOSS_DATA_INSUFFICIENT	StrategyRecommendation=BAT_FIELD_DATA_INSUFFICIENT	VenueConfidence=VERY_LOW	PerformanceScore=79.43	StrategyBonus=0.00	TossBonus=0.00	FinalScore=79.43	FinalDecision=STRONG_POSITIVE	DecisionConfidence=VERY_LOW	StrategySignal=NONE	TossSignal=NONE	VenueConfidence=VERY_LOW
MA Chidambaram Stadium, Chepauk	Deccan Chargers	Chennai Super Kings	VenueWin%=50.00	OverallWin%=40.00	VenueMatches=4	OverallMatches=10	Matches=4	Wins=2	Losses=2	Win%=50.00	TossWins=2	TossLosses=2	TossWinMatchWins=2	TossWinMatchLosses=0	TossConversion%=100.00	BatFirst=1	BatFirstWins=1	BatFirstWin%=100.00	FieldFirst=1	FieldFirstWins=1	FieldFirstWin%=100.00	OverallConfidence=STRONG	RecommendationSource=VENUE	Recommendation=BALANCED_VENUE	TossRecommendation=TOSS_WIN_HAS_STRONG_VALUE	StrategyRecommendation=BAT_FIELD_DATA_INSUFFICIENT	VenueConfidence=LOW	PerformanceScore=43.60	StrategyBonus=0.00	TossBonus=0.00	FinalScore=43.60	FinalDecision=NEGATIVE	DecisionConfidence=LOW	StrategySignal=NONE	TossSignal=NONE	VenueConfidence=LOW
MA Chidambaram Stadium, Chepauk	Delhi Capitals	Chennai Super Kings	VenueWin%=28.57	OverallWin%=36.67	VenueMatches=7	OverallMatches=30	Matches=7	Wins=2	Losses=5	Win%=28.57	TossWins=2	TossLosses=5	TossWinMatchWins=0	TossWinMatchLosses=2	TossConversion%=0.00	BatFirst=0	BatFirstWins=0	BatFirstWin%=0.00	FieldFirst=2	FieldFirstWins=0	FieldFirstWin%=0.00	OverallConfidence=VERY_STRONG	RecommendationSource=VENUE	Recommendation=VENUE_DISADVANTAGE	TossRecommendation=TOSS_WIN_HAS_LOW_VALUE	StrategyRecommendation=BAT_FIELD_DATA_INSUFFICIENT	VenueConfidence=MODERATE	PerformanceScore=32.78	StrategyBonus=0.00	TossBonus=0.00	FinalScore=32.78	FinalDecision=NEGATIVE	DecisionConfidence=MODERATE	StrategySignal=NONE	TossSignal=LOW	VenueConfidence=MODERATE
MA Chidambaram Stadium, Chepauk	Kochi Tuskers Kerala	Chennai Super Kings	VenueWin%=0.00	OverallWin%=50.00	VenueMatches=1	OverallMatches=2	Matches=1	Wins=0	Losses=1	Win%=0.00	TossWins=0	TossLosses=1	TossWinMatchWins=0	TossWinMatchLosses=0	TossConversion%=0.00	BatFirst=0	BatFirstWins=0	BatFirstWin%=0.00	FieldFirst=0	FieldFirstWins=0	FieldFirstWin%=0.00	OverallConfidence=VERY_LOW	RecommendationSource=INSUFFICIENT	Recommendation=INSUFFICIENT_DATA	TossRecommendation=TOSS_DATA_INSUFFICIENT	StrategyRecommendation=BAT_FIELD_DATA_INSUFFICIENT	VenueConfidence=VERY_LOW	PerformanceScore=38.00	StrategyBonus=0.00	TossBonus=0.00	FinalScore=38.00	FinalDecision=NEGATIVE	DecisionConfidence=VERY_LOW	StrategySignal=NONE	TossSignal=NONE	VenueConfidence=VERY_LOW
MA Chidambaram Stadium, Chepauk	Kolkata Knight Riders	Chennai Super Kings	VenueWin%=28.57	OverallWin%=34.48	VenueMatches=7	OverallMatches=29	Matches=7	Wins=2	Losses=5	Win%=28.57	TossWins=4	TossLosses=3	TossWinMatchWins=0	TossWinMatchLosses=4	TossConversion%=0.00	BatFirst=2	BatFirstWins=0	BatFirstWin%=0.00	FieldFirst=2	FieldFirstWins=0	FieldFirstWin%=0.00	OverallConfidence=VERY_STRONG	RecommendationSource=VENUE	Recommendation=VENUE_DISADVANTAGE	TossRecommendation=TOSS_WIN_HAS_LOW_VALUE	StrategyRecommendation=BAT_FIELD_DATA_INSUFFICIENT	VenueConfidence=MODERATE	PerformanceScore=31.64	StrategyBonus=0.00	TossBonus=0.00	FinalScore=31.64	FinalDecision=NEGATIVE	DecisionConfidence=MODERATE	StrategySignal=NONE	TossSignal=LOW	VenueConfidence=MODERATE
MA Chidambaram Stadium, Chepauk	Mumbai Indians	Chennai Super Kings	VenueWin%=60.00	OverallWin%=54.05	VenueMatches=5	OverallMatches=37	Matches=5	Wins=3	Losses=2	Win%=60.00	TossWins=3	TossLosses=2	TossWinMatchWins=2	TossWinMatchLosses=1	TossConversion%=66.67	BatFirst=1	BatFirstWins=1	BatFirstWin%=100.00	FieldFirst=2	FieldFirstWins=1	FieldFirstWin%=50.00	OverallConfidence=VERY_STRONG	RecommendationSource=VENUE	Recommendation=VENUE_ADVANTAGE	TossRecommendation=TOSS_WIN_HAS_MODERATE_VALUE	StrategyRecommendation=BAT_FIELD_DATA_INSUFFICIENT	VenueConfidence=MODERATE	PerformanceScore=56.43	StrategyBonus=0.00	TossBonus=1.00	FinalScore=57.43	FinalDecision=BALANCED	DecisionConfidence=MODERATE	StrategySignal=NONE	TossSignal=MODERATE	VenueConfidence=MODERATE
MA Chidambaram Stadium, Chepauk	Mumbai Indians	Royal Challengers Bengaluru	VenueWin%=0.00	OverallWin%=57.58	VenueMatches=1	OverallMatches=33	Matches=1	Wins=0	Losses=1	Win%=0.00	TossWins=1	TossLosses=0	TossWinMatchWins=0	TossWinMatchLosses=1	TossConversion%=0.00	BatFirst=0	BatFirstWins=0	BatFirstWin%=0.00	FieldFirst=1	FieldFirstWins=0	FieldFirstWin%=0.00	OverallConfidence=VERY_STRONG	RecommendationSource=OVERALL_MATCHUP	Recommendation=OVERALL_MATCHUP_ADVANTAGE	TossRecommendation=TOSS_DATA_INSUFFICIENT	StrategyRecommendation=BAT_FIELD_DATA_INSUFFICIENT	VenueConfidence=VERY_LOW	PerformanceScore=43.76	StrategyBonus=0.00	TossBonus=0.00	FinalScore=43.76	FinalDecision=NEGATIVE	DecisionConfidence=VERY_LOW	StrategySignal=NONE	TossSignal=NONE	VenueConfidence=VERY_LOW
MA Chidambaram Stadium, Chepauk	Pune Warriors	Chennai Super Kings	VenueWin%=33.33	OverallWin%=33.33	VenueMatches=3	OverallMatches=6	Matches=3	Wins=1	Losses=2	Win%=33.33	TossWins=3	TossLosses=0	TossWinMatchWins=1	TossWinMatchLosses=2	TossConversion%=33.33	BatFirst=1	BatFirstWins=1	BatFirstWin%=100.00	FieldFirst=2	FieldFirstWins=0	FieldFirstWin%=0.00	OverallConfidence=MODERATE	RecommendationSource=VENUE	Recommendation=VENUE_DISADVANTAGE	TossRecommendation=TOSS_WIN_HAS_LOW_VALUE	StrategyRecommendation=BAT_FIELD_DATA_INSUFFICIENT	VenueConfidence=LOW	PerformanceScore=33.33	StrategyBonus=0.00	TossBonus=0.00	FinalScore=33.33	FinalDecision=NEGATIVE	DecisionConfidence=LOW	StrategySignal=NONE	TossSignal=NONE	VenueConfidence=LOW
MA Chidambaram Stadium, Chepauk	Punjab Kings	Chennai Super Kings	VenueWin%=40.00	OverallWin%=46.67	VenueMatches=5	OverallMatches=30	Matches=5	Wins=2	Losses=3	Win%=40.00	TossWins=2	TossLosses=3	TossWinMatchWins=1	TossWinMatchLosses=1	TossConversion%=50.00	BatFirst=1	BatFirstWins=1	BatFirstWin%=100.00	FieldFirst=1	FieldFirstWins=0	FieldFirstWin%=0.00	OverallConfidence=VERY_STRONG	RecommendationSource=VENUE	Recommendation=VENUE_DISADVANTAGE	TossRecommendation=TOSS_IMPACT_BALANCED	StrategyRecommendation=BAT_FIELD_DATA_INSUFFICIENT	VenueConfidence=MODERATE	PerformanceScore=44.00	StrategyBonus=0.00	TossBonus=0.00	FinalScore=44.00	FinalDecision=NEGATIVE	DecisionConfidence=MODERATE	StrategySignal=NONE	TossSignal=LOW	VenueConfidence=MODERATE
MA Chidambaram Stadium, Chepauk	Rajasthan Royals	Chennai Super Kings	VenueWin%=16.67	OverallWin%=44.83	VenueMatches=6	OverallMatches=29	Matches=6	Wins=1	Losses=5	Win%=16.67	TossWins=4	TossLosses=2	TossWinMatchWins=1	TossWinMatchLosses=3	TossConversion%=25.00	BatFirst=4	BatFirstWins=1	BatFirstWin%=25.00	FieldFirst=0	FieldFirstWins=0	FieldFirstWin%=0.00	OverallConfidence=VERY_STRONG	RecommendationSource=VENUE	Recommendation=VENUE_DISADVANTAGE	TossRecommendation=TOSS_WIN_HAS_LOW_VALUE	StrategyRecommendation=BAT_FIRST_DATA_STRONGER	VenueConfidence=MODERATE	PerformanceScore=32.44	StrategyBonus=0.00	TossBonus=0.00	FinalScore=32.44	FinalDecision=NEGATIVE	DecisionConfidence=MODERATE	StrategySignal=NONE	TossSignal=LOW	VenueConfidence=MODERATE
MA Chidambaram Stadium, Chepauk	Royal Challengers Bengaluru	Chennai Super Kings	VenueWin%=14.29	OverallWin%=34.38	VenueMatches=7	OverallMatches=32	Matches=7	Wins=1	Losses=6	Win%=14.29	TossWins=3	TossLosses=4	TossWinMatchWins=1	TossWinMatchLosses=2	TossConversion%=33.33	BatFirst=3	BatFirstWins=1	BatFirstWin%=33.33	FieldFirst=0	FieldFirstWins=0	FieldFirstWin%=0.00	OverallConfidence=VERY_STRONG	RecommendationSource=VENUE	Recommendation=VENUE_DISADVANTAGE	TossRecommendation=TOSS_WIN_HAS_LOW_VALUE	StrategyRecommendation=BAT_FIRST_DATA_STRONGER	VenueConfidence=MODERATE	PerformanceScore=24.74	StrategyBonus=0.00	TossBonus=0.00	FinalScore=24.74	FinalDecision=STRONG_NEGATIVE	DecisionConfidence=MODERATE	StrategySignal=NONE	TossSignal=LOW	VenueConfidence=MODERATE
MA Chidambaram Stadium, Chepauk	Royal Challengers Bengaluru	Mumbai Indians	VenueWin%=100.00	OverallWin%=42.42	VenueMatches=1	OverallMatches=33	Matches=1	Wins=1	Losses=0	Win%=100.00	TossWins=0	TossLosses=1	TossWinMatchWins=0	TossWinMatchLosses=0	TossConversion%=0.00	BatFirst=0	BatFirstWins=0	BatFirstWin%=0.00	FieldFirst=0	FieldFirstWins=0	FieldFirstWin%=0.00	OverallConfidence=VERY_STRONG	RecommendationSource=OVERALL_MATCHUP	Recommendation=OVERALL_MATCHUP_BALANCED	TossRecommendation=TOSS_DATA_INSUFFICIENT	StrategyRecommendation=BAT_FIELD_DATA_INSUFFICIENT	VenueConfidence=VERY_LOW	PerformanceScore=56.24	StrategyBonus=0.00	TossBonus=0.00	FinalScore=56.24	FinalDecision=BALANCED	DecisionConfidence=VERY_LOW	StrategySignal=NONE	TossSignal=NONE	VenueConfidence=VERY_LOW
MA Chidambaram Stadium, Chepauk	Sunrisers Hyderabad	Chennai Super Kings	VenueWin%=0.00	OverallWin%=28.57	VenueMatches=2	OverallMatches=21	Matches=2	Wins=0	Losses=2	Win%=0.00	TossWins=1	TossLosses=1	TossWinMatchWins=0	TossWinMatchLosses=1	TossConversion%=0.00	BatFirst=1	BatFirstWins=0	BatFirstWin%=0.00	FieldFirst=0	FieldFirstWins=0	FieldFirstWin%=0.00	OverallConfidence=VERY_STRONG	RecommendationSource=OVERALL_MATCHUP	Recommendation=OVERALL_MATCHUP_DISADVANTAGE	TossRecommendation=TOSS_DATA_INSUFFICIENT	StrategyRecommendation=BAT_FIELD_DATA_INSUFFICIENT	VenueConfidence=VERY_LOW	PerformanceScore=20.57	StrategyBonus=0.00	TossBonus=0.00	FinalScore=20.57	FinalDecision=STRONG_NEGATIVE	DecisionConfidence=VERY_LOW	StrategySignal=NONE	TossSignal=NONE	VenueConfidence=VERY_LOW
MA Chidambaram Stadium, Chepauk, Chennai	Chennai Super Kings	Delhi Capitals	VenueWin%=100.00	OverallWin%=63.33	VenueMatches=1	OverallMatches=30	Matches=1	Wins=1	Losses=0	Win%=100.00	TossWins=1	TossLosses=0	TossWinMatchWins=1	TossWinMatchLosses=0	TossConversion%=100.00	BatFirst=1	BatFirstWins=1	BatFirstWin%=100.00	FieldFirst=0	FieldFirstWins=0	FieldFirstWin%=0.00	OverallConfidence=VERY_STRONG	RecommendationSource=OVERALL_MATCHUP	Recommendation=OVERALL_MATCHUP_ADVANTAGE	TossRecommendation=TOSS_DATA_INSUFFICIENT	StrategyRecommendation=BAT_FIELD_DATA_INSUFFICIENT	VenueConfidence=VERY_LOW	PerformanceScore=72.13	StrategyBonus=0.00	TossBonus=0.00	FinalScore=72.13	FinalDecision=POSITIVE	DecisionConfidence=VERY_LOW	StrategySignal=NONE	TossSignal=NONE	VenueConfidence=VERY_LOW
MA Chidambaram Stadium, Chepauk, Chennai	Chennai Super Kings	Gujarat Titans	VenueWin%=100.00	OverallWin%=42.86	VenueMatches=2	OverallMatches=7	Matches=2	Wins=2	Losses=0	Win%=100.00	TossWins=0	TossLosses=2	TossWinMatchWins=0	TossWinMatchLosses=0	TossConversion%=0.00	BatFirst=0	BatFirstWins=0	BatFirstWin%=0.00	FieldFirst=0	FieldFirstWins=0	FieldFirstWin%=0.00	OverallConfidence=MODERATE	RecommendationSource=OVERALL_MATCHUP	Recommendation=OVERALL_MATCHUP_BALANCED	TossRecommendation=TOSS_DATA_INSUFFICIENT	StrategyRecommendation=BAT_FIELD_DATA_INSUFFICIENT	VenueConfidence=VERY_LOW	PerformanceScore=58.86	StrategyBonus=0.00	TossBonus=0.00	FinalScore=58.86	FinalDecision=BALANCED	DecisionConfidence=VERY_LOW	StrategySignal=NONE	TossSignal=NONE	VenueConfidence=VERY_LOW
MA Chidambaram Stadium, Chepauk, Chennai	Chennai Super Kings	Kolkata Knight Riders	VenueWin%=50.00	OverallWin%=65.52	VenueMatches=2	OverallMatches=29	Matches=2	Wins=1	Losses=1	Win%=50.00	TossWins=2	TossLosses=0	TossWinMatchWins=1	TossWinMatchLosses=1	TossConversion%=50.00	BatFirst=1	BatFirstWins=0	BatFirstWin%=0.00	FieldFirst=1	FieldFirstWins=1	FieldFirstWin%=100.00	OverallConfidence=VERY_STRONG	RecommendationSource=OVERALL_MATCHUP	Recommendation=OVERALL_MATCHUP_ADVANTAGE	TossRecommendation=TOSS_DATA_INSUFFICIENT	StrategyRecommendation=BAT_FIELD_DATA_INSUFFICIENT	VenueConfidence=VERY_LOW	PerformanceScore=61.17	StrategyBonus=0.00	TossBonus=0.00	FinalScore=61.17	FinalDecision=POSITIVE	DecisionConfidence=VERY_LOW	StrategySignal=NONE	TossSignal=NONE	VenueConfidence=VERY_LOW
MA Chidambaram Stadium, Chepauk, Chennai	Chennai Super Kings	Lucknow Super Giants	VenueWin%=50.00	OverallWin%=20.00	VenueMatches=2	OverallMatches=5	Matches=2	Wins=1	Losses=1	Win%=50.00	TossWins=0	TossLosses=2	TossWinMatchWins=0	TossWinMatchLosses=0	TossConversion%=0.00	BatFirst=0	BatFirstWins=0	BatFirstWin%=0.00	FieldFirst=0	FieldFirstWins=0	FieldFirstWin%=0.00	OverallConfidence=MODERATE	RecommendationSource=OVERALL_MATCHUP	Recommendation=OVERALL_MATCHUP_DISADVANTAGE	TossRecommendation=TOSS_DATA_INSUFFICIENT	StrategyRecommendation=BAT_FIELD_DATA_INSUFFICIENT	VenueConfidence=VERY_LOW	PerformanceScore=28.40	StrategyBonus=0.00	TossBonus=0.00	FinalScore=28.40	FinalDecision=STRONG_NEGATIVE	DecisionConfidence=VERY_LOW	StrategySignal=NONE	TossSignal=NONE	VenueConfidence=VERY_LOW
MA Chidambaram Stadium, Chepauk, Chennai	Chennai Super Kings	Mumbai Indians	VenueWin%=100.00	OverallWin%=45.95	VenueMatches=1	OverallMatches=37	Matches=1	Wins=1	Losses=0	Win%=100.00	TossWins=1	TossLosses=0	TossWinMatchWins=1	TossWinMatchLosses=0	TossConversion%=100.00	BatFirst=0	BatFirstWins=0	BatFirstWin%=0.00	FieldFirst=1	FieldFirstWins=1	FieldFirstWin%=100.00	OverallConfidence=VERY_STRONG	RecommendationSource=OVERALL_MATCHUP	Recommendation=OVERALL_MATCHUP_BALANCED	TossRecommendation=TOSS_DATA_INSUFFICIENT	StrategyRecommendation=BAT_FIELD_DATA_INSUFFICIENT	VenueConfidence=VERY_LOW	PerformanceScore=58.92	StrategyBonus=0.00	TossBonus=0.00	FinalScore=58.92	FinalDecision=BALANCED	DecisionConfidence=VERY_LOW	StrategySignal=NONE	TossSignal=NONE	VenueConfidence=VERY_LOW
MA Chidambaram Stadium, Chepauk, Chennai	Chennai Super Kings	Punjab Kings	VenueWin%=0.00	OverallWin%=53.33	VenueMatches=2	OverallMatches=30	Matches=2	Wins=0	Losses=2	Win%=0.00	TossWins=1	TossLosses=1	TossWinMatchWins=0	TossWinMatchLosses=1	TossConversion%=0.00	BatFirst=1	BatFirstWins=0	BatFirstWin%=0.00	FieldFirst=0	FieldFirstWins=0	FieldFirstWin%=0.00	OverallConfidence=VERY_STRONG	RecommendationSource=OVERALL_MATCHUP	Recommendation=OVERALL_MATCHUP_BALANCED	TossRecommendation=TOSS_DATA_INSUFFICIENT	StrategyRecommendation=BAT_FIELD_DATA_INSUFFICIENT	VenueConfidence=VERY_LOW	PerformanceScore=38.40	StrategyBonus=0.00	TossBonus=0.00	FinalScore=38.40	FinalDecision=NEGATIVE	DecisionConfidence=VERY_LOW	StrategySignal=NONE	TossSignal=NONE	VenueConfidence=VERY_LOW
MA Chidambaram Stadium, Chepauk, Chennai	Chennai Super Kings	Rajasthan Royals	VenueWin%=50.00	OverallWin%=55.17	VenueMatches=2	OverallMatches=29	Matches=2	Wins=1	Losses=1	Win%=50.00	TossWins=1	TossLosses=1	TossWinMatchWins=0	TossWinMatchLosses=1	TossConversion%=0.00	BatFirst=0	BatFirstWins=0	BatFirstWin%=0.00	FieldFirst=1	FieldFirstWins=0	FieldFirstWin%=0.00	OverallConfidence=VERY_STRONG	RecommendationSource=OVERALL_MATCHUP	Recommendation=OVERALL_MATCHUP_ADVANTAGE	TossRecommendation=TOSS_DATA_INSUFFICIENT	StrategyRecommendation=BAT_FIELD_DATA_INSUFFICIENT	VenueConfidence=VERY_LOW	PerformanceScore=53.72	StrategyBonus=0.00	TossBonus=0.00	FinalScore=53.72	FinalDecision=BALANCED	DecisionConfidence=VERY_LOW	StrategySignal=NONE	TossSignal=NONE	VenueConfidence=VERY_LOW
MA Chidambaram Stadium, Chepauk, Chennai	Chennai Super Kings	Royal Challengers Bengaluru	VenueWin%=100.00	OverallWin%=65.62	VenueMatches=1	OverallMatches=32	Matches=1	Wins=1	Losses=0	Win%=100.00	TossWins=0	TossLosses=1	TossWinMatchWins=0	TossWinMatchLosses=0	TossConversion%=0.00	BatFirst=0	BatFirstWins=0	BatFirstWin%=0.00	FieldFirst=0	FieldFirstWins=0	FieldFirstWin%=0.00	OverallConfidence=VERY_STRONG	RecommendationSource=OVERALL_MATCHUP	Recommendation=OVERALL_MATCHUP_ADVANTAGE	TossRecommendation=TOSS_DATA_INSUFFICIENT	StrategyRecommendation=BAT_FIELD_DATA_INSUFFICIENT	VenueConfidence=VERY_LOW	PerformanceScore=73.87	StrategyBonus=0.00	TossBonus=0.00	FinalScore=73.87	FinalDecision=POSITIVE	DecisionConfidence=VERY_LOW	StrategySignal=NONE	TossSignal=NONE	VenueConfidence=VERY_LOW
MA Chidambaram Stadium, Chepauk, Chennai	Chennai Super Kings	Sunrisers Hyderabad	VenueWin%=100.00	OverallWin%=71.43	VenueMatches=2	OverallMatches=21	Matches=2	Wins=2	Losses=0	Win%=100.00	TossWins=1	TossLosses=1	TossWinMatchWins=1	TossWinMatchLosses=0	TossConversion%=100.00	BatFirst=0	BatFirstWins=0	BatFirstWin%=0.00	FieldFirst=1	FieldFirstWins=1	FieldFirstWin%=100.00	OverallConfidence=VERY_STRONG	RecommendationSource=OVERALL_MATCHUP	Recommendation=OVERALL_MATCHUP_STRONG_ADVANTAGE	TossRecommendation=TOSS_DATA_INSUFFICIENT	StrategyRecommendation=BAT_FIELD_DATA_INSUFFICIENT	VenueConfidence=VERY_LOW	PerformanceScore=79.43	StrategyBonus=0.00	TossBonus=0.00	FinalScore=79.43	FinalDecision=STRONG_POSITIVE	DecisionConfidence=VERY_LOW	StrategySignal=NONE	TossSignal=NONE	VenueConfidence=VERY_LOW
MA Chidambaram Stadium, Chepauk, Chennai	Delhi Capitals	Chennai Super Kings	VenueWin%=0.00	OverallWin%=36.67	VenueMatches=1	OverallMatches=30	Matches=1	Wins=0	Losses=1	Win%=0.00	TossWins=0	TossLosses=1	TossWinMatchWins=0	TossWinMatchLosses=0	TossConversion%=0.00	BatFirst=0	BatFirstWins=0	BatFirstWin%=0.00	FieldFirst=0	FieldFirstWins=0	FieldFirstWin%=0.00	OverallConfidence=VERY_STRONG	RecommendationSource=OVERALL_MATCHUP	Recommendation=OVERALL_MATCHUP_DISADVANTAGE	TossRecommendation=TOSS_DATA_INSUFFICIENT	StrategyRecommendation=BAT_FIELD_DATA_INSUFFICIENT	VenueConfidence=VERY_LOW	PerformanceScore=27.87	StrategyBonus=0.00	TossBonus=0.00	FinalScore=27.87	FinalDecision=STRONG_NEGATIVE	DecisionConfidence=VERY_LOW	StrategySignal=NONE	TossSignal=NONE	VenueConfidence=VERY_LOW
MA Chidambaram Stadium, Chepauk, Chennai	Delhi Capitals	Mumbai Indians	VenueWin%=100.00	OverallWin%=45.71	VenueMatches=1	OverallMatches=35	Matches=1	Wins=1	Losses=0	Win%=100.00	TossWins=0	TossLosses=1	TossWinMatchWins=0	TossWinMatchLosses=0	TossConversion%=0.00	BatFirst=0	BatFirstWins=0	BatFirstWin%=0.00	FieldFirst=0	FieldFirstWins=0	FieldFirstWin%=0.00	OverallConfidence=VERY_STRONG	RecommendationSource=OVERALL_MATCHUP	Recommendation=OVERALL_MATCHUP_BALANCED	TossRecommendation=TOSS_DATA_INSUFFICIENT	StrategyRecommendation=BAT_FIELD_DATA_INSUFFICIENT	VenueConfidence=VERY_LOW	PerformanceScore=58.74	StrategyBonus=0.00	TossBonus=0.00	FinalScore=58.74	FinalDecision=BALANCED	DecisionConfidence=VERY_LOW	StrategySignal=NONE	TossSignal=NONE	VenueConfidence=VERY_LOW
MA Chidambaram Stadium, Chepauk, Chennai	Delhi Capitals	Sunrisers Hyderabad	VenueWin%=100.00	OverallWin%=45.83	VenueMatches=1	OverallMatches=24	Matches=1	Wins=1	Losses=0	Win%=100.00	TossWins=1	TossLosses=0	TossWinMatchWins=1	TossWinMatchLosses=0	TossConversion%=100.00	BatFirst=1	BatFirstWins=1	BatFirstWin%=100.00	FieldFirst=0	FieldFirstWins=0	FieldFirstWin%=0.00	OverallConfidence=VERY_STRONG	RecommendationSource=OVERALL_MATCHUP	Recommendation=OVERALL_MATCHUP_BALANCED	TossRecommendation=TOSS_DATA_INSUFFICIENT	StrategyRecommendation=BAT_FIELD_DATA_INSUFFICIENT	VenueConfidence=VERY_LOW	PerformanceScore=58.83	StrategyBonus=0.00	TossBonus=0.00	FinalScore=58.83	FinalDecision=BALANCED	DecisionConfidence=VERY_LOW	StrategySignal=NONE	TossSignal=NONE	VenueConfidence=VERY_LOW
MA Chidambaram Stadium, Chepauk, Chennai	Gujarat Titans	Chennai Super Kings	VenueWin%=0.00	OverallWin%=57.14	VenueMatches=2	OverallMatches=7	Matches=2	Wins=0	Losses=2	Win%=0.00	TossWins=2	TossLosses=0	TossWinMatchWins=0	TossWinMatchLosses=2	TossConversion%=0.00	BatFirst=0	BatFirstWins=0	BatFirstWin%=0.00	FieldFirst=2	FieldFirstWins=0	FieldFirstWin%=0.00	OverallConfidence=MODERATE	RecommendationSource=OVERALL_MATCHUP	Recommendation=OVERALL_MATCHUP_ADVANTAGE	TossRecommendation=TOSS_DATA_INSUFFICIENT	StrategyRecommendation=BAT_FIELD_DATA_INSUFFICIENT	VenueConfidence=VERY_LOW	PerformanceScore=41.14	StrategyBonus=0.00	TossBonus=0.00	FinalScore=41.14	FinalDecision=NEGATIVE	DecisionConfidence=VERY_LOW	StrategySignal=NONE	TossSignal=NONE	VenueConfidence=VERY_LOW
MA Chidambaram Stadium, Chepauk, Chennai	Kolkata Knight Riders	Chennai Super Kings	VenueWin%=50.00	OverallWin%=34.48	VenueMatches=2	OverallMatches=29	Matches=2	Wins=1	Losses=1	Win%=50.00	TossWins=0	TossLosses=2	TossWinMatchWins=0	TossWinMatchLosses=0	TossConversion%=0.00	BatFirst=0	BatFirstWins=0	BatFirstWin%=0.00	FieldFirst=0	FieldFirstWins=0	FieldFirstWin%=0.00	OverallConfidence=VERY_STRONG	RecommendationSource=OVERALL_MATCHUP	Recommendation=OVERALL_MATCHUP_DISADVANTAGE	TossRecommendation=TOSS_DATA_INSUFFICIENT	StrategyRecommendation=BAT_FIELD_DATA_INSUFFICIENT	VenueConfidence=VERY_LOW	PerformanceScore=38.83	StrategyBonus=0.00	TossBonus=0.00	FinalScore=38.83	FinalDecision=NEGATIVE	DecisionConfidence=VERY_LOW	StrategySignal=NONE	TossSignal=NONE	VenueConfidence=VERY_LOW
MA Chidambaram Stadium, Chepauk, Chennai	Kolkata Knight Riders	Mumbai Indians	VenueWin%=0.00	OverallWin%=32.35	VenueMatches=1	OverallMatches=34	Matches=1	Wins=0	Losses=1	Win%=0.00	TossWins=1	TossLosses=0	TossWinMatchWins=0	TossWinMatchLosses=1	TossConversion%=0.00	BatFirst=0	BatFirstWins=0	BatFirstWin%=0.00	FieldFirst=1	FieldFirstWins=0	FieldFirstWin%=0.00	OverallConfidence=VERY_STRONG	RecommendationSource=OVERALL_MATCHUP	Recommendation=OVERALL_MATCHUP_DISADVANTAGE	TossRecommendation=TOSS_DATA_INSUFFICIENT	StrategyRecommendation=BAT_FIELD_DATA_INSUFFICIENT	VenueConfidence=VERY_LOW	PerformanceScore=24.59	StrategyBonus=0.00	TossBonus=0.00	FinalScore=24.59	FinalDecision=STRONG_NEGATIVE	DecisionConfidence=VERY_LOW	StrategySignal=NONE	TossSignal=NONE	VenueConfidence=VERY_LOW
MA Chidambaram Stadium, Chepauk, Chennai	Kolkata Knight Riders	Royal Challengers Bengaluru	VenueWin%=0.00	OverallWin%=58.82	VenueMatches=1	OverallMatches=34	Matches=1	Wins=0	Losses=1	Win%=0.00	TossWins=0	TossLosses=1	TossWinMatchWins=0	TossWinMatchLosses=0	TossConversion%=0.00	BatFirst=0	BatFirstWins=0	BatFirstWin%=0.00	FieldFirst=0	FieldFirstWins=0	FieldFirstWin%=0.00	OverallConfidence=VERY_STRONG	RecommendationSource=OVERALL_MATCHUP	Recommendation=OVERALL_MATCHUP_ADVANTAGE	TossRecommendation=TOSS_DATA_INSUFFICIENT	StrategyRecommendation=BAT_FIELD_DATA_INSUFFICIENT	VenueConfidence=VERY_LOW	PerformanceScore=44.70	StrategyBonus=0.00	TossBonus=0.00	FinalScore=44.70	FinalDecision=NEGATIVE	DecisionConfidence=VERY_LOW	StrategySignal=NONE	TossSignal=NONE	VenueConfidence=VERY_LOW
MA Chidambaram Stadium, Chepauk, Chennai	Kolkata Knight Riders	Sunrisers Hyderabad	VenueWin%=100.00	OverallWin%=67.86	VenueMatches=2	OverallMatches=28	Matches=2	Wins=2	Losses=0	Win%=100.00	TossWins=0	TossLosses=2	TossWinMatchWins=0	TossWinMatchLosses=0	TossConversion%=0.00	BatFirst=0	BatFirstWins=0	BatFirstWin%=0.00	FieldFirst=0	FieldFirstWins=0	FieldFirstWin%=0.00	OverallConfidence=VERY_STRONG	RecommendationSource=OVERALL_MATCHUP	Recommendation=OVERALL_MATCHUP_ADVANTAGE	TossRecommendation=TOSS_DATA_INSUFFICIENT	StrategyRecommendation=BAT_FIELD_DATA_INSUFFICIENT	VenueConfidence=VERY_LOW	PerformanceScore=76.86	StrategyBonus=0.00	TossBonus=0.00	FinalScore=76.86	FinalDecision=STRONG_POSITIVE	DecisionConfidence=VERY_LOW	StrategySignal=NONE	TossSignal=NONE	VenueConfidence=VERY_LOW
MA Chidambaram Stadium, Chepauk, Chennai	Lucknow Super Giants	Chennai Super Kings	VenueWin%=50.00	OverallWin%=60.00	VenueMatches=2	OverallMatches=5	Matches=2	Wins=1	Losses=1	Win%=50.00	TossWins=2	TossLosses=0	TossWinMatchWins=1	TossWinMatchLosses=1	TossConversion%=50.00	BatFirst=0	BatFirstWins=0	BatFirstWin%=0.00	FieldFirst=2	FieldFirstWins=1	FieldFirstWin%=50.00	OverallConfidence=MODERATE	RecommendationSource=OVERALL_MATCHUP	Recommendation=OVERALL_MATCHUP_ADVANTAGE	TossRecommendation=TOSS_DATA_INSUFFICIENT	StrategyRecommendation=BAT_FIELD_DATA_INSUFFICIENT	VenueConfidence=VERY_LOW	PerformanceScore=57.20	StrategyBonus=0.00	TossBonus=0.00	FinalScore=57.20	FinalDecision=BALANCED	DecisionConfidence=VERY_LOW	StrategySignal=NONE	TossSignal=NONE	VenueConfidence=VERY_LOW
MA Chidambaram Stadium, Chepauk, Chennai	Lucknow Super Giants	Mumbai Indians	VenueWin%=0.00	OverallWin%=83.33	VenueMatches=1	OverallMatches=6	Matches=1	Wins=0	Losses=1	Win%=0.00	TossWins=0	TossLosses=1	TossWinMatchWins=0	TossWinMatchLosses=0	TossConversion%=0.00	BatFirst=0	BatFirstWins=0	BatFirstWin%=0.00	FieldFirst=0	FieldFirstWins=0	FieldFirstWin%=0.00	OverallConfidence=MODERATE	RecommendationSource=OVERALL_MATCHUP	Recommendation=OVERALL_MATCHUP_STRONG_ADVANTAGE	TossRecommendation=TOSS_DATA_INSUFFICIENT	StrategyRecommendation=BAT_FIELD_DATA_INSUFFICIENT	VenueConfidence=VERY_LOW	PerformanceScore=63.33	StrategyBonus=0.00	TossBonus=0.00	FinalScore=63.33	FinalDecision=POSITIVE	DecisionConfidence=VERY_LOW	StrategySignal=NONE	TossSignal=NONE	VenueConfidence=VERY_LOW
MA Chidambaram Stadium, Chepauk, Chennai	Mumbai Indians	Chennai Super Kings	VenueWin%=0.00	OverallWin%=54.05	VenueMatches=1	OverallMatches=37	Matches=1	Wins=0	Losses=1	Win%=0.00	TossWins=0	TossLosses=1	TossWinMatchWins=0	TossWinMatchLosses=0	TossConversion%=0.00	BatFirst=0	BatFirstWins=0	BatFirstWin%=0.00	FieldFirst=0	FieldFirstWins=0	FieldFirstWin%=0.00	OverallConfidence=VERY_STRONG	RecommendationSource=OVERALL_MATCHUP	Recommendation=OVERALL_MATCHUP_BALANCED	TossRecommendation=TOSS_DATA_INSUFFICIENT	StrategyRecommendation=BAT_FIELD_DATA_INSUFFICIENT	VenueConfidence=VERY_LOW	PerformanceScore=41.08	StrategyBonus=0.00	TossBonus=0.00	FinalScore=41.08	FinalDecision=NEGATIVE	DecisionConfidence=VERY_LOW	StrategySignal=NONE	TossSignal=NONE	VenueConfidence=VERY_LOW
MA Chidambaram Stadium, Chepauk, Chennai	Mumbai Indians	Delhi Capitals	VenueWin%=0.00	OverallWin%=54.29	VenueMatches=1	OverallMatches=35	Matches=1	Wins=0	Losses=1	Win%=0.00	TossWins=1	TossLosses=0	TossWinMatchWins=0	TossWinMatchLosses=1	TossConversion%=0.00	BatFirst=1	BatFirstWins=0	BatFirstWin%=0.00	FieldFirst=0	FieldFirstWins=0	FieldFirstWin%=0.00	OverallConfidence=VERY_STRONG	RecommendationSource=OVERALL_MATCHUP	Recommendation=OVERALL_MATCHUP_BALANCED	TossRecommendation=TOSS_DATA_INSUFFICIENT	StrategyRecommendation=BAT_FIELD_DATA_INSUFFICIENT	VenueConfidence=VERY_LOW	PerformanceScore=41.26	StrategyBonus=0.00	TossBonus=0.00	FinalScore=41.26	FinalDecision=NEGATIVE	DecisionConfidence=VERY_LOW	StrategySignal=NONE	TossSignal=NONE	VenueConfidence=VERY_LOW
MA Chidambaram Stadium, Chepauk, Chennai	Mumbai Indians	Kolkata Knight Riders	VenueWin%=100.00	OverallWin%=67.65	VenueMatches=1	OverallMatches=34	Matches=1	Wins=1	Losses=0	Win%=100.00	TossWins=0	TossLosses=1	TossWinMatchWins=0	TossWinMatchLosses=0	TossConversion%=0.00	BatFirst=0	BatFirstWins=0	BatFirstWin%=0.00	FieldFirst=0	FieldFirstWins=0	FieldFirstWin%=0.00	OverallConfidence=VERY_STRONG	RecommendationSource=OVERALL_MATCHUP	Recommendation=OVERALL_MATCHUP_ADVANTAGE	TossRecommendation=TOSS_DATA_INSUFFICIENT	StrategyRecommendation=BAT_FIELD_DATA_INSUFFICIENT	VenueConfidence=VERY_LOW	PerformanceScore=75.41	StrategyBonus=0.00	TossBonus=0.00	FinalScore=75.41	FinalDecision=STRONG_POSITIVE	DecisionConfidence=VERY_LOW	StrategySignal=NONE	TossSignal=NONE	VenueConfidence=VERY_LOW
MA Chidambaram Stadium, Chepauk, Chennai	Mumbai Indians	Lucknow Super Giants	VenueWin%=100.00	OverallWin%=16.67	VenueMatches=1	OverallMatches=6	Matches=1	Wins=1	Losses=0	Win%=100.00	TossWins=1	TossLosses=0	TossWinMatchWins=1	TossWinMatchLosses=0	TossConversion%=100.00	BatFirst=1	BatFirstWins=1	BatFirstWin%=100.00	FieldFirst=0	FieldFirstWins=0	FieldFirstWin%=0.00	OverallConfidence=MODERATE	RecommendationSource=OVERALL_MATCHUP	Recommendation=OVERALL_MATCHUP_DISADVANTAGE	TossRecommendation=TOSS_DATA_INSUFFICIENT	StrategyRecommendation=BAT_FIELD_DATA_INSUFFICIENT	VenueConfidence=VERY_LOW	PerformanceScore=36.67	StrategyBonus=0.00	TossBonus=0.00	FinalScore=36.67	FinalDecision=NEGATIVE	DecisionConfidence=VERY_LOW	StrategySignal=NONE	TossSignal=NONE	VenueConfidence=VERY_LOW
MA Chidambaram Stadium, Chepauk, Chennai	Mumbai Indians	Punjab Kings	VenueWin%=0.00	OverallWin%=53.12	VenueMatches=1	OverallMatches=32	Matches=1	Wins=0	Losses=1	Win%=0.00	TossWins=0	TossLosses=1	TossWinMatchWins=0	TossWinMatchLosses=0	TossConversion%=0.00	BatFirst=0	BatFirstWins=0	BatFirstWin%=0.00	FieldFirst=0	FieldFirstWins=0	FieldFirstWin%=0.00	OverallConfidence=VERY_STRONG	RecommendationSource=OVERALL_MATCHUP	Recommendation=OVERALL_MATCHUP_BALANCED	TossRecommendation=TOSS_DATA_INSUFFICIENT	StrategyRecommendation=BAT_FIELD_DATA_INSUFFICIENT	VenueConfidence=VERY_LOW	PerformanceScore=40.37	StrategyBonus=0.00	TossBonus=0.00	FinalScore=40.37	FinalDecision=NEGATIVE	DecisionConfidence=VERY_LOW	StrategySignal=NONE	TossSignal=NONE	VenueConfidence=VERY_LOW
MA Chidambaram Stadium, Chepauk, Chennai	Mumbai Indians	Royal Challengers Bengaluru	VenueWin%=0.00	OverallWin%=57.58	VenueMatches=1	OverallMatches=33	Matches=1	Wins=0	Losses=1	Win%=0.00	TossWins=0	TossLosses=1	TossWinMatchWins=0	TossWinMatchLosses=0	TossConversion%=0.00	BatFirst=0	BatFirstWins=0	BatFirstWin%=0.00	FieldFirst=0	FieldFirstWins=0	FieldFirstWin%=0.00	OverallConfidence=VERY_STRONG	RecommendationSource=OVERALL_MATCHUP	Recommendation=OVERALL_MATCHUP_ADVANTAGE	TossRecommendation=TOSS_DATA_INSUFFICIENT	StrategyRecommendation=BAT_FIELD_DATA_INSUFFICIENT	VenueConfidence=VERY_LOW	PerformanceScore=43.76	StrategyBonus=0.00	TossBonus=0.00	FinalScore=43.76	FinalDecision=NEGATIVE	DecisionConfidence=VERY_LOW	StrategySignal=NONE	TossSignal=NONE	VenueConfidence=VERY_LOW
MA Chidambaram Stadium, Chepauk, Chennai	Mumbai Indians	Sunrisers Hyderabad	VenueWin%=100.00	OverallWin%=56.52	VenueMatches=1	OverallMatches=23	Matches=1	Wins=1	Losses=0	Win%=100.00	TossWins=1	TossLosses=0	TossWinMatchWins=1	TossWinMatchLosses=0	TossConversion%=100.00	BatFirst=1	BatFirstWins=1	BatFirstWin%=100.00	FieldFirst=0	FieldFirstWins=0	FieldFirstWin%=0.00	OverallConfidence=VERY_STRONG	RecommendationSource=OVERALL_MATCHUP	Recommendation=OVERALL_MATCHUP_ADVANTAGE	TossRecommendation=TOSS_DATA_INSUFFICIENT	StrategyRecommendation=BAT_FIELD_DATA_INSUFFICIENT	VenueConfidence=VERY_LOW	PerformanceScore=66.96	StrategyBonus=0.00	TossBonus=0.00	FinalScore=66.96	FinalDecision=POSITIVE	DecisionConfidence=VERY_LOW	StrategySignal=NONE	TossSignal=NONE	VenueConfidence=VERY_LOW
MA Chidambaram Stadium, Chepauk, Chennai	Punjab Kings	Chennai Super Kings	VenueWin%=100.00	OverallWin%=46.67	VenueMatches=2	OverallMatches=30	Matches=2	Wins=2	Losses=0	Win%=100.00	TossWins=1	TossLosses=1	TossWinMatchWins=1	TossWinMatchLosses=0	TossConversion%=100.00	BatFirst=0	BatFirstWins=0	BatFirstWin%=0.00	FieldFirst=1	FieldFirstWins=1	FieldFirstWin%=100.00	OverallConfidence=VERY_STRONG	RecommendationSource=OVERALL_MATCHUP	Recommendation=OVERALL_MATCHUP_BALANCED	TossRecommendation=TOSS_DATA_INSUFFICIENT	StrategyRecommendation=BAT_FIELD_DATA_INSUFFICIENT	VenueConfidence=VERY_LOW	PerformanceScore=61.60	StrategyBonus=0.00	TossBonus=0.00	FinalScore=61.60	FinalDecision=POSITIVE	DecisionConfidence=VERY_LOW	StrategySignal=NONE	TossSignal=NONE	VenueConfidence=VERY_LOW
MA Chidambaram Stadium, Chepauk, Chennai	Punjab Kings	Mumbai Indians	VenueWin%=100.00	OverallWin%=46.88	VenueMatches=1	OverallMatches=32	Matches=1	Wins=1	Losses=0	Win%=100.00	TossWins=1	TossLosses=0	TossWinMatchWins=1	TossWinMatchLosses=0	TossConversion%=100.00	BatFirst=0	BatFirstWins=0	BatFirstWin%=0.00	FieldFirst=1	FieldFirstWins=1	FieldFirstWin%=100.00	OverallConfidence=VERY_STRONG	RecommendationSource=OVERALL_MATCHUP	Recommendation=OVERALL_MATCHUP_BALANCED	TossRecommendation=TOSS_DATA_INSUFFICIENT	StrategyRecommendation=BAT_FIELD_DATA_INSUFFICIENT	VenueConfidence=VERY_LOW	PerformanceScore=59.63	StrategyBonus=0.00	TossBonus=0.00	FinalScore=59.63	FinalDecision=BALANCED	DecisionConfidence=VERY_LOW	StrategySignal=NONE	TossSignal=NONE	VenueConfidence=VERY_LOW
MA Chidambaram Stadium, Chepauk, Chennai	Punjab Kings	Sunrisers Hyderabad	VenueWin%=0.00	OverallWin%=30.43	VenueMatches=1	OverallMatches=23	Matches=1	Wins=0	Losses=1	Win%=0.00	TossWins=1	TossLosses=0	TossWinMatchWins=0	TossWinMatchLosses=1	TossConversion%=0.00	BatFirst=1	BatFirstWins=0	BatFirstWin%=0.00	FieldFirst=0	FieldFirstWins=0	FieldFirstWin%=0.00	OverallConfidence=VERY_STRONG	RecommendationSource=OVERALL_MATCHUP	Recommendation=OVERALL_MATCHUP_DISADVANTAGE	TossRecommendation=TOSS_DATA_INSUFFICIENT	StrategyRecommendation=BAT_FIELD_DATA_INSUFFICIENT	VenueConfidence=VERY_LOW	PerformanceScore=23.13	StrategyBonus=0.00	TossBonus=0.00	FinalScore=23.13	FinalDecision=STRONG_NEGATIVE	DecisionConfidence=VERY_LOW	StrategySignal=NONE	TossSignal=NONE	VenueConfidence=VERY_LOW
MA Chidambaram Stadium, Chepauk, Chennai	Rajasthan Royals	Chennai Super Kings	VenueWin%=50.00	OverallWin%=44.83	VenueMatches=2	OverallMatches=29	Matches=2	Wins=1	Losses=1	Win%=50.00	TossWins=1	TossLosses=1	TossWinMatchWins=0	TossWinMatchLosses=1	TossConversion%=0.00	BatFirst=1	BatFirstWins=0	BatFirstWin%=0.00	FieldFirst=0	FieldFirstWins=0	FieldFirstWin%=0.00	OverallConfidence=VERY_STRONG	RecommendationSource=OVERALL_MATCHUP	Recommendation=OVERALL_MATCHUP_BALANCED	TossRecommendation=TOSS_DATA_INSUFFICIENT	StrategyRecommendation=BAT_FIELD_DATA_INSUFFICIENT	VenueConfidence=VERY_LOW	PerformanceScore=46.28	StrategyBonus=0.00	TossBonus=0.00	FinalScore=46.28	FinalDecision=BALANCED	DecisionConfidence=VERY_LOW	StrategySignal=NONE	TossSignal=NONE	VenueConfidence=VERY_LOW
MA Chidambaram Stadium, Chepauk, Chennai	Rajasthan Royals	Sunrisers Hyderabad	VenueWin%=0.00	OverallWin%=45.00	VenueMatches=1	OverallMatches=20	Matches=1	Wins=0	Losses=1	Win%=0.00	TossWins=1	TossLosses=0	TossWinMatchWins=0	TossWinMatchLosses=1	TossConversion%=0.00	BatFirst=0	BatFirstWins=0	BatFirstWin%=0.00	FieldFirst=1	FieldFirstWins=0	FieldFirstWin%=0.00	OverallConfidence=VERY_STRONG	RecommendationSource=OVERALL_MATCHUP	Recommendation=OVERALL_MATCHUP_BALANCED	TossRecommendation=TOSS_DATA_INSUFFICIENT	StrategyRecommendation=BAT_FIELD_DATA_INSUFFICIENT	VenueConfidence=VERY_LOW	PerformanceScore=34.20	StrategyBonus=0.00	TossBonus=0.00	FinalScore=34.20	FinalDecision=NEGATIVE	DecisionConfidence=VERY_LOW	StrategySignal=NONE	TossSignal=NONE	VenueConfidence=VERY_LOW
MA Chidambaram Stadium, Chepauk, Chennai	Royal Challengers Bengaluru	Chennai Super Kings	VenueWin%=0.00	OverallWin%=34.38	VenueMatches=1	OverallMatches=32	Matches=1	Wins=0	Losses=1	Win%=0.00	TossWins=1	TossLosses=0	TossWinMatchWins=0	TossWinMatchLosses=1	TossConversion%=0.00	BatFirst=1	BatFirstWins=0	BatFirstWin%=0.00	FieldFirst=0	FieldFirstWins=0	FieldFirstWin%=0.00	OverallConfidence=VERY_STRONG	RecommendationSource=OVERALL_MATCHUP	Recommendation=OVERALL_MATCHUP_DISADVANTAGE	TossRecommendation=TOSS_DATA_INSUFFICIENT	StrategyRecommendation=BAT_FIELD_DATA_INSUFFICIENT	VenueConfidence=VERY_LOW	PerformanceScore=26.13	StrategyBonus=0.00	TossBonus=0.00	FinalScore=26.13	FinalDecision=STRONG_NEGATIVE	DecisionConfidence=VERY_LOW	StrategySignal=NONE	TossSignal=NONE	VenueConfidence=VERY_LOW
MA Chidambaram Stadium, Chepauk, Chennai	Royal Challengers Bengaluru	Kolkata Knight Riders	VenueWin%=100.00	OverallWin%=41.18	VenueMatches=1	OverallMatches=34	Matches=1	Wins=1	Losses=0	Win%=100.00	TossWins=1	TossLosses=0	TossWinMatchWins=1	TossWinMatchLosses=0	TossConversion%=100.00	BatFirst=1	BatFirstWins=1	BatFirstWin%=100.00	FieldFirst=0	FieldFirstWins=0	FieldFirstWin%=0.00	OverallConfidence=VERY_STRONG	RecommendationSource=OVERALL_MATCHUP	Recommendation=OVERALL_MATCHUP_BALANCED	TossRecommendation=TOSS_DATA_INSUFFICIENT	StrategyRecommendation=BAT_FIELD_DATA_INSUFFICIENT	VenueConfidence=VERY_LOW	PerformanceScore=55.30	StrategyBonus=0.00	TossBonus=0.00	FinalScore=55.30	FinalDecision=BALANCED	DecisionConfidence=VERY_LOW	StrategySignal=NONE	TossSignal=NONE	VenueConfidence=VERY_LOW
MA Chidambaram Stadium, Chepauk, Chennai	Royal Challengers Bengaluru	Mumbai Indians	VenueWin%=100.00	OverallWin%=42.42	VenueMatches=1	OverallMatches=33	Matches=1	Wins=1	Losses=0	Win%=100.00	TossWins=1	TossLosses=0	TossWinMatchWins=1	TossWinMatchLosses=0	TossConversion%=100.00	BatFirst=0	BatFirstWins=0	BatFirstWin%=0.00	FieldFirst=1	FieldFirstWins=1	FieldFirstWin%=100.00	OverallConfidence=VERY_STRONG	RecommendationSource=OVERALL_MATCHUP	Recommendation=OVERALL_MATCHUP_BALANCED	TossRecommendation=TOSS_DATA_INSUFFICIENT	StrategyRecommendation=BAT_FIELD_DATA_INSUFFICIENT	VenueConfidence=VERY_LOW	PerformanceScore=56.24	StrategyBonus=0.00	TossBonus=0.00	FinalScore=56.24	FinalDecision=BALANCED	DecisionConfidence=VERY_LOW	StrategySignal=NONE	TossSignal=NONE	VenueConfidence=VERY_LOW
MA Chidambaram Stadium, Chepauk, Chennai	Royal Challengers Bengaluru	Sunrisers Hyderabad	VenueWin%=100.00	OverallWin%=45.83	VenueMatches=1	OverallMatches=24	Matches=1	Wins=1	Losses=0	Win%=100.00	TossWins=0	TossLosses=1	TossWinMatchWins=0	TossWinMatchLosses=0	TossConversion%=0.00	BatFirst=0	BatFirstWins=0	BatFirstWin%=0.00	FieldFirst=0	FieldFirstWins=0	FieldFirstWin%=0.00	OverallConfidence=VERY_STRONG	RecommendationSource=OVERALL_MATCHUP	Recommendation=OVERALL_MATCHUP_BALANCED	TossRecommendation=TOSS_DATA_INSUFFICIENT	StrategyRecommendation=BAT_FIELD_DATA_INSUFFICIENT	VenueConfidence=VERY_LOW	PerformanceScore=58.83	StrategyBonus=0.00	TossBonus=0.00	FinalScore=58.83	FinalDecision=BALANCED	DecisionConfidence=VERY_LOW	StrategySignal=NONE	TossSignal=NONE	VenueConfidence=VERY_LOW
MA Chidambaram Stadium, Chepauk, Chennai	Sunrisers Hyderabad	Chennai Super Kings	VenueWin%=0.00	OverallWin%=28.57	VenueMatches=2	OverallMatches=21	Matches=2	Wins=0	Losses=2	Win%=0.00	TossWins=1	TossLosses=1	TossWinMatchWins=0	TossWinMatchLosses=1	TossConversion%=0.00	BatFirst=0	BatFirstWins=0	BatFirstWin%=0.00	FieldFirst=1	FieldFirstWins=0	FieldFirstWin%=0.00	OverallConfidence=VERY_STRONG	RecommendationSource=OVERALL_MATCHUP	Recommendation=OVERALL_MATCHUP_DISADVANTAGE	TossRecommendation=TOSS_DATA_INSUFFICIENT	StrategyRecommendation=BAT_FIELD_DATA_INSUFFICIENT	VenueConfidence=VERY_LOW	PerformanceScore=20.57	StrategyBonus=0.00	TossBonus=0.00	FinalScore=20.57	FinalDecision=STRONG_NEGATIVE	DecisionConfidence=VERY_LOW	StrategySignal=NONE	TossSignal=NONE	VenueConfidence=VERY_LOW
MA Chidambaram Stadium, Chepauk, Chennai	Sunrisers Hyderabad	Delhi Capitals	VenueWin%=0.00	OverallWin%=54.17	VenueMatches=1	OverallMatches=24	Matches=1	Wins=0	Losses=1	Win%=0.00	TossWins=0	TossLosses=1	TossWinMatchWins=0	TossWinMatchLosses=0	TossConversion%=0.00	BatFirst=0	BatFirstWins=0	BatFirstWin%=0.00	FieldFirst=0	FieldFirstWins=0	FieldFirstWin%=0.00	OverallConfidence=VERY_STRONG	RecommendationSource=OVERALL_MATCHUP	Recommendation=OVERALL_MATCHUP_BALANCED	TossRecommendation=TOSS_DATA_INSUFFICIENT	StrategyRecommendation=BAT_FIELD_DATA_INSUFFICIENT	VenueConfidence=VERY_LOW	PerformanceScore=41.17	StrategyBonus=0.00	TossBonus=0.00	FinalScore=41.17	FinalDecision=NEGATIVE	DecisionConfidence=VERY_LOW	StrategySignal=NONE	TossSignal=NONE	VenueConfidence=VERY_LOW
MA Chidambaram Stadium, Chepauk, Chennai	Sunrisers Hyderabad	Kolkata Knight Riders	VenueWin%=0.00	OverallWin%=32.14	VenueMatches=2	OverallMatches=28	Matches=2	Wins=0	Losses=2	Win%=0.00	TossWins=2	TossLosses=0	TossWinMatchWins=0	TossWinMatchLosses=2	TossConversion%=0.00	BatFirst=1	BatFirstWins=0	BatFirstWin%=0.00	FieldFirst=1	FieldFirstWins=0	FieldFirstWin%=0.00	OverallConfidence=VERY_STRONG	RecommendationSource=OVERALL_MATCHUP	Recommendation=OVERALL_MATCHUP_DISADVANTAGE	TossRecommendation=TOSS_DATA_INSUFFICIENT	StrategyRecommendation=BAT_FIELD_DATA_INSUFFICIENT	VenueConfidence=VERY_LOW	PerformanceScore=23.14	StrategyBonus=0.00	TossBonus=0.00	FinalScore=23.14	FinalDecision=STRONG_NEGATIVE	DecisionConfidence=VERY_LOW	StrategySignal=NONE	TossSignal=NONE	VenueConfidence=VERY_LOW
MA Chidambaram Stadium, Chepauk, Chennai	Sunrisers Hyderabad	Mumbai Indians	VenueWin%=0.00	OverallWin%=43.48	VenueMatches=1	OverallMatches=23	Matches=1	Wins=0	Losses=1	Win%=0.00	TossWins=0	TossLosses=1	TossWinMatchWins=0	TossWinMatchLosses=0	TossConversion%=0.00	BatFirst=0	BatFirstWins=0	BatFirstWin%=0.00	FieldFirst=0	FieldFirstWins=0	FieldFirstWin%=0.00	OverallConfidence=VERY_STRONG	RecommendationSource=OVERALL_MATCHUP	Recommendation=OVERALL_MATCHUP_BALANCED	TossRecommendation=TOSS_DATA_INSUFFICIENT	StrategyRecommendation=BAT_FIELD_DATA_INSUFFICIENT	VenueConfidence=VERY_LOW	PerformanceScore=33.04	StrategyBonus=0.00	TossBonus=0.00	FinalScore=33.04	FinalDecision=NEGATIVE	DecisionConfidence=VERY_LOW	StrategySignal=NONE	TossSignal=NONE	VenueConfidence=VERY_LOW
MA Chidambaram Stadium, Chepauk, Chennai	Sunrisers Hyderabad	Punjab Kings	VenueWin%=100.00	OverallWin%=69.57	VenueMatches=1	OverallMatches=23	Matches=1	Wins=1	Losses=0	Win%=100.00	TossWins=0	TossLosses=1	TossWinMatchWins=0	TossWinMatchLosses=0	TossConversion%=0.00	BatFirst=0	BatFirstWins=0	BatFirstWin%=0.00	FieldFirst=0	FieldFirstWins=0	FieldFirstWin%=0.00	OverallConfidence=VERY_STRONG	RecommendationSource=OVERALL_MATCHUP	Recommendation=OVERALL_MATCHUP_ADVANTAGE	TossRecommendation=TOSS_DATA_INSUFFICIENT	StrategyRecommendation=BAT_FIELD_DATA_INSUFFICIENT	VenueConfidence=VERY_LOW	PerformanceScore=76.87	StrategyBonus=0.00	TossBonus=0.00	FinalScore=76.87	FinalDecision=STRONG_POSITIVE	DecisionConfidence=VERY_LOW	StrategySignal=NONE	TossSignal=NONE	VenueConfidence=VERY_LOW
MA Chidambaram Stadium, Chepauk, Chennai	Sunrisers Hyderabad	Rajasthan Royals	VenueWin%=100.00	OverallWin%=55.00	VenueMatches=1	OverallMatches=20	Matches=1	Wins=1	Losses=0	Win%=100.00	TossWins=0	TossLosses=1	TossWinMatchWins=0	TossWinMatchLosses=0	TossConversion%=0.00	BatFirst=0	BatFirstWins=0	BatFirstWin%=0.00	FieldFirst=0	FieldFirstWins=0	FieldFirstWin%=0.00	OverallConfidence=VERY_STRONG	RecommendationSource=OVERALL_MATCHUP	Recommendation=OVERALL_MATCHUP_ADVANTAGE	TossRecommendation=TOSS_DATA_INSUFFICIENT	StrategyRecommendation=BAT_FIELD_DATA_INSUFFICIENT	VenueConfidence=VERY_LOW	PerformanceScore=65.80	StrategyBonus=0.00	TossBonus=0.00	FinalScore=65.80	FinalDecision=POSITIVE	DecisionConfidence=VERY_LOW	StrategySignal=NONE	TossSignal=NONE	VenueConfidence=VERY_LOW
MA Chidambaram Stadium, Chepauk, Chennai	Sunrisers Hyderabad	Royal Challengers Bengaluru	VenueWin%=0.00	OverallWin%=54.17	VenueMatches=1	OverallMatches=24	Matches=1	Wins=0	Losses=1	Win%=0.00	TossWins=1	TossLosses=0	TossWinMatchWins=0	TossWinMatchLosses=1	TossConversion%=0.00	BatFirst=0	BatFirstWins=0	BatFirstWin%=0.00	FieldFirst=1	FieldFirstWins=0	FieldFirstWin%=0.00	OverallConfidence=VERY_STRONG	RecommendationSource=OVERALL_MATCHUP	Recommendation=OVERALL_MATCHUP_BALANCED	TossRecommendation=TOSS_DATA_INSUFFICIENT	StrategyRecommendation=BAT_FIELD_DATA_INSUFFICIENT	VenueConfidence=VERY_LOW	PerformanceScore=41.17	StrategyBonus=0.00	TossBonus=0.00	FinalScore=41.17	FinalDecision=NEGATIVE	DecisionConfidence=VERY_LOW	StrategySignal=NONE	TossSignal=NONE	VenueConfidence=VERY_LOW
Maharaja Yadavindra Singh International Cricket Stadium, Mullanpur	Delhi Capitals	Punjab Kings	VenueWin%=0.00	OverallWin%=48.48	VenueMatches=1	OverallMatches=33	Matches=1	Wins=0	Losses=1	Win%=0.00	TossWins=0	TossLosses=1	TossWinMatchWins=0	TossWinMatchLosses=0	TossConversion%=0.00	BatFirst=0	BatFirstWins=0	BatFirstWin%=0.00	FieldFirst=0	FieldFirstWins=0	FieldFirstWin%=0.00	OverallConfidence=VERY_STRONG	RecommendationSource=OVERALL_MATCHUP	Recommendation=OVERALL_MATCHUP_BALANCED	TossRecommendation=TOSS_DATA_INSUFFICIENT	StrategyRecommendation=BAT_FIELD_DATA_INSUFFICIENT	VenueConfidence=VERY_LOW	PerformanceScore=36.84	StrategyBonus=0.00	TossBonus=0.00	FinalScore=36.84	FinalDecision=NEGATIVE	DecisionConfidence=VERY_LOW	StrategySignal=NONE	TossSignal=NONE	VenueConfidence=VERY_LOW
Maharaja Yadavindra Singh International Cricket Stadium, Mullanpur	Gujarat Titans	Punjab Kings	VenueWin%=100.00	OverallWin%=60.00	VenueMatches=1	OverallMatches=5	Matches=1	Wins=1	Losses=0	Win%=100.00	TossWins=0	TossLosses=1	TossWinMatchWins=0	TossWinMatchLosses=0	TossConversion%=0.00	BatFirst=0	BatFirstWins=0	BatFirstWin%=0.00	FieldFirst=0	FieldFirstWins=0	FieldFirstWin%=0.00	OverallConfidence=MODERATE	RecommendationSource=OVERALL_MATCHUP	Recommendation=OVERALL_MATCHUP_ADVANTAGE	TossRecommendation=TOSS_DATA_INSUFFICIENT	StrategyRecommendation=BAT_FIELD_DATA_INSUFFICIENT	VenueConfidence=VERY_LOW	PerformanceScore=69.60	StrategyBonus=0.00	TossBonus=0.00	FinalScore=69.60	FinalDecision=POSITIVE	DecisionConfidence=VERY_LOW	StrategySignal=NONE	TossSignal=NONE	VenueConfidence=VERY_LOW
Maharaja Yadavindra Singh International Cricket Stadium, Mullanpur	Mumbai Indians	Punjab Kings	VenueWin%=100.00	OverallWin%=53.12	VenueMatches=1	OverallMatches=32	Matches=1	Wins=1	Losses=0	Win%=100.00	TossWins=0	TossLosses=1	TossWinMatchWins=0	TossWinMatchLosses=0	TossConversion%=0.00	BatFirst=0	BatFirstWins=0	BatFirstWin%=0.00	FieldFirst=0	FieldFirstWins=0	FieldFirstWin%=0.00	OverallConfidence=VERY_STRONG	RecommendationSource=OVERALL_MATCHUP	Recommendation=OVERALL_MATCHUP_BALANCED	TossRecommendation=TOSS_DATA_INSUFFICIENT	StrategyRecommendation=BAT_FIELD_DATA_INSUFFICIENT	VenueConfidence=VERY_LOW	PerformanceScore=64.37	StrategyBonus=0.00	TossBonus=0.00	FinalScore=64.37	FinalDecision=POSITIVE	DecisionConfidence=VERY_LOW	StrategySignal=NONE	TossSignal=NONE	VenueConfidence=VERY_LOW
Maharaja Yadavindra Singh International Cricket Stadium, Mullanpur	Punjab Kings	Delhi Capitals	VenueWin%=100.00	OverallWin%=51.52	VenueMatches=1	OverallMatches=33	Matches=1	Wins=1	Losses=0	Win%=100.00	TossWins=1	TossLosses=0	TossWinMatchWins=1	TossWinMatchLosses=0	TossConversion%=100.00	BatFirst=0	BatFirstWins=0	BatFirstWin%=0.00	FieldFirst=1	FieldFirstWins=1	FieldFirstWin%=100.00	OverallConfidence=VERY_STRONG	RecommendationSource=OVERALL_MATCHUP	Recommendation=OVERALL_MATCHUP_BALANCED	TossRecommendation=TOSS_DATA_INSUFFICIENT	StrategyRecommendation=BAT_FIELD_DATA_INSUFFICIENT	VenueConfidence=VERY_LOW	PerformanceScore=63.16	StrategyBonus=0.00	TossBonus=0.00	FinalScore=63.16	FinalDecision=POSITIVE	DecisionConfidence=VERY_LOW	StrategySignal=NONE	TossSignal=NONE	VenueConfidence=VERY_LOW
Maharaja Yadavindra Singh International Cricket Stadium, Mullanpur	Punjab Kings	Gujarat Titans	VenueWin%=0.00	OverallWin%=40.00	VenueMatches=1	OverallMatches=5	Matches=1	Wins=0	Losses=1	Win%=0.00	TossWins=1	TossLosses=0	TossWinMatchWins=0	TossWinMatchLosses=1	TossConversion%=0.00	BatFirst=1	BatFirstWins=0	BatFirstWin%=0.00	FieldFirst=0	FieldFirstWins=0	FieldFirstWin%=0.00	OverallConfidence=MODERATE	RecommendationSource=OVERALL_MATCHUP	Recommendation=OVERALL_MATCHUP_DISADVANTAGE	TossRecommendation=TOSS_DATA_INSUFFICIENT	StrategyRecommendation=BAT_FIELD_DATA_INSUFFICIENT	VenueConfidence=VERY_LOW	PerformanceScore=30.40	StrategyBonus=0.00	TossBonus=0.00	FinalScore=30.40	FinalDecision=NEGATIVE	DecisionConfidence=VERY_LOW	StrategySignal=NONE	TossSignal=NONE	VenueConfidence=VERY_LOW
Maharaja Yadavindra Singh International Cricket Stadium, Mullanpur	Punjab Kings	Mumbai Indians	VenueWin%=0.00	OverallWin%=46.88	VenueMatches=1	OverallMatches=32	Matches=1	Wins=0	Losses=1	Win%=0.00	TossWins=1	TossLosses=0	TossWinMatchWins=0	TossWinMatchLosses=1	TossConversion%=0.00	BatFirst=0	BatFirstWins=0	BatFirstWin%=0.00	FieldFirst=1	FieldFirstWins=0	FieldFirstWin%=0.00	OverallConfidence=VERY_STRONG	RecommendationSource=OVERALL_MATCHUP	Recommendation=OVERALL_MATCHUP_BALANCED	TossRecommendation=TOSS_DATA_INSUFFICIENT	StrategyRecommendation=BAT_FIELD_DATA_INSUFFICIENT	VenueConfidence=VERY_LOW	PerformanceScore=35.63	StrategyBonus=0.00	TossBonus=0.00	FinalScore=35.63	FinalDecision=NEGATIVE	DecisionConfidence=VERY_LOW	StrategySignal=NONE	TossSignal=NONE	VenueConfidence=VERY_LOW
Maharaja Yadavindra Singh International Cricket Stadium, Mullanpur	Punjab Kings	Rajasthan Royals	VenueWin%=0.00	OverallWin%=42.86	VenueMatches=1	OverallMatches=28	Matches=1	Wins=0	Losses=1	Win%=0.00	TossWins=0	TossLosses=1	TossWinMatchWins=0	TossWinMatchLosses=0	TossConversion%=0.00	BatFirst=0	BatFirstWins=0	BatFirstWin%=0.00	FieldFirst=0	FieldFirstWins=0	FieldFirstWin%=0.00	OverallConfidence=VERY_STRONG	RecommendationSource=OVERALL_MATCHUP	Recommendation=OVERALL_MATCHUP_BALANCED	TossRecommendation=TOSS_DATA_INSUFFICIENT	StrategyRecommendation=BAT_FIELD_DATA_INSUFFICIENT	VenueConfidence=VERY_LOW	PerformanceScore=32.57	StrategyBonus=0.00	TossBonus=0.00	FinalScore=32.57	FinalDecision=NEGATIVE	DecisionConfidence=VERY_LOW	StrategySignal=NONE	TossSignal=NONE	VenueConfidence=VERY_LOW
Maharaja Yadavindra Singh International Cricket Stadium, Mullanpur	Punjab Kings	Sunrisers Hyderabad	VenueWin%=0.00	OverallWin%=30.43	VenueMatches=1	OverallMatches=23	Matches=1	Wins=0	Losses=1	Win%=0.00	TossWins=1	TossLosses=0	TossWinMatchWins=0	TossWinMatchLosses=1	TossConversion%=0.00	BatFirst=0	BatFirstWins=0	BatFirstWin%=0.00	FieldFirst=1	FieldFirstWins=0	FieldFirstWin%=0.00	OverallConfidence=VERY_STRONG	RecommendationSource=OVERALL_MATCHUP	Recommendation=OVERALL_MATCHUP_DISADVANTAGE	TossRecommendation=TOSS_DATA_INSUFFICIENT	StrategyRecommendation=BAT_FIELD_DATA_INSUFFICIENT	VenueConfidence=VERY_LOW	PerformanceScore=23.13	StrategyBonus=0.00	TossBonus=0.00	FinalScore=23.13	FinalDecision=STRONG_NEGATIVE	DecisionConfidence=VERY_LOW	StrategySignal=NONE	TossSignal=NONE	VenueConfidence=VERY_LOW
Maharaja Yadavindra Singh International Cricket Stadium, Mullanpur	Rajasthan Royals	Punjab Kings	VenueWin%=100.00	OverallWin%=57.14	VenueMatches=1	OverallMatches=28	Matches=1	Wins=1	Losses=0	Win%=100.00	TossWins=1	TossLosses=0	TossWinMatchWins=1	TossWinMatchLosses=0	TossConversion%=100.00	BatFirst=0	BatFirstWins=0	BatFirstWin%=0.00	FieldFirst=1	FieldFirstWins=1	FieldFirstWin%=100.00	OverallConfidence=VERY_STRONG	RecommendationSource=OVERALL_MATCHUP	Recommendation=OVERALL_MATCHUP_ADVANTAGE	TossRecommendation=TOSS_DATA_INSUFFICIENT	StrategyRecommendation=BAT_FIELD_DATA_INSUFFICIENT	VenueConfidence=VERY_LOW	PerformanceScore=67.43	StrategyBonus=0.00	TossBonus=0.00	FinalScore=67.43	FinalDecision=POSITIVE	DecisionConfidence=VERY_LOW	StrategySignal=NONE	TossSignal=NONE	VenueConfidence=VERY_LOW
Maharaja Yadavindra Singh International Cricket Stadium, Mullanpur	Sunrisers Hyderabad	Punjab Kings	VenueWin%=100.00	OverallWin%=69.57	VenueMatches=1	OverallMatches=23	Matches=1	Wins=1	Losses=0	Win%=100.00	TossWins=0	TossLosses=1	TossWinMatchWins=0	TossWinMatchLosses=0	TossConversion%=0.00	BatFirst=0	BatFirstWins=0	BatFirstWin%=0.00	FieldFirst=0	FieldFirstWins=0	FieldFirstWin%=0.00	OverallConfidence=VERY_STRONG	RecommendationSource=OVERALL_MATCHUP	Recommendation=OVERALL_MATCHUP_ADVANTAGE	TossRecommendation=TOSS_DATA_INSUFFICIENT	StrategyRecommendation=BAT_FIELD_DATA_INSUFFICIENT	VenueConfidence=VERY_LOW	PerformanceScore=76.87	StrategyBonus=0.00	TossBonus=0.00	FinalScore=76.87	FinalDecision=STRONG_POSITIVE	DecisionConfidence=VERY_LOW	StrategySignal=NONE	TossSignal=NONE	VenueConfidence=VERY_LOW
Maharashtra Cricket Association Stadium	Chennai Super Kings	Delhi Capitals	VenueWin%=100.00	OverallWin%=63.33	VenueMatches=1	OverallMatches=30	Matches=1	Wins=1	Losses=0	Win%=100.00	TossWins=0	TossLosses=1	TossWinMatchWins=0	TossWinMatchLosses=0	TossConversion%=0.00	BatFirst=0	BatFirstWins=0	BatFirstWin%=0.00	FieldFirst=0	FieldFirstWins=0	FieldFirstWin%=0.00	OverallConfidence=VERY_STRONG	RecommendationSource=OVERALL_MATCHUP	Recommendation=OVERALL_MATCHUP_ADVANTAGE	TossRecommendation=TOSS_DATA_INSUFFICIENT	StrategyRecommendation=BAT_FIELD_DATA_INSUFFICIENT	VenueConfidence=VERY_LOW	PerformanceScore=72.13	StrategyBonus=0.00	TossBonus=0.00	FinalScore=72.13	FinalDecision=POSITIVE	DecisionConfidence=VERY_LOW	StrategySignal=NONE	TossSignal=NONE	VenueConfidence=VERY_LOW
Maharashtra Cricket Association Stadium	Chennai Super Kings	Mumbai Indians	VenueWin%=0.00	OverallWin%=45.95	VenueMatches=1	OverallMatches=37	Matches=1	Wins=0	Losses=1	Win%=0.00	TossWins=0	TossLosses=1	TossWinMatchWins=0	TossWinMatchLosses=0	TossConversion%=0.00	BatFirst=0	BatFirstWins=0	BatFirstWin%=0.00	FieldFirst=0	FieldFirstWins=0	FieldFirstWin%=0.00	OverallConfidence=VERY_STRONG	RecommendationSource=OVERALL_MATCHUP	Recommendation=OVERALL_MATCHUP_BALANCED	TossRecommendation=TOSS_DATA_INSUFFICIENT	StrategyRecommendation=BAT_FIELD_DATA_INSUFFICIENT	VenueConfidence=VERY_LOW	PerformanceScore=34.92	StrategyBonus=0.00	TossBonus=0.00	FinalScore=34.92	FinalDecision=NEGATIVE	DecisionConfidence=VERY_LOW	StrategySignal=NONE	TossSignal=NONE	VenueConfidence=VERY_LOW
Maharashtra Cricket Association Stadium	Chennai Super Kings	Punjab Kings	VenueWin%=100.00	OverallWin%=53.33	VenueMatches=1	OverallMatches=30	Matches=1	Wins=1	Losses=0	Win%=100.00	TossWins=1	TossLosses=0	TossWinMatchWins=1	TossWinMatchLosses=0	TossConversion%=100.00	BatFirst=0	BatFirstWins=0	BatFirstWin%=0.00	FieldFirst=1	FieldFirstWins=1	FieldFirstWin%=100.00	OverallConfidence=VERY_STRONG	RecommendationSource=OVERALL_MATCHUP	Recommendation=OVERALL_MATCHUP_BALANCED	TossRecommendation=TOSS_DATA_INSUFFICIENT	StrategyRecommendation=BAT_FIELD_DATA_INSUFFICIENT	VenueConfidence=VERY_LOW	PerformanceScore=64.53	StrategyBonus=0.00	TossBonus=0.00	FinalScore=64.53	FinalDecision=POSITIVE	DecisionConfidence=VERY_LOW	StrategySignal=NONE	TossSignal=NONE	VenueConfidence=VERY_LOW
Maharashtra Cricket Association Stadium	Chennai Super Kings	Rajasthan Royals	VenueWin%=100.00	OverallWin%=55.17	VenueMatches=1	OverallMatches=29	Matches=1	Wins=1	Losses=0	Win%=100.00	TossWins=0	TossLosses=1	TossWinMatchWins=0	TossWinMatchLosses=0	TossConversion%=0.00	BatFirst=0	BatFirstWins=0	BatFirstWin%=0.00	FieldFirst=0	FieldFirstWins=0	FieldFirstWin%=0.00	OverallConfidence=VERY_STRONG	RecommendationSource=OVERALL_MATCHUP	Recommendation=OVERALL_MATCHUP_ADVANTAGE	TossRecommendation=TOSS_DATA_INSUFFICIENT	StrategyRecommendation=BAT_FIELD_DATA_INSUFFICIENT	VenueConfidence=VERY_LOW	PerformanceScore=65.93	StrategyBonus=0.00	TossBonus=0.00	FinalScore=65.93	FinalDecision=POSITIVE	DecisionConfidence=VERY_LOW	StrategySignal=NONE	TossSignal=NONE	VenueConfidence=VERY_LOW
Maharashtra Cricket Association Stadium	Chennai Super Kings	Royal Challengers Bengaluru	VenueWin%=100.00	OverallWin%=65.62	VenueMatches=1	OverallMatches=32	Matches=1	Wins=1	Losses=0	Win%=100.00	TossWins=1	TossLosses=0	TossWinMatchWins=1	TossWinMatchLosses=0	TossConversion%=100.00	BatFirst=0	BatFirstWins=0	BatFirstWin%=0.00	FieldFirst=1	FieldFirstWins=1	FieldFirstWin%=100.00	OverallConfidence=VERY_STRONG	RecommendationSource=OVERALL_MATCHUP	Recommendation=OVERALL_MATCHUP_ADVANTAGE	TossRecommendation=TOSS_DATA_INSUFFICIENT	StrategyRecommendation=BAT_FIELD_DATA_INSUFFICIENT	VenueConfidence=VERY_LOW	PerformanceScore=73.87	StrategyBonus=0.00	TossBonus=0.00	FinalScore=73.87	FinalDecision=POSITIVE	DecisionConfidence=VERY_LOW	StrategySignal=NONE	TossSignal=NONE	VenueConfidence=VERY_LOW
Maharashtra Cricket Association Stadium	Chennai Super Kings	Sunrisers Hyderabad	VenueWin%=100.00	OverallWin%=71.43	VenueMatches=1	OverallMatches=21	Matches=1	Wins=1	Losses=0	Win%=100.00	TossWins=1	TossLosses=0	TossWinMatchWins=1	TossWinMatchLosses=0	TossConversion%=100.00	BatFirst=0	BatFirstWins=0	BatFirstWin%=0.00	FieldFirst=1	FieldFirstWins=1	FieldFirstWin%=100.00	OverallConfidence=VERY_STRONG	RecommendationSource=OVERALL_MATCHUP	Recommendation=OVERALL_MATCHUP_STRONG_ADVANTAGE	TossRecommendation=TOSS_DATA_INSUFFICIENT	StrategyRecommendation=BAT_FIELD_DATA_INSUFFICIENT	VenueConfidence=VERY_LOW	PerformanceScore=78.29	StrategyBonus=0.00	TossBonus=0.00	FinalScore=78.29	FinalDecision=STRONG_POSITIVE	DecisionConfidence=VERY_LOW	StrategySignal=NONE	TossSignal=NONE	VenueConfidence=VERY_LOW
Maharashtra Cricket Association Stadium	Delhi Capitals	Chennai Super Kings	VenueWin%=0.00	OverallWin%=36.67	VenueMatches=1	OverallMatches=30	Matches=1	Wins=0	Losses=1	Win%=0.00	TossWins=1	TossLosses=0	TossWinMatchWins=0	TossWinMatchLosses=1	TossConversion%=0.00	BatFirst=0	BatFirstWins=0	BatFirstWin%=0.00	FieldFirst=1	FieldFirstWins=0	FieldFirstWin%=0.00	OverallConfidence=VERY_STRONG	RecommendationSource=OVERALL_MATCHUP	Recommendation=OVERALL_MATCHUP_DISADVANTAGE	TossRecommendation=TOSS_DATA_INSUFFICIENT	StrategyRecommendation=BAT_FIELD_DATA_INSUFFICIENT	VenueConfidence=VERY_LOW	PerformanceScore=27.87	StrategyBonus=0.00	TossBonus=0.00	FinalScore=27.87	FinalDecision=STRONG_NEGATIVE	DecisionConfidence=VERY_LOW	StrategySignal=NONE	TossSignal=NONE	VenueConfidence=VERY_LOW
Maharashtra Cricket Association Stadium	Delhi Capitals	Punjab Kings	VenueWin%=100.00	OverallWin%=48.48	VenueMatches=1	OverallMatches=33	Matches=1	Wins=1	Losses=0	Win%=100.00	TossWins=0	TossLosses=1	TossWinMatchWins=0	TossWinMatchLosses=0	TossConversion%=0.00	BatFirst=0	BatFirstWins=0	BatFirstWin%=0.00	FieldFirst=0	FieldFirstWins=0	FieldFirstWin%=0.00	OverallConfidence=VERY_STRONG	RecommendationSource=OVERALL_MATCHUP	Recommendation=OVERALL_MATCHUP_BALANCED	TossRecommendation=TOSS_DATA_INSUFFICIENT	StrategyRecommendation=BAT_FIELD_DATA_INSUFFICIENT	VenueConfidence=VERY_LOW	PerformanceScore=60.84	StrategyBonus=0.00	TossBonus=0.00	FinalScore=60.84	FinalDecision=POSITIVE	DecisionConfidence=VERY_LOW	StrategySignal=NONE	TossSignal=NONE	VenueConfidence=VERY_LOW
Maharashtra Cricket Association Stadium	Delhi Capitals	Rising Pune Supergiants	VenueWin%=100.00	OverallWin%=50.00	VenueMatches=1	OverallMatches=4	Matches=1	Wins=1	Losses=0	Win%=100.00	TossWins=0	TossLosses=1	TossWinMatchWins=0	TossWinMatchLosses=0	TossConversion%=0.00	BatFirst=0	BatFirstWins=0	BatFirstWin%=0.00	FieldFirst=0	FieldFirstWins=0	FieldFirstWin%=0.00	OverallConfidence=LOW	RecommendationSource=OVERALL_MATCHUP	Recommendation=OVERALL_MATCHUP_BALANCED	TossRecommendation=TOSS_DATA_INSUFFICIENT	StrategyRecommendation=BAT_FIELD_DATA_INSUFFICIENT	VenueConfidence=VERY_LOW	PerformanceScore=62.00	StrategyBonus=0.00	TossBonus=0.00	FinalScore=62.00	FinalDecision=POSITIVE	DecisionConfidence=VERY_LOW	StrategySignal=NONE	TossSignal=NONE	VenueConfidence=VERY_LOW
Maharashtra Cricket Association Stadium	Gujarat Lions	Rising Pune Supergiants	VenueWin%=50.00	OverallWin%=75.00	VenueMatches=2	OverallMatches=4	Matches=2	Wins=1	Losses=1	Win%=50.00	TossWins=1	TossLosses=1	TossWinMatchWins=1	TossWinMatchLosses=0	TossConversion%=100.00	BatFirst=0	BatFirstWins=0	BatFirstWin%=0.00	FieldFirst=1	FieldFirstWins=1	FieldFirstWin%=100.00	OverallConfidence=LOW	RecommendationSource=OVERALL_MATCHUP	Recommendation=OVERALL_MATCHUP_STRONG_ADVANTAGE	TossRecommendation=TOSS_DATA_INSUFFICIENT	StrategyRecommendation=BAT_FIELD_DATA_INSUFFICIENT	VenueConfidence=VERY_LOW	PerformanceScore=68.00	StrategyBonus=0.00	TossBonus=0.00	FinalScore=68.00	FinalDecision=POSITIVE	DecisionConfidence=VERY_LOW	StrategySignal=NONE	TossSignal=NONE	VenueConfidence=VERY_LOW
Maharashtra Cricket Association Stadium	Kolkata Knight Riders	Punjab Kings	VenueWin%=100.00	OverallWin%=63.64	VenueMatches=1	OverallMatches=33	Matches=1	Wins=1	Losses=0	Win%=100.00	TossWins=1	TossLosses=0	TossWinMatchWins=1	TossWinMatchLosses=0	TossConversion%=100.00	BatFirst=0	BatFirstWins=0	BatFirstWin%=0.00	FieldFirst=1	FieldFirstWins=1	FieldFirstWin%=100.00	OverallConfidence=VERY_STRONG	RecommendationSource=OVERALL_MATCHUP	Recommendation=OVERALL_MATCHUP_ADVANTAGE	TossRecommendation=TOSS_DATA_INSUFFICIENT	StrategyRecommendation=BAT_FIELD_DATA_INSUFFICIENT	VenueConfidence=VERY_LOW	PerformanceScore=72.37	StrategyBonus=0.00	TossBonus=0.00	FinalScore=72.37	FinalDecision=POSITIVE	DecisionConfidence=VERY_LOW	StrategySignal=NONE	TossSignal=NONE	VenueConfidence=VERY_LOW
Maharashtra Cricket Association Stadium	Kolkata Knight Riders	Rising Pune Supergiants	VenueWin%=100.00	OverallWin%=75.00	VenueMatches=2	OverallMatches=4	Matches=2	Wins=2	Losses=0	Win%=100.00	TossWins=2	TossLosses=0	TossWinMatchWins=2	TossWinMatchLosses=0	TossConversion%=100.00	BatFirst=0	BatFirstWins=0	BatFirstWin%=0.00	FieldFirst=2	FieldFirstWins=2	FieldFirstWin%=100.00	OverallConfidence=LOW	RecommendationSource=OVERALL_MATCHUP	Recommendation=OVERALL_MATCHUP_STRONG_ADVANTAGE	TossRecommendation=TOSS_DATA_INSUFFICIENT	StrategyRecommendation=BAT_FIELD_DATA_INSUFFICIENT	VenueConfidence=VERY_LOW	PerformanceScore=82.00	StrategyBonus=0.00	TossBonus=0.00	FinalScore=82.00	FinalDecision=STRONG_POSITIVE	DecisionConfidence=VERY_LOW	StrategySignal=NONE	TossSignal=NONE	VenueConfidence=VERY_LOW
Maharashtra Cricket Association Stadium	Mumbai Indians	Chennai Super Kings	VenueWin%=100.00	OverallWin%=54.05	VenueMatches=1	OverallMatches=37	Matches=1	Wins=1	Losses=0	Win%=100.00	TossWins=1	TossLosses=0	TossWinMatchWins=1	TossWinMatchLosses=0	TossConversion%=100.00	BatFirst=0	BatFirstWins=0	BatFirstWin%=0.00	FieldFirst=1	FieldFirstWins=1	FieldFirstWin%=100.00	OverallConfidence=VERY_STRONG	RecommendationSource=OVERALL_MATCHUP	Recommendation=OVERALL_MATCHUP_BALANCED	TossRecommendation=TOSS_DATA_INSUFFICIENT	StrategyRecommendation=BAT_FIELD_DATA_INSUFFICIENT	VenueConfidence=VERY_LOW	PerformanceScore=65.08	StrategyBonus=0.00	TossBonus=0.00	FinalScore=65.08	FinalDecision=POSITIVE	DecisionConfidence=VERY_LOW	StrategySignal=NONE	TossSignal=NONE	VenueConfidence=VERY_LOW
Maharashtra Cricket Association Stadium	Mumbai Indians	Rising Pune Supergiants	VenueWin%=50.00	OverallWin%=33.33	VenueMatches=2	OverallMatches=6	Matches=2	Wins=1	Losses=1	Win%=50.00	TossWins=1	TossLosses=1	TossWinMatchWins=1	TossWinMatchLosses=0	TossConversion%=100.00	BatFirst=0	BatFirstWins=0	BatFirstWin%=0.00	FieldFirst=1	FieldFirstWins=1	FieldFirstWin%=100.00	OverallConfidence=MODERATE	RecommendationSource=OVERALL_MATCHUP	Recommendation=OVERALL_MATCHUP_DISADVANTAGE	TossRecommendation=TOSS_DATA_INSUFFICIENT	StrategyRecommendation=BAT_FIELD_DATA_INSUFFICIENT	VenueConfidence=VERY_LOW	PerformanceScore=38.00	StrategyBonus=0.00	TossBonus=0.00	FinalScore=38.00	FinalDecision=NEGATIVE	DecisionConfidence=VERY_LOW	StrategySignal=NONE	TossSignal=NONE	VenueConfidence=VERY_LOW
Maharashtra Cricket Association Stadium	Pune Warriors	Sunrisers Hyderabad	VenueWin%=0.00	OverallWin%=0.00	VenueMatches=1	OverallMatches=2	Matches=1	Wins=0	Losses=1	Win%=0.00	TossWins=1	TossLosses=0	TossWinMatchWins=0	TossWinMatchLosses=1	TossConversion%=0.00	BatFirst=0	BatFirstWins=0	BatFirstWin%=0.00	FieldFirst=1	FieldFirstWins=0	FieldFirstWin%=0.00	OverallConfidence=VERY_LOW	RecommendationSource=INSUFFICIENT	Recommendation=INSUFFICIENT_DATA	TossRecommendation=TOSS_DATA_INSUFFICIENT	StrategyRecommendation=BAT_FIELD_DATA_INSUFFICIENT	VenueConfidence=VERY_LOW	PerformanceScore=0.00	StrategyBonus=0.00	TossBonus=0.00	FinalScore=0.00	FinalDecision=STRONG_NEGATIVE	DecisionConfidence=VERY_LOW	StrategySignal=NONE	TossSignal=NONE	VenueConfidence=VERY_LOW
Maharashtra Cricket Association Stadium	Punjab Kings	Chennai Super Kings	VenueWin%=0.00	OverallWin%=46.67	VenueMatches=1	OverallMatches=30	Matches=1	Wins=0	Losses=1	Win%=0.00	TossWins=0	TossLosses=1	TossWinMatchWins=0	TossWinMatchLosses=0	TossConversion%=0.00	BatFirst=0	BatFirstWins=0	BatFirstWin%=0.00	FieldFirst=0	FieldFirstWins=0	FieldFirstWin%=0.00	OverallConfidence=VERY_STRONG	RecommendationSource=OVERALL_MATCHUP	Recommendation=OVERALL_MATCHUP_BALANCED	TossRecommendation=TOSS_DATA_INSUFFICIENT	StrategyRecommendation=BAT_FIELD_DATA_INSUFFICIENT	VenueConfidence=VERY_LOW	PerformanceScore=35.47	StrategyBonus=0.00	TossBonus=0.00	FinalScore=35.47	FinalDecision=NEGATIVE	DecisionConfidence=VERY_LOW	StrategySignal=NONE	TossSignal=NONE	VenueConfidence=VERY_LOW
Maharashtra Cricket Association Stadium	Punjab Kings	Delhi Capitals	VenueWin%=0.00	OverallWin%=51.52	VenueMatches=1	OverallMatches=33	Matches=1	Wins=0	Losses=1	Win%=0.00	TossWins=1	TossLosses=0	TossWinMatchWins=0	TossWinMatchLosses=1	TossConversion%=0.00	BatFirst=1	BatFirstWins=0	BatFirstWin%=0.00	FieldFirst=0	FieldFirstWins=0	FieldFirstWin%=0.00	OverallConfidence=VERY_STRONG	RecommendationSource=OVERALL_MATCHUP	Recommendation=OVERALL_MATCHUP_BALANCED	TossRecommendation=TOSS_DATA_INSUFFICIENT	StrategyRecommendation=BAT_FIELD_DATA_INSUFFICIENT	VenueConfidence=VERY_LOW	PerformanceScore=39.16	StrategyBonus=0.00	TossBonus=0.00	FinalScore=39.16	FinalDecision=NEGATIVE	DecisionConfidence=VERY_LOW	StrategySignal=NONE	TossSignal=NONE	VenueConfidence=VERY_LOW
Maharashtra Cricket Association Stadium	Punjab Kings	Kolkata Knight Riders	VenueWin%=0.00	OverallWin%=36.36	VenueMatches=1	OverallMatches=33	Matches=1	Wins=0	Losses=1	Win%=0.00	TossWins=0	TossLosses=1	TossWinMatchWins=0	TossWinMatchLosses=0	TossConversion%=0.00	BatFirst=0	BatFirstWins=0	BatFirstWin%=0.00	FieldFirst=0	FieldFirstWins=0	FieldFirstWin%=0.00	OverallConfidence=VERY_STRONG	RecommendationSource=OVERALL_MATCHUP	Recommendation=OVERALL_MATCHUP_DISADVANTAGE	TossRecommendation=TOSS_DATA_INSUFFICIENT	StrategyRecommendation=BAT_FIELD_DATA_INSUFFICIENT	VenueConfidence=VERY_LOW	PerformanceScore=27.63	StrategyBonus=0.00	TossBonus=0.00	FinalScore=27.63	FinalDecision=STRONG_NEGATIVE	DecisionConfidence=VERY_LOW	StrategySignal=NONE	TossSignal=NONE	VenueConfidence=VERY_LOW
Maharashtra Cricket Association Stadium	Punjab Kings	Rajasthan Royals	VenueWin%=0.00	OverallWin%=42.86	VenueMatches=1	OverallMatches=28	Matches=1	Wins=0	Losses=1	Win%=0.00	TossWins=1	TossLosses=0	TossWinMatchWins=0	TossWinMatchLosses=1	TossConversion%=0.00	BatFirst=0	BatFirstWins=0	BatFirstWin%=0.00	FieldFirst=1	FieldFirstWins=0	FieldFirstWin%=0.00	OverallConfidence=VERY_STRONG	RecommendationSource=OVERALL_MATCHUP	Recommendation=OVERALL_MATCHUP_BALANCED	TossRecommendation=TOSS_DATA_INSUFFICIENT	StrategyRecommendation=BAT_FIELD_DATA_INSUFFICIENT	VenueConfidence=VERY_LOW	PerformanceScore=32.57	StrategyBonus=0.00	TossBonus=0.00	FinalScore=32.57	FinalDecision=NEGATIVE	DecisionConfidence=VERY_LOW	StrategySignal=NONE	TossSignal=NONE	VenueConfidence=VERY_LOW
Maharashtra Cricket Association Stadium	Punjab Kings	Rising Pune Supergiants	VenueWin%=0.00	OverallWin%=50.00	VenueMatches=1	OverallMatches=4	Matches=1	Wins=0	Losses=1	Win%=0.00	TossWins=0	TossLosses=1	TossWinMatchWins=0	TossWinMatchLosses=0	TossConversion%=0.00	BatFirst=0	BatFirstWins=0	BatFirstWin%=0.00	FieldFirst=0	FieldFirstWins=0	FieldFirstWin%=0.00	OverallConfidence=LOW	RecommendationSource=OVERALL_MATCHUP	Recommendation=OVERALL_MATCHUP_BALANCED	TossRecommendation=TOSS_DATA_INSUFFICIENT	StrategyRecommendation=BAT_FIELD_DATA_INSUFFICIENT	VenueConfidence=VERY_LOW	PerformanceScore=38.00	StrategyBonus=0.00	TossBonus=0.00	FinalScore=38.00	FinalDecision=NEGATIVE	DecisionConfidence=VERY_LOW	StrategySignal=NONE	TossSignal=NONE	VenueConfidence=VERY_LOW
Maharashtra Cricket Association Stadium	Rajasthan Royals	Chennai Super Kings	VenueWin%=0.00	OverallWin%=44.83	VenueMatches=1	OverallMatches=29	Matches=1	Wins=0	Losses=1	Win%=0.00	TossWins=1	TossLosses=0	TossWinMatchWins=0	TossWinMatchLosses=1	TossConversion%=0.00	BatFirst=0	BatFirstWins=0	BatFirstWin%=0.00	FieldFirst=1	FieldFirstWins=0	FieldFirstWin%=0.00	OverallConfidence=VERY_STRONG	RecommendationSource=OVERALL_MATCHUP	Recommendation=OVERALL_MATCHUP_BALANCED	TossRecommendation=TOSS_DATA_INSUFFICIENT	StrategyRecommendation=BAT_FIELD_DATA_INSUFFICIENT	VenueConfidence=VERY_LOW	PerformanceScore=34.07	StrategyBonus=0.00	TossBonus=0.00	FinalScore=34.07	FinalDecision=NEGATIVE	DecisionConfidence=VERY_LOW	StrategySignal=NONE	TossSignal=NONE	VenueConfidence=VERY_LOW
Maharashtra Cricket Association Stadium	Rajasthan Royals	Punjab Kings	VenueWin%=100.00	OverallWin%=57.14	VenueMatches=1	OverallMatches=28	Matches=1	Wins=1	Losses=0	Win%=100.00	TossWins=0	TossLosses=1	TossWinMatchWins=0	TossWinMatchLosses=0	TossConversion%=0.00	BatFirst=0	BatFirstWins=0	BatFirstWin%=0.00	FieldFirst=0	FieldFirstWins=0	FieldFirstWin%=0.00	OverallConfidence=VERY_STRONG	RecommendationSource=OVERALL_MATCHUP	Recommendation=OVERALL_MATCHUP_ADVANTAGE	TossRecommendation=TOSS_DATA_INSUFFICIENT	StrategyRecommendation=BAT_FIELD_DATA_INSUFFICIENT	VenueConfidence=VERY_LOW	PerformanceScore=67.43	StrategyBonus=0.00	TossBonus=0.00	FinalScore=67.43	FinalDecision=POSITIVE	DecisionConfidence=VERY_LOW	StrategySignal=NONE	TossSignal=NONE	VenueConfidence=VERY_LOW
Maharashtra Cricket Association Stadium	Rajasthan Royals	Royal Challengers Bengaluru	VenueWin%=0.00	OverallWin%=45.16	VenueMatches=1	OverallMatches=31	Matches=1	Wins=0	Losses=1	Win%=0.00	TossWins=0	TossLosses=1	TossWinMatchWins=0	TossWinMatchLosses=0	TossConversion%=0.00	BatFirst=0	BatFirstWins=0	BatFirstWin%=0.00	FieldFirst=0	FieldFirstWins=0	FieldFirstWin%=0.00	OverallConfidence=VERY_STRONG	RecommendationSource=OVERALL_MATCHUP	Recommendation=OVERALL_MATCHUP_BALANCED	TossRecommendation=TOSS_DATA_INSUFFICIENT	StrategyRecommendation=BAT_FIELD_DATA_INSUFFICIENT	VenueConfidence=VERY_LOW	PerformanceScore=34.32	StrategyBonus=0.00	TossBonus=0.00	FinalScore=34.32	FinalDecision=NEGATIVE	DecisionConfidence=VERY_LOW	StrategySignal=NONE	TossSignal=NONE	VenueConfidence=VERY_LOW
Maharashtra Cricket Association Stadium	Rising Pune Supergiants	Delhi Capitals	VenueWin%=0.00	OverallWin%=50.00	VenueMatches=1	OverallMatches=4	Matches=1	Wins=0	Losses=1	Win%=0.00	TossWins=1	TossLosses=0	TossWinMatchWins=0	TossWinMatchLosses=1	TossConversion%=0.00	BatFirst=0	BatFirstWins=0	BatFirstWin%=0.00	FieldFirst=1	FieldFirstWins=0	FieldFirstWin%=0.00	OverallConfidence=LOW	RecommendationSource=OVERALL_MATCHUP	Recommendation=OVERALL_MATCHUP_BALANCED	TossRecommendation=TOSS_DATA_INSUFFICIENT	StrategyRecommendation=BAT_FIELD_DATA_INSUFFICIENT	VenueConfidence=VERY_LOW	PerformanceScore=38.00	StrategyBonus=0.00	TossBonus=0.00	FinalScore=38.00	FinalDecision=NEGATIVE	DecisionConfidence=VERY_LOW	StrategySignal=NONE	TossSignal=NONE	VenueConfidence=VERY_LOW
Maharashtra Cricket Association Stadium	Rising Pune Supergiants	Gujarat Lions	VenueWin%=50.00	OverallWin%=25.00	VenueMatches=2	OverallMatches=4	Matches=2	Wins=1	Losses=1	Win%=50.00	TossWins=1	TossLosses=1	TossWinMatchWins=1	TossWinMatchLosses=0	TossConversion%=100.00	BatFirst=0	BatFirstWins=0	BatFirstWin%=0.00	FieldFirst=1	FieldFirstWins=1	FieldFirstWin%=100.00	OverallConfidence=LOW	RecommendationSource=OVERALL_MATCHUP	Recommendation=OVERALL_MATCHUP_DISADVANTAGE	TossRecommendation=TOSS_DATA_INSUFFICIENT	StrategyRecommendation=BAT_FIELD_DATA_INSUFFICIENT	VenueConfidence=VERY_LOW	PerformanceScore=32.00	StrategyBonus=0.00	TossBonus=0.00	FinalScore=32.00	FinalDecision=NEGATIVE	DecisionConfidence=VERY_LOW	StrategySignal=NONE	TossSignal=NONE	VenueConfidence=VERY_LOW
Maharashtra Cricket Association Stadium	Rising Pune Supergiants	Kolkata Knight Riders	VenueWin%=0.00	OverallWin%=25.00	VenueMatches=2	OverallMatches=4	Matches=2	Wins=0	Losses=2	Win%=0.00	TossWins=0	TossLosses=2	TossWinMatchWins=0	TossWinMatchLosses=0	TossConversion%=0.00	BatFirst=0	BatFirstWins=0	BatFirstWin%=0.00	FieldFirst=0	FieldFirstWins=0	FieldFirstWin%=0.00	OverallConfidence=LOW	RecommendationSource=OVERALL_MATCHUP	Recommendation=OVERALL_MATCHUP_DISADVANTAGE	TossRecommendation=TOSS_DATA_INSUFFICIENT	StrategyRecommendation=BAT_FIELD_DATA_INSUFFICIENT	VenueConfidence=VERY_LOW	PerformanceScore=18.00	StrategyBonus=0.00	TossBonus=0.00	FinalScore=18.00	FinalDecision=STRONG_NEGATIVE	DecisionConfidence=VERY_LOW	StrategySignal=NONE	TossSignal=NONE	VenueConfidence=VERY_LOW
Maharashtra Cricket Association Stadium	Rising Pune Supergiants	Mumbai Indians	VenueWin%=50.00	OverallWin%=66.67	VenueMatches=2	OverallMatches=6	Matches=2	Wins=1	Losses=1	Win%=50.00	TossWins=1	TossLosses=1	TossWinMatchWins=1	TossWinMatchLosses=0	TossConversion%=100.00	BatFirst=0	BatFirstWins=0	BatFirstWin%=0.00	FieldFirst=1	FieldFirstWins=1	FieldFirstWin%=100.00	OverallConfidence=MODERATE	RecommendationSource=OVERALL_MATCHUP	Recommendation=OVERALL_MATCHUP_ADVANTAGE	TossRecommendation=TOSS_DATA_INSUFFICIENT	StrategyRecommendation=BAT_FIELD_DATA_INSUFFICIENT	VenueConfidence=VERY_LOW	PerformanceScore=62.00	StrategyBonus=0.00	TossBonus=0.00	FinalScore=62.00	FinalDecision=POSITIVE	DecisionConfidence=VERY_LOW	StrategySignal=NONE	TossSignal=NONE	VenueConfidence=VERY_LOW
Maharashtra Cricket Association Stadium	Rising Pune Supergiants	Punjab Kings	VenueWin%=100.00	OverallWin%=50.00	VenueMatches=1	OverallMatches=4	Matches=1	Wins=1	Losses=0	Win%=100.00	TossWins=1	TossLosses=0	TossWinMatchWins=1	TossWinMatchLosses=0	TossConversion%=100.00	BatFirst=0	BatFirstWins=0	BatFirstWin%=0.00	FieldFirst=1	FieldFirstWins=1	FieldFirstWin%=100.00	OverallConfidence=LOW	RecommendationSource=OVERALL_MATCHUP	Recommendation=OVERALL_MATCHUP_BALANCED	TossRecommendation=TOSS_DATA_INSUFFICIENT	StrategyRecommendation=BAT_FIELD_DATA_INSUFFICIENT	VenueConfidence=VERY_LOW	PerformanceScore=62.00	StrategyBonus=0.00	TossBonus=0.00	FinalScore=62.00	FinalDecision=POSITIVE	DecisionConfidence=VERY_LOW	StrategySignal=NONE	TossSignal=NONE	VenueConfidence=VERY_LOW
Maharashtra Cricket Association Stadium	Rising Pune Supergiants	Royal Challengers Bengaluru	VenueWin%=50.00	OverallWin%=50.00	VenueMatches=2	OverallMatches=4	Matches=2	Wins=1	Losses=1	Win%=50.00	TossWins=1	TossLosses=1	TossWinMatchWins=0	TossWinMatchLosses=1	TossConversion%=0.00	BatFirst=0	BatFirstWins=0	BatFirstWin%=0.00	FieldFirst=1	FieldFirstWins=0	FieldFirstWin%=0.00	OverallConfidence=LOW	RecommendationSource=OVERALL_MATCHUP	Recommendation=OVERALL_MATCHUP_BALANCED	TossRecommendation=TOSS_DATA_INSUFFICIENT	StrategyRecommendation=BAT_FIELD_DATA_INSUFFICIENT	VenueConfidence=VERY_LOW	PerformanceScore=50.00	StrategyBonus=0.00	TossBonus=0.00	FinalScore=50.00	FinalDecision=BALANCED	DecisionConfidence=VERY_LOW	StrategySignal=NONE	TossSignal=NONE	VenueConfidence=VERY_LOW
Maharashtra Cricket Association Stadium	Rising Pune Supergiants	Sunrisers Hyderabad	VenueWin%=100.00	OverallWin%=75.00	VenueMatches=1	OverallMatches=4	Matches=1	Wins=1	Losses=0	Win%=100.00	TossWins=1	TossLosses=0	TossWinMatchWins=1	TossWinMatchLosses=0	TossConversion%=100.00	BatFirst=0	BatFirstWins=0	BatFirstWin%=0.00	FieldFirst=1	FieldFirstWins=1	FieldFirstWin%=100.00	OverallConfidence=LOW	RecommendationSource=OVERALL_MATCHUP	Recommendation=OVERALL_MATCHUP_STRONG_ADVANTAGE	TossRecommendation=TOSS_DATA_INSUFFICIENT	StrategyRecommendation=BAT_FIELD_DATA_INSUFFICIENT	VenueConfidence=VERY_LOW	PerformanceScore=81.00	StrategyBonus=0.00	TossBonus=0.00	FinalScore=81.00	FinalDecision=STRONG_POSITIVE	DecisionConfidence=VERY_LOW	StrategySignal=NONE	TossSignal=NONE	VenueConfidence=VERY_LOW
Maharashtra Cricket Association Stadium	Royal Challengers Bengaluru	Chennai Super Kings	VenueWin%=0.00	OverallWin%=34.38	VenueMatches=1	OverallMatches=32	Matches=1	Wins=0	Losses=1	Win%=0.00	TossWins=0	TossLosses=1	TossWinMatchWins=0	TossWinMatchLosses=0	TossConversion%=0.00	BatFirst=0	BatFirstWins=0	BatFirstWin%=0.00	FieldFirst=0	FieldFirstWins=0	FieldFirstWin%=0.00	OverallConfidence=VERY_STRONG	RecommendationSource=OVERALL_MATCHUP	Recommendation=OVERALL_MATCHUP_DISADVANTAGE	TossRecommendation=TOSS_DATA_INSUFFICIENT	StrategyRecommendation=BAT_FIELD_DATA_INSUFFICIENT	VenueConfidence=VERY_LOW	PerformanceScore=26.13	StrategyBonus=0.00	TossBonus=0.00	FinalScore=26.13	FinalDecision=STRONG_NEGATIVE	DecisionConfidence=VERY_LOW	StrategySignal=NONE	TossSignal=NONE	VenueConfidence=VERY_LOW
Maharashtra Cricket Association Stadium	Royal Challengers Bengaluru	Rajasthan Royals	VenueWin%=100.00	OverallWin%=48.39	VenueMatches=1	OverallMatches=31	Matches=1	Wins=1	Losses=0	Win%=100.00	TossWins=1	TossLosses=0	TossWinMatchWins=1	TossWinMatchLosses=0	TossConversion%=100.00	BatFirst=1	BatFirstWins=1	BatFirstWin%=100.00	FieldFirst=0	FieldFirstWins=0	FieldFirstWin%=0.00	OverallConfidence=VERY_STRONG	RecommendationSource=OVERALL_MATCHUP	Recommendation=OVERALL_MATCHUP_BALANCED	TossRecommendation=TOSS_DATA_INSUFFICIENT	StrategyRecommendation=BAT_FIELD_DATA_INSUFFICIENT	VenueConfidence=VERY_LOW	PerformanceScore=60.78	StrategyBonus=0.00	TossBonus=0.00	FinalScore=60.78	FinalDecision=POSITIVE	DecisionConfidence=VERY_LOW	StrategySignal=NONE	TossSignal=NONE	VenueConfidence=VERY_LOW
Maharashtra Cricket Association Stadium	Royal Challengers Bengaluru	Rising Pune Supergiants	VenueWin%=50.00	OverallWin%=50.00	VenueMatches=2	OverallMatches=4	Matches=2	Wins=1	Losses=1	Win%=50.00	TossWins=1	TossLosses=1	TossWinMatchWins=0	TossWinMatchLosses=1	TossConversion%=0.00	BatFirst=0	BatFirstWins=0	BatFirstWin%=0.00	FieldFirst=1	FieldFirstWins=0	FieldFirstWin%=0.00	OverallConfidence=LOW	RecommendationSource=OVERALL_MATCHUP	Recommendation=OVERALL_MATCHUP_BALANCED	TossRecommendation=TOSS_DATA_INSUFFICIENT	StrategyRecommendation=BAT_FIELD_DATA_INSUFFICIENT	VenueConfidence=VERY_LOW	PerformanceScore=50.00	StrategyBonus=0.00	TossBonus=0.00	FinalScore=50.00	FinalDecision=BALANCED	DecisionConfidence=VERY_LOW	StrategySignal=NONE	TossSignal=NONE	VenueConfidence=VERY_LOW
Maharashtra Cricket Association Stadium	Sunrisers Hyderabad	Chennai Super Kings	VenueWin%=0.00	OverallWin%=28.57	VenueMatches=1	OverallMatches=21	Matches=1	Wins=0	Losses=1	Win%=0.00	TossWins=0	TossLosses=1	TossWinMatchWins=0	TossWinMatchLosses=0	TossConversion%=0.00	BatFirst=0	BatFirstWins=0	BatFirstWin%=0.00	FieldFirst=0	FieldFirstWins=0	FieldFirstWin%=0.00	OverallConfidence=VERY_STRONG	RecommendationSource=OVERALL_MATCHUP	Recommendation=OVERALL_MATCHUP_DISADVANTAGE	TossRecommendation=TOSS_DATA_INSUFFICIENT	StrategyRecommendation=BAT_FIELD_DATA_INSUFFICIENT	VenueConfidence=VERY_LOW	PerformanceScore=21.71	StrategyBonus=0.00	TossBonus=0.00	FinalScore=21.71	FinalDecision=STRONG_NEGATIVE	DecisionConfidence=VERY_LOW	StrategySignal=NONE	TossSignal=NONE	VenueConfidence=VERY_LOW
Maharashtra Cricket Association Stadium	Sunrisers Hyderabad	Pune Warriors	VenueWin%=100.00	OverallWin%=100.00	VenueMatches=1	OverallMatches=2	Matches=1	Wins=1	Losses=0	Win%=100.00	TossWins=0	TossLosses=1	TossWinMatchWins=0	TossWinMatchLosses=0	TossConversion%=0.00	BatFirst=0	BatFirstWins=0	BatFirstWin%=0.00	FieldFirst=0	FieldFirstWins=0	FieldFirstWin%=0.00	OverallConfidence=VERY_LOW	RecommendationSource=INSUFFICIENT	Recommendation=INSUFFICIENT_DATA	TossRecommendation=TOSS_DATA_INSUFFICIENT	StrategyRecommendation=BAT_FIELD_DATA_INSUFFICIENT	VenueConfidence=VERY_LOW	PerformanceScore=100.00	StrategyBonus=0.00	TossBonus=0.00	FinalScore=100.00	FinalDecision=STRONG_POSITIVE	DecisionConfidence=VERY_LOW	StrategySignal=NONE	TossSignal=NONE	VenueConfidence=VERY_LOW
Maharashtra Cricket Association Stadium	Sunrisers Hyderabad	Rising Pune Supergiants	VenueWin%=0.00	OverallWin%=25.00	VenueMatches=1	OverallMatches=4	Matches=1	Wins=0	Losses=1	Win%=0.00	TossWins=0	TossLosses=1	TossWinMatchWins=0	TossWinMatchLosses=0	TossConversion%=0.00	BatFirst=0	BatFirstWins=0	BatFirstWin%=0.00	FieldFirst=0	FieldFirstWins=0	FieldFirstWin%=0.00	OverallConfidence=LOW	RecommendationSource=OVERALL_MATCHUP	Recommendation=OVERALL_MATCHUP_DISADVANTAGE	TossRecommendation=TOSS_DATA_INSUFFICIENT	StrategyRecommendation=BAT_FIELD_DATA_INSUFFICIENT	VenueConfidence=VERY_LOW	PerformanceScore=19.00	StrategyBonus=0.00	TossBonus=0.00	FinalScore=19.00	FinalDecision=STRONG_NEGATIVE	DecisionConfidence=VERY_LOW	StrategySignal=NONE	TossSignal=NONE	VenueConfidence=VERY_LOW
Maharashtra Cricket Association Stadium, Pune	Chennai Super Kings	Gujarat Titans	VenueWin%=0.00	OverallWin%=42.86	VenueMatches=1	OverallMatches=7	Matches=1	Wins=0	Losses=1	Win%=0.00	TossWins=0	TossLosses=1	TossWinMatchWins=0	TossWinMatchLosses=0	TossConversion%=0.00	BatFirst=0	BatFirstWins=0	BatFirstWin%=0.00	FieldFirst=0	FieldFirstWins=0	FieldFirstWin%=0.00	OverallConfidence=MODERATE	RecommendationSource=OVERALL_MATCHUP	Recommendation=OVERALL_MATCHUP_BALANCED	TossRecommendation=TOSS_DATA_INSUFFICIENT	StrategyRecommendation=BAT_FIELD_DATA_INSUFFICIENT	VenueConfidence=VERY_LOW	PerformanceScore=32.57	StrategyBonus=0.00	TossBonus=0.00	FinalScore=32.57	FinalDecision=NEGATIVE	DecisionConfidence=VERY_LOW	StrategySignal=NONE	TossSignal=NONE	VenueConfidence=VERY_LOW
Maharashtra Cricket Association Stadium, Pune	Chennai Super Kings	Royal Challengers Bengaluru	VenueWin%=0.00	OverallWin%=65.62	VenueMatches=1	OverallMatches=32	Matches=1	Wins=0	Losses=1	Win%=0.00	TossWins=1	TossLosses=0	TossWinMatchWins=0	TossWinMatchLosses=1	TossConversion%=0.00	BatFirst=0	BatFirstWins=0	BatFirstWin%=0.00	FieldFirst=1	FieldFirstWins=0	FieldFirstWin%=0.00	OverallConfidence=VERY_STRONG	RecommendationSource=OVERALL_MATCHUP	Recommendation=OVERALL_MATCHUP_ADVANTAGE	TossRecommendation=TOSS_DATA_INSUFFICIENT	StrategyRecommendation=BAT_FIELD_DATA_INSUFFICIENT	VenueConfidence=VERY_LOW	PerformanceScore=49.87	StrategyBonus=0.00	TossBonus=0.00	FinalScore=49.87	FinalDecision=BALANCED	DecisionConfidence=VERY_LOW	StrategySignal=NONE	TossSignal=NONE	VenueConfidence=VERY_LOW
Maharashtra Cricket Association Stadium, Pune	Chennai Super Kings	Sunrisers Hyderabad	VenueWin%=100.00	OverallWin%=71.43	VenueMatches=1	OverallMatches=21	Matches=1	Wins=1	Losses=0	Win%=100.00	TossWins=0	TossLosses=1	TossWinMatchWins=0	TossWinMatchLosses=0	TossConversion%=0.00	BatFirst=0	BatFirstWins=0	BatFirstWin%=0.00	FieldFirst=0	FieldFirstWins=0	FieldFirstWin%=0.00	OverallConfidence=VERY_STRONG	RecommendationSource=OVERALL_MATCHUP	Recommendation=OVERALL_MATCHUP_STRONG_ADVANTAGE	TossRecommendation=TOSS_DATA_INSUFFICIENT	StrategyRecommendation=BAT_FIELD_DATA_INSUFFICIENT	VenueConfidence=VERY_LOW	PerformanceScore=78.29	StrategyBonus=0.00	TossBonus=0.00	FinalScore=78.29	FinalDecision=STRONG_POSITIVE	DecisionConfidence=VERY_LOW	StrategySignal=NONE	TossSignal=NONE	VenueConfidence=VERY_LOW
Maharashtra Cricket Association Stadium, Pune	Delhi Capitals	Gujarat Titans	VenueWin%=0.00	OverallWin%=60.00	VenueMatches=1	OverallMatches=5	Matches=1	Wins=0	Losses=1	Win%=0.00	TossWins=1	TossLosses=0	TossWinMatchWins=0	TossWinMatchLosses=1	TossConversion%=0.00	BatFirst=0	BatFirstWins=0	BatFirstWin%=0.00	FieldFirst=1	FieldFirstWins=0	FieldFirstWin%=0.00	OverallConfidence=MODERATE	RecommendationSource=OVERALL_MATCHUP	Recommendation=OVERALL_MATCHUP_ADVANTAGE	TossRecommendation=TOSS_DATA_INSUFFICIENT	StrategyRecommendation=BAT_FIELD_DATA_INSUFFICIENT	VenueConfidence=VERY_LOW	PerformanceScore=45.60	StrategyBonus=0.00	TossBonus=0.00	FinalScore=45.60	FinalDecision=BALANCED	DecisionConfidence=VERY_LOW	StrategySignal=NONE	TossSignal=NONE	VenueConfidence=VERY_LOW
Maharashtra Cricket Association Stadium, Pune	Gujarat Titans	Chennai Super Kings	VenueWin%=100.00	OverallWin%=57.14	VenueMatches=1	OverallMatches=7	Matches=1	Wins=1	Losses=0	Win%=100.00	TossWins=1	TossLosses=0	TossWinMatchWins=1	TossWinMatchLosses=0	TossConversion%=100.00	BatFirst=0	BatFirstWins=0	BatFirstWin%=0.00	FieldFirst=1	FieldFirstWins=1	FieldFirstWin%=100.00	OverallConfidence=MODERATE	RecommendationSource=OVERALL_MATCHUP	Recommendation=OVERALL_MATCHUP_ADVANTAGE	TossRecommendation=TOSS_DATA_INSUFFICIENT	StrategyRecommendation=BAT_FIELD_DATA_INSUFFICIENT	VenueConfidence=VERY_LOW	PerformanceScore=67.43	StrategyBonus=0.00	TossBonus=0.00	FinalScore=67.43	FinalDecision=POSITIVE	DecisionConfidence=VERY_LOW	StrategySignal=NONE	TossSignal=NONE	VenueConfidence=VERY_LOW
Maharashtra Cricket Association Stadium, Pune	Gujarat Titans	Delhi Capitals	VenueWin%=100.00	OverallWin%=40.00	VenueMatches=1	OverallMatches=5	Matches=1	Wins=1	Losses=0	Win%=100.00	TossWins=0	TossLosses=1	TossWinMatchWins=0	TossWinMatchLosses=0	TossConversion%=0.00	BatFirst=0	BatFirstWins=0	BatFirstWin%=0.00	FieldFirst=0	FieldFirstWins=0	FieldFirstWin%=0.00	OverallConfidence=MODERATE	RecommendationSource=OVERALL_MATCHUP	Recommendation=OVERALL_MATCHUP_DISADVANTAGE	TossRecommendation=TOSS_DATA_INSUFFICIENT	StrategyRecommendation=BAT_FIELD_DATA_INSUFFICIENT	VenueConfidence=VERY_LOW	PerformanceScore=54.40	StrategyBonus=0.00	TossBonus=0.00	FinalScore=54.40	FinalDecision=BALANCED	DecisionConfidence=VERY_LOW	StrategySignal=NONE	TossSignal=NONE	VenueConfidence=VERY_LOW
Maharashtra Cricket Association Stadium, Pune	Gujarat Titans	Lucknow Super Giants	VenueWin%=100.00	OverallWin%=80.00	VenueMatches=1	OverallMatches=5	Matches=1	Wins=1	Losses=0	Win%=100.00	TossWins=1	TossLosses=0	TossWinMatchWins=1	TossWinMatchLosses=0	TossConversion%=100.00	BatFirst=1	BatFirstWins=1	BatFirstWin%=100.00	FieldFirst=0	FieldFirstWins=0	FieldFirstWin%=0.00	OverallConfidence=MODERATE	RecommendationSource=OVERALL_MATCHUP	Recommendation=OVERALL_MATCHUP_STRONG_ADVANTAGE	TossRecommendation=TOSS_DATA_INSUFFICIENT	StrategyRecommendation=BAT_FIELD_DATA_INSUFFICIENT	VenueConfidence=VERY_LOW	PerformanceScore=84.80	StrategyBonus=0.00	TossBonus=0.00	FinalScore=84.80	FinalDecision=STRONG_POSITIVE	DecisionConfidence=VERY_LOW	StrategySignal=NONE	TossSignal=NONE	VenueConfidence=VERY_LOW
Maharashtra Cricket Association Stadium, Pune	Kolkata Knight Riders	Lucknow Super Giants	VenueWin%=0.00	OverallWin%=40.00	VenueMatches=1	OverallMatches=5	Matches=1	Wins=0	Losses=1	Win%=0.00	TossWins=1	TossLosses=0	TossWinMatchWins=0	TossWinMatchLosses=1	TossConversion%=0.00	BatFirst=0	BatFirstWins=0	BatFirstWin%=0.00	FieldFirst=1	FieldFirstWins=0	FieldFirstWin%=0.00	OverallConfidence=MODERATE	RecommendationSource=OVERALL_MATCHUP	Recommendation=OVERALL_MATCHUP_DISADVANTAGE	TossRecommendation=TOSS_DATA_INSUFFICIENT	StrategyRecommendation=BAT_FIELD_DATA_INSUFFICIENT	VenueConfidence=VERY_LOW	PerformanceScore=30.40	StrategyBonus=0.00	TossBonus=0.00	FinalScore=30.40	FinalDecision=NEGATIVE	DecisionConfidence=VERY_LOW	StrategySignal=NONE	TossSignal=NONE	VenueConfidence=VERY_LOW
Maharashtra Cricket Association Stadium, Pune	Kolkata Knight Riders	Mumbai Indians	VenueWin%=100.00	OverallWin%=32.35	VenueMatches=1	OverallMatches=34	Matches=1	Wins=1	Losses=0	Win%=100.00	TossWins=1	TossLosses=0	TossWinMatchWins=1	TossWinMatchLosses=0	TossConversion%=100.00	BatFirst=0	BatFirstWins=0	BatFirstWin%=0.00	FieldFirst=1	FieldFirstWins=1	FieldFirstWin%=100.00	OverallConfidence=VERY_STRONG	RecommendationSource=OVERALL_MATCHUP	Recommendation=OVERALL_MATCHUP_DISADVANTAGE	TossRecommendation=TOSS_DATA_INSUFFICIENT	StrategyRecommendation=BAT_FIELD_DATA_INSUFFICIENT	VenueConfidence=VERY_LOW	PerformanceScore=48.59	StrategyBonus=0.00	TossBonus=0.00	FinalScore=48.59	FinalDecision=BALANCED	DecisionConfidence=VERY_LOW	StrategySignal=NONE	TossSignal=NONE	VenueConfidence=VERY_LOW
Maharashtra Cricket Association Stadium, Pune	Kolkata Knight Riders	Sunrisers Hyderabad	VenueWin%=100.00	OverallWin%=67.86	VenueMatches=1	OverallMatches=28	Matches=1	Wins=1	Losses=0	Win%=100.00	TossWins=1	TossLosses=0	TossWinMatchWins=1	TossWinMatchLosses=0	TossConversion%=100.00	BatFirst=1	BatFirstWins=1	BatFirstWin%=100.00	FieldFirst=0	FieldFirstWins=0	FieldFirstWin%=0.00	OverallConfidence=VERY_STRONG	RecommendationSource=OVERALL_MATCHUP	Recommendation=OVERALL_MATCHUP_ADVANTAGE	TossRecommendation=TOSS_DATA_INSUFFICIENT	StrategyRecommendation=BAT_FIELD_DATA_INSUFFICIENT	VenueConfidence=VERY_LOW	PerformanceScore=75.57	StrategyBonus=0.00	TossBonus=0.00	FinalScore=75.57	FinalDecision=STRONG_POSITIVE	DecisionConfidence=VERY_LOW	StrategySignal=NONE	TossSignal=NONE	VenueConfidence=VERY_LOW
Maharashtra Cricket Association Stadium, Pune	Lucknow Super Giants	Gujarat Titans	VenueWin%=0.00	OverallWin%=20.00	VenueMatches=1	OverallMatches=5	Matches=1	Wins=0	Losses=1	Win%=0.00	TossWins=0	TossLosses=1	TossWinMatchWins=0	TossWinMatchLosses=0	TossConversion%=0.00	BatFirst=0	BatFirstWins=0	BatFirstWin%=0.00	FieldFirst=0	FieldFirstWins=0	FieldFirstWin%=0.00	OverallConfidence=MODERATE	RecommendationSource=OVERALL_MATCHUP	Recommendation=OVERALL_MATCHUP_DISADVANTAGE	TossRecommendation=TOSS_DATA_INSUFFICIENT	StrategyRecommendation=BAT_FIELD_DATA_INSUFFICIENT	VenueConfidence=VERY_LOW	PerformanceScore=15.20	StrategyBonus=0.00	TossBonus=0.00	FinalScore=15.20	FinalDecision=STRONG_NEGATIVE	DecisionConfidence=VERY_LOW	StrategySignal=NONE	TossSignal=NONE	VenueConfidence=VERY_LOW
Maharashtra Cricket Association Stadium, Pune	Lucknow Super Giants	Kolkata Knight Riders	VenueWin%=100.00	OverallWin%=60.00	VenueMatches=1	OverallMatches=5	Matches=1	Wins=1	Losses=0	Win%=100.00	TossWins=0	TossLosses=1	TossWinMatchWins=0	TossWinMatchLosses=0	TossConversion%=0.00	BatFirst=0	BatFirstWins=0	BatFirstWin%=0.00	FieldFirst=0	FieldFirstWins=0	FieldFirstWin%=0.00	OverallConfidence=MODERATE	RecommendationSource=OVERALL_MATCHUP	Recommendation=OVERALL_MATCHUP_ADVANTAGE	TossRecommendation=TOSS_DATA_INSUFFICIENT	StrategyRecommendation=BAT_FIELD_DATA_INSUFFICIENT	VenueConfidence=VERY_LOW	PerformanceScore=69.60	StrategyBonus=0.00	TossBonus=0.00	FinalScore=69.60	FinalDecision=POSITIVE	DecisionConfidence=VERY_LOW	StrategySignal=NONE	TossSignal=NONE	VenueConfidence=VERY_LOW
Maharashtra Cricket Association Stadium, Pune	Lucknow Super Giants	Punjab Kings	VenueWin%=100.00	OverallWin%=75.00	VenueMatches=1	OverallMatches=4	Matches=1	Wins=1	Losses=0	Win%=100.00	TossWins=0	TossLosses=1	TossWinMatchWins=0	TossWinMatchLosses=0	TossConversion%=0.00	BatFirst=0	BatFirstWins=0	BatFirstWin%=0.00	FieldFirst=0	FieldFirstWins=0	FieldFirstWin%=0.00	OverallConfidence=LOW	RecommendationSource=OVERALL_MATCHUP	Recommendation=OVERALL_MATCHUP_STRONG_ADVANTAGE	TossRecommendation=TOSS_DATA_INSUFFICIENT	StrategyRecommendation=BAT_FIELD_DATA_INSUFFICIENT	VenueConfidence=VERY_LOW	PerformanceScore=81.00	StrategyBonus=0.00	TossBonus=0.00	FinalScore=81.00	FinalDecision=STRONG_POSITIVE	DecisionConfidence=VERY_LOW	StrategySignal=NONE	TossSignal=NONE	VenueConfidence=VERY_LOW
Maharashtra Cricket Association Stadium, Pune	Mumbai Indians	Kolkata Knight Riders	VenueWin%=0.00	OverallWin%=67.65	VenueMatches=1	OverallMatches=34	Matches=1	Wins=0	Losses=1	Win%=0.00	TossWins=0	TossLosses=1	TossWinMatchWins=0	TossWinMatchLosses=0	TossConversion%=0.00	BatFirst=0	BatFirstWins=0	BatFirstWin%=0.00	FieldFirst=0	FieldFirstWins=0	FieldFirstWin%=0.00	OverallConfidence=VERY_STRONG	RecommendationSource=OVERALL_MATCHUP	Recommendation=OVERALL_MATCHUP_ADVANTAGE	TossRecommendation=TOSS_DATA_INSUFFICIENT	StrategyRecommendation=BAT_FIELD_DATA_INSUFFICIENT	VenueConfidence=VERY_LOW	PerformanceScore=51.41	StrategyBonus=0.00	TossBonus=0.00	FinalScore=51.41	FinalDecision=BALANCED	DecisionConfidence=VERY_LOW	StrategySignal=NONE	TossSignal=NONE	VenueConfidence=VERY_LOW
Maharashtra Cricket Association Stadium, Pune	Mumbai Indians	Punjab Kings	VenueWin%=0.00	OverallWin%=53.12	VenueMatches=1	OverallMatches=32	Matches=1	Wins=0	Losses=1	Win%=0.00	TossWins=1	TossLosses=0	TossWinMatchWins=0	TossWinMatchLosses=1	TossConversion%=0.00	BatFirst=0	BatFirstWins=0	BatFirstWin%=0.00	FieldFirst=1	FieldFirstWins=0	FieldFirstWin%=0.00	OverallConfidence=VERY_STRONG	RecommendationSource=OVERALL_MATCHUP	Recommendation=OVERALL_MATCHUP_BALANCED	TossRecommendation=TOSS_DATA_INSUFFICIENT	StrategyRecommendation=BAT_FIELD_DATA_INSUFFICIENT	VenueConfidence=VERY_LOW	PerformanceScore=40.37	StrategyBonus=0.00	TossBonus=0.00	FinalScore=40.37	FinalDecision=NEGATIVE	DecisionConfidence=VERY_LOW	StrategySignal=NONE	TossSignal=NONE	VenueConfidence=VERY_LOW
Maharashtra Cricket Association Stadium, Pune	Mumbai Indians	Royal Challengers Bengaluru	VenueWin%=0.00	OverallWin%=57.58	VenueMatches=1	OverallMatches=33	Matches=1	Wins=0	Losses=1	Win%=0.00	TossWins=0	TossLosses=1	TossWinMatchWins=0	TossWinMatchLosses=0	TossConversion%=0.00	BatFirst=0	BatFirstWins=0	BatFirstWin%=0.00	FieldFirst=0	FieldFirstWins=0	FieldFirstWin%=0.00	OverallConfidence=VERY_STRONG	RecommendationSource=OVERALL_MATCHUP	Recommendation=OVERALL_MATCHUP_ADVANTAGE	TossRecommendation=TOSS_DATA_INSUFFICIENT	StrategyRecommendation=BAT_FIELD_DATA_INSUFFICIENT	VenueConfidence=VERY_LOW	PerformanceScore=43.76	StrategyBonus=0.00	TossBonus=0.00	FinalScore=43.76	FinalDecision=NEGATIVE	DecisionConfidence=VERY_LOW	StrategySignal=NONE	TossSignal=NONE	VenueConfidence=VERY_LOW
Maharashtra Cricket Association Stadium, Pune	Punjab Kings	Lucknow Super Giants	VenueWin%=0.00	OverallWin%=25.00	VenueMatches=1	OverallMatches=4	Matches=1	Wins=0	Losses=1	Win%=0.00	TossWins=1	TossLosses=0	TossWinMatchWins=0	TossWinMatchLosses=1	TossConversion%=0.00	BatFirst=0	BatFirstWins=0	BatFirstWin%=0.00	FieldFirst=1	FieldFirstWins=0	FieldFirstWin%=0.00	OverallConfidence=LOW	RecommendationSource=OVERALL_MATCHUP	Recommendation=OVERALL_MATCHUP_DISADVANTAGE	TossRecommendation=TOSS_DATA_INSUFFICIENT	StrategyRecommendation=BAT_FIELD_DATA_INSUFFICIENT	VenueConfidence=VERY_LOW	PerformanceScore=19.00	StrategyBonus=0.00	TossBonus=0.00	FinalScore=19.00	FinalDecision=STRONG_NEGATIVE	DecisionConfidence=VERY_LOW	StrategySignal=NONE	TossSignal=NONE	VenueConfidence=VERY_LOW
Maharashtra Cricket Association Stadium, Pune	Punjab Kings	Mumbai Indians	VenueWin%=100.00	OverallWin%=46.88	VenueMatches=1	OverallMatches=32	Matches=1	Wins=1	Losses=0	Win%=100.00	TossWins=0	TossLosses=1	TossWinMatchWins=0	TossWinMatchLosses=0	TossConversion%=0.00	BatFirst=0	BatFirstWins=0	BatFirstWin%=0.00	FieldFirst=0	FieldFirstWins=0	FieldFirstWin%=0.00	OverallConfidence=VERY_STRONG	RecommendationSource=OVERALL_MATCHUP	Recommendation=OVERALL_MATCHUP_BALANCED	TossRecommendation=TOSS_DATA_INSUFFICIENT	StrategyRecommendation=BAT_FIELD_DATA_INSUFFICIENT	VenueConfidence=VERY_LOW	PerformanceScore=59.63	StrategyBonus=0.00	TossBonus=0.00	FinalScore=59.63	FinalDecision=BALANCED	DecisionConfidence=VERY_LOW	StrategySignal=NONE	TossSignal=NONE	VenueConfidence=VERY_LOW
Maharashtra Cricket Association Stadium, Pune	Rajasthan Royals	Royal Challengers Bengaluru	VenueWin%=100.00	OverallWin%=45.16	VenueMatches=1	OverallMatches=31	Matches=1	Wins=1	Losses=0	Win%=100.00	TossWins=0	TossLosses=1	TossWinMatchWins=0	TossWinMatchLosses=0	TossConversion%=0.00	BatFirst=0	BatFirstWins=0	BatFirstWin%=0.00	FieldFirst=0	FieldFirstWins=0	FieldFirstWin%=0.00	OverallConfidence=VERY_STRONG	RecommendationSource=OVERALL_MATCHUP	Recommendation=OVERALL_MATCHUP_BALANCED	TossRecommendation=TOSS_DATA_INSUFFICIENT	StrategyRecommendation=BAT_FIELD_DATA_INSUFFICIENT	VenueConfidence=VERY_LOW	PerformanceScore=58.32	StrategyBonus=0.00	TossBonus=0.00	FinalScore=58.32	FinalDecision=BALANCED	DecisionConfidence=VERY_LOW	StrategySignal=NONE	TossSignal=NONE	VenueConfidence=VERY_LOW
Maharashtra Cricket Association Stadium, Pune	Rajasthan Royals	Sunrisers Hyderabad	VenueWin%=100.00	OverallWin%=45.00	VenueMatches=1	OverallMatches=20	Matches=1	Wins=1	Losses=0	Win%=100.00	TossWins=0	TossLosses=1	TossWinMatchWins=0	TossWinMatchLosses=0	TossConversion%=0.00	BatFirst=0	BatFirstWins=0	BatFirstWin%=0.00	FieldFirst=0	FieldFirstWins=0	FieldFirstWin%=0.00	OverallConfidence=VERY_STRONG	RecommendationSource=OVERALL_MATCHUP	Recommendation=OVERALL_MATCHUP_BALANCED	TossRecommendation=TOSS_DATA_INSUFFICIENT	StrategyRecommendation=BAT_FIELD_DATA_INSUFFICIENT	VenueConfidence=VERY_LOW	PerformanceScore=58.20	StrategyBonus=0.00	TossBonus=0.00	FinalScore=58.20	FinalDecision=BALANCED	DecisionConfidence=VERY_LOW	StrategySignal=NONE	TossSignal=NONE	VenueConfidence=VERY_LOW
Maharashtra Cricket Association Stadium, Pune	Royal Challengers Bengaluru	Chennai Super Kings	VenueWin%=100.00	OverallWin%=34.38	VenueMatches=1	OverallMatches=32	Matches=1	Wins=1	Losses=0	Win%=100.00	TossWins=0	TossLosses=1	TossWinMatchWins=0	TossWinMatchLosses=0	TossConversion%=0.00	BatFirst=0	BatFirstWins=0	BatFirstWin%=0.00	FieldFirst=0	FieldFirstWins=0	FieldFirstWin%=0.00	OverallConfidence=VERY_STRONG	RecommendationSource=OVERALL_MATCHUP	Recommendation=OVERALL_MATCHUP_DISADVANTAGE	TossRecommendation=TOSS_DATA_INSUFFICIENT	StrategyRecommendation=BAT_FIELD_DATA_INSUFFICIENT	VenueConfidence=VERY_LOW	PerformanceScore=50.13	StrategyBonus=0.00	TossBonus=0.00	FinalScore=50.13	FinalDecision=BALANCED	DecisionConfidence=VERY_LOW	StrategySignal=NONE	TossSignal=NONE	VenueConfidence=VERY_LOW
Maharashtra Cricket Association Stadium, Pune	Royal Challengers Bengaluru	Mumbai Indians	VenueWin%=100.00	OverallWin%=42.42	VenueMatches=1	OverallMatches=33	Matches=1	Wins=1	Losses=0	Win%=100.00	TossWins=1	TossLosses=0	TossWinMatchWins=1	TossWinMatchLosses=0	TossConversion%=100.00	BatFirst=0	BatFirstWins=0	BatFirstWin%=0.00	FieldFirst=1	FieldFirstWins=1	FieldFirstWin%=100.00	OverallConfidence=VERY_STRONG	RecommendationSource=OVERALL_MATCHUP	Recommendation=OVERALL_MATCHUP_BALANCED	TossRecommendation=TOSS_DATA_INSUFFICIENT	StrategyRecommendation=BAT_FIELD_DATA_INSUFFICIENT	VenueConfidence=VERY_LOW	PerformanceScore=56.24	StrategyBonus=0.00	TossBonus=0.00	FinalScore=56.24	FinalDecision=BALANCED	DecisionConfidence=VERY_LOW	StrategySignal=NONE	TossSignal=NONE	VenueConfidence=VERY_LOW
Maharashtra Cricket Association Stadium, Pune	Royal Challengers Bengaluru	Rajasthan Royals	VenueWin%=0.00	OverallWin%=48.39	VenueMatches=1	OverallMatches=31	Matches=1	Wins=0	Losses=1	Win%=0.00	TossWins=1	TossLosses=0	TossWinMatchWins=0	TossWinMatchLosses=1	TossConversion%=0.00	BatFirst=0	BatFirstWins=0	BatFirstWin%=0.00	FieldFirst=1	FieldFirstWins=0	FieldFirstWin%=0.00	OverallConfidence=VERY_STRONG	RecommendationSource=OVERALL_MATCHUP	Recommendation=OVERALL_MATCHUP_BALANCED	TossRecommendation=TOSS_DATA_INSUFFICIENT	StrategyRecommendation=BAT_FIELD_DATA_INSUFFICIENT	VenueConfidence=VERY_LOW	PerformanceScore=36.78	StrategyBonus=0.00	TossBonus=0.00	FinalScore=36.78	FinalDecision=NEGATIVE	DecisionConfidence=VERY_LOW	StrategySignal=NONE	TossSignal=NONE	VenueConfidence=VERY_LOW
Maharashtra Cricket Association Stadium, Pune	Sunrisers Hyderabad	Chennai Super Kings	VenueWin%=0.00	OverallWin%=28.57	VenueMatches=1	OverallMatches=21	Matches=1	Wins=0	Losses=1	Win%=0.00	TossWins=1	TossLosses=0	TossWinMatchWins=0	TossWinMatchLosses=1	TossConversion%=0.00	BatFirst=0	BatFirstWins=0	BatFirstWin%=0.00	FieldFirst=1	FieldFirstWins=0	FieldFirstWin%=0.00	OverallConfidence=VERY_STRONG	RecommendationSource=OVERALL_MATCHUP	Recommendation=OVERALL_MATCHUP_DISADVANTAGE	TossRecommendation=TOSS_DATA_INSUFFICIENT	StrategyRecommendation=BAT_FIELD_DATA_INSUFFICIENT	VenueConfidence=VERY_LOW	PerformanceScore=21.71	StrategyBonus=0.00	TossBonus=0.00	FinalScore=21.71	FinalDecision=STRONG_NEGATIVE	DecisionConfidence=VERY_LOW	StrategySignal=NONE	TossSignal=NONE	VenueConfidence=VERY_LOW
Maharashtra Cricket Association Stadium, Pune	Sunrisers Hyderabad	Kolkata Knight Riders	VenueWin%=0.00	OverallWin%=32.14	VenueMatches=1	OverallMatches=28	Matches=1	Wins=0	Losses=1	Win%=0.00	TossWins=0	TossLosses=1	TossWinMatchWins=0	TossWinMatchLosses=0	TossConversion%=0.00	BatFirst=0	BatFirstWins=0	BatFirstWin%=0.00	FieldFirst=0	FieldFirstWins=0	FieldFirstWin%=0.00	OverallConfidence=VERY_STRONG	RecommendationSource=OVERALL_MATCHUP	Recommendation=OVERALL_MATCHUP_DISADVANTAGE	TossRecommendation=TOSS_DATA_INSUFFICIENT	StrategyRecommendation=BAT_FIELD_DATA_INSUFFICIENT	VenueConfidence=VERY_LOW	PerformanceScore=24.43	StrategyBonus=0.00	TossBonus=0.00	FinalScore=24.43	FinalDecision=STRONG_NEGATIVE	DecisionConfidence=VERY_LOW	StrategySignal=NONE	TossSignal=NONE	VenueConfidence=VERY_LOW
Maharashtra Cricket Association Stadium, Pune	Sunrisers Hyderabad	Rajasthan Royals	VenueWin%=0.00	OverallWin%=55.00	VenueMatches=1	OverallMatches=20	Matches=1	Wins=0	Losses=1	Win%=0.00	TossWins=1	TossLosses=0	TossWinMatchWins=0	TossWinMatchLosses=1	TossConversion%=0.00	BatFirst=0	BatFirstWins=0	BatFirstWin%=0.00	FieldFirst=1	FieldFirstWins=0	FieldFirstWin%=0.00	OverallConfidence=VERY_STRONG	RecommendationSource=OVERALL_MATCHUP	Recommendation=OVERALL_MATCHUP_ADVANTAGE	TossRecommendation=TOSS_DATA_INSUFFICIENT	StrategyRecommendation=BAT_FIELD_DATA_INSUFFICIENT	VenueConfidence=VERY_LOW	PerformanceScore=41.80	StrategyBonus=0.00	TossBonus=0.00	FinalScore=41.80	FinalDecision=NEGATIVE	DecisionConfidence=VERY_LOW	StrategySignal=NONE	TossSignal=NONE	VenueConfidence=VERY_LOW
Narendra Modi Stadium, Ahmedabad	Chennai Super Kings	Gujarat Titans	VenueWin%=33.33	OverallWin%=42.86	VenueMatches=3	OverallMatches=7	Matches=3	Wins=1	Losses=2	Win%=33.33	TossWins=2	TossLosses=1	TossWinMatchWins=1	TossWinMatchLosses=1	TossConversion%=50.00	BatFirst=0	BatFirstWins=0	BatFirstWin%=0.00	FieldFirst=2	FieldFirstWins=1	FieldFirstWin%=50.00	OverallConfidence=MODERATE	RecommendationSource=VENUE	Recommendation=VENUE_DISADVANTAGE	TossRecommendation=TOSS_IMPACT_BALANCED	StrategyRecommendation=BAT_FIELD_DATA_INSUFFICIENT	VenueConfidence=LOW	PerformanceScore=39.81	StrategyBonus=0.00	TossBonus=0.00	FinalScore=39.81	FinalDecision=NEGATIVE	DecisionConfidence=LOW	StrategySignal=NONE	TossSignal=NONE	VenueConfidence=LOW
Narendra Modi Stadium, Ahmedabad	Delhi Capitals	Gujarat Titans	VenueWin%=100.00	OverallWin%=60.00	VenueMatches=2	OverallMatches=5	Matches=2	Wins=2	Losses=0	Win%=100.00	TossWins=2	TossLosses=0	TossWinMatchWins=2	TossWinMatchLosses=0	TossConversion%=100.00	BatFirst=1	BatFirstWins=1	BatFirstWin%=100.00	FieldFirst=1	FieldFirstWins=1	FieldFirstWin%=100.00	OverallConfidence=MODERATE	RecommendationSource=OVERALL_MATCHUP	Recommendation=OVERALL_MATCHUP_ADVANTAGE	TossRecommendation=TOSS_DATA_INSUFFICIENT	StrategyRecommendation=BAT_FIELD_DATA_INSUFFICIENT	VenueConfidence=VERY_LOW	PerformanceScore=71.20	StrategyBonus=0.00	TossBonus=0.00	FinalScore=71.20	FinalDecision=POSITIVE	DecisionConfidence=VERY_LOW	StrategySignal=NONE	TossSignal=NONE	VenueConfidence=VERY_LOW
Narendra Modi Stadium, Ahmedabad	Delhi Capitals	Kolkata Knight Riders	VenueWin%=100.00	OverallWin%=45.45	VenueMatches=1	OverallMatches=33	Matches=1	Wins=1	Losses=0	Win%=100.00	TossWins=1	TossLosses=0	TossWinMatchWins=1	TossWinMatchLosses=0	TossConversion%=100.00	BatFirst=0	BatFirstWins=0	BatFirstWin%=0.00	FieldFirst=1	FieldFirstWins=1	FieldFirstWin%=100.00	OverallConfidence=VERY_STRONG	RecommendationSource=OVERALL_MATCHUP	Recommendation=OVERALL_MATCHUP_BALANCED	TossRecommendation=TOSS_DATA_INSUFFICIENT	StrategyRecommendation=BAT_FIELD_DATA_INSUFFICIENT	VenueConfidence=VERY_LOW	PerformanceScore=58.54	StrategyBonus=0.00	TossBonus=0.00	FinalScore=58.54	FinalDecision=BALANCED	DecisionConfidence=VERY_LOW	StrategySignal=NONE	TossSignal=NONE	VenueConfidence=VERY_LOW
Narendra Modi Stadium, Ahmedabad	Delhi Capitals	Punjab Kings	VenueWin%=100.00	OverallWin%=48.48	VenueMatches=1	OverallMatches=33	Matches=1	Wins=1	Losses=0	Win%=100.00	TossWins=1	TossLosses=0	TossWinMatchWins=1	TossWinMatchLosses=0	TossConversion%=100.00	BatFirst=0	BatFirstWins=0	BatFirstWin%=0.00	FieldFirst=1	FieldFirstWins=1	FieldFirstWin%=100.00	OverallConfidence=VERY_STRONG	RecommendationSource=OVERALL_MATCHUP	Recommendation=OVERALL_MATCHUP_BALANCED	TossRecommendation=TOSS_DATA_INSUFFICIENT	StrategyRecommendation=BAT_FIELD_DATA_INSUFFICIENT	VenueConfidence=VERY_LOW	PerformanceScore=60.84	StrategyBonus=0.00	TossBonus=0.00	FinalScore=60.84	FinalDecision=POSITIVE	DecisionConfidence=VERY_LOW	StrategySignal=NONE	TossSignal=NONE	VenueConfidence=VERY_LOW
Narendra Modi Stadium, Ahmedabad	Delhi Capitals	Royal Challengers Bengaluru	VenueWin%=0.00	OverallWin%=35.48	VenueMatches=1	OverallMatches=31	Matches=1	Wins=0	Losses=1	Win%=0.00	TossWins=1	TossLosses=0	TossWinMatchWins=0	TossWinMatchLosses=1	TossConversion%=0.00	BatFirst=0	BatFirstWins=0	BatFirstWin%=0.00	FieldFirst=1	FieldFirstWins=0	FieldFirstWin%=0.00	OverallConfidence=VERY_STRONG	RecommendationSource=OVERALL_MATCHUP	Recommendation=OVERALL_MATCHUP_DISADVANTAGE	TossRecommendation=TOSS_DATA_INSUFFICIENT	StrategyRecommendation=BAT_FIELD_DATA_INSUFFICIENT	VenueConfidence=VERY_LOW	PerformanceScore=26.96	StrategyBonus=0.00	TossBonus=0.00	FinalScore=26.96	FinalDecision=STRONG_NEGATIVE	DecisionConfidence=VERY_LOW	StrategySignal=NONE	TossSignal=NONE	VenueConfidence=VERY_LOW
Narendra Modi Stadium, Ahmedabad	Gujarat Titans	Chennai Super Kings	VenueWin%=66.67	OverallWin%=57.14	VenueMatches=3	OverallMatches=7	Matches=3	Wins=2	Losses=1	Win%=66.67	TossWins=1	TossLosses=2	TossWinMatchWins=1	TossWinMatchLosses=0	TossConversion%=100.00	BatFirst=0	BatFirstWins=0	BatFirstWin%=0.00	FieldFirst=1	FieldFirstWins=1	FieldFirstWin%=100.00	OverallConfidence=MODERATE	RecommendationSource=VENUE	Recommendation=VENUE_ADVANTAGE	TossRecommendation=TOSS_WIN_HAS_STRONG_VALUE	StrategyRecommendation=BAT_FIELD_DATA_INSUFFICIENT	VenueConfidence=LOW	PerformanceScore=60.19	StrategyBonus=0.00	TossBonus=0.00	FinalScore=60.19	FinalDecision=POSITIVE	DecisionConfidence=LOW	StrategySignal=NONE	TossSignal=NONE	VenueConfidence=LOW
Narendra Modi Stadium, Ahmedabad	Gujarat Titans	Delhi Capitals	VenueWin%=0.00	OverallWin%=40.00	VenueMatches=2	OverallMatches=5	Matches=2	Wins=0	Losses=2	Win%=0.00	TossWins=0	TossLosses=2	TossWinMatchWins=0	TossWinMatchLosses=0	TossConversion%=0.00	BatFirst=0	BatFirstWins=0	BatFirstWin%=0.00	FieldFirst=0	FieldFirstWins=0	FieldFirstWin%=0.00	OverallConfidence=MODERATE	RecommendationSource=OVERALL_MATCHUP	Recommendation=OVERALL_MATCHUP_DISADVANTAGE	TossRecommendation=TOSS_DATA_INSUFFICIENT	StrategyRecommendation=BAT_FIELD_DATA_INSUFFICIENT	VenueConfidence=VERY_LOW	PerformanceScore=28.80	StrategyBonus=0.00	TossBonus=0.00	FinalScore=28.80	FinalDecision=STRONG_NEGATIVE	DecisionConfidence=VERY_LOW	StrategySignal=NONE	TossSignal=NONE	VenueConfidence=VERY_LOW
Narendra Modi Stadium, Ahmedabad	Gujarat Titans	Kolkata Knight Riders	VenueWin%=0.00	OverallWin%=66.67	VenueMatches=1	OverallMatches=3	Matches=1	Wins=0	Losses=1	Win%=0.00	TossWins=1	TossLosses=0	TossWinMatchWins=0	TossWinMatchLosses=1	TossConversion%=0.00	BatFirst=1	BatFirstWins=0	BatFirstWin%=0.00	FieldFirst=0	FieldFirstWins=0	FieldFirstWin%=0.00	OverallConfidence=LOW	RecommendationSource=OVERALL_MATCHUP	Recommendation=OVERALL_MATCHUP_ADVANTAGE	TossRecommendation=TOSS_DATA_INSUFFICIENT	StrategyRecommendation=BAT_FIELD_DATA_INSUFFICIENT	VenueConfidence=VERY_LOW	PerformanceScore=50.67	StrategyBonus=0.00	TossBonus=0.00	FinalScore=50.67	FinalDecision=BALANCED	DecisionConfidence=VERY_LOW	StrategySignal=NONE	TossSignal=NONE	VenueConfidence=VERY_LOW
Narendra Modi Stadium, Ahmedabad	Gujarat Titans	Lucknow Super Giants	VenueWin%=100.00	OverallWin%=80.00	VenueMatches=1	OverallMatches=5	Matches=1	Wins=1	Losses=0	Win%=100.00	TossWins=0	TossLosses=1	TossWinMatchWins=0	TossWinMatchLosses=0	TossConversion%=0.00	BatFirst=0	BatFirstWins=0	BatFirstWin%=0.00	FieldFirst=0	FieldFirstWins=0	FieldFirstWin%=0.00	OverallConfidence=MODERATE	RecommendationSource=OVERALL_MATCHUP	Recommendation=OVERALL_MATCHUP_STRONG_ADVANTAGE	TossRecommendation=TOSS_DATA_INSUFFICIENT	StrategyRecommendation=BAT_FIELD_DATA_INSUFFICIENT	VenueConfidence=VERY_LOW	PerformanceScore=84.80	StrategyBonus=0.00	TossBonus=0.00	FinalScore=84.80	FinalDecision=STRONG_POSITIVE	DecisionConfidence=VERY_LOW	StrategySignal=NONE	TossSignal=NONE	VenueConfidence=VERY_LOW
Narendra Modi Stadium, Ahmedabad	Gujarat Titans	Mumbai Indians	VenueWin%=100.00	OverallWin%=60.00	VenueMatches=3	OverallMatches=5	Matches=3	Wins=3	Losses=0	Win%=100.00	TossWins=0	TossLosses=3	TossWinMatchWins=0	TossWinMatchLosses=0	TossConversion%=0.00	BatFirst=0	BatFirstWins=0	BatFirstWin%=0.00	FieldFirst=0	FieldFirstWins=0	FieldFirstWin%=0.00	OverallConfidence=MODERATE	RecommendationSource=VENUE	Recommendation=STRONG_VENUE_ADVANTAGE	TossRecommendation=TOSS_WIN_HAS_LOW_VALUE	StrategyRecommendation=BAT_FIELD_DATA_INSUFFICIENT	VenueConfidence=LOW	PerformanceScore=72.80	StrategyBonus=0.00	TossBonus=0.00	FinalScore=72.80	FinalDecision=POSITIVE	DecisionConfidence=LOW	StrategySignal=NONE	TossSignal=NONE	VenueConfidence=LOW
Narendra Modi Stadium, Ahmedabad	Gujarat Titans	Punjab Kings	VenueWin%=0.00	OverallWin%=60.00	VenueMatches=1	OverallMatches=5	Matches=1	Wins=0	Losses=1	Win%=0.00	TossWins=0	TossLosses=1	TossWinMatchWins=0	TossWinMatchLosses=0	TossConversion%=0.00	BatFirst=0	BatFirstWins=0	BatFirstWin%=0.00	FieldFirst=0	FieldFirstWins=0	FieldFirstWin%=0.00	OverallConfidence=MODERATE	RecommendationSource=OVERALL_MATCHUP	Recommendation=OVERALL_MATCHUP_ADVANTAGE	TossRecommendation=TOSS_DATA_INSUFFICIENT	StrategyRecommendation=BAT_FIELD_DATA_INSUFFICIENT	VenueConfidence=VERY_LOW	PerformanceScore=45.60	StrategyBonus=0.00	TossBonus=0.00	FinalScore=45.60	FinalDecision=BALANCED	DecisionConfidence=VERY_LOW	StrategySignal=NONE	TossSignal=NONE	VenueConfidence=VERY_LOW
Narendra Modi Stadium, Ahmedabad	Gujarat Titans	Rajasthan Royals	VenueWin%=50.00	OverallWin%=83.33	VenueMatches=2	OverallMatches=6	Matches=2	Wins=1	Losses=1	Win%=50.00	TossWins=0	TossLosses=2	TossWinMatchWins=0	TossWinMatchLosses=0	TossConversion%=0.00	BatFirst=0	BatFirstWins=0	BatFirstWin%=0.00	FieldFirst=0	FieldFirstWins=0	FieldFirstWin%=0.00	OverallConfidence=MODERATE	RecommendationSource=OVERALL_MATCHUP	Recommendation=OVERALL_MATCHUP_STRONG_ADVANTAGE	TossRecommendation=TOSS_DATA_INSUFFICIENT	StrategyRecommendation=BAT_FIELD_DATA_INSUFFICIENT	VenueConfidence=VERY_LOW	PerformanceScore=74.00	StrategyBonus=0.00	TossBonus=0.00	FinalScore=74.00	FinalDecision=POSITIVE	DecisionConfidence=VERY_LOW	StrategySignal=NONE	TossSignal=NONE	VenueConfidence=VERY_LOW
Narendra Modi Stadium, Ahmedabad	Gujarat Titans	Royal Challengers Bengaluru	VenueWin%=0.00	OverallWin%=40.00	VenueMatches=1	OverallMatches=5	Matches=1	Wins=0	Losses=1	Win%=0.00	TossWins=0	TossLosses=1	TossWinMatchWins=0	TossWinMatchLosses=0	TossConversion%=0.00	BatFirst=0	BatFirstWins=0	BatFirstWin%=0.00	FieldFirst=0	FieldFirstWins=0	FieldFirstWin%=0.00	OverallConfidence=MODERATE	RecommendationSource=OVERALL_MATCHUP	Recommendation=OVERALL_MATCHUP_DISADVANTAGE	TossRecommendation=TOSS_DATA_INSUFFICIENT	StrategyRecommendation=BAT_FIELD_DATA_INSUFFICIENT	VenueConfidence=VERY_LOW	PerformanceScore=30.40	StrategyBonus=0.00	TossBonus=0.00	FinalScore=30.40	FinalDecision=NEGATIVE	DecisionConfidence=VERY_LOW	StrategySignal=NONE	TossSignal=NONE	VenueConfidence=VERY_LOW
Narendra Modi Stadium, Ahmedabad	Gujarat Titans	Sunrisers Hyderabad	VenueWin%=100.00	OverallWin%=75.00	VenueMatches=2	OverallMatches=4	Matches=2	Wins=2	Losses=0	Win%=100.00	TossWins=0	TossLosses=2	TossWinMatchWins=0	TossWinMatchLosses=0	TossConversion%=0.00	BatFirst=0	BatFirstWins=0	BatFirstWin%=0.00	FieldFirst=0	FieldFirstWins=0	FieldFirstWin%=0.00	OverallConfidence=LOW	RecommendationSource=OVERALL_MATCHUP	Recommendation=OVERALL_MATCHUP_STRONG_ADVANTAGE	TossRecommendation=TOSS_DATA_INSUFFICIENT	StrategyRecommendation=BAT_FIELD_DATA_INSUFFICIENT	VenueConfidence=VERY_LOW	PerformanceScore=82.00	StrategyBonus=0.00	TossBonus=0.00	FinalScore=82.00	FinalDecision=STRONG_POSITIVE	DecisionConfidence=VERY_LOW	StrategySignal=NONE	TossSignal=NONE	VenueConfidence=VERY_LOW
Narendra Modi Stadium, Ahmedabad	Kolkata Knight Riders	Delhi Capitals	VenueWin%=0.00	OverallWin%=54.55	VenueMatches=1	OverallMatches=33	Matches=1	Wins=0	Losses=1	Win%=0.00	TossWins=0	TossLosses=1	TossWinMatchWins=0	TossWinMatchLosses=0	TossConversion%=0.00	BatFirst=0	BatFirstWins=0	BatFirstWin%=0.00	FieldFirst=0	FieldFirstWins=0	FieldFirstWin%=0.00	OverallConfidence=VERY_STRONG	RecommendationSource=OVERALL_MATCHUP	Recommendation=OVERALL_MATCHUP_BALANCED	TossRecommendation=TOSS_DATA_INSUFFICIENT	StrategyRecommendation=BAT_FIELD_DATA_INSUFFICIENT	VenueConfidence=VERY_LOW	PerformanceScore=41.46	StrategyBonus=0.00	TossBonus=0.00	FinalScore=41.46	FinalDecision=NEGATIVE	DecisionConfidence=VERY_LOW	StrategySignal=NONE	TossSignal=NONE	VenueConfidence=VERY_LOW
Narendra Modi Stadium, Ahmedabad	Kolkata Knight Riders	Gujarat Titans	VenueWin%=100.00	OverallWin%=33.33	VenueMatches=1	OverallMatches=3	Matches=1	Wins=1	Losses=0	Win%=100.00	TossWins=0	TossLosses=1	TossWinMatchWins=0	TossWinMatchLosses=0	TossConversion%=0.00	BatFirst=0	BatFirstWins=0	BatFirstWin%=0.00	FieldFirst=0	FieldFirstWins=0	FieldFirstWin%=0.00	OverallConfidence=LOW	RecommendationSource=OVERALL_MATCHUP	Recommendation=OVERALL_MATCHUP_DISADVANTAGE	TossRecommendation=TOSS_DATA_INSUFFICIENT	StrategyRecommendation=BAT_FIELD_DATA_INSUFFICIENT	VenueConfidence=VERY_LOW	PerformanceScore=49.33	StrategyBonus=0.00	TossBonus=0.00	FinalScore=49.33	FinalDecision=BALANCED	DecisionConfidence=VERY_LOW	StrategySignal=NONE	TossSignal=NONE	VenueConfidence=VERY_LOW
Narendra Modi Stadium, Ahmedabad	Kolkata Knight Riders	Punjab Kings	VenueWin%=100.00	OverallWin%=63.64	VenueMatches=1	OverallMatches=33	Matches=1	Wins=1	Losses=0	Win%=100.00	TossWins=1	TossLosses=0	TossWinMatchWins=1	TossWinMatchLosses=0	TossConversion%=100.00	BatFirst=0	BatFirstWins=0	BatFirstWin%=0.00	FieldFirst=1	FieldFirstWins=1	FieldFirstWin%=100.00	OverallConfidence=VERY_STRONG	RecommendationSource=OVERALL_MATCHUP	Recommendation=OVERALL_MATCHUP_ADVANTAGE	TossRecommendation=TOSS_DATA_INSUFFICIENT	StrategyRecommendation=BAT_FIELD_DATA_INSUFFICIENT	VenueConfidence=VERY_LOW	PerformanceScore=72.37	StrategyBonus=0.00	TossBonus=0.00	FinalScore=72.37	FinalDecision=POSITIVE	DecisionConfidence=VERY_LOW	StrategySignal=NONE	TossSignal=NONE	VenueConfidence=VERY_LOW
Narendra Modi Stadium, Ahmedabad	Kolkata Knight Riders	Sunrisers Hyderabad	VenueWin%=100.00	OverallWin%=67.86	VenueMatches=1	OverallMatches=28	Matches=1	Wins=1	Losses=0	Win%=100.00	TossWins=0	TossLosses=1	TossWinMatchWins=0	TossWinMatchLosses=0	TossConversion%=0.00	BatFirst=0	BatFirstWins=0	BatFirstWin%=0.00	FieldFirst=0	FieldFirstWins=0	FieldFirstWin%=0.00	OverallConfidence=VERY_STRONG	RecommendationSource=OVERALL_MATCHUP	Recommendation=OVERALL_MATCHUP_ADVANTAGE	TossRecommendation=TOSS_DATA_INSUFFICIENT	StrategyRecommendation=BAT_FIELD_DATA_INSUFFICIENT	VenueConfidence=VERY_LOW	PerformanceScore=75.57	StrategyBonus=0.00	TossBonus=0.00	FinalScore=75.57	FinalDecision=STRONG_POSITIVE	DecisionConfidence=VERY_LOW	StrategySignal=NONE	TossSignal=NONE	VenueConfidence=VERY_LOW
Narendra Modi Stadium, Ahmedabad	Lucknow Super Giants	Gujarat Titans	VenueWin%=0.00	OverallWin%=20.00	VenueMatches=1	OverallMatches=5	Matches=1	Wins=0	Losses=1	Win%=0.00	TossWins=1	TossLosses=0	TossWinMatchWins=0	TossWinMatchLosses=1	TossConversion%=0.00	BatFirst=0	BatFirstWins=0	BatFirstWin%=0.00	FieldFirst=1	FieldFirstWins=0	FieldFirstWin%=0.00	OverallConfidence=MODERATE	RecommendationSource=OVERALL_MATCHUP	Recommendation=OVERALL_MATCHUP_DISADVANTAGE	TossRecommendation=TOSS_DATA_INSUFFICIENT	StrategyRecommendation=BAT_FIELD_DATA_INSUFFICIENT	VenueConfidence=VERY_LOW	PerformanceScore=15.20	StrategyBonus=0.00	TossBonus=0.00	FinalScore=15.20	FinalDecision=STRONG_NEGATIVE	DecisionConfidence=VERY_LOW	StrategySignal=NONE	TossSignal=NONE	VenueConfidence=VERY_LOW
Narendra Modi Stadium, Ahmedabad	Mumbai Indians	Gujarat Titans	VenueWin%=0.00	OverallWin%=40.00	VenueMatches=3	OverallMatches=5	Matches=3	Wins=0	Losses=3	Win%=0.00	TossWins=3	TossLosses=0	TossWinMatchWins=0	TossWinMatchLosses=3	TossConversion%=0.00	BatFirst=0	BatFirstWins=0	BatFirstWin%=0.00	FieldFirst=3	FieldFirstWins=0	FieldFirstWin%=0.00	OverallConfidence=MODERATE	RecommendationSource=VENUE	Recommendation=VENUE_DISADVANTAGE	TossRecommendation=TOSS_WIN_HAS_LOW_VALUE	StrategyRecommendation=FIELD_FIRST_DATA_STRONGER	VenueConfidence=LOW	PerformanceScore=27.20	StrategyBonus=0.00	TossBonus=0.00	FinalScore=27.20	FinalDecision=STRONG_NEGATIVE	DecisionConfidence=LOW	StrategySignal=NONE	TossSignal=NONE	VenueConfidence=LOW
Narendra Modi Stadium, Ahmedabad	Punjab Kings	Delhi Capitals	VenueWin%=0.00	OverallWin%=51.52	VenueMatches=1	OverallMatches=33	Matches=1	Wins=0	Losses=1	Win%=0.00	TossWins=0	TossLosses=1	TossWinMatchWins=0	TossWinMatchLosses=0	TossConversion%=0.00	BatFirst=0	BatFirstWins=0	BatFirstWin%=0.00	FieldFirst=0	FieldFirstWins=0	FieldFirstWin%=0.00	OverallConfidence=VERY_STRONG	RecommendationSource=OVERALL_MATCHUP	Recommendation=OVERALL_MATCHUP_BALANCED	TossRecommendation=TOSS_DATA_INSUFFICIENT	StrategyRecommendation=BAT_FIELD_DATA_INSUFFICIENT	VenueConfidence=VERY_LOW	PerformanceScore=39.16	StrategyBonus=0.00	TossBonus=0.00	FinalScore=39.16	FinalDecision=NEGATIVE	DecisionConfidence=VERY_LOW	StrategySignal=NONE	TossSignal=NONE	VenueConfidence=VERY_LOW
Narendra Modi Stadium, Ahmedabad	Punjab Kings	Gujarat Titans	VenueWin%=100.00	OverallWin%=40.00	VenueMatches=1	OverallMatches=5	Matches=1	Wins=1	Losses=0	Win%=100.00	TossWins=1	TossLosses=0	TossWinMatchWins=1	TossWinMatchLosses=0	TossConversion%=100.00	BatFirst=0	BatFirstWins=0	BatFirstWin%=0.00	FieldFirst=1	FieldFirstWins=1	FieldFirstWin%=100.00	OverallConfidence=MODERATE	RecommendationSource=OVERALL_MATCHUP	Recommendation=OVERALL_MATCHUP_DISADVANTAGE	TossRecommendation=TOSS_DATA_INSUFFICIENT	StrategyRecommendation=BAT_FIELD_DATA_INSUFFICIENT	VenueConfidence=VERY_LOW	PerformanceScore=54.40	StrategyBonus=0.00	TossBonus=0.00	FinalScore=54.40	FinalDecision=BALANCED	DecisionConfidence=VERY_LOW	StrategySignal=NONE	TossSignal=NONE	VenueConfidence=VERY_LOW
Narendra Modi Stadium, Ahmedabad	Punjab Kings	Kolkata Knight Riders	VenueWin%=0.00	OverallWin%=36.36	VenueMatches=1	OverallMatches=33	Matches=1	Wins=0	Losses=1	Win%=0.00	TossWins=0	TossLosses=1	TossWinMatchWins=0	TossWinMatchLosses=0	TossConversion%=0.00	BatFirst=0	BatFirstWins=0	BatFirstWin%=0.00	FieldFirst=0	FieldFirstWins=0	FieldFirstWin%=0.00	OverallConfidence=VERY_STRONG	RecommendationSource=OVERALL_MATCHUP	Recommendation=OVERALL_MATCHUP_DISADVANTAGE	TossRecommendation=TOSS_DATA_INSUFFICIENT	StrategyRecommendation=BAT_FIELD_DATA_INSUFFICIENT	VenueConfidence=VERY_LOW	PerformanceScore=27.63	StrategyBonus=0.00	TossBonus=0.00	FinalScore=27.63	FinalDecision=STRONG_NEGATIVE	DecisionConfidence=VERY_LOW	StrategySignal=NONE	TossSignal=NONE	VenueConfidence=VERY_LOW
Narendra Modi Stadium, Ahmedabad	Punjab Kings	Royal Challengers Bengaluru	VenueWin%=100.00	OverallWin%=51.52	VenueMatches=1	OverallMatches=33	Matches=1	Wins=1	Losses=0	Win%=100.00	TossWins=0	TossLosses=1	TossWinMatchWins=0	TossWinMatchLosses=0	TossConversion%=0.00	BatFirst=0	BatFirstWins=0	BatFirstWin%=0.00	FieldFirst=0	FieldFirstWins=0	FieldFirstWin%=0.00	OverallConfidence=VERY_STRONG	RecommendationSource=OVERALL_MATCHUP	Recommendation=OVERALL_MATCHUP_BALANCED	TossRecommendation=TOSS_DATA_INSUFFICIENT	StrategyRecommendation=BAT_FIELD_DATA_INSUFFICIENT	VenueConfidence=VERY_LOW	PerformanceScore=63.16	StrategyBonus=0.00	TossBonus=0.00	FinalScore=63.16	FinalDecision=POSITIVE	DecisionConfidence=VERY_LOW	StrategySignal=NONE	TossSignal=NONE	VenueConfidence=VERY_LOW
Narendra Modi Stadium, Ahmedabad	Rajasthan Royals	Gujarat Titans	VenueWin%=50.00	OverallWin%=16.67	VenueMatches=2	OverallMatches=6	Matches=2	Wins=1	Losses=1	Win%=50.00	TossWins=2	TossLosses=0	TossWinMatchWins=1	TossWinMatchLosses=1	TossConversion%=50.00	BatFirst=1	BatFirstWins=0	BatFirstWin%=0.00	FieldFirst=1	FieldFirstWins=1	FieldFirstWin%=100.00	OverallConfidence=MODERATE	RecommendationSource=OVERALL_MATCHUP	Recommendation=OVERALL_MATCHUP_DISADVANTAGE	TossRecommendation=TOSS_DATA_INSUFFICIENT	StrategyRecommendation=BAT_FIELD_DATA_INSUFFICIENT	VenueConfidence=VERY_LOW	PerformanceScore=26.00	StrategyBonus=0.00	TossBonus=0.00	FinalScore=26.00	FinalDecision=STRONG_NEGATIVE	DecisionConfidence=VERY_LOW	StrategySignal=NONE	TossSignal=NONE	VenueConfidence=VERY_LOW
Narendra Modi Stadium, Ahmedabad	Rajasthan Royals	Royal Challengers Bengaluru	VenueWin%=100.00	OverallWin%=45.16	VenueMatches=2	OverallMatches=31	Matches=2	Wins=2	Losses=0	Win%=100.00	TossWins=2	TossLosses=0	TossWinMatchWins=2	TossWinMatchLosses=0	TossConversion%=100.00	BatFirst=0	BatFirstWins=0	BatFirstWin%=0.00	FieldFirst=2	FieldFirstWins=2	FieldFirstWin%=100.00	OverallConfidence=VERY_STRONG	RecommendationSource=OVERALL_MATCHUP	Recommendation=OVERALL_MATCHUP_BALANCED	TossRecommendation=TOSS_DATA_INSUFFICIENT	StrategyRecommendation=BAT_FIELD_DATA_INSUFFICIENT	VenueConfidence=VERY_LOW	PerformanceScore=60.52	StrategyBonus=0.00	TossBonus=0.00	FinalScore=60.52	FinalDecision=POSITIVE	DecisionConfidence=VERY_LOW	StrategySignal=NONE	TossSignal=NONE	VenueConfidence=VERY_LOW
Narendra Modi Stadium, Ahmedabad	Royal Challengers Bengaluru	Delhi Capitals	VenueWin%=100.00	OverallWin%=61.29	VenueMatches=1	OverallMatches=31	Matches=1	Wins=1	Losses=0	Win%=100.00	TossWins=0	TossLosses=1	TossWinMatchWins=0	TossWinMatchLosses=0	TossConversion%=0.00	BatFirst=0	BatFirstWins=0	BatFirstWin%=0.00	FieldFirst=0	FieldFirstWins=0	FieldFirstWin%=0.00	OverallConfidence=VERY_STRONG	RecommendationSource=OVERALL_MATCHUP	Recommendation=OVERALL_MATCHUP_ADVANTAGE	TossRecommendation=TOSS_DATA_INSUFFICIENT	StrategyRecommendation=BAT_FIELD_DATA_INSUFFICIENT	VenueConfidence=VERY_LOW	PerformanceScore=70.58	StrategyBonus=0.00	TossBonus=0.00	FinalScore=70.58	FinalDecision=POSITIVE	DecisionConfidence=VERY_LOW	StrategySignal=NONE	TossSignal=NONE	VenueConfidence=VERY_LOW
Narendra Modi Stadium, Ahmedabad	Royal Challengers Bengaluru	Gujarat Titans	VenueWin%=100.00	OverallWin%=60.00	VenueMatches=1	OverallMatches=5	Matches=1	Wins=1	Losses=0	Win%=100.00	TossWins=1	TossLosses=0	TossWinMatchWins=1	TossWinMatchLosses=0	TossConversion%=100.00	BatFirst=0	BatFirstWins=0	BatFirstWin%=0.00	FieldFirst=1	FieldFirstWins=1	FieldFirstWin%=100.00	OverallConfidence=MODERATE	RecommendationSource=OVERALL_MATCHUP	Recommendation=OVERALL_MATCHUP_ADVANTAGE	TossRecommendation=TOSS_DATA_INSUFFICIENT	StrategyRecommendation=BAT_FIELD_DATA_INSUFFICIENT	VenueConfidence=VERY_LOW	PerformanceScore=69.60	StrategyBonus=0.00	TossBonus=0.00	FinalScore=69.60	FinalDecision=POSITIVE	DecisionConfidence=VERY_LOW	StrategySignal=NONE	TossSignal=NONE	VenueConfidence=VERY_LOW
Narendra Modi Stadium, Ahmedabad	Royal Challengers Bengaluru	Punjab Kings	VenueWin%=0.00	OverallWin%=48.48	VenueMatches=1	OverallMatches=33	Matches=1	Wins=0	Losses=1	Win%=0.00	TossWins=1	TossLosses=0	TossWinMatchWins=0	TossWinMatchLosses=1	TossConversion%=0.00	BatFirst=0	BatFirstWins=0	BatFirstWin%=0.00	FieldFirst=1	FieldFirstWins=0	FieldFirstWin%=0.00	OverallConfidence=VERY_STRONG	RecommendationSource=OVERALL_MATCHUP	Recommendation=OVERALL_MATCHUP_BALANCED	TossRecommendation=TOSS_DATA_INSUFFICIENT	StrategyRecommendation=BAT_FIELD_DATA_INSUFFICIENT	VenueConfidence=VERY_LOW	PerformanceScore=36.84	StrategyBonus=0.00	TossBonus=0.00	FinalScore=36.84	FinalDecision=NEGATIVE	DecisionConfidence=VERY_LOW	StrategySignal=NONE	TossSignal=NONE	VenueConfidence=VERY_LOW
Narendra Modi Stadium, Ahmedabad	Royal Challengers Bengaluru	Rajasthan Royals	VenueWin%=0.00	OverallWin%=48.39	VenueMatches=2	OverallMatches=31	Matches=2	Wins=0	Losses=2	Win%=0.00	TossWins=0	TossLosses=2	TossWinMatchWins=0	TossWinMatchLosses=0	TossConversion%=0.00	BatFirst=0	BatFirstWins=0	BatFirstWin%=0.00	FieldFirst=0	FieldFirstWins=0	FieldFirstWin%=0.00	OverallConfidence=VERY_STRONG	RecommendationSource=OVERALL_MATCHUP	Recommendation=OVERALL_MATCHUP_BALANCED	TossRecommendation=TOSS_DATA_INSUFFICIENT	StrategyRecommendation=BAT_FIELD_DATA_INSUFFICIENT	VenueConfidence=VERY_LOW	PerformanceScore=34.84	StrategyBonus=0.00	TossBonus=0.00	FinalScore=34.84	FinalDecision=NEGATIVE	DecisionConfidence=VERY_LOW	StrategySignal=NONE	TossSignal=NONE	VenueConfidence=VERY_LOW
Narendra Modi Stadium, Ahmedabad	Sunrisers Hyderabad	Gujarat Titans	VenueWin%=0.00	OverallWin%=25.00	VenueMatches=2	OverallMatches=4	Matches=2	Wins=0	Losses=2	Win%=0.00	TossWins=2	TossLosses=0	TossWinMatchWins=0	TossWinMatchLosses=2	TossConversion%=0.00	BatFirst=1	BatFirstWins=0	BatFirstWin%=0.00	FieldFirst=1	FieldFirstWins=0	FieldFirstWin%=0.00	OverallConfidence=LOW	RecommendationSource=OVERALL_MATCHUP	Recommendation=OVERALL_MATCHUP_DISADVANTAGE	TossRecommendation=TOSS_DATA_INSUFFICIENT	StrategyRecommendation=BAT_FIELD_DATA_INSUFFICIENT	VenueConfidence=VERY_LOW	PerformanceScore=18.00	StrategyBonus=0.00	TossBonus=0.00	FinalScore=18.00	FinalDecision=STRONG_NEGATIVE	DecisionConfidence=VERY_LOW	StrategySignal=NONE	TossSignal=NONE	VenueConfidence=VERY_LOW
Narendra Modi Stadium, Ahmedabad	Sunrisers Hyderabad	Kolkata Knight Riders	VenueWin%=0.00	OverallWin%=32.14	VenueMatches=1	OverallMatches=28	Matches=1	Wins=0	Losses=1	Win%=0.00	TossWins=1	TossLosses=0	TossWinMatchWins=0	TossWinMatchLosses=1	TossConversion%=0.00	BatFirst=1	BatFirstWins=0	BatFirstWin%=0.00	FieldFirst=0	FieldFirstWins=0	FieldFirstWin%=0.00	OverallConfidence=VERY_STRONG	RecommendationSource=OVERALL_MATCHUP	Recommendation=OVERALL_MATCHUP_DISADVANTAGE	TossRecommendation=TOSS_DATA_INSUFFICIENT	StrategyRecommendation=BAT_FIELD_DATA_INSUFFICIENT	VenueConfidence=VERY_LOW	PerformanceScore=24.43	StrategyBonus=0.00	TossBonus=0.00	FinalScore=24.43	FinalDecision=STRONG_NEGATIVE	DecisionConfidence=VERY_LOW	StrategySignal=NONE	TossSignal=NONE	VenueConfidence=VERY_LOW
Nehru Stadium	Chennai Super Kings	Kochi Tuskers Kerala	VenueWin%=0.00	OverallWin%=50.00	VenueMatches=1	OverallMatches=2	Matches=1	Wins=0	Losses=1	Win%=0.00	TossWins=0	TossLosses=1	TossWinMatchWins=0	TossWinMatchLosses=0	TossConversion%=0.00	BatFirst=0	BatFirstWins=0	BatFirstWin%=0.00	FieldFirst=0	FieldFirstWins=0	FieldFirstWin%=0.00	OverallConfidence=VERY_LOW	RecommendationSource=INSUFFICIENT	Recommendation=INSUFFICIENT_DATA	TossRecommendation=TOSS_DATA_INSUFFICIENT	StrategyRecommendation=BAT_FIELD_DATA_INSUFFICIENT	VenueConfidence=VERY_LOW	PerformanceScore=38.00	StrategyBonus=0.00	TossBonus=0.00	FinalScore=38.00	FinalDecision=NEGATIVE	DecisionConfidence=VERY_LOW	StrategySignal=NONE	TossSignal=NONE	VenueConfidence=VERY_LOW
Nehru Stadium	Deccan Chargers	Kochi Tuskers Kerala	VenueWin%=100.00	OverallWin%=100.00	VenueMatches=1	OverallMatches=1	Matches=1	Wins=1	Losses=0	Win%=100.00	TossWins=0	TossLosses=1	TossWinMatchWins=0	TossWinMatchLosses=0	TossConversion%=0.00	BatFirst=0	BatFirstWins=0	BatFirstWin%=0.00	FieldFirst=0	FieldFirstWins=0	FieldFirstWin%=0.00	OverallConfidence=VERY_LOW	RecommendationSource=INSUFFICIENT	Recommendation=INSUFFICIENT_DATA	TossRecommendation=TOSS_DATA_INSUFFICIENT	StrategyRecommendation=BAT_FIELD_DATA_INSUFFICIENT	VenueConfidence=VERY_LOW	PerformanceScore=100.00	StrategyBonus=0.00	TossBonus=0.00	FinalScore=100.00	FinalDecision=STRONG_POSITIVE	DecisionConfidence=VERY_LOW	StrategySignal=NONE	TossSignal=NONE	VenueConfidence=VERY_LOW
Nehru Stadium	Delhi Capitals	Kochi Tuskers Kerala	VenueWin%=100.00	OverallWin%=50.00	VenueMatches=1	OverallMatches=2	Matches=1	Wins=1	Losses=0	Win%=100.00	TossWins=1	TossLosses=0	TossWinMatchWins=1	TossWinMatchLosses=0	TossConversion%=100.00	BatFirst=1	BatFirstWins=1	BatFirstWin%=100.00	FieldFirst=0	FieldFirstWins=0	FieldFirstWin%=0.00	OverallConfidence=VERY_LOW	RecommendationSource=INSUFFICIENT	Recommendation=INSUFFICIENT_DATA	TossRecommendation=TOSS_DATA_INSUFFICIENT	StrategyRecommendation=BAT_FIELD_DATA_INSUFFICIENT	VenueConfidence=VERY_LOW	PerformanceScore=62.00	StrategyBonus=0.00	TossBonus=0.00	FinalScore=62.00	FinalDecision=POSITIVE	DecisionConfidence=VERY_LOW	StrategySignal=NONE	TossSignal=NONE	VenueConfidence=VERY_LOW
Nehru Stadium	Kochi Tuskers Kerala	Chennai Super Kings	VenueWin%=100.00	OverallWin%=50.00	VenueMatches=1	OverallMatches=2	Matches=1	Wins=1	Losses=0	Win%=100.00	TossWins=1	TossLosses=0	TossWinMatchWins=1	TossWinMatchLosses=0	TossConversion%=100.00	BatFirst=0	BatFirstWins=0	BatFirstWin%=0.00	FieldFirst=1	FieldFirstWins=1	FieldFirstWin%=100.00	OverallConfidence=VERY_LOW	RecommendationSource=INSUFFICIENT	Recommendation=INSUFFICIENT_DATA	TossRecommendation=TOSS_DATA_INSUFFICIENT	StrategyRecommendation=BAT_FIELD_DATA_INSUFFICIENT	VenueConfidence=VERY_LOW	PerformanceScore=62.00	StrategyBonus=0.00	TossBonus=0.00	FinalScore=62.00	FinalDecision=POSITIVE	DecisionConfidence=VERY_LOW	StrategySignal=NONE	TossSignal=NONE	VenueConfidence=VERY_LOW
Nehru Stadium	Kochi Tuskers Kerala	Deccan Chargers	VenueWin%=0.00	OverallWin%=0.00	VenueMatches=1	OverallMatches=1	Matches=1	Wins=0	Losses=1	Win%=0.00	TossWins=1	TossLosses=0	TossWinMatchWins=0	TossWinMatchLosses=1	TossConversion%=0.00	BatFirst=0	BatFirstWins=0	BatFirstWin%=0.00	FieldFirst=1	FieldFirstWins=0	FieldFirstWin%=0.00	OverallConfidence=VERY_LOW	RecommendationSource=INSUFFICIENT	Recommendation=INSUFFICIENT_DATA	TossRecommendation=TOSS_DATA_INSUFFICIENT	StrategyRecommendation=BAT_FIELD_DATA_INSUFFICIENT	VenueConfidence=VERY_LOW	PerformanceScore=0.00	StrategyBonus=0.00	TossBonus=0.00	FinalScore=0.00	FinalDecision=STRONG_NEGATIVE	DecisionConfidence=VERY_LOW	StrategySignal=NONE	TossSignal=NONE	VenueConfidence=VERY_LOW
Nehru Stadium	Kochi Tuskers Kerala	Delhi Capitals	VenueWin%=0.00	OverallWin%=50.00	VenueMatches=1	OverallMatches=2	Matches=1	Wins=0	Losses=1	Win%=0.00	TossWins=0	TossLosses=1	TossWinMatchWins=0	TossWinMatchLosses=0	TossConversion%=0.00	BatFirst=0	BatFirstWins=0	BatFirstWin%=0.00	FieldFirst=0	FieldFirstWins=0	FieldFirstWin%=0.00	OverallConfidence=VERY_LOW	RecommendationSource=INSUFFICIENT	Recommendation=INSUFFICIENT_DATA	TossRecommendation=TOSS_DATA_INSUFFICIENT	StrategyRecommendation=BAT_FIELD_DATA_INSUFFICIENT	VenueConfidence=VERY_LOW	PerformanceScore=38.00	StrategyBonus=0.00	TossBonus=0.00	FinalScore=38.00	FinalDecision=NEGATIVE	DecisionConfidence=VERY_LOW	StrategySignal=NONE	TossSignal=NONE	VenueConfidence=VERY_LOW
Nehru Stadium	Kochi Tuskers Kerala	Kolkata Knight Riders	VenueWin%=100.00	OverallWin%=100.00	VenueMatches=1	OverallMatches=2	Matches=1	Wins=1	Losses=0	Win%=100.00	TossWins=0	TossLosses=1	TossWinMatchWins=0	TossWinMatchLosses=0	TossConversion%=0.00	BatFirst=0	BatFirstWins=0	BatFirstWin%=0.00	FieldFirst=0	FieldFirstWins=0	FieldFirstWin%=0.00	OverallConfidence=VERY_LOW	RecommendationSource=INSUFFICIENT	Recommendation=INSUFFICIENT_DATA	TossRecommendation=TOSS_DATA_INSUFFICIENT	StrategyRecommendation=BAT_FIELD_DATA_INSUFFICIENT	VenueConfidence=VERY_LOW	PerformanceScore=100.00	StrategyBonus=0.00	TossBonus=0.00	FinalScore=100.00	FinalDecision=STRONG_POSITIVE	DecisionConfidence=VERY_LOW	StrategySignal=NONE	TossSignal=NONE	VenueConfidence=VERY_LOW
Nehru Stadium	Kochi Tuskers Kerala	Royal Challengers Bengaluru	VenueWin%=0.00	OverallWin%=0.00	VenueMatches=1	OverallMatches=2	Matches=1	Wins=0	Losses=1	Win%=0.00	TossWins=1	TossLosses=0	TossWinMatchWins=0	TossWinMatchLosses=1	TossConversion%=0.00	BatFirst=1	BatFirstWins=0	BatFirstWin%=0.00	FieldFirst=0	FieldFirstWins=0	FieldFirstWin%=0.00	OverallConfidence=VERY_LOW	RecommendationSource=INSUFFICIENT	Recommendation=INSUFFICIENT_DATA	TossRecommendation=TOSS_DATA_INSUFFICIENT	StrategyRecommendation=BAT_FIELD_DATA_INSUFFICIENT	VenueConfidence=VERY_LOW	PerformanceScore=0.00	StrategyBonus=0.00	TossBonus=0.00	FinalScore=0.00	FinalDecision=STRONG_NEGATIVE	DecisionConfidence=VERY_LOW	StrategySignal=NONE	TossSignal=NONE	VenueConfidence=VERY_LOW
Nehru Stadium	Kolkata Knight Riders	Kochi Tuskers Kerala	VenueWin%=0.00	OverallWin%=0.00	VenueMatches=1	OverallMatches=2	Matches=1	Wins=0	Losses=1	Win%=0.00	TossWins=1	TossLosses=0	TossWinMatchWins=0	TossWinMatchLosses=1	TossConversion%=0.00	BatFirst=0	BatFirstWins=0	BatFirstWin%=0.00	FieldFirst=1	FieldFirstWins=0	FieldFirstWin%=0.00	OverallConfidence=VERY_LOW	RecommendationSource=INSUFFICIENT	Recommendation=INSUFFICIENT_DATA	TossRecommendation=TOSS_DATA_INSUFFICIENT	StrategyRecommendation=BAT_FIELD_DATA_INSUFFICIENT	VenueConfidence=VERY_LOW	PerformanceScore=0.00	StrategyBonus=0.00	TossBonus=0.00	FinalScore=0.00	FinalDecision=STRONG_NEGATIVE	DecisionConfidence=VERY_LOW	StrategySignal=NONE	TossSignal=NONE	VenueConfidence=VERY_LOW
Nehru Stadium	Royal Challengers Bengaluru	Kochi Tuskers Kerala	VenueWin%=100.00	OverallWin%=100.00	VenueMatches=1	OverallMatches=2	Matches=1	Wins=1	Losses=0	Win%=100.00	TossWins=0	TossLosses=1	TossWinMatchWins=0	TossWinMatchLosses=0	TossConversion%=0.00	BatFirst=0	BatFirstWins=0	BatFirstWin%=0.00	FieldFirst=0	FieldFirstWins=0	FieldFirstWin%=0.00	OverallConfidence=VERY_LOW	RecommendationSource=INSUFFICIENT	Recommendation=INSUFFICIENT_DATA	TossRecommendation=TOSS_DATA_INSUFFICIENT	StrategyRecommendation=BAT_FIELD_DATA_INSUFFICIENT	VenueConfidence=VERY_LOW	PerformanceScore=100.00	StrategyBonus=0.00	TossBonus=0.00	FinalScore=100.00	FinalDecision=STRONG_POSITIVE	DecisionConfidence=VERY_LOW	StrategySignal=NONE	TossSignal=NONE	VenueConfidence=VERY_LOW
New Wanderers Stadium	Chennai Super Kings	Delhi Capitals	VenueWin%=100.00	OverallWin%=63.33	VenueMatches=1	OverallMatches=30	Matches=1	Wins=1	Losses=0	Win%=100.00	TossWins=0	TossLosses=1	TossWinMatchWins=0	TossWinMatchLosses=0	TossConversion%=0.00	BatFirst=0	BatFirstWins=0	BatFirstWin%=0.00	FieldFirst=0	FieldFirstWins=0	FieldFirstWin%=0.00	OverallConfidence=VERY_STRONG	RecommendationSource=OVERALL_MATCHUP	Recommendation=OVERALL_MATCHUP_ADVANTAGE	TossRecommendation=TOSS_DATA_INSUFFICIENT	StrategyRecommendation=BAT_FIELD_DATA_INSUFFICIENT	VenueConfidence=VERY_LOW	PerformanceScore=72.13	StrategyBonus=0.00	TossBonus=0.00	FinalScore=72.13	FinalDecision=POSITIVE	DecisionConfidence=VERY_LOW	StrategySignal=NONE	TossSignal=NONE	VenueConfidence=VERY_LOW
New Wanderers Stadium	Chennai Super Kings	Royal Challengers Bengaluru	VenueWin%=0.00	OverallWin%=65.62	VenueMatches=1	OverallMatches=32	Matches=1	Wins=0	Losses=1	Win%=0.00	TossWins=0	TossLosses=1	TossWinMatchWins=0	TossWinMatchLosses=0	TossConversion%=0.00	BatFirst=0	BatFirstWins=0	BatFirstWin%=0.00	FieldFirst=0	FieldFirstWins=0	FieldFirstWin%=0.00	OverallConfidence=VERY_STRONG	RecommendationSource=OVERALL_MATCHUP	Recommendation=OVERALL_MATCHUP_ADVANTAGE	TossRecommendation=TOSS_DATA_INSUFFICIENT	StrategyRecommendation=BAT_FIELD_DATA_INSUFFICIENT	VenueConfidence=VERY_LOW	PerformanceScore=49.87	StrategyBonus=0.00	TossBonus=0.00	FinalScore=49.87	FinalDecision=BALANCED	DecisionConfidence=VERY_LOW	StrategySignal=NONE	TossSignal=NONE	VenueConfidence=VERY_LOW
New Wanderers Stadium	Deccan Chargers	Kolkata Knight Riders	VenueWin%=100.00	OverallWin%=22.22	VenueMatches=1	OverallMatches=9	Matches=1	Wins=1	Losses=0	Win%=100.00	TossWins=1	TossLosses=0	TossWinMatchWins=1	TossWinMatchLosses=0	TossConversion%=100.00	BatFirst=0	BatFirstWins=0	BatFirstWin%=0.00	FieldFirst=1	FieldFirstWins=1	FieldFirstWin%=100.00	OverallConfidence=MODERATE	RecommendationSource=OVERALL_MATCHUP	Recommendation=OVERALL_MATCHUP_DISADVANTAGE	TossRecommendation=TOSS_DATA_INSUFFICIENT	StrategyRecommendation=BAT_FIELD_DATA_INSUFFICIENT	VenueConfidence=VERY_LOW	PerformanceScore=40.89	StrategyBonus=0.00	TossBonus=0.00	FinalScore=40.89	FinalDecision=NEGATIVE	DecisionConfidence=VERY_LOW	StrategySignal=NONE	TossSignal=NONE	VenueConfidence=VERY_LOW
New Wanderers Stadium	Deccan Chargers	Punjab Kings	VenueWin%=0.00	OverallWin%=30.00	VenueMatches=1	OverallMatches=10	Matches=1	Wins=0	Losses=1	Win%=0.00	TossWins=1	TossLosses=0	TossWinMatchWins=0	TossWinMatchLosses=1	TossConversion%=0.00	BatFirst=0	BatFirstWins=0	BatFirstWin%=0.00	FieldFirst=1	FieldFirstWins=0	FieldFirstWin%=0.00	OverallConfidence=STRONG	RecommendationSource=OVERALL_MATCHUP	Recommendation=OVERALL_MATCHUP_DISADVANTAGE	TossRecommendation=TOSS_DATA_INSUFFICIENT	StrategyRecommendation=BAT_FIELD_DATA_INSUFFICIENT	VenueConfidence=VERY_LOW	PerformanceScore=22.80	StrategyBonus=0.00	TossBonus=0.00	FinalScore=22.80	FinalDecision=STRONG_NEGATIVE	DecisionConfidence=VERY_LOW	StrategySignal=NONE	TossSignal=NONE	VenueConfidence=VERY_LOW
New Wanderers Stadium	Deccan Chargers	Royal Challengers Bengaluru	VenueWin%=100.00	OverallWin%=54.55	VenueMatches=1	OverallMatches=11	Matches=1	Wins=1	Losses=0	Win%=100.00	TossWins=0	TossLosses=1	TossWinMatchWins=0	TossWinMatchLosses=0	TossConversion%=0.00	BatFirst=0	BatFirstWins=0	BatFirstWin%=0.00	FieldFirst=0	FieldFirstWins=0	FieldFirstWin%=0.00	OverallConfidence=STRONG	RecommendationSource=OVERALL_MATCHUP	Recommendation=OVERALL_MATCHUP_BALANCED	TossRecommendation=TOSS_DATA_INSUFFICIENT	StrategyRecommendation=BAT_FIELD_DATA_INSUFFICIENT	VenueConfidence=VERY_LOW	PerformanceScore=65.46	StrategyBonus=0.00	TossBonus=0.00	FinalScore=65.46	FinalDecision=POSITIVE	DecisionConfidence=VERY_LOW	StrategySignal=NONE	TossSignal=NONE	VenueConfidence=VERY_LOW
New Wanderers Stadium	Delhi Capitals	Chennai Super Kings	VenueWin%=0.00	OverallWin%=36.67	VenueMatches=1	OverallMatches=30	Matches=1	Wins=0	Losses=1	Win%=0.00	TossWins=1	TossLosses=0	TossWinMatchWins=0	TossWinMatchLosses=1	TossConversion%=0.00	BatFirst=0	BatFirstWins=0	BatFirstWin%=0.00	FieldFirst=1	FieldFirstWins=0	FieldFirstWin%=0.00	OverallConfidence=VERY_STRONG	RecommendationSource=OVERALL_MATCHUP	Recommendation=OVERALL_MATCHUP_DISADVANTAGE	TossRecommendation=TOSS_DATA_INSUFFICIENT	StrategyRecommendation=BAT_FIELD_DATA_INSUFFICIENT	VenueConfidence=VERY_LOW	PerformanceScore=27.87	StrategyBonus=0.00	TossBonus=0.00	FinalScore=27.87	FinalDecision=STRONG_NEGATIVE	DecisionConfidence=VERY_LOW	StrategySignal=NONE	TossSignal=NONE	VenueConfidence=VERY_LOW
New Wanderers Stadium	Delhi Capitals	Kolkata Knight Riders	VenueWin%=100.00	OverallWin%=45.45	VenueMatches=1	OverallMatches=33	Matches=1	Wins=1	Losses=0	Win%=100.00	TossWins=1	TossLosses=0	TossWinMatchWins=1	TossWinMatchLosses=0	TossConversion%=100.00	BatFirst=0	BatFirstWins=0	BatFirstWin%=0.00	FieldFirst=1	FieldFirstWins=1	FieldFirstWin%=100.00	OverallConfidence=VERY_STRONG	RecommendationSource=OVERALL_MATCHUP	Recommendation=OVERALL_MATCHUP_BALANCED	TossRecommendation=TOSS_DATA_INSUFFICIENT	StrategyRecommendation=BAT_FIELD_DATA_INSUFFICIENT	VenueConfidence=VERY_LOW	PerformanceScore=58.54	StrategyBonus=0.00	TossBonus=0.00	FinalScore=58.54	FinalDecision=BALANCED	DecisionConfidence=VERY_LOW	StrategySignal=NONE	TossSignal=NONE	VenueConfidence=VERY_LOW
New Wanderers Stadium	Delhi Capitals	Royal Challengers Bengaluru	VenueWin%=0.00	OverallWin%=35.48	VenueMatches=1	OverallMatches=31	Matches=1	Wins=0	Losses=1	Win%=0.00	TossWins=1	TossLosses=0	TossWinMatchWins=0	TossWinMatchLosses=1	TossConversion%=0.00	BatFirst=1	BatFirstWins=0	BatFirstWin%=0.00	FieldFirst=0	FieldFirstWins=0	FieldFirstWin%=0.00	OverallConfidence=VERY_STRONG	RecommendationSource=OVERALL_MATCHUP	Recommendation=OVERALL_MATCHUP_DISADVANTAGE	TossRecommendation=TOSS_DATA_INSUFFICIENT	StrategyRecommendation=BAT_FIELD_DATA_INSUFFICIENT	VenueConfidence=VERY_LOW	PerformanceScore=26.96	StrategyBonus=0.00	TossBonus=0.00	FinalScore=26.96	FinalDecision=STRONG_NEGATIVE	DecisionConfidence=VERY_LOW	StrategySignal=NONE	TossSignal=NONE	VenueConfidence=VERY_LOW
New Wanderers Stadium	Kolkata Knight Riders	Deccan Chargers	VenueWin%=0.00	OverallWin%=77.78	VenueMatches=1	OverallMatches=9	Matches=1	Wins=0	Losses=1	Win%=0.00	TossWins=0	TossLosses=1	TossWinMatchWins=0	TossWinMatchLosses=0	TossConversion%=0.00	BatFirst=0	BatFirstWins=0	BatFirstWin%=0.00	FieldFirst=0	FieldFirstWins=0	FieldFirstWin%=0.00	OverallConfidence=MODERATE	RecommendationSource=OVERALL_MATCHUP	Recommendation=OVERALL_MATCHUP_STRONG_ADVANTAGE	TossRecommendation=TOSS_DATA_INSUFFICIENT	StrategyRecommendation=BAT_FIELD_DATA_INSUFFICIENT	VenueConfidence=VERY_LOW	PerformanceScore=59.11	StrategyBonus=0.00	TossBonus=0.00	FinalScore=59.11	FinalDecision=BALANCED	DecisionConfidence=VERY_LOW	StrategySignal=NONE	TossSignal=NONE	VenueConfidence=VERY_LOW
New Wanderers Stadium	Kolkata Knight Riders	Delhi Capitals	VenueWin%=0.00	OverallWin%=54.55	VenueMatches=1	OverallMatches=33	Matches=1	Wins=0	Losses=1	Win%=0.00	TossWins=0	TossLosses=1	TossWinMatchWins=0	TossWinMatchLosses=0	TossConversion%=0.00	BatFirst=0	BatFirstWins=0	BatFirstWin%=0.00	FieldFirst=0	FieldFirstWins=0	FieldFirstWin%=0.00	OverallConfidence=VERY_STRONG	RecommendationSource=OVERALL_MATCHUP	Recommendation=OVERALL_MATCHUP_BALANCED	TossRecommendation=TOSS_DATA_INSUFFICIENT	StrategyRecommendation=BAT_FIELD_DATA_INSUFFICIENT	VenueConfidence=VERY_LOW	PerformanceScore=41.46	StrategyBonus=0.00	TossBonus=0.00	FinalScore=41.46	FinalDecision=NEGATIVE	DecisionConfidence=VERY_LOW	StrategySignal=NONE	TossSignal=NONE	VenueConfidence=VERY_LOW
New Wanderers Stadium	Mumbai Indians	Royal Challengers Bengaluru	VenueWin%=0.00	OverallWin%=57.58	VenueMatches=1	OverallMatches=33	Matches=1	Wins=0	Losses=1	Win%=0.00	TossWins=1	TossLosses=0	TossWinMatchWins=0	TossWinMatchLosses=1	TossConversion%=0.00	BatFirst=1	BatFirstWins=0	BatFirstWin%=0.00	FieldFirst=0	FieldFirstWins=0	FieldFirstWin%=0.00	OverallConfidence=VERY_STRONG	RecommendationSource=OVERALL_MATCHUP	Recommendation=OVERALL_MATCHUP_ADVANTAGE	TossRecommendation=TOSS_DATA_INSUFFICIENT	StrategyRecommendation=BAT_FIELD_DATA_INSUFFICIENT	VenueConfidence=VERY_LOW	PerformanceScore=43.76	StrategyBonus=0.00	TossBonus=0.00	FinalScore=43.76	FinalDecision=NEGATIVE	DecisionConfidence=VERY_LOW	StrategySignal=NONE	TossSignal=NONE	VenueConfidence=VERY_LOW
New Wanderers Stadium	Punjab Kings	Deccan Chargers	VenueWin%=100.00	OverallWin%=70.00	VenueMatches=1	OverallMatches=10	Matches=1	Wins=1	Losses=0	Win%=100.00	TossWins=0	TossLosses=1	TossWinMatchWins=0	TossWinMatchLosses=0	TossConversion%=0.00	BatFirst=0	BatFirstWins=0	BatFirstWin%=0.00	FieldFirst=0	FieldFirstWins=0	FieldFirstWin%=0.00	OverallConfidence=STRONG	RecommendationSource=OVERALL_MATCHUP	Recommendation=OVERALL_MATCHUP_STRONG_ADVANTAGE	TossRecommendation=TOSS_DATA_INSUFFICIENT	StrategyRecommendation=BAT_FIELD_DATA_INSUFFICIENT	VenueConfidence=VERY_LOW	PerformanceScore=77.20	StrategyBonus=0.00	TossBonus=0.00	FinalScore=77.20	FinalDecision=STRONG_POSITIVE	DecisionConfidence=VERY_LOW	StrategySignal=NONE	TossSignal=NONE	VenueConfidence=VERY_LOW
New Wanderers Stadium	Royal Challengers Bengaluru	Chennai Super Kings	VenueWin%=100.00	OverallWin%=34.38	VenueMatches=1	OverallMatches=32	Matches=1	Wins=1	Losses=0	Win%=100.00	TossWins=1	TossLosses=0	TossWinMatchWins=1	TossWinMatchLosses=0	TossConversion%=100.00	BatFirst=0	BatFirstWins=0	BatFirstWin%=0.00	FieldFirst=1	FieldFirstWins=1	FieldFirstWin%=100.00	OverallConfidence=VERY_STRONG	RecommendationSource=OVERALL_MATCHUP	Recommendation=OVERALL_MATCHUP_DISADVANTAGE	TossRecommendation=TOSS_DATA_INSUFFICIENT	StrategyRecommendation=BAT_FIELD_DATA_INSUFFICIENT	VenueConfidence=VERY_LOW	PerformanceScore=50.13	StrategyBonus=0.00	TossBonus=0.00	FinalScore=50.13	FinalDecision=BALANCED	DecisionConfidence=VERY_LOW	StrategySignal=NONE	TossSignal=NONE	VenueConfidence=VERY_LOW
New Wanderers Stadium	Royal Challengers Bengaluru	Deccan Chargers	VenueWin%=0.00	OverallWin%=45.45	VenueMatches=1	OverallMatches=11	Matches=1	Wins=0	Losses=1	Win%=0.00	TossWins=1	TossLosses=0	TossWinMatchWins=0	TossWinMatchLosses=1	TossConversion%=0.00	BatFirst=0	BatFirstWins=0	BatFirstWin%=0.00	FieldFirst=1	FieldFirstWins=0	FieldFirstWin%=0.00	OverallConfidence=STRONG	RecommendationSource=OVERALL_MATCHUP	Recommendation=OVERALL_MATCHUP_BALANCED	TossRecommendation=TOSS_DATA_INSUFFICIENT	StrategyRecommendation=BAT_FIELD_DATA_INSUFFICIENT	VenueConfidence=VERY_LOW	PerformanceScore=34.54	StrategyBonus=0.00	TossBonus=0.00	FinalScore=34.54	FinalDecision=NEGATIVE	DecisionConfidence=VERY_LOW	StrategySignal=NONE	TossSignal=NONE	VenueConfidence=VERY_LOW
New Wanderers Stadium	Royal Challengers Bengaluru	Delhi Capitals	VenueWin%=100.00	OverallWin%=61.29	VenueMatches=1	OverallMatches=31	Matches=1	Wins=1	Losses=0	Win%=100.00	TossWins=0	TossLosses=1	TossWinMatchWins=0	TossWinMatchLosses=0	TossConversion%=0.00	BatFirst=0	BatFirstWins=0	BatFirstWin%=0.00	FieldFirst=0	FieldFirstWins=0	FieldFirstWin%=0.00	OverallConfidence=VERY_STRONG	RecommendationSource=OVERALL_MATCHUP	Recommendation=OVERALL_MATCHUP_ADVANTAGE	TossRecommendation=TOSS_DATA_INSUFFICIENT	StrategyRecommendation=BAT_FIELD_DATA_INSUFFICIENT	VenueConfidence=VERY_LOW	PerformanceScore=70.58	StrategyBonus=0.00	TossBonus=0.00	FinalScore=70.58	FinalDecision=POSITIVE	DecisionConfidence=VERY_LOW	StrategySignal=NONE	TossSignal=NONE	VenueConfidence=VERY_LOW
New Wanderers Stadium	Royal Challengers Bengaluru	Mumbai Indians	VenueWin%=100.00	OverallWin%=42.42	VenueMatches=1	OverallMatches=33	Matches=1	Wins=1	Losses=0	Win%=100.00	TossWins=0	TossLosses=1	TossWinMatchWins=0	TossWinMatchLosses=0	TossConversion%=0.00	BatFirst=0	BatFirstWins=0	BatFirstWin%=0.00	FieldFirst=0	FieldFirstWins=0	FieldFirstWin%=0.00	OverallConfidence=VERY_STRONG	RecommendationSource=OVERALL_MATCHUP	Recommendation=OVERALL_MATCHUP_BALANCED	TossRecommendation=TOSS_DATA_INSUFFICIENT	StrategyRecommendation=BAT_FIELD_DATA_INSUFFICIENT	VenueConfidence=VERY_LOW	PerformanceScore=56.24	StrategyBonus=0.00	TossBonus=0.00	FinalScore=56.24	FinalDecision=BALANCED	DecisionConfidence=VERY_LOW	StrategySignal=NONE	TossSignal=NONE	VenueConfidence=VERY_LOW
Newlands	Chennai Super Kings	Mumbai Indians	VenueWin%=0.00	OverallWin%=45.95	VenueMatches=1	OverallMatches=37	Matches=1	Wins=0	Losses=1	Win%=0.00	TossWins=1	TossLosses=0	TossWinMatchWins=0	TossWinMatchLosses=1	TossConversion%=0.00	BatFirst=0	BatFirstWins=0	BatFirstWin%=0.00	FieldFirst=1	FieldFirstWins=0	FieldFirstWin%=0.00	OverallConfidence=VERY_STRONG	RecommendationSource=OVERALL_MATCHUP	Recommendation=OVERALL_MATCHUP_BALANCED	TossRecommendation=TOSS_DATA_INSUFFICIENT	StrategyRecommendation=BAT_FIELD_DATA_INSUFFICIENT	VenueConfidence=VERY_LOW	PerformanceScore=34.92	StrategyBonus=0.00	TossBonus=0.00	FinalScore=34.92	FinalDecision=NEGATIVE	DecisionConfidence=VERY_LOW	StrategySignal=NONE	TossSignal=NONE	VenueConfidence=VERY_LOW
Newlands	Deccan Chargers	Kolkata Knight Riders	VenueWin%=100.00	OverallWin%=22.22	VenueMatches=1	OverallMatches=9	Matches=1	Wins=1	Losses=0	Win%=100.00	TossWins=0	TossLosses=1	TossWinMatchWins=0	TossWinMatchLosses=0	TossConversion%=0.00	BatFirst=0	BatFirstWins=0	BatFirstWin%=0.00	FieldFirst=0	FieldFirstWins=0	FieldFirstWin%=0.00	OverallConfidence=MODERATE	RecommendationSource=OVERALL_MATCHUP	Recommendation=OVERALL_MATCHUP_DISADVANTAGE	TossRecommendation=TOSS_DATA_INSUFFICIENT	StrategyRecommendation=BAT_FIELD_DATA_INSUFFICIENT	VenueConfidence=VERY_LOW	PerformanceScore=40.89	StrategyBonus=0.00	TossBonus=0.00	FinalScore=40.89	FinalDecision=NEGATIVE	DecisionConfidence=VERY_LOW	StrategySignal=NONE	TossSignal=NONE	VenueConfidence=VERY_LOW
Newlands	Deccan Chargers	Royal Challengers Bengaluru	VenueWin%=100.00	OverallWin%=54.55	VenueMatches=1	OverallMatches=11	Matches=1	Wins=1	Losses=0	Win%=100.00	TossWins=1	TossLosses=0	TossWinMatchWins=1	TossWinMatchLosses=0	TossConversion%=100.00	BatFirst=1	BatFirstWins=1	BatFirstWin%=100.00	FieldFirst=0	FieldFirstWins=0	FieldFirstWin%=0.00	OverallConfidence=STRONG	RecommendationSource=OVERALL_MATCHUP	Recommendation=OVERALL_MATCHUP_BALANCED	TossRecommendation=TOSS_DATA_INSUFFICIENT	StrategyRecommendation=BAT_FIELD_DATA_INSUFFICIENT	VenueConfidence=VERY_LOW	PerformanceScore=65.46	StrategyBonus=0.00	TossBonus=0.00	FinalScore=65.46	FinalDecision=POSITIVE	DecisionConfidence=VERY_LOW	StrategySignal=NONE	TossSignal=NONE	VenueConfidence=VERY_LOW
Newlands	Delhi Capitals	Punjab Kings	VenueWin%=100.00	OverallWin%=48.48	VenueMatches=1	OverallMatches=33	Matches=1	Wins=1	Losses=0	Win%=100.00	TossWins=1	TossLosses=0	TossWinMatchWins=1	TossWinMatchLosses=0	TossConversion%=100.00	BatFirst=0	BatFirstWins=0	BatFirstWin%=0.00	FieldFirst=1	FieldFirstWins=1	FieldFirstWin%=100.00	OverallConfidence=VERY_STRONG	RecommendationSource=OVERALL_MATCHUP	Recommendation=OVERALL_MATCHUP_BALANCED	TossRecommendation=TOSS_DATA_INSUFFICIENT	StrategyRecommendation=BAT_FIELD_DATA_INSUFFICIENT	VenueConfidence=VERY_LOW	PerformanceScore=60.84	StrategyBonus=0.00	TossBonus=0.00	FinalScore=60.84	FinalDecision=POSITIVE	DecisionConfidence=VERY_LOW	StrategySignal=NONE	TossSignal=NONE	VenueConfidence=VERY_LOW
Newlands	Kolkata Knight Riders	Deccan Chargers	VenueWin%=0.00	OverallWin%=77.78	VenueMatches=1	OverallMatches=9	Matches=1	Wins=0	Losses=1	Win%=0.00	TossWins=1	TossLosses=0	TossWinMatchWins=0	TossWinMatchLosses=1	TossConversion%=0.00	BatFirst=1	BatFirstWins=0	BatFirstWin%=0.00	FieldFirst=0	FieldFirstWins=0	FieldFirstWin%=0.00	OverallConfidence=MODERATE	RecommendationSource=OVERALL_MATCHUP	Recommendation=OVERALL_MATCHUP_STRONG_ADVANTAGE	TossRecommendation=TOSS_DATA_INSUFFICIENT	StrategyRecommendation=BAT_FIELD_DATA_INSUFFICIENT	VenueConfidence=VERY_LOW	PerformanceScore=59.11	StrategyBonus=0.00	TossBonus=0.00	FinalScore=59.11	FinalDecision=BALANCED	DecisionConfidence=VERY_LOW	StrategySignal=NONE	TossSignal=NONE	VenueConfidence=VERY_LOW
Newlands	Kolkata Knight Riders	Rajasthan Royals	VenueWin%=0.00	OverallWin%=50.00	VenueMatches=1	OverallMatches=28	Matches=1	Wins=0	Losses=1	Win%=0.00	TossWins=1	TossLosses=0	TossWinMatchWins=0	TossWinMatchLosses=1	TossConversion%=0.00	BatFirst=0	BatFirstWins=0	BatFirstWin%=0.00	FieldFirst=1	FieldFirstWins=0	FieldFirstWin%=0.00	OverallConfidence=VERY_STRONG	RecommendationSource=OVERALL_MATCHUP	Recommendation=OVERALL_MATCHUP_BALANCED	TossRecommendation=TOSS_DATA_INSUFFICIENT	StrategyRecommendation=BAT_FIELD_DATA_INSUFFICIENT	VenueConfidence=VERY_LOW	PerformanceScore=38.00	StrategyBonus=0.00	TossBonus=0.00	FinalScore=38.00	FinalDecision=NEGATIVE	DecisionConfidence=VERY_LOW	StrategySignal=NONE	TossSignal=NONE	VenueConfidence=VERY_LOW
Newlands	Mumbai Indians	Chennai Super Kings	VenueWin%=100.00	OverallWin%=54.05	VenueMatches=1	OverallMatches=37	Matches=1	Wins=1	Losses=0	Win%=100.00	TossWins=0	TossLosses=1	TossWinMatchWins=0	TossWinMatchLosses=0	TossConversion%=0.00	BatFirst=0	BatFirstWins=0	BatFirstWin%=0.00	FieldFirst=0	FieldFirstWins=0	FieldFirstWin%=0.00	OverallConfidence=VERY_STRONG	RecommendationSource=OVERALL_MATCHUP	Recommendation=OVERALL_MATCHUP_BALANCED	TossRecommendation=TOSS_DATA_INSUFFICIENT	StrategyRecommendation=BAT_FIELD_DATA_INSUFFICIENT	VenueConfidence=VERY_LOW	PerformanceScore=65.08	StrategyBonus=0.00	TossBonus=0.00	FinalScore=65.08	FinalDecision=POSITIVE	DecisionConfidence=VERY_LOW	StrategySignal=NONE	TossSignal=NONE	VenueConfidence=VERY_LOW
Newlands	Punjab Kings	Delhi Capitals	VenueWin%=0.00	OverallWin%=51.52	VenueMatches=1	OverallMatches=33	Matches=1	Wins=0	Losses=1	Win%=0.00	TossWins=0	TossLosses=1	TossWinMatchWins=0	TossWinMatchLosses=0	TossConversion%=0.00	BatFirst=0	BatFirstWins=0	BatFirstWin%=0.00	FieldFirst=0	FieldFirstWins=0	FieldFirstWin%=0.00	OverallConfidence=VERY_STRONG	RecommendationSource=OVERALL_MATCHUP	Recommendation=OVERALL_MATCHUP_BALANCED	TossRecommendation=TOSS_DATA_INSUFFICIENT	StrategyRecommendation=BAT_FIELD_DATA_INSUFFICIENT	VenueConfidence=VERY_LOW	PerformanceScore=39.16	StrategyBonus=0.00	TossBonus=0.00	FinalScore=39.16	FinalDecision=NEGATIVE	DecisionConfidence=VERY_LOW	StrategySignal=NONE	TossSignal=NONE	VenueConfidence=VERY_LOW
Newlands	Punjab Kings	Rajasthan Royals	VenueWin%=100.00	OverallWin%=42.86	VenueMatches=1	OverallMatches=28	Matches=1	Wins=1	Losses=0	Win%=100.00	TossWins=1	TossLosses=0	TossWinMatchWins=1	TossWinMatchLosses=0	TossConversion%=100.00	BatFirst=1	BatFirstWins=1	BatFirstWin%=100.00	FieldFirst=0	FieldFirstWins=0	FieldFirstWin%=0.00	OverallConfidence=VERY_STRONG	RecommendationSource=OVERALL_MATCHUP	Recommendation=OVERALL_MATCHUP_BALANCED	TossRecommendation=TOSS_DATA_INSUFFICIENT	StrategyRecommendation=BAT_FIELD_DATA_INSUFFICIENT	VenueConfidence=VERY_LOW	PerformanceScore=56.57	StrategyBonus=0.00	TossBonus=0.00	FinalScore=56.57	FinalDecision=BALANCED	DecisionConfidence=VERY_LOW	StrategySignal=NONE	TossSignal=NONE	VenueConfidence=VERY_LOW
Newlands	Rajasthan Royals	Kolkata Knight Riders	VenueWin%=100.00	OverallWin%=50.00	VenueMatches=1	OverallMatches=28	Matches=1	Wins=1	Losses=0	Win%=100.00	TossWins=0	TossLosses=1	TossWinMatchWins=0	TossWinMatchLosses=0	TossConversion%=0.00	BatFirst=0	BatFirstWins=0	BatFirstWin%=0.00	FieldFirst=0	FieldFirstWins=0	FieldFirstWin%=0.00	OverallConfidence=VERY_STRONG	RecommendationSource=OVERALL_MATCHUP	Recommendation=OVERALL_MATCHUP_BALANCED	TossRecommendation=TOSS_DATA_INSUFFICIENT	StrategyRecommendation=BAT_FIELD_DATA_INSUFFICIENT	VenueConfidence=VERY_LOW	PerformanceScore=62.00	StrategyBonus=0.00	TossBonus=0.00	FinalScore=62.00	FinalDecision=POSITIVE	DecisionConfidence=VERY_LOW	StrategySignal=NONE	TossSignal=NONE	VenueConfidence=VERY_LOW
Newlands	Rajasthan Royals	Punjab Kings	VenueWin%=0.00	OverallWin%=57.14	VenueMatches=1	OverallMatches=28	Matches=1	Wins=0	Losses=1	Win%=0.00	TossWins=0	TossLosses=1	TossWinMatchWins=0	TossWinMatchLosses=0	TossConversion%=0.00	BatFirst=0	BatFirstWins=0	BatFirstWin%=0.00	FieldFirst=0	FieldFirstWins=0	FieldFirstWin%=0.00	OverallConfidence=VERY_STRONG	RecommendationSource=OVERALL_MATCHUP	Recommendation=OVERALL_MATCHUP_ADVANTAGE	TossRecommendation=TOSS_DATA_INSUFFICIENT	StrategyRecommendation=BAT_FIELD_DATA_INSUFFICIENT	VenueConfidence=VERY_LOW	PerformanceScore=43.43	StrategyBonus=0.00	TossBonus=0.00	FinalScore=43.43	FinalDecision=NEGATIVE	DecisionConfidence=VERY_LOW	StrategySignal=NONE	TossSignal=NONE	VenueConfidence=VERY_LOW
Newlands	Rajasthan Royals	Royal Challengers Bengaluru	VenueWin%=0.00	OverallWin%=45.16	VenueMatches=1	OverallMatches=31	Matches=1	Wins=0	Losses=1	Win%=0.00	TossWins=0	TossLosses=1	TossWinMatchWins=0	TossWinMatchLosses=0	TossConversion%=0.00	BatFirst=0	BatFirstWins=0	BatFirstWin%=0.00	FieldFirst=0	FieldFirstWins=0	FieldFirstWin%=0.00	OverallConfidence=VERY_STRONG	RecommendationSource=OVERALL_MATCHUP	Recommendation=OVERALL_MATCHUP_BALANCED	TossRecommendation=TOSS_DATA_INSUFFICIENT	StrategyRecommendation=BAT_FIELD_DATA_INSUFFICIENT	VenueConfidence=VERY_LOW	PerformanceScore=34.32	StrategyBonus=0.00	TossBonus=0.00	FinalScore=34.32	FinalDecision=NEGATIVE	DecisionConfidence=VERY_LOW	StrategySignal=NONE	TossSignal=NONE	VenueConfidence=VERY_LOW
Newlands	Royal Challengers Bengaluru	Deccan Chargers	VenueWin%=0.00	OverallWin%=45.45	VenueMatches=1	OverallMatches=11	Matches=1	Wins=0	Losses=1	Win%=0.00	TossWins=0	TossLosses=1	TossWinMatchWins=0	TossWinMatchLosses=0	TossConversion%=0.00	BatFirst=0	BatFirstWins=0	BatFirstWin%=0.00	FieldFirst=0	FieldFirstWins=0	FieldFirstWin%=0.00	OverallConfidence=STRONG	RecommendationSource=OVERALL_MATCHUP	Recommendation=OVERALL_MATCHUP_BALANCED	TossRecommendation=TOSS_DATA_INSUFFICIENT	StrategyRecommendation=BAT_FIELD_DATA_INSUFFICIENT	VenueConfidence=VERY_LOW	PerformanceScore=34.54	StrategyBonus=0.00	TossBonus=0.00	FinalScore=34.54	FinalDecision=NEGATIVE	DecisionConfidence=VERY_LOW	StrategySignal=NONE	TossSignal=NONE	VenueConfidence=VERY_LOW
Newlands	Royal Challengers Bengaluru	Rajasthan Royals	VenueWin%=100.00	OverallWin%=48.39	VenueMatches=1	OverallMatches=31	Matches=1	Wins=1	Losses=0	Win%=100.00	TossWins=1	TossLosses=0	TossWinMatchWins=1	TossWinMatchLosses=0	TossConversion%=100.00	BatFirst=1	BatFirstWins=1	BatFirstWin%=100.00	FieldFirst=0	FieldFirstWins=0	FieldFirstWin%=0.00	OverallConfidence=VERY_STRONG	RecommendationSource=OVERALL_MATCHUP	Recommendation=OVERALL_MATCHUP_BALANCED	TossRecommendation=TOSS_DATA_INSUFFICIENT	StrategyRecommendation=BAT_FIELD_DATA_INSUFFICIENT	VenueConfidence=VERY_LOW	PerformanceScore=60.78	StrategyBonus=0.00	TossBonus=0.00	FinalScore=60.78	FinalDecision=POSITIVE	DecisionConfidence=VERY_LOW	StrategySignal=NONE	TossSignal=NONE	VenueConfidence=VERY_LOW
OUTsurance Oval	Delhi Capitals	Punjab Kings	VenueWin%=0.00	OverallWin%=48.48	VenueMatches=1	OverallMatches=33	Matches=1	Wins=0	Losses=1	Win%=0.00	TossWins=0	TossLosses=1	TossWinMatchWins=0	TossWinMatchLosses=0	TossConversion%=0.00	BatFirst=0	BatFirstWins=0	BatFirstWin%=0.00	FieldFirst=0	FieldFirstWins=0	FieldFirstWin%=0.00	OverallConfidence=VERY_STRONG	RecommendationSource=OVERALL_MATCHUP	Recommendation=OVERALL_MATCHUP_BALANCED	TossRecommendation=TOSS_DATA_INSUFFICIENT	StrategyRecommendation=BAT_FIELD_DATA_INSUFFICIENT	VenueConfidence=VERY_LOW	PerformanceScore=36.84	StrategyBonus=0.00	TossBonus=0.00	FinalScore=36.84	FinalDecision=NEGATIVE	DecisionConfidence=VERY_LOW	StrategySignal=NONE	TossSignal=NONE	VenueConfidence=VERY_LOW
OUTsurance Oval	Delhi Capitals	Rajasthan Royals	VenueWin%=100.00	OverallWin%=48.28	VenueMatches=1	OverallMatches=29	Matches=1	Wins=1	Losses=0	Win%=100.00	TossWins=1	TossLosses=0	TossWinMatchWins=1	TossWinMatchLosses=0	TossConversion%=100.00	BatFirst=1	BatFirstWins=1	BatFirstWin%=100.00	FieldFirst=0	FieldFirstWins=0	FieldFirstWin%=0.00	OverallConfidence=VERY_STRONG	RecommendationSource=OVERALL_MATCHUP	Recommendation=OVERALL_MATCHUP_BALANCED	TossRecommendation=TOSS_DATA_INSUFFICIENT	StrategyRecommendation=BAT_FIELD_DATA_INSUFFICIENT	VenueConfidence=VERY_LOW	PerformanceScore=60.69	StrategyBonus=0.00	TossBonus=0.00	FinalScore=60.69	FinalDecision=POSITIVE	DecisionConfidence=VERY_LOW	StrategySignal=NONE	TossSignal=NONE	VenueConfidence=VERY_LOW
OUTsurance Oval	Punjab Kings	Delhi Capitals	VenueWin%=100.00	OverallWin%=51.52	VenueMatches=1	OverallMatches=33	Matches=1	Wins=1	Losses=0	Win%=100.00	TossWins=1	TossLosses=0	TossWinMatchWins=1	TossWinMatchLosses=0	TossConversion%=100.00	BatFirst=0	BatFirstWins=0	BatFirstWin%=0.00	FieldFirst=1	FieldFirstWins=1	FieldFirstWin%=100.00	OverallConfidence=VERY_STRONG	RecommendationSource=OVERALL_MATCHUP	Recommendation=OVERALL_MATCHUP_BALANCED	TossRecommendation=TOSS_DATA_INSUFFICIENT	StrategyRecommendation=BAT_FIELD_DATA_INSUFFICIENT	VenueConfidence=VERY_LOW	PerformanceScore=63.16	StrategyBonus=0.00	TossBonus=0.00	FinalScore=63.16	FinalDecision=POSITIVE	DecisionConfidence=VERY_LOW	StrategySignal=NONE	TossSignal=NONE	VenueConfidence=VERY_LOW
OUTsurance Oval	Rajasthan Royals	Delhi Capitals	VenueWin%=0.00	OverallWin%=51.72	VenueMatches=1	OverallMatches=29	Matches=1	Wins=0	Losses=1	Win%=0.00	TossWins=0	TossLosses=1	TossWinMatchWins=0	TossWinMatchLosses=0	TossConversion%=0.00	BatFirst=0	BatFirstWins=0	BatFirstWin%=0.00	FieldFirst=0	FieldFirstWins=0	FieldFirstWin%=0.00	OverallConfidence=VERY_STRONG	RecommendationSource=OVERALL_MATCHUP	Recommendation=OVERALL_MATCHUP_BALANCED	TossRecommendation=TOSS_DATA_INSUFFICIENT	StrategyRecommendation=BAT_FIELD_DATA_INSUFFICIENT	VenueConfidence=VERY_LOW	PerformanceScore=39.31	StrategyBonus=0.00	TossBonus=0.00	FinalScore=39.31	FinalDecision=NEGATIVE	DecisionConfidence=VERY_LOW	StrategySignal=NONE	TossSignal=NONE	VenueConfidence=VERY_LOW
Punjab Cricket Association IS Bindra Stadium	Chennai Super Kings	Punjab Kings	VenueWin%=0.00	OverallWin%=53.33	VenueMatches=2	OverallMatches=30	Matches=2	Wins=0	Losses=2	Win%=0.00	TossWins=1	TossLosses=1	TossWinMatchWins=0	TossWinMatchLosses=1	TossConversion%=0.00	BatFirst=0	BatFirstWins=0	BatFirstWin%=0.00	FieldFirst=1	FieldFirstWins=0	FieldFirstWin%=0.00	OverallConfidence=VERY_STRONG	RecommendationSource=OVERALL_MATCHUP	Recommendation=OVERALL_MATCHUP_BALANCED	TossRecommendation=TOSS_DATA_INSUFFICIENT	StrategyRecommendation=BAT_FIELD_DATA_INSUFFICIENT	VenueConfidence=VERY_LOW	PerformanceScore=38.40	StrategyBonus=0.00	TossBonus=0.00	FinalScore=38.40	FinalDecision=NEGATIVE	DecisionConfidence=VERY_LOW	StrategySignal=NONE	TossSignal=NONE	VenueConfidence=VERY_LOW
Punjab Cricket Association IS Bindra Stadium	Delhi Capitals	Punjab Kings	VenueWin%=0.00	OverallWin%=48.48	VenueMatches=2	OverallMatches=33	Matches=2	Wins=0	Losses=2	Win%=0.00	TossWins=1	TossLosses=1	TossWinMatchWins=0	TossWinMatchLosses=1	TossConversion%=0.00	BatFirst=0	BatFirstWins=0	BatFirstWin%=0.00	FieldFirst=1	FieldFirstWins=0	FieldFirstWin%=0.00	OverallConfidence=VERY_STRONG	RecommendationSource=OVERALL_MATCHUP	Recommendation=OVERALL_MATCHUP_BALANCED	TossRecommendation=TOSS_DATA_INSUFFICIENT	StrategyRecommendation=BAT_FIELD_DATA_INSUFFICIENT	VenueConfidence=VERY_LOW	PerformanceScore=34.91	StrategyBonus=0.00	TossBonus=0.00	FinalScore=34.91	FinalDecision=NEGATIVE	DecisionConfidence=VERY_LOW	StrategySignal=NONE	TossSignal=NONE	VenueConfidence=VERY_LOW
Punjab Cricket Association IS Bindra Stadium	Kolkata Knight Riders	Punjab Kings	VenueWin%=100.00	OverallWin%=63.64	VenueMatches=1	OverallMatches=33	Matches=1	Wins=1	Losses=0	Win%=100.00	TossWins=1	TossLosses=0	TossWinMatchWins=1	TossWinMatchLosses=0	TossConversion%=100.00	BatFirst=0	BatFirstWins=0	BatFirstWin%=0.00	FieldFirst=1	FieldFirstWins=1	FieldFirstWin%=100.00	OverallConfidence=VERY_STRONG	RecommendationSource=OVERALL_MATCHUP	Recommendation=OVERALL_MATCHUP_ADVANTAGE	TossRecommendation=TOSS_DATA_INSUFFICIENT	StrategyRecommendation=BAT_FIELD_DATA_INSUFFICIENT	VenueConfidence=VERY_LOW	PerformanceScore=72.37	StrategyBonus=0.00	TossBonus=0.00	FinalScore=72.37	FinalDecision=POSITIVE	DecisionConfidence=VERY_LOW	StrategySignal=NONE	TossSignal=NONE	VenueConfidence=VERY_LOW
Punjab Cricket Association IS Bindra Stadium	Mumbai Indians	Punjab Kings	VenueWin%=0.00	OverallWin%=53.12	VenueMatches=1	OverallMatches=32	Matches=1	Wins=0	Losses=1	Win%=0.00	TossWins=0	TossLosses=1	TossWinMatchWins=0	TossWinMatchLosses=0	TossConversion%=0.00	BatFirst=0	BatFirstWins=0	BatFirstWin%=0.00	FieldFirst=0	FieldFirstWins=0	FieldFirstWin%=0.00	OverallConfidence=VERY_STRONG	RecommendationSource=OVERALL_MATCHUP	Recommendation=OVERALL_MATCHUP_BALANCED	TossRecommendation=TOSS_DATA_INSUFFICIENT	StrategyRecommendation=BAT_FIELD_DATA_INSUFFICIENT	VenueConfidence=VERY_LOW	PerformanceScore=40.37	StrategyBonus=0.00	TossBonus=0.00	FinalScore=40.37	FinalDecision=NEGATIVE	DecisionConfidence=VERY_LOW	StrategySignal=NONE	TossSignal=NONE	VenueConfidence=VERY_LOW
Punjab Cricket Association IS Bindra Stadium	Punjab Kings	Chennai Super Kings	VenueWin%=100.00	OverallWin%=46.67	VenueMatches=2	OverallMatches=30	Matches=2	Wins=2	Losses=0	Win%=100.00	TossWins=1	TossLosses=1	TossWinMatchWins=1	TossWinMatchLosses=0	TossConversion%=100.00	BatFirst=0	BatFirstWins=0	BatFirstWin%=0.00	FieldFirst=1	FieldFirstWins=1	FieldFirstWin%=100.00	OverallConfidence=VERY_STRONG	RecommendationSource=OVERALL_MATCHUP	Recommendation=OVERALL_MATCHUP_BALANCED	TossRecommendation=TOSS_DATA_INSUFFICIENT	StrategyRecommendation=BAT_FIELD_DATA_INSUFFICIENT	VenueConfidence=VERY_LOW	PerformanceScore=61.60	StrategyBonus=0.00	TossBonus=0.00	FinalScore=61.60	FinalDecision=POSITIVE	DecisionConfidence=VERY_LOW	StrategySignal=NONE	TossSignal=NONE	VenueConfidence=VERY_LOW
Punjab Cricket Association IS Bindra Stadium	Punjab Kings	Delhi Capitals	VenueWin%=100.00	OverallWin%=51.52	VenueMatches=2	OverallMatches=33	Matches=2	Wins=2	Losses=0	Win%=100.00	TossWins=1	TossLosses=1	TossWinMatchWins=1	TossWinMatchLosses=0	TossConversion%=100.00	BatFirst=0	BatFirstWins=0	BatFirstWin%=0.00	FieldFirst=1	FieldFirstWins=1	FieldFirstWin%=100.00	OverallConfidence=VERY_STRONG	RecommendationSource=OVERALL_MATCHUP	Recommendation=OVERALL_MATCHUP_BALANCED	TossRecommendation=TOSS_DATA_INSUFFICIENT	StrategyRecommendation=BAT_FIELD_DATA_INSUFFICIENT	VenueConfidence=VERY_LOW	PerformanceScore=65.09	StrategyBonus=0.00	TossBonus=0.00	FinalScore=65.09	FinalDecision=POSITIVE	DecisionConfidence=VERY_LOW	StrategySignal=NONE	TossSignal=NONE	VenueConfidence=VERY_LOW
Punjab Cricket Association IS Bindra Stadium	Punjab Kings	Kolkata Knight Riders	VenueWin%=0.00	OverallWin%=36.36	VenueMatches=1	OverallMatches=33	Matches=1	Wins=0	Losses=1	Win%=0.00	TossWins=0	TossLosses=1	TossWinMatchWins=0	TossWinMatchLosses=0	TossConversion%=0.00	BatFirst=0	BatFirstWins=0	BatFirstWin%=0.00	FieldFirst=0	FieldFirstWins=0	FieldFirstWin%=0.00	OverallConfidence=VERY_STRONG	RecommendationSource=OVERALL_MATCHUP	Recommendation=OVERALL_MATCHUP_DISADVANTAGE	TossRecommendation=TOSS_DATA_INSUFFICIENT	StrategyRecommendation=BAT_FIELD_DATA_INSUFFICIENT	VenueConfidence=VERY_LOW	PerformanceScore=27.63	StrategyBonus=0.00	TossBonus=0.00	FinalScore=27.63	FinalDecision=STRONG_NEGATIVE	DecisionConfidence=VERY_LOW	StrategySignal=NONE	TossSignal=NONE	VenueConfidence=VERY_LOW
Punjab Cricket Association IS Bindra Stadium	Punjab Kings	Mumbai Indians	VenueWin%=100.00	OverallWin%=46.88	VenueMatches=1	OverallMatches=32	Matches=1	Wins=1	Losses=0	Win%=100.00	TossWins=1	TossLosses=0	TossWinMatchWins=1	TossWinMatchLosses=0	TossConversion%=100.00	BatFirst=0	BatFirstWins=0	BatFirstWin%=0.00	FieldFirst=1	FieldFirstWins=1	FieldFirstWin%=100.00	OverallConfidence=VERY_STRONG	RecommendationSource=OVERALL_MATCHUP	Recommendation=OVERALL_MATCHUP_BALANCED	TossRecommendation=TOSS_DATA_INSUFFICIENT	StrategyRecommendation=BAT_FIELD_DATA_INSUFFICIENT	VenueConfidence=VERY_LOW	PerformanceScore=59.63	StrategyBonus=0.00	TossBonus=0.00	FinalScore=59.63	FinalDecision=BALANCED	DecisionConfidence=VERY_LOW	StrategySignal=NONE	TossSignal=NONE	VenueConfidence=VERY_LOW
Punjab Cricket Association IS Bindra Stadium	Punjab Kings	Rajasthan Royals	VenueWin%=100.00	OverallWin%=42.86	VenueMatches=1	OverallMatches=28	Matches=1	Wins=1	Losses=0	Win%=100.00	TossWins=0	TossLosses=1	TossWinMatchWins=0	TossWinMatchLosses=0	TossConversion%=0.00	BatFirst=0	BatFirstWins=0	BatFirstWin%=0.00	FieldFirst=0	FieldFirstWins=0	FieldFirstWin%=0.00	OverallConfidence=VERY_STRONG	RecommendationSource=OVERALL_MATCHUP	Recommendation=OVERALL_MATCHUP_BALANCED	TossRecommendation=TOSS_DATA_INSUFFICIENT	StrategyRecommendation=BAT_FIELD_DATA_INSUFFICIENT	VenueConfidence=VERY_LOW	PerformanceScore=56.57	StrategyBonus=0.00	TossBonus=0.00	FinalScore=56.57	FinalDecision=BALANCED	DecisionConfidence=VERY_LOW	StrategySignal=NONE	TossSignal=NONE	VenueConfidence=VERY_LOW
Punjab Cricket Association IS Bindra Stadium	Punjab Kings	Royal Challengers Bengaluru	VenueWin%=0.00	OverallWin%=51.52	VenueMatches=1	OverallMatches=33	Matches=1	Wins=0	Losses=1	Win%=0.00	TossWins=0	TossLosses=1	TossWinMatchWins=0	TossWinMatchLosses=0	TossConversion%=0.00	BatFirst=0	BatFirstWins=0	BatFirstWin%=0.00	FieldFirst=0	FieldFirstWins=0	FieldFirstWin%=0.00	OverallConfidence=VERY_STRONG	RecommendationSource=OVERALL_MATCHUP	Recommendation=OVERALL_MATCHUP_BALANCED	TossRecommendation=TOSS_DATA_INSUFFICIENT	StrategyRecommendation=BAT_FIELD_DATA_INSUFFICIENT	VenueConfidence=VERY_LOW	PerformanceScore=39.16	StrategyBonus=0.00	TossBonus=0.00	FinalScore=39.16	FinalDecision=NEGATIVE	DecisionConfidence=VERY_LOW	StrategySignal=NONE	TossSignal=NONE	VenueConfidence=VERY_LOW
Punjab Cricket Association IS Bindra Stadium	Punjab Kings	Sunrisers Hyderabad	VenueWin%=100.00	OverallWin%=30.43	VenueMatches=2	OverallMatches=23	Matches=2	Wins=2	Losses=0	Win%=100.00	TossWins=2	TossLosses=0	TossWinMatchWins=2	TossWinMatchLosses=0	TossConversion%=100.00	BatFirst=1	BatFirstWins=1	BatFirstWin%=100.00	FieldFirst=1	FieldFirstWins=1	FieldFirstWin%=100.00	OverallConfidence=VERY_STRONG	RecommendationSource=OVERALL_MATCHUP	Recommendation=OVERALL_MATCHUP_DISADVANTAGE	TossRecommendation=TOSS_DATA_INSUFFICIENT	StrategyRecommendation=BAT_FIELD_DATA_INSUFFICIENT	VenueConfidence=VERY_LOW	PerformanceScore=49.91	StrategyBonus=0.00	TossBonus=0.00	FinalScore=49.91	FinalDecision=BALANCED	DecisionConfidence=VERY_LOW	StrategySignal=NONE	TossSignal=NONE	VenueConfidence=VERY_LOW
Punjab Cricket Association IS Bindra Stadium	Rajasthan Royals	Punjab Kings	VenueWin%=0.00	OverallWin%=57.14	VenueMatches=1	OverallMatches=28	Matches=1	Wins=0	Losses=1	Win%=0.00	TossWins=1	TossLosses=0	TossWinMatchWins=0	TossWinMatchLosses=1	TossConversion%=0.00	BatFirst=0	BatFirstWins=0	BatFirstWin%=0.00	FieldFirst=1	FieldFirstWins=0	FieldFirstWin%=0.00	OverallConfidence=VERY_STRONG	RecommendationSource=OVERALL_MATCHUP	Recommendation=OVERALL_MATCHUP_ADVANTAGE	TossRecommendation=TOSS_DATA_INSUFFICIENT	StrategyRecommendation=BAT_FIELD_DATA_INSUFFICIENT	VenueConfidence=VERY_LOW	PerformanceScore=43.43	StrategyBonus=0.00	TossBonus=0.00	FinalScore=43.43	FinalDecision=NEGATIVE	DecisionConfidence=VERY_LOW	StrategySignal=NONE	TossSignal=NONE	VenueConfidence=VERY_LOW
Punjab Cricket Association IS Bindra Stadium	Royal Challengers Bengaluru	Punjab Kings	VenueWin%=100.00	OverallWin%=48.48	VenueMatches=1	OverallMatches=33	Matches=1	Wins=1	Losses=0	Win%=100.00	TossWins=1	TossLosses=0	TossWinMatchWins=1	TossWinMatchLosses=0	TossConversion%=100.00	BatFirst=0	BatFirstWins=0	BatFirstWin%=0.00	FieldFirst=1	FieldFirstWins=1	FieldFirstWin%=100.00	OverallConfidence=VERY_STRONG	RecommendationSource=OVERALL_MATCHUP	Recommendation=OVERALL_MATCHUP_BALANCED	TossRecommendation=TOSS_DATA_INSUFFICIENT	StrategyRecommendation=BAT_FIELD_DATA_INSUFFICIENT	VenueConfidence=VERY_LOW	PerformanceScore=60.84	StrategyBonus=0.00	TossBonus=0.00	FinalScore=60.84	FinalDecision=POSITIVE	DecisionConfidence=VERY_LOW	StrategySignal=NONE	TossSignal=NONE	VenueConfidence=VERY_LOW
Punjab Cricket Association IS Bindra Stadium	Sunrisers Hyderabad	Punjab Kings	VenueWin%=0.00	OverallWin%=69.57	VenueMatches=2	OverallMatches=23	Matches=2	Wins=0	Losses=2	Win%=0.00	TossWins=0	TossLosses=2	TossWinMatchWins=0	TossWinMatchLosses=0	TossConversion%=0.00	BatFirst=0	BatFirstWins=0	BatFirstWin%=0.00	FieldFirst=0	FieldFirstWins=0	FieldFirstWin%=0.00	OverallConfidence=VERY_STRONG	RecommendationSource=OVERALL_MATCHUP	Recommendation=OVERALL_MATCHUP_ADVANTAGE	TossRecommendation=TOSS_DATA_INSUFFICIENT	StrategyRecommendation=BAT_FIELD_DATA_INSUFFICIENT	VenueConfidence=VERY_LOW	PerformanceScore=50.09	StrategyBonus=0.00	TossBonus=0.00	FinalScore=50.09	FinalDecision=BALANCED	DecisionConfidence=VERY_LOW	StrategySignal=NONE	TossSignal=NONE	VenueConfidence=VERY_LOW
Punjab Cricket Association IS Bindra Stadium, Mohali	Delhi Capitals	Punjab Kings	VenueWin%=0.00	OverallWin%=48.48	VenueMatches=2	OverallMatches=33	Matches=2	Wins=0	Losses=2	Win%=0.00	TossWins=1	TossLosses=1	TossWinMatchWins=0	TossWinMatchLosses=1	TossConversion%=0.00	BatFirst=0	BatFirstWins=0	BatFirstWin%=0.00	FieldFirst=1	FieldFirstWins=0	FieldFirstWin%=0.00	OverallConfidence=VERY_STRONG	RecommendationSource=OVERALL_MATCHUP	Recommendation=OVERALL_MATCHUP_BALANCED	TossRecommendation=TOSS_DATA_INSUFFICIENT	StrategyRecommendation=BAT_FIELD_DATA_INSUFFICIENT	VenueConfidence=VERY_LOW	PerformanceScore=34.91	StrategyBonus=0.00	TossBonus=0.00	FinalScore=34.91	FinalDecision=NEGATIVE	DecisionConfidence=VERY_LOW	StrategySignal=NONE	TossSignal=NONE	VenueConfidence=VERY_LOW
Punjab Cricket Association IS Bindra Stadium, Mohali	Gujarat Lions	Punjab Kings	VenueWin%=100.00	OverallWin%=50.00	VenueMatches=2	OverallMatches=4	Matches=2	Wins=2	Losses=0	Win%=100.00	TossWins=2	TossLosses=0	TossWinMatchWins=2	TossWinMatchLosses=0	TossConversion%=100.00	BatFirst=0	BatFirstWins=0	BatFirstWin%=0.00	FieldFirst=2	FieldFirstWins=2	FieldFirstWin%=100.00	OverallConfidence=LOW	RecommendationSource=OVERALL_MATCHUP	Recommendation=OVERALL_MATCHUP_BALANCED	TossRecommendation=TOSS_DATA_INSUFFICIENT	StrategyRecommendation=BAT_FIELD_DATA_INSUFFICIENT	VenueConfidence=VERY_LOW	PerformanceScore=64.00	StrategyBonus=0.00	TossBonus=0.00	FinalScore=64.00	FinalDecision=POSITIVE	DecisionConfidence=VERY_LOW	StrategySignal=NONE	TossSignal=NONE	VenueConfidence=VERY_LOW
Punjab Cricket Association IS Bindra Stadium, Mohali	Kolkata Knight Riders	Punjab Kings	VenueWin%=50.00	OverallWin%=63.64	VenueMatches=2	OverallMatches=33	Matches=2	Wins=1	Losses=1	Win%=50.00	TossWins=2	TossLosses=0	TossWinMatchWins=1	TossWinMatchLosses=1	TossConversion%=50.00	BatFirst=0	BatFirstWins=0	BatFirstWin%=0.00	FieldFirst=2	FieldFirstWins=1	FieldFirstWin%=50.00	OverallConfidence=VERY_STRONG	RecommendationSource=OVERALL_MATCHUP	Recommendation=OVERALL_MATCHUP_ADVANTAGE	TossRecommendation=TOSS_DATA_INSUFFICIENT	StrategyRecommendation=BAT_FIELD_DATA_INSUFFICIENT	VenueConfidence=VERY_LOW	PerformanceScore=59.82	StrategyBonus=0.00	TossBonus=0.00	FinalScore=59.82	FinalDecision=BALANCED	DecisionConfidence=VERY_LOW	StrategySignal=NONE	TossSignal=NONE	VenueConfidence=VERY_LOW
Punjab Cricket Association IS Bindra Stadium, Mohali	Mumbai Indians	Punjab Kings	VenueWin%=100.00	OverallWin%=53.12	VenueMatches=1	OverallMatches=32	Matches=1	Wins=1	Losses=0	Win%=100.00	TossWins=0	TossLosses=1	TossWinMatchWins=0	TossWinMatchLosses=0	TossConversion%=0.00	BatFirst=0	BatFirstWins=0	BatFirstWin%=0.00	FieldFirst=0	FieldFirstWins=0	FieldFirstWin%=0.00	OverallConfidence=VERY_STRONG	RecommendationSource=OVERALL_MATCHUP	Recommendation=OVERALL_MATCHUP_BALANCED	TossRecommendation=TOSS_DATA_INSUFFICIENT	StrategyRecommendation=BAT_FIELD_DATA_INSUFFICIENT	VenueConfidence=VERY_LOW	PerformanceScore=64.37	StrategyBonus=0.00	TossBonus=0.00	FinalScore=64.37	FinalDecision=POSITIVE	DecisionConfidence=VERY_LOW	StrategySignal=NONE	TossSignal=NONE	VenueConfidence=VERY_LOW
Punjab Cricket Association IS Bindra Stadium, Mohali	Punjab Kings	Delhi Capitals	VenueWin%=100.00	OverallWin%=51.52	VenueMatches=2	OverallMatches=33	Matches=2	Wins=2	Losses=0	Win%=100.00	TossWins=1	TossLosses=1	TossWinMatchWins=1	TossWinMatchLosses=0	TossConversion%=100.00	BatFirst=0	BatFirstWins=0	BatFirstWin%=0.00	FieldFirst=1	FieldFirstWins=1	FieldFirstWin%=100.00	OverallConfidence=VERY_STRONG	RecommendationSource=OVERALL_MATCHUP	Recommendation=OVERALL_MATCHUP_BALANCED	TossRecommendation=TOSS_DATA_INSUFFICIENT	StrategyRecommendation=BAT_FIELD_DATA_INSUFFICIENT	VenueConfidence=VERY_LOW	PerformanceScore=65.09	StrategyBonus=0.00	TossBonus=0.00	FinalScore=65.09	FinalDecision=POSITIVE	DecisionConfidence=VERY_LOW	StrategySignal=NONE	TossSignal=NONE	VenueConfidence=VERY_LOW
Punjab Cricket Association IS Bindra Stadium, Mohali	Punjab Kings	Gujarat Lions	VenueWin%=0.00	OverallWin%=50.00	VenueMatches=2	OverallMatches=4	Matches=2	Wins=0	Losses=2	Win%=0.00	TossWins=0	TossLosses=2	TossWinMatchWins=0	TossWinMatchLosses=0	TossConversion%=0.00	BatFirst=0	BatFirstWins=0	BatFirstWin%=0.00	FieldFirst=0	FieldFirstWins=0	FieldFirstWin%=0.00	OverallConfidence=LOW	RecommendationSource=OVERALL_MATCHUP	Recommendation=OVERALL_MATCHUP_BALANCED	TossRecommendation=TOSS_DATA_INSUFFICIENT	StrategyRecommendation=BAT_FIELD_DATA_INSUFFICIENT	VenueConfidence=VERY_LOW	PerformanceScore=36.00	StrategyBonus=0.00	TossBonus=0.00	FinalScore=36.00	FinalDecision=NEGATIVE	DecisionConfidence=VERY_LOW	StrategySignal=NONE	TossSignal=NONE	VenueConfidence=VERY_LOW
Punjab Cricket Association IS Bindra Stadium, Mohali	Punjab Kings	Kolkata Knight Riders	VenueWin%=50.00	OverallWin%=36.36	VenueMatches=2	OverallMatches=33	Matches=2	Wins=1	Losses=1	Win%=50.00	TossWins=0	TossLosses=2	TossWinMatchWins=0	TossWinMatchLosses=0	TossConversion%=0.00	BatFirst=0	BatFirstWins=0	BatFirstWin%=0.00	FieldFirst=0	FieldFirstWins=0	FieldFirstWin%=0.00	OverallConfidence=VERY_STRONG	RecommendationSource=OVERALL_MATCHUP	Recommendation=OVERALL_MATCHUP_DISADVANTAGE	TossRecommendation=TOSS_DATA_INSUFFICIENT	StrategyRecommendation=BAT_FIELD_DATA_INSUFFICIENT	VenueConfidence=VERY_LOW	PerformanceScore=40.18	StrategyBonus=0.00	TossBonus=0.00	FinalScore=40.18	FinalDecision=NEGATIVE	DecisionConfidence=VERY_LOW	StrategySignal=NONE	TossSignal=NONE	VenueConfidence=VERY_LOW
Punjab Cricket Association IS Bindra Stadium, Mohali	Punjab Kings	Mumbai Indians	VenueWin%=0.00	OverallWin%=46.88	VenueMatches=1	OverallMatches=32	Matches=1	Wins=0	Losses=1	Win%=0.00	TossWins=1	TossLosses=0	TossWinMatchWins=0	TossWinMatchLosses=1	TossConversion%=0.00	BatFirst=0	BatFirstWins=0	BatFirstWin%=0.00	FieldFirst=1	FieldFirstWins=0	FieldFirstWin%=0.00	OverallConfidence=VERY_STRONG	RecommendationSource=OVERALL_MATCHUP	Recommendation=OVERALL_MATCHUP_BALANCED	TossRecommendation=TOSS_DATA_INSUFFICIENT	StrategyRecommendation=BAT_FIELD_DATA_INSUFFICIENT	VenueConfidence=VERY_LOW	PerformanceScore=35.63	StrategyBonus=0.00	TossBonus=0.00	FinalScore=35.63	FinalDecision=NEGATIVE	DecisionConfidence=VERY_LOW	StrategySignal=NONE	TossSignal=NONE	VenueConfidence=VERY_LOW
Punjab Cricket Association IS Bindra Stadium, Mohali	Punjab Kings	Rising Pune Supergiants	VenueWin%=100.00	OverallWin%=50.00	VenueMatches=1	OverallMatches=4	Matches=1	Wins=1	Losses=0	Win%=100.00	TossWins=0	TossLosses=1	TossWinMatchWins=0	TossWinMatchLosses=0	TossConversion%=0.00	BatFirst=0	BatFirstWins=0	BatFirstWin%=0.00	FieldFirst=0	FieldFirstWins=0	FieldFirstWin%=0.00	OverallConfidence=LOW	RecommendationSource=OVERALL_MATCHUP	Recommendation=OVERALL_MATCHUP_BALANCED	TossRecommendation=TOSS_DATA_INSUFFICIENT	StrategyRecommendation=BAT_FIELD_DATA_INSUFFICIENT	VenueConfidence=VERY_LOW	PerformanceScore=62.00	StrategyBonus=0.00	TossBonus=0.00	FinalScore=62.00	FinalDecision=POSITIVE	DecisionConfidence=VERY_LOW	StrategySignal=NONE	TossSignal=NONE	VenueConfidence=VERY_LOW
Punjab Cricket Association IS Bindra Stadium, Mohali	Punjab Kings	Royal Challengers Bengaluru	VenueWin%=0.00	OverallWin%=51.52	VenueMatches=1	OverallMatches=33	Matches=1	Wins=0	Losses=1	Win%=0.00	TossWins=1	TossLosses=0	TossWinMatchWins=0	TossWinMatchLosses=1	TossConversion%=0.00	BatFirst=0	BatFirstWins=0	BatFirstWin%=0.00	FieldFirst=1	FieldFirstWins=0	FieldFirstWin%=0.00	OverallConfidence=VERY_STRONG	RecommendationSource=OVERALL_MATCHUP	Recommendation=OVERALL_MATCHUP_BALANCED	TossRecommendation=TOSS_DATA_INSUFFICIENT	StrategyRecommendation=BAT_FIELD_DATA_INSUFFICIENT	VenueConfidence=VERY_LOW	PerformanceScore=39.16	StrategyBonus=0.00	TossBonus=0.00	FinalScore=39.16	FinalDecision=NEGATIVE	DecisionConfidence=VERY_LOW	StrategySignal=NONE	TossSignal=NONE	VenueConfidence=VERY_LOW
Punjab Cricket Association IS Bindra Stadium, Mohali	Punjab Kings	Sunrisers Hyderabad	VenueWin%=0.00	OverallWin%=30.43	VenueMatches=2	OverallMatches=23	Matches=2	Wins=0	Losses=2	Win%=0.00	TossWins=2	TossLosses=0	TossWinMatchWins=0	TossWinMatchLosses=2	TossConversion%=0.00	BatFirst=1	BatFirstWins=0	BatFirstWin%=0.00	FieldFirst=1	FieldFirstWins=0	FieldFirstWin%=0.00	OverallConfidence=VERY_STRONG	RecommendationSource=OVERALL_MATCHUP	Recommendation=OVERALL_MATCHUP_DISADVANTAGE	TossRecommendation=TOSS_DATA_INSUFFICIENT	StrategyRecommendation=BAT_FIELD_DATA_INSUFFICIENT	VenueConfidence=VERY_LOW	PerformanceScore=21.91	StrategyBonus=0.00	TossBonus=0.00	FinalScore=21.91	FinalDecision=STRONG_NEGATIVE	DecisionConfidence=VERY_LOW	StrategySignal=NONE	TossSignal=NONE	VenueConfidence=VERY_LOW
Punjab Cricket Association IS Bindra Stadium, Mohali	Rising Pune Supergiants	Punjab Kings	VenueWin%=0.00	OverallWin%=50.00	VenueMatches=1	OverallMatches=4	Matches=1	Wins=0	Losses=1	Win%=0.00	TossWins=1	TossLosses=0	TossWinMatchWins=0	TossWinMatchLosses=1	TossConversion%=0.00	BatFirst=1	BatFirstWins=0	BatFirstWin%=0.00	FieldFirst=0	FieldFirstWins=0	FieldFirstWin%=0.00	OverallConfidence=LOW	RecommendationSource=OVERALL_MATCHUP	Recommendation=OVERALL_MATCHUP_BALANCED	TossRecommendation=TOSS_DATA_INSUFFICIENT	StrategyRecommendation=BAT_FIELD_DATA_INSUFFICIENT	VenueConfidence=VERY_LOW	PerformanceScore=38.00	StrategyBonus=0.00	TossBonus=0.00	FinalScore=38.00	FinalDecision=NEGATIVE	DecisionConfidence=VERY_LOW	StrategySignal=NONE	TossSignal=NONE	VenueConfidence=VERY_LOW
Punjab Cricket Association IS Bindra Stadium, Mohali	Royal Challengers Bengaluru	Punjab Kings	VenueWin%=100.00	OverallWin%=48.48	VenueMatches=1	OverallMatches=33	Matches=1	Wins=1	Losses=0	Win%=100.00	TossWins=0	TossLosses=1	TossWinMatchWins=0	TossWinMatchLosses=0	TossConversion%=0.00	BatFirst=0	BatFirstWins=0	BatFirstWin%=0.00	FieldFirst=0	FieldFirstWins=0	FieldFirstWin%=0.00	OverallConfidence=VERY_STRONG	RecommendationSource=OVERALL_MATCHUP	Recommendation=OVERALL_MATCHUP_BALANCED	TossRecommendation=TOSS_DATA_INSUFFICIENT	StrategyRecommendation=BAT_FIELD_DATA_INSUFFICIENT	VenueConfidence=VERY_LOW	PerformanceScore=60.84	StrategyBonus=0.00	TossBonus=0.00	FinalScore=60.84	FinalDecision=POSITIVE	DecisionConfidence=VERY_LOW	StrategySignal=NONE	TossSignal=NONE	VenueConfidence=VERY_LOW
Punjab Cricket Association IS Bindra Stadium, Mohali	Sunrisers Hyderabad	Punjab Kings	VenueWin%=100.00	OverallWin%=69.57	VenueMatches=2	OverallMatches=23	Matches=2	Wins=2	Losses=0	Win%=100.00	TossWins=0	TossLosses=2	TossWinMatchWins=0	TossWinMatchLosses=0	TossConversion%=0.00	BatFirst=0	BatFirstWins=0	BatFirstWin%=0.00	FieldFirst=0	FieldFirstWins=0	FieldFirstWin%=0.00	OverallConfidence=VERY_STRONG	RecommendationSource=OVERALL_MATCHUP	Recommendation=OVERALL_MATCHUP_ADVANTAGE	TossRecommendation=TOSS_DATA_INSUFFICIENT	StrategyRecommendation=BAT_FIELD_DATA_INSUFFICIENT	VenueConfidence=VERY_LOW	PerformanceScore=78.09	StrategyBonus=0.00	TossBonus=0.00	FinalScore=78.09	FinalDecision=STRONG_POSITIVE	DecisionConfidence=VERY_LOW	StrategySignal=NONE	TossSignal=NONE	VenueConfidence=VERY_LOW
Punjab Cricket Association IS Bindra Stadium, Mohali, Chandigarh	Gujarat Titans	Punjab Kings	VenueWin%=100.00	OverallWin%=60.00	VenueMatches=1	OverallMatches=5	Matches=1	Wins=1	Losses=0	Win%=100.00	TossWins=1	TossLosses=0	TossWinMatchWins=1	TossWinMatchLosses=0	TossConversion%=100.00	BatFirst=0	BatFirstWins=0	BatFirstWin%=0.00	FieldFirst=1	FieldFirstWins=1	FieldFirstWin%=100.00	OverallConfidence=MODERATE	RecommendationSource=OVERALL_MATCHUP	Recommendation=OVERALL_MATCHUP_ADVANTAGE	TossRecommendation=TOSS_DATA_INSUFFICIENT	StrategyRecommendation=BAT_FIELD_DATA_INSUFFICIENT	VenueConfidence=VERY_LOW	PerformanceScore=69.60	StrategyBonus=0.00	TossBonus=0.00	FinalScore=69.60	FinalDecision=POSITIVE	DecisionConfidence=VERY_LOW	StrategySignal=NONE	TossSignal=NONE	VenueConfidence=VERY_LOW
Punjab Cricket Association IS Bindra Stadium, Mohali, Chandigarh	Kolkata Knight Riders	Punjab Kings	VenueWin%=0.00	OverallWin%=63.64	VenueMatches=1	OverallMatches=33	Matches=1	Wins=0	Losses=1	Win%=0.00	TossWins=1	TossLosses=0	TossWinMatchWins=0	TossWinMatchLosses=1	TossConversion%=0.00	BatFirst=0	BatFirstWins=0	BatFirstWin%=0.00	FieldFirst=1	FieldFirstWins=0	FieldFirstWin%=0.00	OverallConfidence=VERY_STRONG	RecommendationSource=OVERALL_MATCHUP	Recommendation=OVERALL_MATCHUP_ADVANTAGE	TossRecommendation=TOSS_DATA_INSUFFICIENT	StrategyRecommendation=BAT_FIELD_DATA_INSUFFICIENT	VenueConfidence=VERY_LOW	PerformanceScore=48.37	StrategyBonus=0.00	TossBonus=0.00	FinalScore=48.37	FinalDecision=BALANCED	DecisionConfidence=VERY_LOW	StrategySignal=NONE	TossSignal=NONE	VenueConfidence=VERY_LOW
Punjab Cricket Association IS Bindra Stadium, Mohali, Chandigarh	Lucknow Super Giants	Punjab Kings	VenueWin%=100.00	OverallWin%=75.00	VenueMatches=1	OverallMatches=4	Matches=1	Wins=1	Losses=0	Win%=100.00	TossWins=0	TossLosses=1	TossWinMatchWins=0	TossWinMatchLosses=0	TossConversion%=0.00	BatFirst=0	BatFirstWins=0	BatFirstWin%=0.00	FieldFirst=0	FieldFirstWins=0	FieldFirstWin%=0.00	OverallConfidence=LOW	RecommendationSource=OVERALL_MATCHUP	Recommendation=OVERALL_MATCHUP_STRONG_ADVANTAGE	TossRecommendation=TOSS_DATA_INSUFFICIENT	StrategyRecommendation=BAT_FIELD_DATA_INSUFFICIENT	VenueConfidence=VERY_LOW	PerformanceScore=81.00	StrategyBonus=0.00	TossBonus=0.00	FinalScore=81.00	FinalDecision=STRONG_POSITIVE	DecisionConfidence=VERY_LOW	StrategySignal=NONE	TossSignal=NONE	VenueConfidence=VERY_LOW
Punjab Cricket Association IS Bindra Stadium, Mohali, Chandigarh	Mumbai Indians	Punjab Kings	VenueWin%=100.00	OverallWin%=53.12	VenueMatches=1	OverallMatches=32	Matches=1	Wins=1	Losses=0	Win%=100.00	TossWins=1	TossLosses=0	TossWinMatchWins=1	TossWinMatchLosses=0	TossConversion%=100.00	BatFirst=0	BatFirstWins=0	BatFirstWin%=0.00	FieldFirst=1	FieldFirstWins=1	FieldFirstWin%=100.00	OverallConfidence=VERY_STRONG	RecommendationSource=OVERALL_MATCHUP	Recommendation=OVERALL_MATCHUP_BALANCED	TossRecommendation=TOSS_DATA_INSUFFICIENT	StrategyRecommendation=BAT_FIELD_DATA_INSUFFICIENT	VenueConfidence=VERY_LOW	PerformanceScore=64.37	StrategyBonus=0.00	TossBonus=0.00	FinalScore=64.37	FinalDecision=POSITIVE	DecisionConfidence=VERY_LOW	StrategySignal=NONE	TossSignal=NONE	VenueConfidence=VERY_LOW
Punjab Cricket Association IS Bindra Stadium, Mohali, Chandigarh	Punjab Kings	Gujarat Titans	VenueWin%=0.00	OverallWin%=40.00	VenueMatches=1	OverallMatches=5	Matches=1	Wins=0	Losses=1	Win%=0.00	TossWins=0	TossLosses=1	TossWinMatchWins=0	TossWinMatchLosses=0	TossConversion%=0.00	BatFirst=0	BatFirstWins=0	BatFirstWin%=0.00	FieldFirst=0	FieldFirstWins=0	FieldFirstWin%=0.00	OverallConfidence=MODERATE	RecommendationSource=OVERALL_MATCHUP	Recommendation=OVERALL_MATCHUP_DISADVANTAGE	TossRecommendation=TOSS_DATA_INSUFFICIENT	StrategyRecommendation=BAT_FIELD_DATA_INSUFFICIENT	VenueConfidence=VERY_LOW	PerformanceScore=30.40	StrategyBonus=0.00	TossBonus=0.00	FinalScore=30.40	FinalDecision=NEGATIVE	DecisionConfidence=VERY_LOW	StrategySignal=NONE	TossSignal=NONE	VenueConfidence=VERY_LOW
Punjab Cricket Association IS Bindra Stadium, Mohali, Chandigarh	Punjab Kings	Kolkata Knight Riders	VenueWin%=100.00	OverallWin%=36.36	VenueMatches=1	OverallMatches=33	Matches=1	Wins=1	Losses=0	Win%=100.00	TossWins=0	TossLosses=1	TossWinMatchWins=0	TossWinMatchLosses=0	TossConversion%=0.00	BatFirst=0	BatFirstWins=0	BatFirstWin%=0.00	FieldFirst=0	FieldFirstWins=0	FieldFirstWin%=0.00	OverallConfidence=VERY_STRONG	RecommendationSource=OVERALL_MATCHUP	Recommendation=OVERALL_MATCHUP_DISADVANTAGE	TossRecommendation=TOSS_DATA_INSUFFICIENT	StrategyRecommendation=BAT_FIELD_DATA_INSUFFICIENT	VenueConfidence=VERY_LOW	PerformanceScore=51.63	StrategyBonus=0.00	TossBonus=0.00	FinalScore=51.63	FinalDecision=BALANCED	DecisionConfidence=VERY_LOW	StrategySignal=NONE	TossSignal=NONE	VenueConfidence=VERY_LOW
Punjab Cricket Association IS Bindra Stadium, Mohali, Chandigarh	Punjab Kings	Lucknow Super Giants	VenueWin%=0.00	OverallWin%=25.00	VenueMatches=1	OverallMatches=4	Matches=1	Wins=0	Losses=1	Win%=0.00	TossWins=1	TossLosses=0	TossWinMatchWins=0	TossWinMatchLosses=1	TossConversion%=0.00	BatFirst=0	BatFirstWins=0	BatFirstWin%=0.00	FieldFirst=1	FieldFirstWins=0	FieldFirstWin%=0.00	OverallConfidence=LOW	RecommendationSource=OVERALL_MATCHUP	Recommendation=OVERALL_MATCHUP_DISADVANTAGE	TossRecommendation=TOSS_DATA_INSUFFICIENT	StrategyRecommendation=BAT_FIELD_DATA_INSUFFICIENT	VenueConfidence=VERY_LOW	PerformanceScore=19.00	StrategyBonus=0.00	TossBonus=0.00	FinalScore=19.00	FinalDecision=STRONG_NEGATIVE	DecisionConfidence=VERY_LOW	StrategySignal=NONE	TossSignal=NONE	VenueConfidence=VERY_LOW
Punjab Cricket Association IS Bindra Stadium, Mohali, Chandigarh	Punjab Kings	Mumbai Indians	VenueWin%=0.00	OverallWin%=46.88	VenueMatches=1	OverallMatches=32	Matches=1	Wins=0	Losses=1	Win%=0.00	TossWins=0	TossLosses=1	TossWinMatchWins=0	TossWinMatchLosses=0	TossConversion%=0.00	BatFirst=0	BatFirstWins=0	BatFirstWin%=0.00	FieldFirst=0	FieldFirstWins=0	FieldFirstWin%=0.00	OverallConfidence=VERY_STRONG	RecommendationSource=OVERALL_MATCHUP	Recommendation=OVERALL_MATCHUP_BALANCED	TossRecommendation=TOSS_DATA_INSUFFICIENT	StrategyRecommendation=BAT_FIELD_DATA_INSUFFICIENT	VenueConfidence=VERY_LOW	PerformanceScore=35.63	StrategyBonus=0.00	TossBonus=0.00	FinalScore=35.63	FinalDecision=NEGATIVE	DecisionConfidence=VERY_LOW	StrategySignal=NONE	TossSignal=NONE	VenueConfidence=VERY_LOW
Punjab Cricket Association IS Bindra Stadium, Mohali, Chandigarh	Punjab Kings	Royal Challengers Bengaluru	VenueWin%=0.00	OverallWin%=51.52	VenueMatches=1	OverallMatches=33	Matches=1	Wins=0	Losses=1	Win%=0.00	TossWins=1	TossLosses=0	TossWinMatchWins=0	TossWinMatchLosses=1	TossConversion%=0.00	BatFirst=0	BatFirstWins=0	BatFirstWin%=0.00	FieldFirst=1	FieldFirstWins=0	FieldFirstWin%=0.00	OverallConfidence=VERY_STRONG	RecommendationSource=OVERALL_MATCHUP	Recommendation=OVERALL_MATCHUP_BALANCED	TossRecommendation=TOSS_DATA_INSUFFICIENT	StrategyRecommendation=BAT_FIELD_DATA_INSUFFICIENT	VenueConfidence=VERY_LOW	PerformanceScore=39.16	StrategyBonus=0.00	TossBonus=0.00	FinalScore=39.16	FinalDecision=NEGATIVE	DecisionConfidence=VERY_LOW	StrategySignal=NONE	TossSignal=NONE	VenueConfidence=VERY_LOW
Punjab Cricket Association IS Bindra Stadium, Mohali, Chandigarh	Royal Challengers Bengaluru	Punjab Kings	VenueWin%=100.00	OverallWin%=48.48	VenueMatches=1	OverallMatches=33	Matches=1	Wins=1	Losses=0	Win%=100.00	TossWins=0	TossLosses=1	TossWinMatchWins=0	TossWinMatchLosses=0	TossConversion%=0.00	BatFirst=0	BatFirstWins=0	BatFirstWin%=0.00	FieldFirst=0	FieldFirstWins=0	FieldFirstWin%=0.00	OverallConfidence=VERY_STRONG	RecommendationSource=OVERALL_MATCHUP	Recommendation=OVERALL_MATCHUP_BALANCED	TossRecommendation=TOSS_DATA_INSUFFICIENT	StrategyRecommendation=BAT_FIELD_DATA_INSUFFICIENT	VenueConfidence=VERY_LOW	PerformanceScore=60.84	StrategyBonus=0.00	TossBonus=0.00	FinalScore=60.84	FinalDecision=POSITIVE	DecisionConfidence=VERY_LOW	StrategySignal=NONE	TossSignal=NONE	VenueConfidence=VERY_LOW
Punjab Cricket Association Stadium, Mohali	Chennai Super Kings	Punjab Kings	VenueWin%=75.00	OverallWin%=53.33	VenueMatches=4	OverallMatches=30	Matches=4	Wins=3	Losses=1	Win%=75.00	TossWins=2	TossLosses=2	TossWinMatchWins=2	TossWinMatchLosses=0	TossConversion%=100.00	BatFirst=1	BatFirstWins=1	BatFirstWin%=100.00	FieldFirst=1	FieldFirstWins=1	FieldFirstWin%=100.00	OverallConfidence=VERY_STRONG	RecommendationSource=VENUE	Recommendation=STRONG_VENUE_ADVANTAGE	TossRecommendation=TOSS_WIN_HAS_STRONG_VALUE	StrategyRecommendation=BAT_FIELD_DATA_INSUFFICIENT	VenueConfidence=LOW	PerformanceScore=61.13	StrategyBonus=0.00	TossBonus=0.00	FinalScore=61.13	FinalDecision=POSITIVE	DecisionConfidence=LOW	StrategySignal=NONE	TossSignal=NONE	VenueConfidence=LOW
Punjab Cricket Association Stadium, Mohali	Deccan Chargers	Punjab Kings	VenueWin%=0.00	OverallWin%=30.00	VenueMatches=2	OverallMatches=10	Matches=2	Wins=0	Losses=2	Win%=0.00	TossWins=1	TossLosses=1	TossWinMatchWins=0	TossWinMatchLosses=1	TossConversion%=0.00	BatFirst=1	BatFirstWins=0	BatFirstWin%=0.00	FieldFirst=0	FieldFirstWins=0	FieldFirstWin%=0.00	OverallConfidence=STRONG	RecommendationSource=OVERALL_MATCHUP	Recommendation=OVERALL_MATCHUP_DISADVANTAGE	TossRecommendation=TOSS_DATA_INSUFFICIENT	StrategyRecommendation=BAT_FIELD_DATA_INSUFFICIENT	VenueConfidence=VERY_LOW	PerformanceScore=21.60	StrategyBonus=0.00	TossBonus=0.00	FinalScore=21.60	FinalDecision=STRONG_NEGATIVE	DecisionConfidence=VERY_LOW	StrategySignal=NONE	TossSignal=NONE	VenueConfidence=VERY_LOW
Punjab Cricket Association Stadium, Mohali	Delhi Capitals	Punjab Kings	VenueWin%=33.33	OverallWin%=48.48	VenueMatches=3	OverallMatches=33	Matches=3	Wins=1	Losses=2	Win%=33.33	TossWins=2	TossLosses=1	TossWinMatchWins=1	TossWinMatchLosses=1	TossConversion%=50.00	BatFirst=1	BatFirstWins=0	BatFirstWin%=0.00	FieldFirst=1	FieldFirstWins=1	FieldFirstWin%=100.00	OverallConfidence=VERY_STRONG	RecommendationSource=VENUE	Recommendation=VENUE_DISADVANTAGE	TossRecommendation=TOSS_IMPACT_BALANCED	StrategyRecommendation=BAT_FIELD_DATA_INSUFFICIENT	VenueConfidence=LOW	PerformanceScore=43.63	StrategyBonus=0.00	TossBonus=0.00	FinalScore=43.63	FinalDecision=NEGATIVE	DecisionConfidence=LOW	StrategySignal=NONE	TossSignal=NONE	VenueConfidence=LOW
Punjab Cricket Association Stadium, Mohali	Kolkata Knight Riders	Punjab Kings	VenueWin%=50.00	OverallWin%=63.64	VenueMatches=4	OverallMatches=33	Matches=4	Wins=2	Losses=2	Win%=50.00	TossWins=2	TossLosses=2	TossWinMatchWins=1	TossWinMatchLosses=1	TossConversion%=50.00	BatFirst=1	BatFirstWins=1	BatFirstWin%=100.00	FieldFirst=1	FieldFirstWins=0	FieldFirstWin%=0.00	OverallConfidence=VERY_STRONG	RecommendationSource=VENUE	Recommendation=BALANCED_VENUE	TossRecommendation=TOSS_IMPACT_BALANCED	StrategyRecommendation=BAT_FIELD_DATA_INSUFFICIENT	VenueConfidence=LOW	PerformanceScore=58.73	StrategyBonus=0.00	TossBonus=0.00	FinalScore=58.73	FinalDecision=BALANCED	DecisionConfidence=LOW	StrategySignal=NONE	TossSignal=NONE	VenueConfidence=LOW
Punjab Cricket Association Stadium, Mohali	Mumbai Indians	Punjab Kings	VenueWin%=50.00	OverallWin%=53.12	VenueMatches=6	OverallMatches=32	Matches=6	Wins=3	Losses=3	Win%=50.00	TossWins=5	TossLosses=1	TossWinMatchWins=2	TossWinMatchLosses=3	TossConversion%=40.00	BatFirst=2	BatFirstWins=1	BatFirstWin%=50.00	FieldFirst=3	FieldFirstWins=1	FieldFirstWin%=33.33	OverallConfidence=VERY_STRONG	RecommendationSource=VENUE	Recommendation=BALANCED_VENUE	TossRecommendation=TOSS_WIN_HAS_LOW_VALUE	StrategyRecommendation=FIELD_FIRST_DATA_STRONGER	VenueConfidence=MODERATE	PerformanceScore=51.75	StrategyBonus=0.00	TossBonus=0.00	FinalScore=51.75	FinalDecision=BALANCED	DecisionConfidence=MODERATE	StrategySignal=NONE	TossSignal=LOW	VenueConfidence=MODERATE
Punjab Cricket Association Stadium, Mohali	Pune Warriors	Punjab Kings	VenueWin%=33.33	OverallWin%=50.00	VenueMatches=3	OverallMatches=6	Matches=3	Wins=1	Losses=2	Win%=33.33	TossWins=0	TossLosses=3	TossWinMatchWins=0	TossWinMatchLosses=0	TossConversion%=0.00	BatFirst=0	BatFirstWins=0	BatFirstWin%=0.00	FieldFirst=0	FieldFirstWins=0	FieldFirstWin%=0.00	OverallConfidence=MODERATE	RecommendationSource=VENUE	Recommendation=VENUE_DISADVANTAGE	TossRecommendation=TOSS_WIN_HAS_LOW_VALUE	StrategyRecommendation=BAT_FIELD_DATA_INSUFFICIENT	VenueConfidence=LOW	PerformanceScore=44.67	StrategyBonus=0.00	TossBonus=0.00	FinalScore=44.67	FinalDecision=NEGATIVE	DecisionConfidence=LOW	StrategySignal=NONE	TossSignal=NONE	VenueConfidence=LOW
Punjab Cricket Association Stadium, Mohali	Punjab Kings	Chennai Super Kings	VenueWin%=25.00	OverallWin%=46.67	VenueMatches=4	OverallMatches=30	Matches=4	Wins=1	Losses=3	Win%=25.00	TossWins=2	TossLosses=2	TossWinMatchWins=1	TossWinMatchLosses=1	TossConversion%=50.00	BatFirst=1	BatFirstWins=0	BatFirstWin%=0.00	FieldFirst=1	FieldFirstWins=1	FieldFirstWin%=100.00	OverallConfidence=VERY_STRONG	RecommendationSource=VENUE	Recommendation=VENUE_DISADVANTAGE	TossRecommendation=TOSS_IMPACT_BALANCED	StrategyRecommendation=BAT_FIELD_DATA_INSUFFICIENT	VenueConfidence=LOW	PerformanceScore=38.87	StrategyBonus=0.00	TossBonus=0.00	FinalScore=38.87	FinalDecision=NEGATIVE	DecisionConfidence=LOW	StrategySignal=NONE	TossSignal=NONE	VenueConfidence=LOW
Punjab Cricket Association Stadium, Mohali	Punjab Kings	Deccan Chargers	VenueWin%=100.00	OverallWin%=70.00	VenueMatches=2	OverallMatches=10	Matches=2	Wins=2	Losses=0	Win%=100.00	TossWins=1	TossLosses=1	TossWinMatchWins=1	TossWinMatchLosses=0	TossConversion%=100.00	BatFirst=0	BatFirstWins=0	BatFirstWin%=0.00	FieldFirst=1	FieldFirstWins=1	FieldFirstWin%=100.00	OverallConfidence=STRONG	RecommendationSource=OVERALL_MATCHUP	Recommendation=OVERALL_MATCHUP_STRONG_ADVANTAGE	TossRecommendation=TOSS_DATA_INSUFFICIENT	StrategyRecommendation=BAT_FIELD_DATA_INSUFFICIENT	VenueConfidence=VERY_LOW	PerformanceScore=78.40	StrategyBonus=0.00	TossBonus=0.00	FinalScore=78.40	FinalDecision=STRONG_POSITIVE	DecisionConfidence=VERY_LOW	StrategySignal=NONE	TossSignal=NONE	VenueConfidence=VERY_LOW
Punjab Cricket Association Stadium, Mohali	Punjab Kings	Delhi Capitals	VenueWin%=66.67	OverallWin%=51.52	VenueMatches=3	OverallMatches=33	Matches=3	Wins=2	Losses=1	Win%=66.67	TossWins=1	TossLosses=2	TossWinMatchWins=1	TossWinMatchLosses=0	TossConversion%=100.00	BatFirst=0	BatFirstWins=0	BatFirstWin%=0.00	FieldFirst=1	FieldFirstWins=1	FieldFirstWin%=100.00	OverallConfidence=VERY_STRONG	RecommendationSource=VENUE	Recommendation=VENUE_ADVANTAGE	TossRecommendation=TOSS_WIN_HAS_STRONG_VALUE	StrategyRecommendation=BAT_FIELD_DATA_INSUFFICIENT	VenueConfidence=LOW	PerformanceScore=56.37	StrategyBonus=0.00	TossBonus=0.00	FinalScore=56.37	FinalDecision=BALANCED	DecisionConfidence=LOW	StrategySignal=NONE	TossSignal=NONE	VenueConfidence=LOW
Punjab Cricket Association Stadium, Mohali	Punjab Kings	Kolkata Knight Riders	VenueWin%=50.00	OverallWin%=36.36	VenueMatches=4	OverallMatches=33	Matches=4	Wins=2	Losses=2	Win%=50.00	TossWins=2	TossLosses=2	TossWinMatchWins=1	TossWinMatchLosses=1	TossConversion%=50.00	BatFirst=2	BatFirstWins=1	BatFirstWin%=50.00	FieldFirst=0	FieldFirstWins=0	FieldFirstWin%=0.00	OverallConfidence=VERY_STRONG	RecommendationSource=VENUE	Recommendation=BALANCED_VENUE	TossRecommendation=TOSS_IMPACT_BALANCED	StrategyRecommendation=BAT_FIELD_DATA_INSUFFICIENT	VenueConfidence=LOW	PerformanceScore=41.27	StrategyBonus=0.00	TossBonus=0.00	FinalScore=41.27	FinalDecision=NEGATIVE	DecisionConfidence=LOW	StrategySignal=NONE	TossSignal=NONE	VenueConfidence=LOW
Punjab Cricket Association Stadium, Mohali	Punjab Kings	Mumbai Indians	VenueWin%=50.00	OverallWin%=46.88	VenueMatches=6	OverallMatches=32	Matches=6	Wins=3	Losses=3	Win%=50.00	TossWins=1	TossLosses=5	TossWinMatchWins=0	TossWinMatchLosses=1	TossConversion%=0.00	BatFirst=1	BatFirstWins=0	BatFirstWin%=0.00	FieldFirst=0	FieldFirstWins=0	FieldFirstWin%=0.00	OverallConfidence=VERY_STRONG	RecommendationSource=VENUE	Recommendation=BALANCED_VENUE	TossRecommendation=TOSS_WIN_HAS_LOW_VALUE	StrategyRecommendation=BAT_FIELD_DATA_INSUFFICIENT	VenueConfidence=MODERATE	PerformanceScore=48.25	StrategyBonus=0.00	TossBonus=0.00	FinalScore=48.25	FinalDecision=BALANCED	DecisionConfidence=MODERATE	StrategySignal=NONE	TossSignal=LOW	VenueConfidence=MODERATE
Punjab Cricket Association Stadium, Mohali	Punjab Kings	Pune Warriors	VenueWin%=66.67	OverallWin%=50.00	VenueMatches=3	OverallMatches=6	Matches=3	Wins=2	Losses=1	Win%=66.67	TossWins=3	TossLosses=0	TossWinMatchWins=2	TossWinMatchLosses=1	TossConversion%=66.67	BatFirst=1	BatFirstWins=0	BatFirstWin%=0.00	FieldFirst=2	FieldFirstWins=2	FieldFirstWin%=100.00	OverallConfidence=MODERATE	RecommendationSource=VENUE	Recommendation=VENUE_ADVANTAGE	TossRecommendation=TOSS_WIN_HAS_MODERATE_VALUE	StrategyRecommendation=BAT_FIELD_DATA_INSUFFICIENT	VenueConfidence=LOW	PerformanceScore=55.33	StrategyBonus=0.00	TossBonus=0.00	FinalScore=55.33	FinalDecision=BALANCED	DecisionConfidence=LOW	StrategySignal=NONE	TossSignal=NONE	VenueConfidence=LOW
Punjab Cricket Association Stadium, Mohali	Punjab Kings	Rajasthan Royals	VenueWin%=50.00	OverallWin%=42.86	VenueMatches=6	OverallMatches=28	Matches=6	Wins=3	Losses=3	Win%=50.00	TossWins=1	TossLosses=5	TossWinMatchWins=0	TossWinMatchLosses=1	TossConversion%=0.00	BatFirst=0	BatFirstWins=0	BatFirstWin%=0.00	FieldFirst=1	FieldFirstWins=0	FieldFirstWin%=0.00	OverallConfidence=VERY_STRONG	RecommendationSource=VENUE	Recommendation=BALANCED_VENUE	TossRecommendation=TOSS_WIN_HAS_LOW_VALUE	StrategyRecommendation=BAT_FIELD_DATA_INSUFFICIENT	VenueConfidence=MODERATE	PerformanceScore=46.00	StrategyBonus=0.00	TossBonus=0.00	FinalScore=46.00	FinalDecision=BALANCED	DecisionConfidence=MODERATE	StrategySignal=NONE	TossSignal=LOW	VenueConfidence=MODERATE
Punjab Cricket Association Stadium, Mohali	Punjab Kings	Royal Challengers Bengaluru	VenueWin%=60.00	OverallWin%=51.52	VenueMatches=5	OverallMatches=33	Matches=5	Wins=3	Losses=2	Win%=60.00	TossWins=2	TossLosses=3	TossWinMatchWins=1	TossWinMatchLosses=1	TossConversion%=50.00	BatFirst=1	BatFirstWins=0	BatFirstWin%=0.00	FieldFirst=1	FieldFirstWins=1	FieldFirstWin%=100.00	OverallConfidence=VERY_STRONG	RecommendationSource=VENUE	Recommendation=VENUE_ADVANTAGE	TossRecommendation=TOSS_IMPACT_BALANCED	StrategyRecommendation=BAT_FIELD_DATA_INSUFFICIENT	VenueConfidence=MODERATE	PerformanceScore=54.91	StrategyBonus=0.00	TossBonus=0.00	FinalScore=54.91	FinalDecision=BALANCED	DecisionConfidence=MODERATE	StrategySignal=NONE	TossSignal=LOW	VenueConfidence=MODERATE
Punjab Cricket Association Stadium, Mohali	Punjab Kings	Sunrisers Hyderabad	VenueWin%=0.00	OverallWin%=30.43	VenueMatches=2	OverallMatches=23	Matches=2	Wins=0	Losses=2	Win%=0.00	TossWins=2	TossLosses=0	TossWinMatchWins=0	TossWinMatchLosses=2	TossConversion%=0.00	BatFirst=0	BatFirstWins=0	BatFirstWin%=0.00	FieldFirst=2	FieldFirstWins=0	FieldFirstWin%=0.00	OverallConfidence=VERY_STRONG	RecommendationSource=OVERALL_MATCHUP	Recommendation=OVERALL_MATCHUP_DISADVANTAGE	TossRecommendation=TOSS_DATA_INSUFFICIENT	StrategyRecommendation=BAT_FIELD_DATA_INSUFFICIENT	VenueConfidence=VERY_LOW	PerformanceScore=21.91	StrategyBonus=0.00	TossBonus=0.00	FinalScore=21.91	FinalDecision=STRONG_NEGATIVE	DecisionConfidence=VERY_LOW	StrategySignal=NONE	TossSignal=NONE	VenueConfidence=VERY_LOW
Punjab Cricket Association Stadium, Mohali	Rajasthan Royals	Punjab Kings	VenueWin%=50.00	OverallWin%=57.14	VenueMatches=6	OverallMatches=28	Matches=6	Wins=3	Losses=3	Win%=50.00	TossWins=5	TossLosses=1	TossWinMatchWins=2	TossWinMatchLosses=3	TossConversion%=40.00	BatFirst=1	BatFirstWins=1	BatFirstWin%=100.00	FieldFirst=4	FieldFirstWins=1	FieldFirstWin%=25.00	OverallConfidence=VERY_STRONG	RecommendationSource=VENUE	Recommendation=BALANCED_VENUE	TossRecommendation=TOSS_WIN_HAS_LOW_VALUE	StrategyRecommendation=FIELD_FIRST_DATA_STRONGER	VenueConfidence=MODERATE	PerformanceScore=54.00	StrategyBonus=0.00	TossBonus=0.00	FinalScore=54.00	FinalDecision=BALANCED	DecisionConfidence=MODERATE	StrategySignal=NONE	TossSignal=LOW	VenueConfidence=MODERATE
Punjab Cricket Association Stadium, Mohali	Royal Challengers Bengaluru	Punjab Kings	VenueWin%=40.00	OverallWin%=48.48	VenueMatches=5	OverallMatches=33	Matches=5	Wins=2	Losses=3	Win%=40.00	TossWins=3	TossLosses=2	TossWinMatchWins=1	TossWinMatchLosses=2	TossConversion%=33.33	BatFirst=1	BatFirstWins=0	BatFirstWin%=0.00	FieldFirst=2	FieldFirstWins=1	FieldFirstWin%=50.00	OverallConfidence=VERY_STRONG	RecommendationSource=VENUE	Recommendation=VENUE_DISADVANTAGE	TossRecommendation=TOSS_WIN_HAS_LOW_VALUE	StrategyRecommendation=BAT_FIELD_DATA_INSUFFICIENT	VenueConfidence=MODERATE	PerformanceScore=45.09	StrategyBonus=0.00	TossBonus=0.00	FinalScore=45.09	FinalDecision=BALANCED	DecisionConfidence=MODERATE	StrategySignal=NONE	TossSignal=LOW	VenueConfidence=MODERATE
Punjab Cricket Association Stadium, Mohali	Sunrisers Hyderabad	Punjab Kings	VenueWin%=100.00	OverallWin%=69.57	VenueMatches=2	OverallMatches=23	Matches=2	Wins=2	Losses=0	Win%=100.00	TossWins=0	TossLosses=2	TossWinMatchWins=0	TossWinMatchLosses=0	TossConversion%=0.00	BatFirst=0	BatFirstWins=0	BatFirstWin%=0.00	FieldFirst=0	FieldFirstWins=0	FieldFirstWin%=0.00	OverallConfidence=VERY_STRONG	RecommendationSource=OVERALL_MATCHUP	Recommendation=OVERALL_MATCHUP_ADVANTAGE	TossRecommendation=TOSS_DATA_INSUFFICIENT	StrategyRecommendation=BAT_FIELD_DATA_INSUFFICIENT	VenueConfidence=VERY_LOW	PerformanceScore=78.09	StrategyBonus=0.00	TossBonus=0.00	FinalScore=78.09	FinalDecision=STRONG_POSITIVE	DecisionConfidence=VERY_LOW	StrategySignal=NONE	TossSignal=NONE	VenueConfidence=VERY_LOW
Rajiv Gandhi International Stadium	Chennai Super Kings	Mumbai Indians	VenueWin%=0.00	OverallWin%=45.95	VenueMatches=1	OverallMatches=37	Matches=1	Wins=0	Losses=1	Win%=0.00	TossWins=0	TossLosses=1	TossWinMatchWins=0	TossWinMatchLosses=0	TossConversion%=0.00	BatFirst=0	BatFirstWins=0	BatFirstWin%=0.00	FieldFirst=0	FieldFirstWins=0	FieldFirstWin%=0.00	OverallConfidence=VERY_STRONG	RecommendationSource=OVERALL_MATCHUP	Recommendation=OVERALL_MATCHUP_BALANCED	TossRecommendation=TOSS_DATA_INSUFFICIENT	StrategyRecommendation=BAT_FIELD_DATA_INSUFFICIENT	VenueConfidence=VERY_LOW	PerformanceScore=34.92	StrategyBonus=0.00	TossBonus=0.00	FinalScore=34.92	FinalDecision=NEGATIVE	DecisionConfidence=VERY_LOW	StrategySignal=NONE	TossSignal=NONE	VenueConfidence=VERY_LOW
Rajiv Gandhi International Stadium	Chennai Super Kings	Sunrisers Hyderabad	VenueWin%=50.00	OverallWin%=71.43	VenueMatches=2	OverallMatches=21	Matches=2	Wins=1	Losses=1	Win%=50.00	TossWins=1	TossLosses=1	TossWinMatchWins=0	TossWinMatchLosses=1	TossConversion%=0.00	BatFirst=1	BatFirstWins=0	BatFirstWin%=0.00	FieldFirst=0	FieldFirstWins=0	FieldFirstWin%=0.00	OverallConfidence=VERY_STRONG	RecommendationSource=OVERALL_MATCHUP	Recommendation=OVERALL_MATCHUP_STRONG_ADVANTAGE	TossRecommendation=TOSS_DATA_INSUFFICIENT	StrategyRecommendation=BAT_FIELD_DATA_INSUFFICIENT	VenueConfidence=VERY_LOW	PerformanceScore=65.43	StrategyBonus=0.00	TossBonus=0.00	FinalScore=65.43	FinalDecision=POSITIVE	DecisionConfidence=VERY_LOW	StrategySignal=NONE	TossSignal=NONE	VenueConfidence=VERY_LOW
Rajiv Gandhi International Stadium	Delhi Capitals	Sunrisers Hyderabad	VenueWin%=50.00	OverallWin%=45.83	VenueMatches=2	OverallMatches=24	Matches=2	Wins=1	Losses=1	Win%=50.00	TossWins=1	TossLosses=1	TossWinMatchWins=0	TossWinMatchLosses=1	TossConversion%=0.00	BatFirst=1	BatFirstWins=0	BatFirstWin%=0.00	FieldFirst=0	FieldFirstWins=0	FieldFirstWin%=0.00	OverallConfidence=VERY_STRONG	RecommendationSource=OVERALL_MATCHUP	Recommendation=OVERALL_MATCHUP_BALANCED	TossRecommendation=TOSS_DATA_INSUFFICIENT	StrategyRecommendation=BAT_FIELD_DATA_INSUFFICIENT	VenueConfidence=VERY_LOW	PerformanceScore=47.00	StrategyBonus=0.00	TossBonus=0.00	FinalScore=47.00	FinalDecision=BALANCED	DecisionConfidence=VERY_LOW	StrategySignal=NONE	TossSignal=NONE	VenueConfidence=VERY_LOW
Rajiv Gandhi International Stadium	Kolkata Knight Riders	Sunrisers Hyderabad	VenueWin%=50.00	OverallWin%=67.86	VenueMatches=2	OverallMatches=28	Matches=2	Wins=1	Losses=1	Win%=50.00	TossWins=0	TossLosses=2	TossWinMatchWins=0	TossWinMatchLosses=0	TossConversion%=0.00	BatFirst=0	BatFirstWins=0	BatFirstWin%=0.00	FieldFirst=0	FieldFirstWins=0	FieldFirstWin%=0.00	OverallConfidence=VERY_STRONG	RecommendationSource=OVERALL_MATCHUP	Recommendation=OVERALL_MATCHUP_ADVANTAGE	TossRecommendation=TOSS_DATA_INSUFFICIENT	StrategyRecommendation=BAT_FIELD_DATA_INSUFFICIENT	VenueConfidence=VERY_LOW	PerformanceScore=62.86	StrategyBonus=0.00	TossBonus=0.00	FinalScore=62.86	FinalDecision=POSITIVE	DecisionConfidence=VERY_LOW	StrategySignal=NONE	TossSignal=NONE	VenueConfidence=VERY_LOW
Rajiv Gandhi International Stadium	Mumbai Indians	Chennai Super Kings	VenueWin%=100.00	OverallWin%=54.05	VenueMatches=1	OverallMatches=37	Matches=1	Wins=1	Losses=0	Win%=100.00	TossWins=1	TossLosses=0	TossWinMatchWins=1	TossWinMatchLosses=0	TossConversion%=100.00	BatFirst=1	BatFirstWins=1	BatFirstWin%=100.00	FieldFirst=0	FieldFirstWins=0	FieldFirstWin%=0.00	OverallConfidence=VERY_STRONG	RecommendationSource=OVERALL_MATCHUP	Recommendation=OVERALL_MATCHUP_BALANCED	TossRecommendation=TOSS_DATA_INSUFFICIENT	StrategyRecommendation=BAT_FIELD_DATA_INSUFFICIENT	VenueConfidence=VERY_LOW	PerformanceScore=65.08	StrategyBonus=0.00	TossBonus=0.00	FinalScore=65.08	FinalDecision=POSITIVE	DecisionConfidence=VERY_LOW	StrategySignal=NONE	TossSignal=NONE	VenueConfidence=VERY_LOW
Rajiv Gandhi International Stadium	Mumbai Indians	Sunrisers Hyderabad	VenueWin%=50.00	OverallWin%=56.52	VenueMatches=2	OverallMatches=23	Matches=2	Wins=1	Losses=1	Win%=50.00	TossWins=0	TossLosses=2	TossWinMatchWins=0	TossWinMatchLosses=0	TossConversion%=0.00	BatFirst=0	BatFirstWins=0	BatFirstWin%=0.00	FieldFirst=0	FieldFirstWins=0	FieldFirstWin%=0.00	OverallConfidence=VERY_STRONG	RecommendationSource=OVERALL_MATCHUP	Recommendation=OVERALL_MATCHUP_ADVANTAGE	TossRecommendation=TOSS_DATA_INSUFFICIENT	StrategyRecommendation=BAT_FIELD_DATA_INSUFFICIENT	VenueConfidence=VERY_LOW	PerformanceScore=54.69	StrategyBonus=0.00	TossBonus=0.00	FinalScore=54.69	FinalDecision=BALANCED	DecisionConfidence=VERY_LOW	StrategySignal=NONE	TossSignal=NONE	VenueConfidence=VERY_LOW
Rajiv Gandhi International Stadium	Punjab Kings	Sunrisers Hyderabad	VenueWin%=0.00	OverallWin%=30.43	VenueMatches=2	OverallMatches=23	Matches=2	Wins=0	Losses=2	Win%=0.00	TossWins=2	TossLosses=0	TossWinMatchWins=0	TossWinMatchLosses=2	TossConversion%=0.00	BatFirst=0	BatFirstWins=0	BatFirstWin%=0.00	FieldFirst=2	FieldFirstWins=0	FieldFirstWin%=0.00	OverallConfidence=VERY_STRONG	RecommendationSource=OVERALL_MATCHUP	Recommendation=OVERALL_MATCHUP_DISADVANTAGE	TossRecommendation=TOSS_DATA_INSUFFICIENT	StrategyRecommendation=BAT_FIELD_DATA_INSUFFICIENT	VenueConfidence=VERY_LOW	PerformanceScore=21.91	StrategyBonus=0.00	TossBonus=0.00	FinalScore=21.91	FinalDecision=STRONG_NEGATIVE	DecisionConfidence=VERY_LOW	StrategySignal=NONE	TossSignal=NONE	VenueConfidence=VERY_LOW
Rajiv Gandhi International Stadium	Rajasthan Royals	Sunrisers Hyderabad	VenueWin%=0.00	OverallWin%=45.00	VenueMatches=2	OverallMatches=20	Matches=2	Wins=0	Losses=2	Win%=0.00	TossWins=1	TossLosses=1	TossWinMatchWins=0	TossWinMatchLosses=1	TossConversion%=0.00	BatFirst=1	BatFirstWins=0	BatFirstWin%=0.00	FieldFirst=0	FieldFirstWins=0	FieldFirstWin%=0.00	OverallConfidence=VERY_STRONG	RecommendationSource=OVERALL_MATCHUP	Recommendation=OVERALL_MATCHUP_BALANCED	TossRecommendation=TOSS_DATA_INSUFFICIENT	StrategyRecommendation=BAT_FIELD_DATA_INSUFFICIENT	VenueConfidence=VERY_LOW	PerformanceScore=32.40	StrategyBonus=0.00	TossBonus=0.00	FinalScore=32.40	FinalDecision=NEGATIVE	DecisionConfidence=VERY_LOW	StrategySignal=NONE	TossSignal=NONE	VenueConfidence=VERY_LOW
Rajiv Gandhi International Stadium	Royal Challengers Bengaluru	Sunrisers Hyderabad	VenueWin%=0.00	OverallWin%=45.83	VenueMatches=2	OverallMatches=24	Matches=2	Wins=0	Losses=2	Win%=0.00	TossWins=2	TossLosses=0	TossWinMatchWins=0	TossWinMatchLosses=2	TossConversion%=0.00	BatFirst=0	BatFirstWins=0	BatFirstWin%=0.00	FieldFirst=2	FieldFirstWins=0	FieldFirstWin%=0.00	OverallConfidence=VERY_STRONG	RecommendationSource=OVERALL_MATCHUP	Recommendation=OVERALL_MATCHUP_BALANCED	TossRecommendation=TOSS_DATA_INSUFFICIENT	StrategyRecommendation=BAT_FIELD_DATA_INSUFFICIENT	VenueConfidence=VERY_LOW	PerformanceScore=33.00	StrategyBonus=0.00	TossBonus=0.00	FinalScore=33.00	FinalDecision=NEGATIVE	DecisionConfidence=VERY_LOW	StrategySignal=NONE	TossSignal=NONE	VenueConfidence=VERY_LOW
Rajiv Gandhi International Stadium	Sunrisers Hyderabad	Chennai Super Kings	VenueWin%=50.00	OverallWin%=28.57	VenueMatches=2	OverallMatches=21	Matches=2	Wins=1	Losses=1	Win%=50.00	TossWins=1	TossLosses=1	TossWinMatchWins=0	TossWinMatchLosses=1	TossConversion%=0.00	BatFirst=0	BatFirstWins=0	BatFirstWin%=0.00	FieldFirst=1	FieldFirstWins=0	FieldFirstWin%=0.00	OverallConfidence=VERY_STRONG	RecommendationSource=OVERALL_MATCHUP	Recommendation=OVERALL_MATCHUP_DISADVANTAGE	TossRecommendation=TOSS_DATA_INSUFFICIENT	StrategyRecommendation=BAT_FIELD_DATA_INSUFFICIENT	VenueConfidence=VERY_LOW	PerformanceScore=34.57	StrategyBonus=0.00	TossBonus=0.00	FinalScore=34.57	FinalDecision=NEGATIVE	DecisionConfidence=VERY_LOW	StrategySignal=NONE	TossSignal=NONE	VenueConfidence=VERY_LOW
Rajiv Gandhi International Stadium	Sunrisers Hyderabad	Delhi Capitals	VenueWin%=50.00	OverallWin%=54.17	VenueMatches=2	OverallMatches=24	Matches=2	Wins=1	Losses=1	Win%=50.00	TossWins=1	TossLosses=1	TossWinMatchWins=0	TossWinMatchLosses=1	TossConversion%=0.00	BatFirst=0	BatFirstWins=0	BatFirstWin%=0.00	FieldFirst=1	FieldFirstWins=0	FieldFirstWin%=0.00	OverallConfidence=VERY_STRONG	RecommendationSource=OVERALL_MATCHUP	Recommendation=OVERALL_MATCHUP_BALANCED	TossRecommendation=TOSS_DATA_INSUFFICIENT	StrategyRecommendation=BAT_FIELD_DATA_INSUFFICIENT	VenueConfidence=VERY_LOW	PerformanceScore=53.00	StrategyBonus=0.00	TossBonus=0.00	FinalScore=53.00	FinalDecision=BALANCED	DecisionConfidence=VERY_LOW	StrategySignal=NONE	TossSignal=NONE	VenueConfidence=VERY_LOW
Rajiv Gandhi International Stadium	Sunrisers Hyderabad	Kolkata Knight Riders	VenueWin%=50.00	OverallWin%=32.14	VenueMatches=2	OverallMatches=28	Matches=2	Wins=1	Losses=1	Win%=50.00	TossWins=2	TossLosses=0	TossWinMatchWins=1	TossWinMatchLosses=1	TossConversion%=50.00	BatFirst=1	BatFirstWins=0	BatFirstWin%=0.00	FieldFirst=1	FieldFirstWins=1	FieldFirstWin%=100.00	OverallConfidence=VERY_STRONG	RecommendationSource=OVERALL_MATCHUP	Recommendation=OVERALL_MATCHUP_DISADVANTAGE	TossRecommendation=TOSS_DATA_INSUFFICIENT	StrategyRecommendation=BAT_FIELD_DATA_INSUFFICIENT	VenueConfidence=VERY_LOW	PerformanceScore=37.14	StrategyBonus=0.00	TossBonus=0.00	FinalScore=37.14	FinalDecision=NEGATIVE	DecisionConfidence=VERY_LOW	StrategySignal=NONE	TossSignal=NONE	VenueConfidence=VERY_LOW
Rajiv Gandhi International Stadium	Sunrisers Hyderabad	Mumbai Indians	VenueWin%=50.00	OverallWin%=43.48	VenueMatches=2	OverallMatches=23	Matches=2	Wins=1	Losses=1	Win%=50.00	TossWins=2	TossLosses=0	TossWinMatchWins=1	TossWinMatchLosses=1	TossConversion%=50.00	BatFirst=0	BatFirstWins=0	BatFirstWin%=0.00	FieldFirst=2	FieldFirstWins=1	FieldFirstWin%=50.00	OverallConfidence=VERY_STRONG	RecommendationSource=OVERALL_MATCHUP	Recommendation=OVERALL_MATCHUP_BALANCED	TossRecommendation=TOSS_DATA_INSUFFICIENT	StrategyRecommendation=BAT_FIELD_DATA_INSUFFICIENT	VenueConfidence=VERY_LOW	PerformanceScore=45.31	StrategyBonus=0.00	TossBonus=0.00	FinalScore=45.31	FinalDecision=BALANCED	DecisionConfidence=VERY_LOW	StrategySignal=NONE	TossSignal=NONE	VenueConfidence=VERY_LOW
Rajiv Gandhi International Stadium	Sunrisers Hyderabad	Punjab Kings	VenueWin%=100.00	OverallWin%=69.57	VenueMatches=2	OverallMatches=23	Matches=2	Wins=2	Losses=0	Win%=100.00	TossWins=0	TossLosses=2	TossWinMatchWins=0	TossWinMatchLosses=0	TossConversion%=0.00	BatFirst=0	BatFirstWins=0	BatFirstWin%=0.00	FieldFirst=0	FieldFirstWins=0	FieldFirstWin%=0.00	OverallConfidence=VERY_STRONG	RecommendationSource=OVERALL_MATCHUP	Recommendation=OVERALL_MATCHUP_ADVANTAGE	TossRecommendation=TOSS_DATA_INSUFFICIENT	StrategyRecommendation=BAT_FIELD_DATA_INSUFFICIENT	VenueConfidence=VERY_LOW	PerformanceScore=78.09	StrategyBonus=0.00	TossBonus=0.00	FinalScore=78.09	FinalDecision=STRONG_POSITIVE	DecisionConfidence=VERY_LOW	StrategySignal=NONE	TossSignal=NONE	VenueConfidence=VERY_LOW
Rajiv Gandhi International Stadium	Sunrisers Hyderabad	Rajasthan Royals	VenueWin%=100.00	OverallWin%=55.00	VenueMatches=2	OverallMatches=20	Matches=2	Wins=2	Losses=0	Win%=100.00	TossWins=1	TossLosses=1	TossWinMatchWins=1	TossWinMatchLosses=0	TossConversion%=100.00	BatFirst=0	BatFirstWins=0	BatFirstWin%=0.00	FieldFirst=1	FieldFirstWins=1	FieldFirstWin%=100.00	OverallConfidence=VERY_STRONG	RecommendationSource=OVERALL_MATCHUP	Recommendation=OVERALL_MATCHUP_ADVANTAGE	TossRecommendation=TOSS_DATA_INSUFFICIENT	StrategyRecommendation=BAT_FIELD_DATA_INSUFFICIENT	VenueConfidence=VERY_LOW	PerformanceScore=67.60	StrategyBonus=0.00	TossBonus=0.00	FinalScore=67.60	FinalDecision=POSITIVE	DecisionConfidence=VERY_LOW	StrategySignal=NONE	TossSignal=NONE	VenueConfidence=VERY_LOW
Rajiv Gandhi International Stadium	Sunrisers Hyderabad	Royal Challengers Bengaluru	VenueWin%=100.00	OverallWin%=54.17	VenueMatches=2	OverallMatches=24	Matches=2	Wins=2	Losses=0	Win%=100.00	TossWins=0	TossLosses=2	TossWinMatchWins=0	TossWinMatchLosses=0	TossConversion%=0.00	BatFirst=0	BatFirstWins=0	BatFirstWin%=0.00	FieldFirst=0	FieldFirstWins=0	FieldFirstWin%=0.00	OverallConfidence=VERY_STRONG	RecommendationSource=OVERALL_MATCHUP	Recommendation=OVERALL_MATCHUP_BALANCED	TossRecommendation=TOSS_DATA_INSUFFICIENT	StrategyRecommendation=BAT_FIELD_DATA_INSUFFICIENT	VenueConfidence=VERY_LOW	PerformanceScore=67.00	StrategyBonus=0.00	TossBonus=0.00	FinalScore=67.00	FinalDecision=POSITIVE	DecisionConfidence=VERY_LOW	StrategySignal=NONE	TossSignal=NONE	VenueConfidence=VERY_LOW
Rajiv Gandhi International Stadium, Uppal	Chennai Super Kings	Deccan Chargers	VenueWin%=100.00	OverallWin%=60.00	VenueMatches=1	OverallMatches=10	Matches=1	Wins=1	Losses=0	Win%=100.00	TossWins=0	TossLosses=1	TossWinMatchWins=0	TossWinMatchLosses=0	TossConversion%=0.00	BatFirst=0	BatFirstWins=0	BatFirstWin%=0.00	FieldFirst=0	FieldFirstWins=0	FieldFirstWin%=0.00	OverallConfidence=STRONG	RecommendationSource=OVERALL_MATCHUP	Recommendation=OVERALL_MATCHUP_ADVANTAGE	TossRecommendation=TOSS_DATA_INSUFFICIENT	StrategyRecommendation=BAT_FIELD_DATA_INSUFFICIENT	VenueConfidence=VERY_LOW	PerformanceScore=69.60	StrategyBonus=0.00	TossBonus=0.00	FinalScore=69.60	FinalDecision=POSITIVE	DecisionConfidence=VERY_LOW	StrategySignal=NONE	TossSignal=NONE	VenueConfidence=VERY_LOW
Rajiv Gandhi International Stadium, Uppal	Chennai Super Kings	Sunrisers Hyderabad	VenueWin%=50.00	OverallWin%=71.43	VenueMatches=2	OverallMatches=21	Matches=2	Wins=1	Losses=1	Win%=50.00	TossWins=1	TossLosses=1	TossWinMatchWins=0	TossWinMatchLosses=1	TossConversion%=0.00	BatFirst=0	BatFirstWins=0	BatFirstWin%=0.00	FieldFirst=1	FieldFirstWins=0	FieldFirstWin%=0.00	OverallConfidence=VERY_STRONG	RecommendationSource=OVERALL_MATCHUP	Recommendation=OVERALL_MATCHUP_STRONG_ADVANTAGE	TossRecommendation=TOSS_DATA_INSUFFICIENT	StrategyRecommendation=BAT_FIELD_DATA_INSUFFICIENT	VenueConfidence=VERY_LOW	PerformanceScore=65.43	StrategyBonus=0.00	TossBonus=0.00	FinalScore=65.43	FinalDecision=POSITIVE	DecisionConfidence=VERY_LOW	StrategySignal=NONE	TossSignal=NONE	VenueConfidence=VERY_LOW
Rajiv Gandhi International Stadium, Uppal	Deccan Chargers	Chennai Super Kings	VenueWin%=0.00	OverallWin%=40.00	VenueMatches=1	OverallMatches=10	Matches=1	Wins=0	Losses=1	Win%=0.00	TossWins=1	TossLosses=0	TossWinMatchWins=0	TossWinMatchLosses=1	TossConversion%=0.00	BatFirst=1	BatFirstWins=0	BatFirstWin%=0.00	FieldFirst=0	FieldFirstWins=0	FieldFirstWin%=0.00	OverallConfidence=STRONG	RecommendationSource=OVERALL_MATCHUP	Recommendation=OVERALL_MATCHUP_DISADVANTAGE	TossRecommendation=TOSS_DATA_INSUFFICIENT	StrategyRecommendation=BAT_FIELD_DATA_INSUFFICIENT	VenueConfidence=VERY_LOW	PerformanceScore=30.40	StrategyBonus=0.00	TossBonus=0.00	FinalScore=30.40	FinalDecision=NEGATIVE	DecisionConfidence=VERY_LOW	StrategySignal=NONE	TossSignal=NONE	VenueConfidence=VERY_LOW
Rajiv Gandhi International Stadium, Uppal	Deccan Chargers	Delhi Capitals	VenueWin%=0.00	OverallWin%=36.36	VenueMatches=3	OverallMatches=11	Matches=3	Wins=0	Losses=3	Win%=0.00	TossWins=2	TossLosses=1	TossWinMatchWins=0	TossWinMatchLosses=2	TossConversion%=0.00	BatFirst=2	BatFirstWins=0	BatFirstWin%=0.00	FieldFirst=0	FieldFirstWins=0	FieldFirstWin%=0.00	OverallConfidence=STRONG	RecommendationSource=VENUE	Recommendation=VENUE_DISADVANTAGE	TossRecommendation=TOSS_WIN_HAS_LOW_VALUE	StrategyRecommendation=BAT_FIELD_DATA_INSUFFICIENT	VenueConfidence=LOW	PerformanceScore=24.72	StrategyBonus=0.00	TossBonus=0.00	FinalScore=24.72	FinalDecision=STRONG_NEGATIVE	DecisionConfidence=LOW	StrategySignal=NONE	TossSignal=NONE	VenueConfidence=LOW
Rajiv Gandhi International Stadium, Uppal	Deccan Chargers	Kolkata Knight Riders	VenueWin%=0.00	OverallWin%=22.22	VenueMatches=2	OverallMatches=9	Matches=2	Wins=0	Losses=2	Win%=0.00	TossWins=1	TossLosses=1	TossWinMatchWins=0	TossWinMatchLosses=1	TossConversion%=0.00	BatFirst=0	BatFirstWins=0	BatFirstWin%=0.00	FieldFirst=1	FieldFirstWins=0	FieldFirstWin%=0.00	OverallConfidence=MODERATE	RecommendationSource=OVERALL_MATCHUP	Recommendation=OVERALL_MATCHUP_DISADVANTAGE	TossRecommendation=TOSS_DATA_INSUFFICIENT	StrategyRecommendation=BAT_FIELD_DATA_INSUFFICIENT	VenueConfidence=VERY_LOW	PerformanceScore=16.00	StrategyBonus=0.00	TossBonus=0.00	FinalScore=16.00	FinalDecision=STRONG_NEGATIVE	DecisionConfidence=VERY_LOW	StrategySignal=NONE	TossSignal=NONE	VenueConfidence=VERY_LOW
Rajiv Gandhi International Stadium, Uppal	Deccan Chargers	Mumbai Indians	VenueWin%=0.00	OverallWin%=40.00	VenueMatches=2	OverallMatches=10	Matches=2	Wins=0	Losses=2	Win%=0.00	TossWins=2	TossLosses=0	TossWinMatchWins=0	TossWinMatchLosses=2	TossConversion%=0.00	BatFirst=0	BatFirstWins=0	BatFirstWin%=0.00	FieldFirst=2	FieldFirstWins=0	FieldFirstWin%=0.00	OverallConfidence=STRONG	RecommendationSource=OVERALL_MATCHUP	Recommendation=OVERALL_MATCHUP_DISADVANTAGE	TossRecommendation=TOSS_DATA_INSUFFICIENT	StrategyRecommendation=BAT_FIELD_DATA_INSUFFICIENT	VenueConfidence=VERY_LOW	PerformanceScore=28.80	StrategyBonus=0.00	TossBonus=0.00	FinalScore=28.80	FinalDecision=STRONG_NEGATIVE	DecisionConfidence=VERY_LOW	StrategySignal=NONE	TossSignal=NONE	VenueConfidence=VERY_LOW
Rajiv Gandhi International Stadium, Uppal	Deccan Chargers	Pune Warriors	VenueWin%=0.00	OverallWin%=75.00	VenueMatches=1	OverallMatches=4	Matches=1	Wins=0	Losses=1	Win%=0.00	TossWins=1	TossLosses=0	TossWinMatchWins=0	TossWinMatchLosses=1	TossConversion%=0.00	BatFirst=1	BatFirstWins=0	BatFirstWin%=0.00	FieldFirst=0	FieldFirstWins=0	FieldFirstWin%=0.00	OverallConfidence=LOW	RecommendationSource=OVERALL_MATCHUP	Recommendation=OVERALL_MATCHUP_STRONG_ADVANTAGE	TossRecommendation=TOSS_DATA_INSUFFICIENT	StrategyRecommendation=BAT_FIELD_DATA_INSUFFICIENT	VenueConfidence=VERY_LOW	PerformanceScore=57.00	StrategyBonus=0.00	TossBonus=0.00	FinalScore=57.00	FinalDecision=BALANCED	DecisionConfidence=VERY_LOW	StrategySignal=NONE	TossSignal=NONE	VenueConfidence=VERY_LOW
Rajiv Gandhi International Stadium, Uppal	Deccan Chargers	Punjab Kings	VenueWin%=0.00	OverallWin%=30.00	VenueMatches=3	OverallMatches=10	Matches=3	Wins=0	Losses=3	Win%=0.00	TossWins=1	TossLosses=2	TossWinMatchWins=0	TossWinMatchLosses=1	TossConversion%=0.00	BatFirst=0	BatFirstWins=0	BatFirstWin%=0.00	FieldFirst=1	FieldFirstWins=0	FieldFirstWin%=0.00	OverallConfidence=STRONG	RecommendationSource=VENUE	Recommendation=VENUE_DISADVANTAGE	TossRecommendation=TOSS_WIN_HAS_LOW_VALUE	StrategyRecommendation=BAT_FIELD_DATA_INSUFFICIENT	VenueConfidence=LOW	PerformanceScore=20.40	StrategyBonus=0.00	TossBonus=0.00	FinalScore=20.40	FinalDecision=STRONG_NEGATIVE	DecisionConfidence=LOW	StrategySignal=NONE	TossSignal=NONE	VenueConfidence=LOW
Rajiv Gandhi International Stadium, Uppal	Deccan Chargers	Rajasthan Royals	VenueWin%=33.33	OverallWin%=22.22	VenueMatches=3	OverallMatches=9	Matches=3	Wins=1	Losses=2	Win%=33.33	TossWins=0	TossLosses=3	TossWinMatchWins=0	TossWinMatchLosses=0	TossConversion%=0.00	BatFirst=0	BatFirstWins=0	BatFirstWin%=0.00	FieldFirst=0	FieldFirstWins=0	FieldFirstWin%=0.00	OverallConfidence=MODERATE	RecommendationSource=VENUE	Recommendation=VENUE_DISADVANTAGE	TossRecommendation=TOSS_WIN_HAS_LOW_VALUE	StrategyRecommendation=BAT_FIELD_DATA_INSUFFICIENT	VenueConfidence=LOW	PerformanceScore=25.78	StrategyBonus=0.00	TossBonus=0.00	FinalScore=25.78	FinalDecision=STRONG_NEGATIVE	DecisionConfidence=LOW	StrategySignal=NONE	TossSignal=NONE	VenueConfidence=LOW
Rajiv Gandhi International Stadium, Uppal	Deccan Chargers	Royal Challengers Bengaluru	VenueWin%=66.67	OverallWin%=54.55	VenueMatches=3	OverallMatches=11	Matches=3	Wins=2	Losses=1	Win%=66.67	TossWins=1	TossLosses=2	TossWinMatchWins=0	TossWinMatchLosses=1	TossConversion%=0.00	BatFirst=1	BatFirstWins=0	BatFirstWin%=0.00	FieldFirst=0	FieldFirstWins=0	FieldFirstWin%=0.00	OverallConfidence=STRONG	RecommendationSource=VENUE	Recommendation=VENUE_ADVANTAGE	TossRecommendation=TOSS_WIN_HAS_LOW_VALUE	StrategyRecommendation=BAT_FIELD_DATA_INSUFFICIENT	VenueConfidence=LOW	PerformanceScore=58.43	StrategyBonus=0.00	TossBonus=0.00	FinalScore=58.43	FinalDecision=BALANCED	DecisionConfidence=LOW	StrategySignal=NONE	TossSignal=NONE	VenueConfidence=LOW
Rajiv Gandhi International Stadium, Uppal	Delhi Capitals	Deccan Chargers	VenueWin%=100.00	OverallWin%=63.64	VenueMatches=3	OverallMatches=11	Matches=3	Wins=3	Losses=0	Win%=100.00	TossWins=1	TossLosses=2	TossWinMatchWins=1	TossWinMatchLosses=0	TossConversion%=100.00	BatFirst=0	BatFirstWins=0	BatFirstWin%=0.00	FieldFirst=1	FieldFirstWins=1	FieldFirstWin%=100.00	OverallConfidence=STRONG	RecommendationSource=VENUE	Recommendation=STRONG_VENUE_ADVANTAGE	TossRecommendation=TOSS_WIN_HAS_STRONG_VALUE	StrategyRecommendation=BAT_FIELD_DATA_INSUFFICIENT	VenueConfidence=LOW	PerformanceScore=75.28	StrategyBonus=0.00	TossBonus=0.00	FinalScore=75.28	FinalDecision=STRONG_POSITIVE	DecisionConfidence=LOW	StrategySignal=NONE	TossSignal=NONE	VenueConfidence=LOW
Rajiv Gandhi International Stadium, Uppal	Delhi Capitals	Sunrisers Hyderabad	VenueWin%=33.33	OverallWin%=45.83	VenueMatches=3	OverallMatches=24	Matches=3	Wins=1	Losses=2	Win%=33.33	TossWins=2	TossLosses=1	TossWinMatchWins=1	TossWinMatchLosses=1	TossConversion%=50.00	BatFirst=1	BatFirstWins=0	BatFirstWin%=0.00	FieldFirst=1	FieldFirstWins=1	FieldFirstWin%=100.00	OverallConfidence=VERY_STRONG	RecommendationSource=VENUE	Recommendation=VENUE_DISADVANTAGE	TossRecommendation=TOSS_IMPACT_BALANCED	StrategyRecommendation=BAT_FIELD_DATA_INSUFFICIENT	VenueConfidence=LOW	PerformanceScore=41.83	StrategyBonus=0.00	TossBonus=0.00	FinalScore=41.83	FinalDecision=NEGATIVE	DecisionConfidence=LOW	StrategySignal=NONE	TossSignal=NONE	VenueConfidence=LOW
Rajiv Gandhi International Stadium, Uppal	Gujarat Lions	Sunrisers Hyderabad	VenueWin%=0.00	OverallWin%=0.00	VenueMatches=2	OverallMatches=5	Matches=2	Wins=0	Losses=2	Win%=0.00	TossWins=0	TossLosses=2	TossWinMatchWins=0	TossWinMatchLosses=0	TossConversion%=0.00	BatFirst=0	BatFirstWins=0	BatFirstWin%=0.00	FieldFirst=0	FieldFirstWins=0	FieldFirstWin%=0.00	OverallConfidence=MODERATE	RecommendationSource=OVERALL_MATCHUP	Recommendation=OVERALL_MATCHUP_DISADVANTAGE	TossRecommendation=TOSS_DATA_INSUFFICIENT	StrategyRecommendation=BAT_FIELD_DATA_INSUFFICIENT	VenueConfidence=VERY_LOW	PerformanceScore=0.00	StrategyBonus=0.00	TossBonus=0.00	FinalScore=0.00	FinalDecision=STRONG_NEGATIVE	DecisionConfidence=VERY_LOW	StrategySignal=NONE	TossSignal=NONE	VenueConfidence=VERY_LOW
Rajiv Gandhi International Stadium, Uppal	Kolkata Knight Riders	Deccan Chargers	VenueWin%=100.00	OverallWin%=77.78	VenueMatches=2	OverallMatches=9	Matches=2	Wins=2	Losses=0	Win%=100.00	TossWins=1	TossLosses=1	TossWinMatchWins=1	TossWinMatchLosses=0	TossConversion%=100.00	BatFirst=1	BatFirstWins=1	BatFirstWin%=100.00	FieldFirst=0	FieldFirstWins=0	FieldFirstWin%=0.00	OverallConfidence=MODERATE	RecommendationSource=OVERALL_MATCHUP	Recommendation=OVERALL_MATCHUP_STRONG_ADVANTAGE	TossRecommendation=TOSS_DATA_INSUFFICIENT	StrategyRecommendation=BAT_FIELD_DATA_INSUFFICIENT	VenueConfidence=VERY_LOW	PerformanceScore=84.00	StrategyBonus=0.00	TossBonus=0.00	FinalScore=84.00	FinalDecision=STRONG_POSITIVE	DecisionConfidence=VERY_LOW	StrategySignal=NONE	TossSignal=NONE	VenueConfidence=VERY_LOW
Rajiv Gandhi International Stadium, Uppal	Kolkata Knight Riders	Sunrisers Hyderabad	VenueWin%=50.00	OverallWin%=67.86	VenueMatches=4	OverallMatches=28	Matches=4	Wins=2	Losses=2	Win%=50.00	TossWins=2	TossLosses=2	TossWinMatchWins=0	TossWinMatchLosses=2	TossConversion%=0.00	BatFirst=1	BatFirstWins=0	BatFirstWin%=0.00	FieldFirst=1	FieldFirstWins=0	FieldFirstWin%=0.00	OverallConfidence=VERY_STRONG	RecommendationSource=VENUE	Recommendation=BALANCED_VENUE	TossRecommendation=TOSS_WIN_HAS_LOW_VALUE	StrategyRecommendation=BAT_FIELD_DATA_INSUFFICIENT	VenueConfidence=LOW	PerformanceScore=61.43	StrategyBonus=0.00	TossBonus=0.00	FinalScore=61.43	FinalDecision=POSITIVE	DecisionConfidence=LOW	StrategySignal=NONE	TossSignal=NONE	VenueConfidence=LOW
Rajiv Gandhi International Stadium, Uppal	Mumbai Indians	Deccan Chargers	VenueWin%=100.00	OverallWin%=60.00	VenueMatches=2	OverallMatches=10	Matches=2	Wins=2	Losses=0	Win%=100.00	TossWins=0	TossLosses=2	TossWinMatchWins=0	TossWinMatchLosses=0	TossConversion%=0.00	BatFirst=0	BatFirstWins=0	BatFirstWin%=0.00	FieldFirst=0	FieldFirstWins=0	FieldFirstWin%=0.00	OverallConfidence=STRONG	RecommendationSource=OVERALL_MATCHUP	Recommendation=OVERALL_MATCHUP_ADVANTAGE	TossRecommendation=TOSS_DATA_INSUFFICIENT	StrategyRecommendation=BAT_FIELD_DATA_INSUFFICIENT	VenueConfidence=VERY_LOW	PerformanceScore=71.20	StrategyBonus=0.00	TossBonus=0.00	FinalScore=71.20	FinalDecision=POSITIVE	DecisionConfidence=VERY_LOW	StrategySignal=NONE	TossSignal=NONE	VenueConfidence=VERY_LOW
Rajiv Gandhi International Stadium, Uppal	Mumbai Indians	Rising Pune Supergiants	VenueWin%=100.00	OverallWin%=33.33	VenueMatches=1	OverallMatches=6	Matches=1	Wins=1	Losses=0	Win%=100.00	TossWins=1	TossLosses=0	TossWinMatchWins=1	TossWinMatchLosses=0	TossConversion%=100.00	BatFirst=1	BatFirstWins=1	BatFirstWin%=100.00	FieldFirst=0	FieldFirstWins=0	FieldFirstWin%=0.00	OverallConfidence=MODERATE	RecommendationSource=OVERALL_MATCHUP	Recommendation=OVERALL_MATCHUP_DISADVANTAGE	TossRecommendation=TOSS_DATA_INSUFFICIENT	StrategyRecommendation=BAT_FIELD_DATA_INSUFFICIENT	VenueConfidence=VERY_LOW	PerformanceScore=49.33	StrategyBonus=0.00	TossBonus=0.00	FinalScore=49.33	FinalDecision=BALANCED	DecisionConfidence=VERY_LOW	StrategySignal=NONE	TossSignal=NONE	VenueConfidence=VERY_LOW
Rajiv Gandhi International Stadium, Uppal	Mumbai Indians	Sunrisers Hyderabad	VenueWin%=40.00	OverallWin%=56.52	VenueMatches=5	OverallMatches=23	Matches=5	Wins=2	Losses=3	Win%=40.00	TossWins=2	TossLosses=3	TossWinMatchWins=0	TossWinMatchLosses=2	TossConversion%=0.00	BatFirst=2	BatFirstWins=0	BatFirstWin%=0.00	FieldFirst=0	FieldFirstWins=0	FieldFirstWin%=0.00	OverallConfidence=VERY_STRONG	RecommendationSource=VENUE	Recommendation=VENUE_DISADVANTAGE	TossRecommendation=TOSS_WIN_HAS_LOW_VALUE	StrategyRecommendation=BAT_FIELD_DATA_INSUFFICIENT	VenueConfidence=MODERATE	PerformanceScore=49.91	StrategyBonus=0.00	TossBonus=0.00	FinalScore=49.91	FinalDecision=BALANCED	DecisionConfidence=MODERATE	StrategySignal=NONE	TossSignal=LOW	VenueConfidence=MODERATE
Rajiv Gandhi International Stadium, Uppal	Pune Warriors	Deccan Chargers	VenueWin%=100.00	OverallWin%=25.00	VenueMatches=1	OverallMatches=4	Matches=1	Wins=1	Losses=0	Win%=100.00	TossWins=0	TossLosses=1	TossWinMatchWins=0	TossWinMatchLosses=0	TossConversion%=0.00	BatFirst=0	BatFirstWins=0	BatFirstWin%=0.00	FieldFirst=0	FieldFirstWins=0	FieldFirstWin%=0.00	OverallConfidence=LOW	RecommendationSource=OVERALL_MATCHUP	Recommendation=OVERALL_MATCHUP_DISADVANTAGE	TossRecommendation=TOSS_DATA_INSUFFICIENT	StrategyRecommendation=BAT_FIELD_DATA_INSUFFICIENT	VenueConfidence=VERY_LOW	PerformanceScore=43.00	StrategyBonus=0.00	TossBonus=0.00	FinalScore=43.00	FinalDecision=NEGATIVE	DecisionConfidence=VERY_LOW	StrategySignal=NONE	TossSignal=NONE	VenueConfidence=VERY_LOW
Rajiv Gandhi International Stadium, Uppal	Pune Warriors	Sunrisers Hyderabad	VenueWin%=0.00	OverallWin%=0.00	VenueMatches=1	OverallMatches=2	Matches=1	Wins=0	Losses=1	Win%=0.00	TossWins=1	TossLosses=0	TossWinMatchWins=0	TossWinMatchLosses=1	TossConversion%=0.00	BatFirst=0	BatFirstWins=0	BatFirstWin%=0.00	FieldFirst=1	FieldFirstWins=0	FieldFirstWin%=0.00	OverallConfidence=VERY_LOW	RecommendationSource=INSUFFICIENT	Recommendation=INSUFFICIENT_DATA	TossRecommendation=TOSS_DATA_INSUFFICIENT	StrategyRecommendation=BAT_FIELD_DATA_INSUFFICIENT	VenueConfidence=VERY_LOW	PerformanceScore=0.00	StrategyBonus=0.00	TossBonus=0.00	FinalScore=0.00	FinalDecision=STRONG_NEGATIVE	DecisionConfidence=VERY_LOW	StrategySignal=NONE	TossSignal=NONE	VenueConfidence=VERY_LOW
Rajiv Gandhi International Stadium, Uppal	Punjab Kings	Deccan Chargers	VenueWin%=100.00	OverallWin%=70.00	VenueMatches=3	OverallMatches=10	Matches=3	Wins=3	Losses=0	Win%=100.00	TossWins=2	TossLosses=1	TossWinMatchWins=2	TossWinMatchLosses=0	TossConversion%=100.00	BatFirst=0	BatFirstWins=0	BatFirstWin%=0.00	FieldFirst=2	FieldFirstWins=2	FieldFirstWin%=100.00	OverallConfidence=STRONG	RecommendationSource=VENUE	Recommendation=STRONG_VENUE_ADVANTAGE	TossRecommendation=TOSS_WIN_HAS_STRONG_VALUE	StrategyRecommendation=BAT_FIELD_DATA_INSUFFICIENT	VenueConfidence=LOW	PerformanceScore=79.60	StrategyBonus=0.00	TossBonus=0.00	FinalScore=79.60	FinalDecision=STRONG_POSITIVE	DecisionConfidence=LOW	StrategySignal=NONE	TossSignal=NONE	VenueConfidence=LOW
Rajiv Gandhi International Stadium, Uppal	Punjab Kings	Sunrisers Hyderabad	VenueWin%=20.00	OverallWin%=30.43	VenueMatches=5	OverallMatches=23	Matches=5	Wins=1	Losses=4	Win%=20.00	TossWins=3	TossLosses=2	TossWinMatchWins=1	TossWinMatchLosses=2	TossConversion%=33.33	BatFirst=1	BatFirstWins=0	BatFirstWin%=0.00	FieldFirst=2	FieldFirstWins=1	FieldFirstWin%=50.00	OverallConfidence=VERY_STRONG	RecommendationSource=VENUE	Recommendation=VENUE_DISADVANTAGE	TossRecommendation=TOSS_WIN_HAS_LOW_VALUE	StrategyRecommendation=BAT_FIELD_DATA_INSUFFICIENT	VenueConfidence=MODERATE	PerformanceScore=26.26	StrategyBonus=0.00	TossBonus=0.00	FinalScore=26.26	FinalDecision=STRONG_NEGATIVE	DecisionConfidence=MODERATE	StrategySignal=NONE	TossSignal=LOW	VenueConfidence=MODERATE
Rajiv Gandhi International Stadium, Uppal	Rajasthan Royals	Deccan Chargers	VenueWin%=66.67	OverallWin%=77.78	VenueMatches=3	OverallMatches=9	Matches=3	Wins=2	Losses=1	Win%=66.67	TossWins=3	TossLosses=0	TossWinMatchWins=2	TossWinMatchLosses=1	TossConversion%=66.67	BatFirst=1	BatFirstWins=0	BatFirstWin%=0.00	FieldFirst=2	FieldFirstWins=2	FieldFirstWin%=100.00	OverallConfidence=MODERATE	RecommendationSource=VENUE	Recommendation=VENUE_ADVANTAGE	TossRecommendation=TOSS_WIN_HAS_MODERATE_VALUE	StrategyRecommendation=BAT_FIELD_DATA_INSUFFICIENT	VenueConfidence=LOW	PerformanceScore=74.22	StrategyBonus=0.00	TossBonus=0.00	FinalScore=74.22	FinalDecision=POSITIVE	DecisionConfidence=LOW	StrategySignal=NONE	TossSignal=NONE	VenueConfidence=LOW
Rajiv Gandhi International Stadium, Uppal	Rajasthan Royals	Sunrisers Hyderabad	VenueWin%=0.00	OverallWin%=45.00	VenueMatches=1	OverallMatches=20	Matches=1	Wins=0	Losses=1	Win%=0.00	TossWins=0	TossLosses=1	TossWinMatchWins=0	TossWinMatchLosses=0	TossConversion%=0.00	BatFirst=0	BatFirstWins=0	BatFirstWin%=0.00	FieldFirst=0	FieldFirstWins=0	FieldFirstWin%=0.00	OverallConfidence=VERY_STRONG	RecommendationSource=OVERALL_MATCHUP	Recommendation=OVERALL_MATCHUP_BALANCED	TossRecommendation=TOSS_DATA_INSUFFICIENT	StrategyRecommendation=BAT_FIELD_DATA_INSUFFICIENT	VenueConfidence=VERY_LOW	PerformanceScore=34.20	StrategyBonus=0.00	TossBonus=0.00	FinalScore=34.20	FinalDecision=NEGATIVE	DecisionConfidence=VERY_LOW	StrategySignal=NONE	TossSignal=NONE	VenueConfidence=VERY_LOW
Rajiv Gandhi International Stadium, Uppal	Rising Pune Supergiants	Mumbai Indians	VenueWin%=0.00	OverallWin%=66.67	VenueMatches=1	OverallMatches=6	Matches=1	Wins=0	Losses=1	Win%=0.00	TossWins=0	TossLosses=1	TossWinMatchWins=0	TossWinMatchLosses=0	TossConversion%=0.00	BatFirst=0	BatFirstWins=0	BatFirstWin%=0.00	FieldFirst=0	FieldFirstWins=0	FieldFirstWin%=0.00	OverallConfidence=MODERATE	RecommendationSource=OVERALL_MATCHUP	Recommendation=OVERALL_MATCHUP_ADVANTAGE	TossRecommendation=TOSS_DATA_INSUFFICIENT	StrategyRecommendation=BAT_FIELD_DATA_INSUFFICIENT	VenueConfidence=VERY_LOW	PerformanceScore=50.67	StrategyBonus=0.00	TossBonus=0.00	FinalScore=50.67	FinalDecision=BALANCED	DecisionConfidence=VERY_LOW	StrategySignal=NONE	TossSignal=NONE	VenueConfidence=VERY_LOW
Rajiv Gandhi International Stadium, Uppal	Rising Pune Supergiants	Sunrisers Hyderabad	VenueWin%=100.00	OverallWin%=75.00	VenueMatches=2	OverallMatches=4	Matches=2	Wins=2	Losses=0	Win%=100.00	TossWins=1	TossLosses=1	TossWinMatchWins=1	TossWinMatchLosses=0	TossConversion%=100.00	BatFirst=0	BatFirstWins=0	BatFirstWin%=0.00	FieldFirst=1	FieldFirstWins=1	FieldFirstWin%=100.00	OverallConfidence=LOW	RecommendationSource=OVERALL_MATCHUP	Recommendation=OVERALL_MATCHUP_STRONG_ADVANTAGE	TossRecommendation=TOSS_DATA_INSUFFICIENT	StrategyRecommendation=BAT_FIELD_DATA_INSUFFICIENT	VenueConfidence=VERY_LOW	PerformanceScore=82.00	StrategyBonus=0.00	TossBonus=0.00	FinalScore=82.00	FinalDecision=STRONG_POSITIVE	DecisionConfidence=VERY_LOW	StrategySignal=NONE	TossSignal=NONE	VenueConfidence=VERY_LOW
Rajiv Gandhi International Stadium, Uppal	Royal Challengers Bengaluru	Deccan Chargers	VenueWin%=33.33	OverallWin%=45.45	VenueMatches=3	OverallMatches=11	Matches=3	Wins=1	Losses=2	Win%=33.33	TossWins=2	TossLosses=1	TossWinMatchWins=0	TossWinMatchLosses=2	TossConversion%=0.00	BatFirst=0	BatFirstWins=0	BatFirstWin%=0.00	FieldFirst=2	FieldFirstWins=0	FieldFirstWin%=0.00	OverallConfidence=STRONG	RecommendationSource=VENUE	Recommendation=VENUE_DISADVANTAGE	TossRecommendation=TOSS_WIN_HAS_LOW_VALUE	StrategyRecommendation=BAT_FIELD_DATA_INSUFFICIENT	VenueConfidence=LOW	PerformanceScore=41.57	StrategyBonus=0.00	TossBonus=0.00	FinalScore=41.57	FinalDecision=NEGATIVE	DecisionConfidence=LOW	StrategySignal=NONE	TossSignal=NONE	VenueConfidence=LOW
Rajiv Gandhi International Stadium, Uppal	Royal Challengers Bengaluru	Sunrisers Hyderabad	VenueWin%=20.00	OverallWin%=45.83	VenueMatches=5	OverallMatches=24	Matches=5	Wins=1	Losses=4	Win%=20.00	TossWins=4	TossLosses=1	TossWinMatchWins=0	TossWinMatchLosses=4	TossConversion%=0.00	BatFirst=2	BatFirstWins=0	BatFirstWin%=0.00	FieldFirst=2	FieldFirstWins=0	FieldFirstWin%=0.00	OverallConfidence=VERY_STRONG	RecommendationSource=VENUE	Recommendation=VENUE_DISADVANTAGE	TossRecommendation=TOSS_WIN_HAS_LOW_VALUE	StrategyRecommendation=BAT_FIELD_DATA_INSUFFICIENT	VenueConfidence=MODERATE	PerformanceScore=35.50	StrategyBonus=0.00	TossBonus=0.00	FinalScore=35.50	FinalDecision=NEGATIVE	DecisionConfidence=MODERATE	StrategySignal=NONE	TossSignal=LOW	VenueConfidence=MODERATE
Rajiv Gandhi International Stadium, Uppal	Sunrisers Hyderabad	Chennai Super Kings	VenueWin%=50.00	OverallWin%=28.57	VenueMatches=2	OverallMatches=21	Matches=2	Wins=1	Losses=1	Win%=50.00	TossWins=1	TossLosses=1	TossWinMatchWins=0	TossWinMatchLosses=1	TossConversion%=0.00	BatFirst=0	BatFirstWins=0	BatFirstWin%=0.00	FieldFirst=1	FieldFirstWins=0	FieldFirstWin%=0.00	OverallConfidence=VERY_STRONG	RecommendationSource=OVERALL_MATCHUP	Recommendation=OVERALL_MATCHUP_DISADVANTAGE	TossRecommendation=TOSS_DATA_INSUFFICIENT	StrategyRecommendation=BAT_FIELD_DATA_INSUFFICIENT	VenueConfidence=VERY_LOW	PerformanceScore=34.57	StrategyBonus=0.00	TossBonus=0.00	FinalScore=34.57	FinalDecision=NEGATIVE	DecisionConfidence=VERY_LOW	StrategySignal=NONE	TossSignal=NONE	VenueConfidence=VERY_LOW
Rajiv Gandhi International Stadium, Uppal	Sunrisers Hyderabad	Delhi Capitals	VenueWin%=66.67	OverallWin%=54.17	VenueMatches=3	OverallMatches=24	Matches=3	Wins=2	Losses=1	Win%=66.67	TossWins=1	TossLosses=2	TossWinMatchWins=1	TossWinMatchLosses=0	TossConversion%=100.00	BatFirst=1	BatFirstWins=1	BatFirstWin%=100.00	FieldFirst=0	FieldFirstWins=0	FieldFirstWin%=0.00	OverallConfidence=VERY_STRONG	RecommendationSource=VENUE	Recommendation=VENUE_ADVANTAGE	TossRecommendation=TOSS_WIN_HAS_STRONG_VALUE	StrategyRecommendation=BAT_FIELD_DATA_INSUFFICIENT	VenueConfidence=LOW	PerformanceScore=58.17	StrategyBonus=0.00	TossBonus=0.00	FinalScore=58.17	FinalDecision=BALANCED	DecisionConfidence=LOW	StrategySignal=NONE	TossSignal=NONE	VenueConfidence=LOW
Rajiv Gandhi International Stadium, Uppal	Sunrisers Hyderabad	Gujarat Lions	VenueWin%=100.00	OverallWin%=100.00	VenueMatches=2	OverallMatches=5	Matches=2	Wins=2	Losses=0	Win%=100.00	TossWins=2	TossLosses=0	TossWinMatchWins=2	TossWinMatchLosses=0	TossConversion%=100.00	BatFirst=0	BatFirstWins=0	BatFirstWin%=0.00	FieldFirst=2	FieldFirstWins=2	FieldFirstWin%=100.00	OverallConfidence=MODERATE	RecommendationSource=OVERALL_MATCHUP	Recommendation=OVERALL_MATCHUP_STRONG_ADVANTAGE	TossRecommendation=TOSS_DATA_INSUFFICIENT	StrategyRecommendation=BAT_FIELD_DATA_INSUFFICIENT	VenueConfidence=VERY_LOW	PerformanceScore=100.00	StrategyBonus=0.00	TossBonus=0.00	FinalScore=100.00	FinalDecision=STRONG_POSITIVE	DecisionConfidence=VERY_LOW	StrategySignal=NONE	TossSignal=NONE	VenueConfidence=VERY_LOW
Rajiv Gandhi International Stadium, Uppal	Sunrisers Hyderabad	Kolkata Knight Riders	VenueWin%=50.00	OverallWin%=32.14	VenueMatches=4	OverallMatches=28	Matches=4	Wins=2	Losses=2	Win%=50.00	TossWins=2	TossLosses=2	TossWinMatchWins=0	TossWinMatchLosses=2	TossConversion%=0.00	BatFirst=2	BatFirstWins=0	BatFirstWin%=0.00	FieldFirst=0	FieldFirstWins=0	FieldFirstWin%=0.00	OverallConfidence=VERY_STRONG	RecommendationSource=VENUE	Recommendation=BALANCED_VENUE	TossRecommendation=TOSS_WIN_HAS_LOW_VALUE	StrategyRecommendation=BAT_FIELD_DATA_INSUFFICIENT	VenueConfidence=LOW	PerformanceScore=38.57	StrategyBonus=0.00	TossBonus=0.00	FinalScore=38.57	FinalDecision=NEGATIVE	DecisionConfidence=LOW	StrategySignal=NONE	TossSignal=NONE	VenueConfidence=LOW
Rajiv Gandhi International Stadium, Uppal	Sunrisers Hyderabad	Mumbai Indians	VenueWin%=60.00	OverallWin%=43.48	VenueMatches=5	OverallMatches=23	Matches=5	Wins=3	Losses=2	Win%=60.00	TossWins=3	TossLosses=2	TossWinMatchWins=1	TossWinMatchLosses=2	TossConversion%=33.33	BatFirst=2	BatFirstWins=0	BatFirstWin%=0.00	FieldFirst=1	FieldFirstWins=1	FieldFirstWin%=100.00	OverallConfidence=VERY_STRONG	RecommendationSource=VENUE	Recommendation=VENUE_ADVANTAGE	TossRecommendation=TOSS_WIN_HAS_LOW_VALUE	StrategyRecommendation=BAT_FIELD_DATA_INSUFFICIENT	VenueConfidence=MODERATE	PerformanceScore=50.09	StrategyBonus=0.00	TossBonus=0.00	FinalScore=50.09	FinalDecision=BALANCED	DecisionConfidence=MODERATE	StrategySignal=NONE	TossSignal=LOW	VenueConfidence=MODERATE
Rajiv Gandhi International Stadium, Uppal	Sunrisers Hyderabad	Pune Warriors	VenueWin%=100.00	OverallWin%=100.00	VenueMatches=1	OverallMatches=2	Matches=1	Wins=1	Losses=0	Win%=100.00	TossWins=0	TossLosses=1	TossWinMatchWins=0	TossWinMatchLosses=0	TossConversion%=0.00	BatFirst=0	BatFirstWins=0	BatFirstWin%=0.00	FieldFirst=0	FieldFirstWins=0	FieldFirstWin%=0.00	OverallConfidence=VERY_LOW	RecommendationSource=INSUFFICIENT	Recommendation=INSUFFICIENT_DATA	TossRecommendation=TOSS_DATA_INSUFFICIENT	StrategyRecommendation=BAT_FIELD_DATA_INSUFFICIENT	VenueConfidence=VERY_LOW	PerformanceScore=100.00	StrategyBonus=0.00	TossBonus=0.00	FinalScore=100.00	FinalDecision=STRONG_POSITIVE	DecisionConfidence=VERY_LOW	StrategySignal=NONE	TossSignal=NONE	VenueConfidence=VERY_LOW
Rajiv Gandhi International Stadium, Uppal	Sunrisers Hyderabad	Punjab Kings	VenueWin%=80.00	OverallWin%=69.57	VenueMatches=5	OverallMatches=23	Matches=5	Wins=4	Losses=1	Win%=80.00	TossWins=2	TossLosses=3	TossWinMatchWins=2	TossWinMatchLosses=0	TossConversion%=100.00	BatFirst=1	BatFirstWins=1	BatFirstWin%=100.00	FieldFirst=1	FieldFirstWins=1	FieldFirstWin%=100.00	OverallConfidence=VERY_STRONG	RecommendationSource=VENUE	Recommendation=STRONG_VENUE_ADVANTAGE	TossRecommendation=TOSS_WIN_HAS_STRONG_VALUE	StrategyRecommendation=BAT_FIELD_DATA_INSUFFICIENT	VenueConfidence=MODERATE	PerformanceScore=73.74	StrategyBonus=0.00	TossBonus=2.00	FinalScore=75.74	FinalDecision=STRONG_POSITIVE	DecisionConfidence=MODERATE	StrategySignal=NONE	TossSignal=STRONG	VenueConfidence=MODERATE
Rajiv Gandhi International Stadium, Uppal	Sunrisers Hyderabad	Rajasthan Royals	VenueWin%=100.00	OverallWin%=55.00	VenueMatches=1	OverallMatches=20	Matches=1	Wins=1	Losses=0	Win%=100.00	TossWins=1	TossLosses=0	TossWinMatchWins=1	TossWinMatchLosses=0	TossConversion%=100.00	BatFirst=1	BatFirstWins=1	BatFirstWin%=100.00	FieldFirst=0	FieldFirstWins=0	FieldFirstWin%=0.00	OverallConfidence=VERY_STRONG	RecommendationSource=OVERALL_MATCHUP	Recommendation=OVERALL_MATCHUP_ADVANTAGE	TossRecommendation=TOSS_DATA_INSUFFICIENT	StrategyRecommendation=BAT_FIELD_DATA_INSUFFICIENT	VenueConfidence=VERY_LOW	PerformanceScore=65.80	StrategyBonus=0.00	TossBonus=0.00	FinalScore=65.80	FinalDecision=POSITIVE	DecisionConfidence=VERY_LOW	StrategySignal=NONE	TossSignal=NONE	VenueConfidence=VERY_LOW
Rajiv Gandhi International Stadium, Uppal	Sunrisers Hyderabad	Rising Pune Supergiants	VenueWin%=0.00	OverallWin%=25.00	VenueMatches=2	OverallMatches=4	Matches=2	Wins=0	Losses=2	Win%=0.00	TossWins=1	TossLosses=1	TossWinMatchWins=0	TossWinMatchLosses=1	TossConversion%=0.00	BatFirst=0	BatFirstWins=0	BatFirstWin%=0.00	FieldFirst=1	FieldFirstWins=0	FieldFirstWin%=0.00	OverallConfidence=LOW	RecommendationSource=OVERALL_MATCHUP	Recommendation=OVERALL_MATCHUP_DISADVANTAGE	TossRecommendation=TOSS_DATA_INSUFFICIENT	StrategyRecommendation=BAT_FIELD_DATA_INSUFFICIENT	VenueConfidence=VERY_LOW	PerformanceScore=18.00	StrategyBonus=0.00	TossBonus=0.00	FinalScore=18.00	FinalDecision=STRONG_NEGATIVE	DecisionConfidence=VERY_LOW	StrategySignal=NONE	TossSignal=NONE	VenueConfidence=VERY_LOW
Rajiv Gandhi International Stadium, Uppal	Sunrisers Hyderabad	Royal Challengers Bengaluru	VenueWin%=80.00	OverallWin%=54.17	VenueMatches=5	OverallMatches=24	Matches=5	Wins=4	Losses=1	Win%=80.00	TossWins=1	TossLosses=4	TossWinMatchWins=0	TossWinMatchLosses=1	TossConversion%=0.00	BatFirst=1	BatFirstWins=0	BatFirstWin%=0.00	FieldFirst=0	FieldFirstWins=0	FieldFirstWin%=0.00	OverallConfidence=VERY_STRONG	RecommendationSource=VENUE	Recommendation=STRONG_VENUE_ADVANTAGE	TossRecommendation=TOSS_WIN_HAS_LOW_VALUE	StrategyRecommendation=BAT_FIELD_DATA_INSUFFICIENT	VenueConfidence=MODERATE	PerformanceScore=64.50	StrategyBonus=0.00	TossBonus=0.00	FinalScore=64.50	FinalDecision=POSITIVE	DecisionConfidence=MODERATE	StrategySignal=NONE	TossSignal=LOW	VenueConfidence=MODERATE
Rajiv Gandhi International Stadium, Uppal, Hyderabad	Chennai Super Kings	Sunrisers Hyderabad	VenueWin%=0.00	OverallWin%=71.43	VenueMatches=1	OverallMatches=21	Matches=1	Wins=0	Losses=1	Win%=0.00	TossWins=0	TossLosses=1	TossWinMatchWins=0	TossWinMatchLosses=0	TossConversion%=0.00	BatFirst=0	BatFirstWins=0	BatFirstWin%=0.00	FieldFirst=0	FieldFirstWins=0	FieldFirstWin%=0.00	OverallConfidence=VERY_STRONG	RecommendationSource=OVERALL_MATCHUP	Recommendation=OVERALL_MATCHUP_STRONG_ADVANTAGE	TossRecommendation=TOSS_DATA_INSUFFICIENT	StrategyRecommendation=BAT_FIELD_DATA_INSUFFICIENT	VenueConfidence=VERY_LOW	PerformanceScore=54.29	StrategyBonus=0.00	TossBonus=0.00	FinalScore=54.29	FinalDecision=BALANCED	DecisionConfidence=VERY_LOW	StrategySignal=NONE	TossSignal=NONE	VenueConfidence=VERY_LOW
Rajiv Gandhi International Stadium, Uppal, Hyderabad	Delhi Capitals	Sunrisers Hyderabad	VenueWin%=100.00	OverallWin%=45.83	VenueMatches=1	OverallMatches=24	Matches=1	Wins=1	Losses=0	Win%=100.00	TossWins=1	TossLosses=0	TossWinMatchWins=1	TossWinMatchLosses=0	TossConversion%=100.00	BatFirst=1	BatFirstWins=1	BatFirstWin%=100.00	FieldFirst=0	FieldFirstWins=0	FieldFirstWin%=0.00	OverallConfidence=VERY_STRONG	RecommendationSource=OVERALL_MATCHUP	Recommendation=OVERALL_MATCHUP_BALANCED	TossRecommendation=TOSS_DATA_INSUFFICIENT	StrategyRecommendation=BAT_FIELD_DATA_INSUFFICIENT	VenueConfidence=VERY_LOW	PerformanceScore=58.83	StrategyBonus=0.00	TossBonus=0.00	FinalScore=58.83	FinalDecision=BALANCED	DecisionConfidence=VERY_LOW	StrategySignal=NONE	TossSignal=NONE	VenueConfidence=VERY_LOW
Rajiv Gandhi International Stadium, Uppal, Hyderabad	Kolkata Knight Riders	Sunrisers Hyderabad	VenueWin%=100.00	OverallWin%=67.86	VenueMatches=1	OverallMatches=28	Matches=1	Wins=1	Losses=0	Win%=100.00	TossWins=1	TossLosses=0	TossWinMatchWins=1	TossWinMatchLosses=0	TossConversion%=100.00	BatFirst=1	BatFirstWins=1	BatFirstWin%=100.00	FieldFirst=0	FieldFirstWins=0	FieldFirstWin%=0.00	OverallConfidence=VERY_STRONG	RecommendationSource=OVERALL_MATCHUP	Recommendation=OVERALL_MATCHUP_ADVANTAGE	TossRecommendation=TOSS_DATA_INSUFFICIENT	StrategyRecommendation=BAT_FIELD_DATA_INSUFFICIENT	VenueConfidence=VERY_LOW	PerformanceScore=75.57	StrategyBonus=0.00	TossBonus=0.00	FinalScore=75.57	FinalDecision=STRONG_POSITIVE	DecisionConfidence=VERY_LOW	StrategySignal=NONE	TossSignal=NONE	VenueConfidence=VERY_LOW
Rajiv Gandhi International Stadium, Uppal, Hyderabad	Lucknow Super Giants	Sunrisers Hyderabad	VenueWin%=50.00	OverallWin%=75.00	VenueMatches=2	OverallMatches=4	Matches=2	Wins=1	Losses=1	Win%=50.00	TossWins=1	TossLosses=1	TossWinMatchWins=0	TossWinMatchLosses=1	TossConversion%=0.00	BatFirst=1	BatFirstWins=0	BatFirstWin%=0.00	FieldFirst=0	FieldFirstWins=0	FieldFirstWin%=0.00	OverallConfidence=LOW	RecommendationSource=OVERALL_MATCHUP	Recommendation=OVERALL_MATCHUP_STRONG_ADVANTAGE	TossRecommendation=TOSS_DATA_INSUFFICIENT	StrategyRecommendation=BAT_FIELD_DATA_INSUFFICIENT	VenueConfidence=VERY_LOW	PerformanceScore=68.00	StrategyBonus=0.00	TossBonus=0.00	FinalScore=68.00	FinalDecision=POSITIVE	DecisionConfidence=VERY_LOW	StrategySignal=NONE	TossSignal=NONE	VenueConfidence=VERY_LOW
Rajiv Gandhi International Stadium, Uppal, Hyderabad	Mumbai Indians	Sunrisers Hyderabad	VenueWin%=50.00	OverallWin%=56.52	VenueMatches=2	OverallMatches=23	Matches=2	Wins=1	Losses=1	Win%=50.00	TossWins=1	TossLosses=1	TossWinMatchWins=0	TossWinMatchLosses=1	TossConversion%=0.00	BatFirst=0	BatFirstWins=0	BatFirstWin%=0.00	FieldFirst=1	FieldFirstWins=0	FieldFirstWin%=0.00	OverallConfidence=VERY_STRONG	RecommendationSource=OVERALL_MATCHUP	Recommendation=OVERALL_MATCHUP_ADVANTAGE	TossRecommendation=TOSS_DATA_INSUFFICIENT	StrategyRecommendation=BAT_FIELD_DATA_INSUFFICIENT	VenueConfidence=VERY_LOW	PerformanceScore=54.69	StrategyBonus=0.00	TossBonus=0.00	FinalScore=54.69	FinalDecision=BALANCED	DecisionConfidence=VERY_LOW	StrategySignal=NONE	TossSignal=NONE	VenueConfidence=VERY_LOW
Rajiv Gandhi International Stadium, Uppal, Hyderabad	Punjab Kings	Sunrisers Hyderabad	VenueWin%=0.00	OverallWin%=30.43	VenueMatches=2	OverallMatches=23	Matches=2	Wins=0	Losses=2	Win%=0.00	TossWins=1	TossLosses=1	TossWinMatchWins=0	TossWinMatchLosses=1	TossConversion%=0.00	BatFirst=1	BatFirstWins=0	BatFirstWin%=0.00	FieldFirst=0	FieldFirstWins=0	FieldFirstWin%=0.00	OverallConfidence=VERY_STRONG	RecommendationSource=OVERALL_MATCHUP	Recommendation=OVERALL_MATCHUP_DISADVANTAGE	TossRecommendation=TOSS_DATA_INSUFFICIENT	StrategyRecommendation=BAT_FIELD_DATA_INSUFFICIENT	VenueConfidence=VERY_LOW	PerformanceScore=21.91	StrategyBonus=0.00	TossBonus=0.00	FinalScore=21.91	FinalDecision=STRONG_NEGATIVE	DecisionConfidence=VERY_LOW	StrategySignal=NONE	TossSignal=NONE	VenueConfidence=VERY_LOW
Rajiv Gandhi International Stadium, Uppal, Hyderabad	Rajasthan Royals	Sunrisers Hyderabad	VenueWin%=50.00	OverallWin%=45.00	VenueMatches=2	OverallMatches=20	Matches=2	Wins=1	Losses=1	Win%=50.00	TossWins=0	TossLosses=2	TossWinMatchWins=0	TossWinMatchLosses=0	TossConversion%=0.00	BatFirst=0	BatFirstWins=0	BatFirstWin%=0.00	FieldFirst=0	FieldFirstWins=0	FieldFirstWin%=0.00	OverallConfidence=VERY_STRONG	RecommendationSource=OVERALL_MATCHUP	Recommendation=OVERALL_MATCHUP_BALANCED	TossRecommendation=TOSS_DATA_INSUFFICIENT	StrategyRecommendation=BAT_FIELD_DATA_INSUFFICIENT	VenueConfidence=VERY_LOW	PerformanceScore=46.40	StrategyBonus=0.00	TossBonus=0.00	FinalScore=46.40	FinalDecision=BALANCED	DecisionConfidence=VERY_LOW	StrategySignal=NONE	TossSignal=NONE	VenueConfidence=VERY_LOW
Rajiv Gandhi International Stadium, Uppal, Hyderabad	Royal Challengers Bengaluru	Sunrisers Hyderabad	VenueWin%=100.00	OverallWin%=45.83	VenueMatches=2	OverallMatches=24	Matches=2	Wins=2	Losses=0	Win%=100.00	TossWins=2	TossLosses=0	TossWinMatchWins=2	TossWinMatchLosses=0	TossConversion%=100.00	BatFirst=1	BatFirstWins=1	BatFirstWin%=100.00	FieldFirst=1	FieldFirstWins=1	FieldFirstWin%=100.00	OverallConfidence=VERY_STRONG	RecommendationSource=OVERALL_MATCHUP	Recommendation=OVERALL_MATCHUP_BALANCED	TossRecommendation=TOSS_DATA_INSUFFICIENT	StrategyRecommendation=BAT_FIELD_DATA_INSUFFICIENT	VenueConfidence=VERY_LOW	PerformanceScore=61.00	StrategyBonus=0.00	TossBonus=0.00	FinalScore=61.00	FinalDecision=POSITIVE	DecisionConfidence=VERY_LOW	StrategySignal=NONE	TossSignal=NONE	VenueConfidence=VERY_LOW
Rajiv Gandhi International Stadium, Uppal, Hyderabad	Sunrisers Hyderabad	Chennai Super Kings	VenueWin%=100.00	OverallWin%=28.57	VenueMatches=1	OverallMatches=21	Matches=1	Wins=1	Losses=0	Win%=100.00	TossWins=1	TossLosses=0	TossWinMatchWins=1	TossWinMatchLosses=0	TossConversion%=100.00	BatFirst=0	BatFirstWins=0	BatFirstWin%=0.00	FieldFirst=1	FieldFirstWins=1	FieldFirstWin%=100.00	OverallConfidence=VERY_STRONG	RecommendationSource=OVERALL_MATCHUP	Recommendation=OVERALL_MATCHUP_DISADVANTAGE	TossRecommendation=TOSS_DATA_INSUFFICIENT	StrategyRecommendation=BAT_FIELD_DATA_INSUFFICIENT	VenueConfidence=VERY_LOW	PerformanceScore=45.71	StrategyBonus=0.00	TossBonus=0.00	FinalScore=45.71	FinalDecision=BALANCED	DecisionConfidence=VERY_LOW	StrategySignal=NONE	TossSignal=NONE	VenueConfidence=VERY_LOW
Rajiv Gandhi International Stadium, Uppal, Hyderabad	Sunrisers Hyderabad	Delhi Capitals	VenueWin%=0.00	OverallWin%=54.17	VenueMatches=1	OverallMatches=24	Matches=1	Wins=0	Losses=1	Win%=0.00	TossWins=0	TossLosses=1	TossWinMatchWins=0	TossWinMatchLosses=0	TossConversion%=0.00	BatFirst=0	BatFirstWins=0	BatFirstWin%=0.00	FieldFirst=0	FieldFirstWins=0	FieldFirstWin%=0.00	OverallConfidence=VERY_STRONG	RecommendationSource=OVERALL_MATCHUP	Recommendation=OVERALL_MATCHUP_BALANCED	TossRecommendation=TOSS_DATA_INSUFFICIENT	StrategyRecommendation=BAT_FIELD_DATA_INSUFFICIENT	VenueConfidence=VERY_LOW	PerformanceScore=41.17	StrategyBonus=0.00	TossBonus=0.00	FinalScore=41.17	FinalDecision=NEGATIVE	DecisionConfidence=VERY_LOW	StrategySignal=NONE	TossSignal=NONE	VenueConfidence=VERY_LOW
Rajiv Gandhi International Stadium, Uppal, Hyderabad	Sunrisers Hyderabad	Kolkata Knight Riders	VenueWin%=0.00	OverallWin%=32.14	VenueMatches=1	OverallMatches=28	Matches=1	Wins=0	Losses=1	Win%=0.00	TossWins=0	TossLosses=1	TossWinMatchWins=0	TossWinMatchLosses=0	TossConversion%=0.00	BatFirst=0	BatFirstWins=0	BatFirstWin%=0.00	FieldFirst=0	FieldFirstWins=0	FieldFirstWin%=0.00	OverallConfidence=VERY_STRONG	RecommendationSource=OVERALL_MATCHUP	Recommendation=OVERALL_MATCHUP_DISADVANTAGE	TossRecommendation=TOSS_DATA_INSUFFICIENT	StrategyRecommendation=BAT_FIELD_DATA_INSUFFICIENT	VenueConfidence=VERY_LOW	PerformanceScore=24.43	StrategyBonus=0.00	TossBonus=0.00	FinalScore=24.43	FinalDecision=STRONG_NEGATIVE	DecisionConfidence=VERY_LOW	StrategySignal=NONE	TossSignal=NONE	VenueConfidence=VERY_LOW
Rajiv Gandhi International Stadium, Uppal, Hyderabad	Sunrisers Hyderabad	Lucknow Super Giants	VenueWin%=50.00	OverallWin%=25.00	VenueMatches=2	OverallMatches=4	Matches=2	Wins=1	Losses=1	Win%=50.00	TossWins=1	TossLosses=1	TossWinMatchWins=0	TossWinMatchLosses=1	TossConversion%=0.00	BatFirst=1	BatFirstWins=0	BatFirstWin%=0.00	FieldFirst=0	FieldFirstWins=0	FieldFirstWin%=0.00	OverallConfidence=LOW	RecommendationSource=OVERALL_MATCHUP	Recommendation=OVERALL_MATCHUP_DISADVANTAGE	TossRecommendation=TOSS_DATA_INSUFFICIENT	StrategyRecommendation=BAT_FIELD_DATA_INSUFFICIENT	VenueConfidence=VERY_LOW	PerformanceScore=32.00	StrategyBonus=0.00	TossBonus=0.00	FinalScore=32.00	FinalDecision=NEGATIVE	DecisionConfidence=VERY_LOW	StrategySignal=NONE	TossSignal=NONE	VenueConfidence=VERY_LOW
Rajiv Gandhi International Stadium, Uppal, Hyderabad	Sunrisers Hyderabad	Mumbai Indians	VenueWin%=50.00	OverallWin%=43.48	VenueMatches=2	OverallMatches=23	Matches=2	Wins=1	Losses=1	Win%=50.00	TossWins=1	TossLosses=1	TossWinMatchWins=0	TossWinMatchLosses=1	TossConversion%=0.00	BatFirst=0	BatFirstWins=0	BatFirstWin%=0.00	FieldFirst=1	FieldFirstWins=0	FieldFirstWin%=0.00	OverallConfidence=VERY_STRONG	RecommendationSource=OVERALL_MATCHUP	Recommendation=OVERALL_MATCHUP_BALANCED	TossRecommendation=TOSS_DATA_INSUFFICIENT	StrategyRecommendation=BAT_FIELD_DATA_INSUFFICIENT	VenueConfidence=VERY_LOW	PerformanceScore=45.31	StrategyBonus=0.00	TossBonus=0.00	FinalScore=45.31	FinalDecision=BALANCED	DecisionConfidence=VERY_LOW	StrategySignal=NONE	TossSignal=NONE	VenueConfidence=VERY_LOW
Rajiv Gandhi International Stadium, Uppal, Hyderabad	Sunrisers Hyderabad	Punjab Kings	VenueWin%=100.00	OverallWin%=69.57	VenueMatches=2	OverallMatches=23	Matches=2	Wins=2	Losses=0	Win%=100.00	TossWins=1	TossLosses=1	TossWinMatchWins=1	TossWinMatchLosses=0	TossConversion%=100.00	BatFirst=0	BatFirstWins=0	BatFirstWin%=0.00	FieldFirst=1	FieldFirstWins=1	FieldFirstWin%=100.00	OverallConfidence=VERY_STRONG	RecommendationSource=OVERALL_MATCHUP	Recommendation=OVERALL_MATCHUP_ADVANTAGE	TossRecommendation=TOSS_DATA_INSUFFICIENT	StrategyRecommendation=BAT_FIELD_DATA_INSUFFICIENT	VenueConfidence=VERY_LOW	PerformanceScore=78.09	StrategyBonus=0.00	TossBonus=0.00	FinalScore=78.09	FinalDecision=STRONG_POSITIVE	DecisionConfidence=VERY_LOW	StrategySignal=NONE	TossSignal=NONE	VenueConfidence=VERY_LOW
Rajiv Gandhi International Stadium, Uppal, Hyderabad	Sunrisers Hyderabad	Rajasthan Royals	VenueWin%=50.00	OverallWin%=55.00	VenueMatches=2	OverallMatches=20	Matches=2	Wins=1	Losses=1	Win%=50.00	TossWins=2	TossLosses=0	TossWinMatchWins=1	TossWinMatchLosses=1	TossConversion%=50.00	BatFirst=1	BatFirstWins=1	BatFirstWin%=100.00	FieldFirst=1	FieldFirstWins=0	FieldFirstWin%=0.00	OverallConfidence=VERY_STRONG	RecommendationSource=OVERALL_MATCHUP	Recommendation=OVERALL_MATCHUP_ADVANTAGE	TossRecommendation=TOSS_DATA_INSUFFICIENT	StrategyRecommendation=BAT_FIELD_DATA_INSUFFICIENT	VenueConfidence=VERY_LOW	PerformanceScore=53.60	StrategyBonus=0.00	TossBonus=0.00	FinalScore=53.60	FinalDecision=BALANCED	DecisionConfidence=VERY_LOW	StrategySignal=NONE	TossSignal=NONE	VenueConfidence=VERY_LOW
Rajiv Gandhi International Stadium, Uppal, Hyderabad	Sunrisers Hyderabad	Royal Challengers Bengaluru	VenueWin%=0.00	OverallWin%=54.17	VenueMatches=2	OverallMatches=24	Matches=2	Wins=0	Losses=2	Win%=0.00	TossWins=0	TossLosses=2	TossWinMatchWins=0	TossWinMatchLosses=0	TossConversion%=0.00	BatFirst=0	BatFirstWins=0	BatFirstWin%=0.00	FieldFirst=0	FieldFirstWins=0	FieldFirstWin%=0.00	OverallConfidence=VERY_STRONG	RecommendationSource=OVERALL_MATCHUP	Recommendation=OVERALL_MATCHUP_BALANCED	TossRecommendation=TOSS_DATA_INSUFFICIENT	StrategyRecommendation=BAT_FIELD_DATA_INSUFFICIENT	VenueConfidence=VERY_LOW	PerformanceScore=39.00	StrategyBonus=0.00	TossBonus=0.00	FinalScore=39.00	FinalDecision=NEGATIVE	DecisionConfidence=VERY_LOW	StrategySignal=NONE	TossSignal=NONE	VenueConfidence=VERY_LOW
Sardar Patel Stadium, Motera	Chennai Super Kings	Rajasthan Royals	VenueWin%=0.00	OverallWin%=55.17	VenueMatches=2	OverallMatches=29	Matches=2	Wins=0	Losses=2	Win%=0.00	TossWins=1	TossLosses=1	TossWinMatchWins=0	TossWinMatchLosses=1	TossConversion%=0.00	BatFirst=1	BatFirstWins=0	BatFirstWin%=0.00	FieldFirst=0	FieldFirstWins=0	FieldFirstWin%=0.00	OverallConfidence=VERY_STRONG	RecommendationSource=OVERALL_MATCHUP	Recommendation=OVERALL_MATCHUP_ADVANTAGE	TossRecommendation=TOSS_DATA_INSUFFICIENT	StrategyRecommendation=BAT_FIELD_DATA_INSUFFICIENT	VenueConfidence=VERY_LOW	PerformanceScore=39.72	StrategyBonus=0.00	TossBonus=0.00	FinalScore=39.72	FinalDecision=NEGATIVE	DecisionConfidence=VERY_LOW	StrategySignal=NONE	TossSignal=NONE	VenueConfidence=VERY_LOW
Sardar Patel Stadium, Motera	Deccan Chargers	Rajasthan Royals	VenueWin%=0.00	OverallWin%=22.22	VenueMatches=1	OverallMatches=9	Matches=1	Wins=0	Losses=1	Win%=0.00	TossWins=1	TossLosses=0	TossWinMatchWins=0	TossWinMatchLosses=1	TossConversion%=0.00	BatFirst=1	BatFirstWins=0	BatFirstWin%=0.00	FieldFirst=0	FieldFirstWins=0	FieldFirstWin%=0.00	OverallConfidence=MODERATE	RecommendationSource=OVERALL_MATCHUP	Recommendation=OVERALL_MATCHUP_DISADVANTAGE	TossRecommendation=TOSS_DATA_INSUFFICIENT	StrategyRecommendation=BAT_FIELD_DATA_INSUFFICIENT	VenueConfidence=VERY_LOW	PerformanceScore=16.89	StrategyBonus=0.00	TossBonus=0.00	FinalScore=16.89	FinalDecision=STRONG_NEGATIVE	DecisionConfidence=VERY_LOW	StrategySignal=NONE	TossSignal=NONE	VenueConfidence=VERY_LOW
Sardar Patel Stadium, Motera	Delhi Capitals	Rajasthan Royals	VenueWin%=50.00	OverallWin%=48.28	VenueMatches=2	OverallMatches=29	Matches=2	Wins=1	Losses=1	Win%=50.00	TossWins=2	TossLosses=0	TossWinMatchWins=1	TossWinMatchLosses=1	TossConversion%=50.00	BatFirst=0	BatFirstWins=0	BatFirstWin%=0.00	FieldFirst=2	FieldFirstWins=1	FieldFirstWin%=50.00	OverallConfidence=VERY_STRONG	RecommendationSource=OVERALL_MATCHUP	Recommendation=OVERALL_MATCHUP_BALANCED	TossRecommendation=TOSS_DATA_INSUFFICIENT	StrategyRecommendation=BAT_FIELD_DATA_INSUFFICIENT	VenueConfidence=VERY_LOW	PerformanceScore=48.76	StrategyBonus=0.00	TossBonus=0.00	FinalScore=48.76	FinalDecision=BALANCED	DecisionConfidence=VERY_LOW	StrategySignal=NONE	TossSignal=NONE	VenueConfidence=VERY_LOW
Sardar Patel Stadium, Motera	Kolkata Knight Riders	Rajasthan Royals	VenueWin%=0.00	OverallWin%=50.00	VenueMatches=2	OverallMatches=28	Matches=2	Wins=0	Losses=2	Win%=0.00	TossWins=1	TossLosses=1	TossWinMatchWins=0	TossWinMatchLosses=1	TossConversion%=0.00	BatFirst=0	BatFirstWins=0	BatFirstWin%=0.00	FieldFirst=1	FieldFirstWins=0	FieldFirstWin%=0.00	OverallConfidence=VERY_STRONG	RecommendationSource=OVERALL_MATCHUP	Recommendation=OVERALL_MATCHUP_BALANCED	TossRecommendation=TOSS_DATA_INSUFFICIENT	StrategyRecommendation=BAT_FIELD_DATA_INSUFFICIENT	VenueConfidence=VERY_LOW	PerformanceScore=36.00	StrategyBonus=0.00	TossBonus=0.00	FinalScore=36.00	FinalDecision=NEGATIVE	DecisionConfidence=VERY_LOW	StrategySignal=NONE	TossSignal=NONE	VenueConfidence=VERY_LOW
Sardar Patel Stadium, Motera	Mumbai Indians	Rajasthan Royals	VenueWin%=50.00	OverallWin%=51.72	VenueMatches=2	OverallMatches=29	Matches=2	Wins=1	Losses=1	Win%=50.00	TossWins=2	TossLosses=0	TossWinMatchWins=1	TossWinMatchLosses=1	TossConversion%=50.00	BatFirst=2	BatFirstWins=1	BatFirstWin%=50.00	FieldFirst=0	FieldFirstWins=0	FieldFirstWin%=0.00	OverallConfidence=VERY_STRONG	RecommendationSource=OVERALL_MATCHUP	Recommendation=OVERALL_MATCHUP_BALANCED	TossRecommendation=TOSS_DATA_INSUFFICIENT	StrategyRecommendation=BAT_FIELD_DATA_INSUFFICIENT	VenueConfidence=VERY_LOW	PerformanceScore=51.24	StrategyBonus=0.00	TossBonus=0.00	FinalScore=51.24	FinalDecision=BALANCED	DecisionConfidence=VERY_LOW	StrategySignal=NONE	TossSignal=NONE	VenueConfidence=VERY_LOW
Sardar Patel Stadium, Motera	Punjab Kings	Rajasthan Royals	VenueWin%=100.00	OverallWin%=42.86	VenueMatches=1	OverallMatches=28	Matches=1	Wins=1	Losses=0	Win%=100.00	TossWins=1	TossLosses=0	TossWinMatchWins=1	TossWinMatchLosses=0	TossConversion%=100.00	BatFirst=0	BatFirstWins=0	BatFirstWin%=0.00	FieldFirst=1	FieldFirstWins=1	FieldFirstWin%=100.00	OverallConfidence=VERY_STRONG	RecommendationSource=OVERALL_MATCHUP	Recommendation=OVERALL_MATCHUP_BALANCED	TossRecommendation=TOSS_DATA_INSUFFICIENT	StrategyRecommendation=BAT_FIELD_DATA_INSUFFICIENT	VenueConfidence=VERY_LOW	PerformanceScore=56.57	StrategyBonus=0.00	TossBonus=0.00	FinalScore=56.57	FinalDecision=BALANCED	DecisionConfidence=VERY_LOW	StrategySignal=NONE	TossSignal=NONE	VenueConfidence=VERY_LOW
Sardar Patel Stadium, Motera	Rajasthan Royals	Chennai Super Kings	VenueWin%=100.00	OverallWin%=44.83	VenueMatches=2	OverallMatches=29	Matches=2	Wins=2	Losses=0	Win%=100.00	TossWins=1	TossLosses=1	TossWinMatchWins=1	TossWinMatchLosses=0	TossConversion%=100.00	BatFirst=1	BatFirstWins=1	BatFirstWin%=100.00	FieldFirst=0	FieldFirstWins=0	FieldFirstWin%=0.00	OverallConfidence=VERY_STRONG	RecommendationSource=OVERALL_MATCHUP	Recommendation=OVERALL_MATCHUP_BALANCED	TossRecommendation=TOSS_DATA_INSUFFICIENT	StrategyRecommendation=BAT_FIELD_DATA_INSUFFICIENT	VenueConfidence=VERY_LOW	PerformanceScore=60.28	StrategyBonus=0.00	TossBonus=0.00	FinalScore=60.28	FinalDecision=POSITIVE	DecisionConfidence=VERY_LOW	StrategySignal=NONE	TossSignal=NONE	VenueConfidence=VERY_LOW
Sardar Patel Stadium, Motera	Rajasthan Royals	Deccan Chargers	VenueWin%=100.00	OverallWin%=77.78	VenueMatches=1	OverallMatches=9	Matches=1	Wins=1	Losses=0	Win%=100.00	TossWins=0	TossLosses=1	TossWinMatchWins=0	TossWinMatchLosses=0	TossConversion%=0.00	BatFirst=0	BatFirstWins=0	BatFirstWin%=0.00	FieldFirst=0	FieldFirstWins=0	FieldFirstWin%=0.00	OverallConfidence=MODERATE	RecommendationSource=OVERALL_MATCHUP	Recommendation=OVERALL_MATCHUP_STRONG_ADVANTAGE	TossRecommendation=TOSS_DATA_INSUFFICIENT	StrategyRecommendation=BAT_FIELD_DATA_INSUFFICIENT	VenueConfidence=VERY_LOW	PerformanceScore=83.11	StrategyBonus=0.00	TossBonus=0.00	FinalScore=83.11	FinalDecision=STRONG_POSITIVE	DecisionConfidence=VERY_LOW	StrategySignal=NONE	TossSignal=NONE	VenueConfidence=VERY_LOW
Sardar Patel Stadium, Motera	Rajasthan Royals	Delhi Capitals	VenueWin%=50.00	OverallWin%=51.72	VenueMatches=2	OverallMatches=29	Matches=2	Wins=1	Losses=1	Win%=50.00	TossWins=0	TossLosses=2	TossWinMatchWins=0	TossWinMatchLosses=0	TossConversion%=0.00	BatFirst=0	BatFirstWins=0	BatFirstWin%=0.00	FieldFirst=0	FieldFirstWins=0	FieldFirstWin%=0.00	OverallConfidence=VERY_STRONG	RecommendationSource=OVERALL_MATCHUP	Recommendation=OVERALL_MATCHUP_BALANCED	TossRecommendation=TOSS_DATA_INSUFFICIENT	StrategyRecommendation=BAT_FIELD_DATA_INSUFFICIENT	VenueConfidence=VERY_LOW	PerformanceScore=51.24	StrategyBonus=0.00	TossBonus=0.00	FinalScore=51.24	FinalDecision=BALANCED	DecisionConfidence=VERY_LOW	StrategySignal=NONE	TossSignal=NONE	VenueConfidence=VERY_LOW
Sardar Patel Stadium, Motera	Rajasthan Royals	Kolkata Knight Riders	VenueWin%=100.00	OverallWin%=50.00	VenueMatches=2	OverallMatches=28	Matches=2	Wins=2	Losses=0	Win%=100.00	TossWins=1	TossLosses=1	TossWinMatchWins=1	TossWinMatchLosses=0	TossConversion%=100.00	BatFirst=1	BatFirstWins=1	BatFirstWin%=100.00	FieldFirst=0	FieldFirstWins=0	FieldFirstWin%=0.00	OverallConfidence=VERY_STRONG	RecommendationSource=OVERALL_MATCHUP	Recommendation=OVERALL_MATCHUP_BALANCED	TossRecommendation=TOSS_DATA_INSUFFICIENT	StrategyRecommendation=BAT_FIELD_DATA_INSUFFICIENT	VenueConfidence=VERY_LOW	PerformanceScore=64.00	StrategyBonus=0.00	TossBonus=0.00	FinalScore=64.00	FinalDecision=POSITIVE	DecisionConfidence=VERY_LOW	StrategySignal=NONE	TossSignal=NONE	VenueConfidence=VERY_LOW
Sardar Patel Stadium, Motera	Rajasthan Royals	Mumbai Indians	VenueWin%=50.00	OverallWin%=48.28	VenueMatches=2	OverallMatches=29	Matches=2	Wins=1	Losses=1	Win%=50.00	TossWins=0	TossLosses=2	TossWinMatchWins=0	TossWinMatchLosses=0	TossConversion%=0.00	BatFirst=0	BatFirstWins=0	BatFirstWin%=0.00	FieldFirst=0	FieldFirstWins=0	FieldFirstWin%=0.00	OverallConfidence=VERY_STRONG	RecommendationSource=OVERALL_MATCHUP	Recommendation=OVERALL_MATCHUP_BALANCED	TossRecommendation=TOSS_DATA_INSUFFICIENT	StrategyRecommendation=BAT_FIELD_DATA_INSUFFICIENT	VenueConfidence=VERY_LOW	PerformanceScore=48.76	StrategyBonus=0.00	TossBonus=0.00	FinalScore=48.76	FinalDecision=BALANCED	DecisionConfidence=VERY_LOW	StrategySignal=NONE	TossSignal=NONE	VenueConfidence=VERY_LOW
Sardar Patel Stadium, Motera	Rajasthan Royals	Punjab Kings	VenueWin%=0.00	OverallWin%=57.14	VenueMatches=1	OverallMatches=28	Matches=1	Wins=0	Losses=1	Win%=0.00	TossWins=0	TossLosses=1	TossWinMatchWins=0	TossWinMatchLosses=0	TossConversion%=0.00	BatFirst=0	BatFirstWins=0	BatFirstWin%=0.00	FieldFirst=0	FieldFirstWins=0	FieldFirstWin%=0.00	OverallConfidence=VERY_STRONG	RecommendationSource=OVERALL_MATCHUP	Recommendation=OVERALL_MATCHUP_ADVANTAGE	TossRecommendation=TOSS_DATA_INSUFFICIENT	StrategyRecommendation=BAT_FIELD_DATA_INSUFFICIENT	VenueConfidence=VERY_LOW	PerformanceScore=43.43	StrategyBonus=0.00	TossBonus=0.00	FinalScore=43.43	FinalDecision=NEGATIVE	DecisionConfidence=VERY_LOW	StrategySignal=NONE	TossSignal=NONE	VenueConfidence=VERY_LOW
Sardar Patel Stadium, Motera	Rajasthan Royals	Royal Challengers Bengaluru	VenueWin%=0.00	OverallWin%=45.16	VenueMatches=1	OverallMatches=31	Matches=1	Wins=0	Losses=1	Win%=0.00	TossWins=0	TossLosses=1	TossWinMatchWins=0	TossWinMatchLosses=0	TossConversion%=0.00	BatFirst=0	BatFirstWins=0	BatFirstWin%=0.00	FieldFirst=0	FieldFirstWins=0	FieldFirstWin%=0.00	OverallConfidence=VERY_STRONG	RecommendationSource=OVERALL_MATCHUP	Recommendation=OVERALL_MATCHUP_BALANCED	TossRecommendation=TOSS_DATA_INSUFFICIENT	StrategyRecommendation=BAT_FIELD_DATA_INSUFFICIENT	VenueConfidence=VERY_LOW	PerformanceScore=34.32	StrategyBonus=0.00	TossBonus=0.00	FinalScore=34.32	FinalDecision=NEGATIVE	DecisionConfidence=VERY_LOW	StrategySignal=NONE	TossSignal=NONE	VenueConfidence=VERY_LOW
Sardar Patel Stadium, Motera	Rajasthan Royals	Sunrisers Hyderabad	VenueWin%=0.00	OverallWin%=45.00	VenueMatches=1	OverallMatches=20	Matches=1	Wins=0	Losses=1	Win%=0.00	TossWins=1	TossLosses=0	TossWinMatchWins=0	TossWinMatchLosses=1	TossConversion%=0.00	BatFirst=0	BatFirstWins=0	BatFirstWin%=0.00	FieldFirst=1	FieldFirstWins=0	FieldFirstWin%=0.00	OverallConfidence=VERY_STRONG	RecommendationSource=OVERALL_MATCHUP	Recommendation=OVERALL_MATCHUP_BALANCED	TossRecommendation=TOSS_DATA_INSUFFICIENT	StrategyRecommendation=BAT_FIELD_DATA_INSUFFICIENT	VenueConfidence=VERY_LOW	PerformanceScore=34.20	StrategyBonus=0.00	TossBonus=0.00	FinalScore=34.20	FinalDecision=NEGATIVE	DecisionConfidence=VERY_LOW	StrategySignal=NONE	TossSignal=NONE	VenueConfidence=VERY_LOW
Sardar Patel Stadium, Motera	Royal Challengers Bengaluru	Rajasthan Royals	VenueWin%=100.00	OverallWin%=48.39	VenueMatches=1	OverallMatches=31	Matches=1	Wins=1	Losses=0	Win%=100.00	TossWins=1	TossLosses=0	TossWinMatchWins=1	TossWinMatchLosses=0	TossConversion%=100.00	BatFirst=0	BatFirstWins=0	BatFirstWin%=0.00	FieldFirst=1	FieldFirstWins=1	FieldFirstWin%=100.00	OverallConfidence=VERY_STRONG	RecommendationSource=OVERALL_MATCHUP	Recommendation=OVERALL_MATCHUP_BALANCED	TossRecommendation=TOSS_DATA_INSUFFICIENT	StrategyRecommendation=BAT_FIELD_DATA_INSUFFICIENT	VenueConfidence=VERY_LOW	PerformanceScore=60.78	StrategyBonus=0.00	TossBonus=0.00	FinalScore=60.78	FinalDecision=POSITIVE	DecisionConfidence=VERY_LOW	StrategySignal=NONE	TossSignal=NONE	VenueConfidence=VERY_LOW
Sardar Patel Stadium, Motera	Sunrisers Hyderabad	Rajasthan Royals	VenueWin%=100.00	OverallWin%=55.00	VenueMatches=1	OverallMatches=20	Matches=1	Wins=1	Losses=0	Win%=100.00	TossWins=0	TossLosses=1	TossWinMatchWins=0	TossWinMatchLosses=0	TossConversion%=0.00	BatFirst=0	BatFirstWins=0	BatFirstWin%=0.00	FieldFirst=0	FieldFirstWins=0	FieldFirstWin%=0.00	OverallConfidence=VERY_STRONG	RecommendationSource=OVERALL_MATCHUP	Recommendation=OVERALL_MATCHUP_ADVANTAGE	TossRecommendation=TOSS_DATA_INSUFFICIENT	StrategyRecommendation=BAT_FIELD_DATA_INSUFFICIENT	VenueConfidence=VERY_LOW	PerformanceScore=65.80	StrategyBonus=0.00	TossBonus=0.00	FinalScore=65.80	FinalDecision=POSITIVE	DecisionConfidence=VERY_LOW	StrategySignal=NONE	TossSignal=NONE	VenueConfidence=VERY_LOW
Saurashtra Cricket Association Stadium	Delhi Capitals	Gujarat Lions	VenueWin%=100.00	OverallWin%=75.00	VenueMatches=1	OverallMatches=4	Matches=1	Wins=1	Losses=0	Win%=100.00	TossWins=1	TossLosses=0	TossWinMatchWins=1	TossWinMatchLosses=0	TossConversion%=100.00	BatFirst=0	BatFirstWins=0	BatFirstWin%=0.00	FieldFirst=1	FieldFirstWins=1	FieldFirstWin%=100.00	OverallConfidence=LOW	RecommendationSource=OVERALL_MATCHUP	Recommendation=OVERALL_MATCHUP_STRONG_ADVANTAGE	TossRecommendation=TOSS_DATA_INSUFFICIENT	StrategyRecommendation=BAT_FIELD_DATA_INSUFFICIENT	VenueConfidence=VERY_LOW	PerformanceScore=81.00	StrategyBonus=0.00	TossBonus=0.00	FinalScore=81.00	FinalDecision=STRONG_POSITIVE	DecisionConfidence=VERY_LOW	StrategySignal=NONE	TossSignal=NONE	VenueConfidence=VERY_LOW
Saurashtra Cricket Association Stadium	Gujarat Lions	Delhi Capitals	VenueWin%=0.00	OverallWin%=25.00	VenueMatches=1	OverallMatches=4	Matches=1	Wins=0	Losses=1	Win%=0.00	TossWins=0	TossLosses=1	TossWinMatchWins=0	TossWinMatchLosses=0	TossConversion%=0.00	BatFirst=0	BatFirstWins=0	BatFirstWin%=0.00	FieldFirst=0	FieldFirstWins=0	FieldFirstWin%=0.00	OverallConfidence=LOW	RecommendationSource=OVERALL_MATCHUP	Recommendation=OVERALL_MATCHUP_DISADVANTAGE	TossRecommendation=TOSS_DATA_INSUFFICIENT	StrategyRecommendation=BAT_FIELD_DATA_INSUFFICIENT	VenueConfidence=VERY_LOW	PerformanceScore=19.00	StrategyBonus=0.00	TossBonus=0.00	FinalScore=19.00	FinalDecision=STRONG_NEGATIVE	DecisionConfidence=VERY_LOW	StrategySignal=NONE	TossSignal=NONE	VenueConfidence=VERY_LOW
Saurashtra Cricket Association Stadium	Gujarat Lions	Kolkata Knight Riders	VenueWin%=0.00	OverallWin%=75.00	VenueMatches=1	OverallMatches=4	Matches=1	Wins=0	Losses=1	Win%=0.00	TossWins=0	TossLosses=1	TossWinMatchWins=0	TossWinMatchLosses=0	TossConversion%=0.00	BatFirst=0	BatFirstWins=0	BatFirstWin%=0.00	FieldFirst=0	FieldFirstWins=0	FieldFirstWin%=0.00	OverallConfidence=LOW	RecommendationSource=OVERALL_MATCHUP	Recommendation=OVERALL_MATCHUP_STRONG_ADVANTAGE	TossRecommendation=TOSS_DATA_INSUFFICIENT	StrategyRecommendation=BAT_FIELD_DATA_INSUFFICIENT	VenueConfidence=VERY_LOW	PerformanceScore=57.00	StrategyBonus=0.00	TossBonus=0.00	FinalScore=57.00	FinalDecision=BALANCED	DecisionConfidence=VERY_LOW	StrategySignal=NONE	TossSignal=NONE	VenueConfidence=VERY_LOW
Saurashtra Cricket Association Stadium	Gujarat Lions	Mumbai Indians	VenueWin%=0.00	OverallWin%=50.00	VenueMatches=1	OverallMatches=4	Matches=1	Wins=0	Losses=1	Win%=0.00	TossWins=1	TossLosses=0	TossWinMatchWins=0	TossWinMatchLosses=1	TossConversion%=0.00	BatFirst=1	BatFirstWins=0	BatFirstWin%=0.00	FieldFirst=0	FieldFirstWins=0	FieldFirstWin%=0.00	OverallConfidence=LOW	RecommendationSource=OVERALL_MATCHUP	Recommendation=OVERALL_MATCHUP_BALANCED	TossRecommendation=TOSS_DATA_INSUFFICIENT	StrategyRecommendation=BAT_FIELD_DATA_INSUFFICIENT	VenueConfidence=VERY_LOW	PerformanceScore=38.00	StrategyBonus=0.00	TossBonus=0.00	FinalScore=38.00	FinalDecision=NEGATIVE	DecisionConfidence=VERY_LOW	StrategySignal=NONE	TossSignal=NONE	VenueConfidence=VERY_LOW
Saurashtra Cricket Association Stadium	Gujarat Lions	Punjab Kings	VenueWin%=0.00	OverallWin%=50.00	VenueMatches=2	OverallMatches=4	Matches=2	Wins=0	Losses=2	Win%=0.00	TossWins=2	TossLosses=0	TossWinMatchWins=0	TossWinMatchLosses=2	TossConversion%=0.00	BatFirst=0	BatFirstWins=0	BatFirstWin%=0.00	FieldFirst=2	FieldFirstWins=0	FieldFirstWin%=0.00	OverallConfidence=LOW	RecommendationSource=OVERALL_MATCHUP	Recommendation=OVERALL_MATCHUP_BALANCED	TossRecommendation=TOSS_DATA_INSUFFICIENT	StrategyRecommendation=BAT_FIELD_DATA_INSUFFICIENT	VenueConfidence=VERY_LOW	PerformanceScore=36.00	StrategyBonus=0.00	TossBonus=0.00	FinalScore=36.00	FinalDecision=NEGATIVE	DecisionConfidence=VERY_LOW	StrategySignal=NONE	TossSignal=NONE	VenueConfidence=VERY_LOW
Saurashtra Cricket Association Stadium	Gujarat Lions	Rising Pune Supergiants	VenueWin%=100.00	OverallWin%=75.00	VenueMatches=2	OverallMatches=4	Matches=2	Wins=2	Losses=0	Win%=100.00	TossWins=1	TossLosses=1	TossWinMatchWins=1	TossWinMatchLosses=0	TossConversion%=100.00	BatFirst=0	BatFirstWins=0	BatFirstWin%=0.00	FieldFirst=1	FieldFirstWins=1	FieldFirstWin%=100.00	OverallConfidence=LOW	RecommendationSource=OVERALL_MATCHUP	Recommendation=OVERALL_MATCHUP_STRONG_ADVANTAGE	TossRecommendation=TOSS_DATA_INSUFFICIENT	StrategyRecommendation=BAT_FIELD_DATA_INSUFFICIENT	VenueConfidence=VERY_LOW	PerformanceScore=82.00	StrategyBonus=0.00	TossBonus=0.00	FinalScore=82.00	FinalDecision=STRONG_POSITIVE	DecisionConfidence=VERY_LOW	StrategySignal=NONE	TossSignal=NONE	VenueConfidence=VERY_LOW
Saurashtra Cricket Association Stadium	Gujarat Lions	Royal Challengers Bengaluru	VenueWin%=50.00	OverallWin%=40.00	VenueMatches=2	OverallMatches=5	Matches=2	Wins=1	Losses=1	Win%=50.00	TossWins=1	TossLosses=1	TossWinMatchWins=0	TossWinMatchLosses=1	TossConversion%=0.00	BatFirst=0	BatFirstWins=0	BatFirstWin%=0.00	FieldFirst=1	FieldFirstWins=0	FieldFirstWin%=0.00	OverallConfidence=MODERATE	RecommendationSource=OVERALL_MATCHUP	Recommendation=OVERALL_MATCHUP_DISADVANTAGE	TossRecommendation=TOSS_DATA_INSUFFICIENT	StrategyRecommendation=BAT_FIELD_DATA_INSUFFICIENT	VenueConfidence=VERY_LOW	PerformanceScore=42.80	StrategyBonus=0.00	TossBonus=0.00	FinalScore=42.80	FinalDecision=NEGATIVE	DecisionConfidence=VERY_LOW	StrategySignal=NONE	TossSignal=NONE	VenueConfidence=VERY_LOW
Saurashtra Cricket Association Stadium	Gujarat Lions	Sunrisers Hyderabad	VenueWin%=0.00	OverallWin%=0.00	VenueMatches=1	OverallMatches=5	Matches=1	Wins=0	Losses=1	Win%=0.00	TossWins=0	TossLosses=1	TossWinMatchWins=0	TossWinMatchLosses=0	TossConversion%=0.00	BatFirst=0	BatFirstWins=0	BatFirstWin%=0.00	FieldFirst=0	FieldFirstWins=0	FieldFirstWin%=0.00	OverallConfidence=MODERATE	RecommendationSource=OVERALL_MATCHUP	Recommendation=OVERALL_MATCHUP_DISADVANTAGE	TossRecommendation=TOSS_DATA_INSUFFICIENT	StrategyRecommendation=BAT_FIELD_DATA_INSUFFICIENT	VenueConfidence=VERY_LOW	PerformanceScore=0.00	StrategyBonus=0.00	TossBonus=0.00	FinalScore=0.00	FinalDecision=STRONG_NEGATIVE	DecisionConfidence=VERY_LOW	StrategySignal=NONE	TossSignal=NONE	VenueConfidence=VERY_LOW
Saurashtra Cricket Association Stadium	Kolkata Knight Riders	Gujarat Lions	VenueWin%=100.00	OverallWin%=25.00	VenueMatches=1	OverallMatches=4	Matches=1	Wins=1	Losses=0	Win%=100.00	TossWins=1	TossLosses=0	TossWinMatchWins=1	TossWinMatchLosses=0	TossConversion%=100.00	BatFirst=0	BatFirstWins=0	BatFirstWin%=0.00	FieldFirst=1	FieldFirstWins=1	FieldFirstWin%=100.00	OverallConfidence=LOW	RecommendationSource=OVERALL_MATCHUP	Recommendation=OVERALL_MATCHUP_DISADVANTAGE	TossRecommendation=TOSS_DATA_INSUFFICIENT	StrategyRecommendation=BAT_FIELD_DATA_INSUFFICIENT	VenueConfidence=VERY_LOW	PerformanceScore=43.00	StrategyBonus=0.00	TossBonus=0.00	FinalScore=43.00	FinalDecision=NEGATIVE	DecisionConfidence=VERY_LOW	StrategySignal=NONE	TossSignal=NONE	VenueConfidence=VERY_LOW
Saurashtra Cricket Association Stadium	Mumbai Indians	Gujarat Lions	VenueWin%=100.00	OverallWin%=50.00	VenueMatches=1	OverallMatches=4	Matches=1	Wins=1	Losses=0	Win%=100.00	TossWins=0	TossLosses=1	TossWinMatchWins=0	TossWinMatchLosses=0	TossConversion%=0.00	BatFirst=0	BatFirstWins=0	BatFirstWin%=0.00	FieldFirst=0	FieldFirstWins=0	FieldFirstWin%=0.00	OverallConfidence=LOW	RecommendationSource=OVERALL_MATCHUP	Recommendation=OVERALL_MATCHUP_BALANCED	TossRecommendation=TOSS_DATA_INSUFFICIENT	StrategyRecommendation=BAT_FIELD_DATA_INSUFFICIENT	VenueConfidence=VERY_LOW	PerformanceScore=62.00	StrategyBonus=0.00	TossBonus=0.00	FinalScore=62.00	FinalDecision=POSITIVE	DecisionConfidence=VERY_LOW	StrategySignal=NONE	TossSignal=NONE	VenueConfidence=VERY_LOW
Saurashtra Cricket Association Stadium	Punjab Kings	Gujarat Lions	VenueWin%=100.00	OverallWin%=50.00	VenueMatches=2	OverallMatches=4	Matches=2	Wins=2	Losses=0	Win%=100.00	TossWins=0	TossLosses=2	TossWinMatchWins=0	TossWinMatchLosses=0	TossConversion%=0.00	BatFirst=0	BatFirstWins=0	BatFirstWin%=0.00	FieldFirst=0	FieldFirstWins=0	FieldFirstWin%=0.00	OverallConfidence=LOW	RecommendationSource=OVERALL_MATCHUP	Recommendation=OVERALL_MATCHUP_BALANCED	TossRecommendation=TOSS_DATA_INSUFFICIENT	StrategyRecommendation=BAT_FIELD_DATA_INSUFFICIENT	VenueConfidence=VERY_LOW	PerformanceScore=64.00	StrategyBonus=0.00	TossBonus=0.00	FinalScore=64.00	FinalDecision=POSITIVE	DecisionConfidence=VERY_LOW	StrategySignal=NONE	TossSignal=NONE	VenueConfidence=VERY_LOW
Saurashtra Cricket Association Stadium	Rising Pune Supergiants	Gujarat Lions	VenueWin%=0.00	OverallWin%=25.00	VenueMatches=2	OverallMatches=4	Matches=2	Wins=0	Losses=2	Win%=0.00	TossWins=1	TossLosses=1	TossWinMatchWins=0	TossWinMatchLosses=1	TossConversion%=0.00	BatFirst=1	BatFirstWins=0	BatFirstWin%=0.00	FieldFirst=0	FieldFirstWins=0	FieldFirstWin%=0.00	OverallConfidence=LOW	RecommendationSource=OVERALL_MATCHUP	Recommendation=OVERALL_MATCHUP_DISADVANTAGE	TossRecommendation=TOSS_DATA_INSUFFICIENT	StrategyRecommendation=BAT_FIELD_DATA_INSUFFICIENT	VenueConfidence=VERY_LOW	PerformanceScore=18.00	StrategyBonus=0.00	TossBonus=0.00	FinalScore=18.00	FinalDecision=STRONG_NEGATIVE	DecisionConfidence=VERY_LOW	StrategySignal=NONE	TossSignal=NONE	VenueConfidence=VERY_LOW
Saurashtra Cricket Association Stadium	Royal Challengers Bengaluru	Gujarat Lions	VenueWin%=50.00	OverallWin%=60.00	VenueMatches=2	OverallMatches=5	Matches=2	Wins=1	Losses=1	Win%=50.00	TossWins=1	TossLosses=1	TossWinMatchWins=0	TossWinMatchLosses=1	TossConversion%=0.00	BatFirst=1	BatFirstWins=0	BatFirstWin%=0.00	FieldFirst=0	FieldFirstWins=0	FieldFirstWin%=0.00	OverallConfidence=MODERATE	RecommendationSource=OVERALL_MATCHUP	Recommendation=OVERALL_MATCHUP_ADVANTAGE	TossRecommendation=TOSS_DATA_INSUFFICIENT	StrategyRecommendation=BAT_FIELD_DATA_INSUFFICIENT	VenueConfidence=VERY_LOW	PerformanceScore=57.20	StrategyBonus=0.00	TossBonus=0.00	FinalScore=57.20	FinalDecision=BALANCED	DecisionConfidence=VERY_LOW	StrategySignal=NONE	TossSignal=NONE	VenueConfidence=VERY_LOW
Saurashtra Cricket Association Stadium	Sunrisers Hyderabad	Gujarat Lions	VenueWin%=100.00	OverallWin%=100.00	VenueMatches=1	OverallMatches=5	Matches=1	Wins=1	Losses=0	Win%=100.00	TossWins=1	TossLosses=0	TossWinMatchWins=1	TossWinMatchLosses=0	TossConversion%=100.00	BatFirst=0	BatFirstWins=0	BatFirstWin%=0.00	FieldFirst=1	FieldFirstWins=1	FieldFirstWin%=100.00	OverallConfidence=MODERATE	RecommendationSource=OVERALL_MATCHUP	Recommendation=OVERALL_MATCHUP_STRONG_ADVANTAGE	TossRecommendation=TOSS_DATA_INSUFFICIENT	StrategyRecommendation=BAT_FIELD_DATA_INSUFFICIENT	VenueConfidence=VERY_LOW	PerformanceScore=100.00	StrategyBonus=0.00	TossBonus=0.00	FinalScore=100.00	FinalDecision=STRONG_POSITIVE	DecisionConfidence=VERY_LOW	StrategySignal=NONE	TossSignal=NONE	VenueConfidence=VERY_LOW
Sawai Mansingh Stadium	Chennai Super Kings	Rajasthan Royals	VenueWin%=50.00	OverallWin%=55.17	VenueMatches=6	OverallMatches=29	Matches=6	Wins=3	Losses=3	Win%=50.00	TossWins=4	TossLosses=2	TossWinMatchWins=2	TossWinMatchLosses=2	TossConversion%=50.00	BatFirst=2	BatFirstWins=0	BatFirstWin%=0.00	FieldFirst=2	FieldFirstWins=2	FieldFirstWin%=100.00	OverallConfidence=VERY_STRONG	RecommendationSource=VENUE	Recommendation=BALANCED_VENUE	TossRecommendation=TOSS_IMPACT_BALANCED	StrategyRecommendation=BAT_FIELD_DATA_INSUFFICIENT	VenueConfidence=MODERATE	PerformanceScore=52.90	StrategyBonus=0.00	TossBonus=0.00	FinalScore=52.90	FinalDecision=BALANCED	DecisionConfidence=MODERATE	StrategySignal=NONE	TossSignal=LOW	VenueConfidence=MODERATE
Sawai Mansingh Stadium	Deccan Chargers	Rajasthan Royals	VenueWin%=0.00	OverallWin%=22.22	VenueMatches=2	OverallMatches=9	Matches=2	Wins=0	Losses=2	Win%=0.00	TossWins=1	TossLosses=1	TossWinMatchWins=0	TossWinMatchLosses=1	TossConversion%=0.00	BatFirst=1	BatFirstWins=0	BatFirstWin%=0.00	FieldFirst=0	FieldFirstWins=0	FieldFirstWin%=0.00	OverallConfidence=MODERATE	RecommendationSource=OVERALL_MATCHUP	Recommendation=OVERALL_MATCHUP_DISADVANTAGE	TossRecommendation=TOSS_DATA_INSUFFICIENT	StrategyRecommendation=BAT_FIELD_DATA_INSUFFICIENT	VenueConfidence=VERY_LOW	PerformanceScore=16.00	StrategyBonus=0.00	TossBonus=0.00	FinalScore=16.00	FinalDecision=STRONG_NEGATIVE	DecisionConfidence=VERY_LOW	StrategySignal=NONE	TossSignal=NONE	VenueConfidence=VERY_LOW
Sawai Mansingh Stadium	Delhi Capitals	Rajasthan Royals	VenueWin%=33.33	OverallWin%=48.28	VenueMatches=6	OverallMatches=29	Matches=6	Wins=2	Losses=4	Win%=33.33	TossWins=4	TossLosses=2	TossWinMatchWins=1	TossWinMatchLosses=3	TossConversion%=25.00	BatFirst=2	BatFirstWins=0	BatFirstWin%=0.00	FieldFirst=2	FieldFirstWins=1	FieldFirstWin%=50.00	OverallConfidence=VERY_STRONG	RecommendationSource=VENUE	Recommendation=VENUE_DISADVANTAGE	TossRecommendation=TOSS_WIN_HAS_LOW_VALUE	StrategyRecommendation=BAT_FIELD_DATA_INSUFFICIENT	VenueConfidence=MODERATE	PerformanceScore=41.70	StrategyBonus=0.00	TossBonus=0.00	FinalScore=41.70	FinalDecision=NEGATIVE	DecisionConfidence=MODERATE	StrategySignal=NONE	TossSignal=LOW	VenueConfidence=MODERATE
Sawai Mansingh Stadium	Kochi Tuskers Kerala	Rajasthan Royals	VenueWin%=0.00	OverallWin%=50.00	VenueMatches=1	OverallMatches=2	Matches=1	Wins=0	Losses=1	Win%=0.00	TossWins=0	TossLosses=1	TossWinMatchWins=0	TossWinMatchLosses=0	TossConversion%=0.00	BatFirst=0	BatFirstWins=0	BatFirstWin%=0.00	FieldFirst=0	FieldFirstWins=0	FieldFirstWin%=0.00	OverallConfidence=VERY_LOW	RecommendationSource=INSUFFICIENT	Recommendation=INSUFFICIENT_DATA	TossRecommendation=TOSS_DATA_INSUFFICIENT	StrategyRecommendation=BAT_FIELD_DATA_INSUFFICIENT	VenueConfidence=VERY_LOW	PerformanceScore=38.00	StrategyBonus=0.00	TossBonus=0.00	FinalScore=38.00	FinalDecision=NEGATIVE	DecisionConfidence=VERY_LOW	StrategySignal=NONE	TossSignal=NONE	VenueConfidence=VERY_LOW
Sawai Mansingh Stadium	Kolkata Knight Riders	Rajasthan Royals	VenueWin%=50.00	OverallWin%=50.00	VenueMatches=6	OverallMatches=28	Matches=6	Wins=3	Losses=3	Win%=50.00	TossWins=5	TossLosses=1	TossWinMatchWins=3	TossWinMatchLosses=2	TossConversion%=60.00	BatFirst=0	BatFirstWins=0	BatFirstWin%=0.00	FieldFirst=5	FieldFirstWins=3	FieldFirstWin%=60.00	OverallConfidence=VERY_STRONG	RecommendationSource=VENUE	Recommendation=BALANCED_VENUE	TossRecommendation=TOSS_WIN_HAS_MODERATE_VALUE	StrategyRecommendation=FIELD_FIRST_DATA_STRONGER	VenueConfidence=MODERATE	PerformanceScore=50.00	StrategyBonus=0.00	TossBonus=1.00	FinalScore=51.00	FinalDecision=BALANCED	DecisionConfidence=MODERATE	StrategySignal=NONE	TossSignal=MODERATE	VenueConfidence=MODERATE
Sawai Mansingh Stadium	Mumbai Indians	Rajasthan Royals	VenueWin%=28.57	OverallWin%=51.72	VenueMatches=7	OverallMatches=29	Matches=7	Wins=2	Losses=5	Win%=28.57	TossWins=1	TossLosses=6	TossWinMatchWins=0	TossWinMatchLosses=1	TossConversion%=0.00	BatFirst=1	BatFirstWins=0	BatFirstWin%=0.00	FieldFirst=0	FieldFirstWins=0	FieldFirstWin%=0.00	OverallConfidence=VERY_STRONG	RecommendationSource=VENUE	Recommendation=VENUE_DISADVANTAGE	TossRecommendation=TOSS_WIN_HAS_LOW_VALUE	StrategyRecommendation=BAT_FIELD_DATA_INSUFFICIENT	VenueConfidence=MODERATE	PerformanceScore=40.61	StrategyBonus=0.00	TossBonus=0.00	FinalScore=40.61	FinalDecision=NEGATIVE	DecisionConfidence=MODERATE	StrategySignal=NONE	TossSignal=LOW	VenueConfidence=MODERATE
Sawai Mansingh Stadium	Pune Warriors	Rajasthan Royals	VenueWin%=0.00	OverallWin%=20.00	VenueMatches=3	OverallMatches=5	Matches=3	Wins=0	Losses=3	Win%=0.00	TossWins=1	TossLosses=2	TossWinMatchWins=0	TossWinMatchLosses=1	TossConversion%=0.00	BatFirst=1	BatFirstWins=0	BatFirstWin%=0.00	FieldFirst=0	FieldFirstWins=0	FieldFirstWin%=0.00	OverallConfidence=MODERATE	RecommendationSource=VENUE	Recommendation=VENUE_DISADVANTAGE	TossRecommendation=TOSS_WIN_HAS_LOW_VALUE	StrategyRecommendation=BAT_FIELD_DATA_INSUFFICIENT	VenueConfidence=LOW	PerformanceScore=13.60	StrategyBonus=0.00	TossBonus=0.00	FinalScore=13.60	FinalDecision=STRONG_NEGATIVE	DecisionConfidence=LOW	StrategySignal=NONE	TossSignal=NONE	VenueConfidence=LOW
Sawai Mansingh Stadium	Punjab Kings	Rajasthan Royals	VenueWin%=16.67	OverallWin%=42.86	VenueMatches=6	OverallMatches=28	Matches=6	Wins=1	Losses=5	Win%=16.67	TossWins=3	TossLosses=3	TossWinMatchWins=0	TossWinMatchLosses=3	TossConversion%=0.00	BatFirst=2	BatFirstWins=0	BatFirstWin%=0.00	FieldFirst=1	FieldFirstWins=0	FieldFirstWin%=0.00	OverallConfidence=VERY_STRONG	RecommendationSource=VENUE	Recommendation=VENUE_DISADVANTAGE	TossRecommendation=TOSS_WIN_HAS_LOW_VALUE	StrategyRecommendation=BAT_FIELD_DATA_INSUFFICIENT	VenueConfidence=MODERATE	PerformanceScore=31.34	StrategyBonus=0.00	TossBonus=0.00	FinalScore=31.34	FinalDecision=NEGATIVE	DecisionConfidence=MODERATE	StrategySignal=NONE	TossSignal=LOW	VenueConfidence=MODERATE
Sawai Mansingh Stadium	Rajasthan Royals	Chennai Super Kings	VenueWin%=50.00	OverallWin%=44.83	VenueMatches=6	OverallMatches=29	Matches=6	Wins=3	Losses=3	Win%=50.00	TossWins=2	TossLosses=4	TossWinMatchWins=1	TossWinMatchLosses=1	TossConversion%=50.00	BatFirst=0	BatFirstWins=0	BatFirstWin%=0.00	FieldFirst=2	FieldFirstWins=1	FieldFirstWin%=50.00	OverallConfidence=VERY_STRONG	RecommendationSource=VENUE	Recommendation=BALANCED_VENUE	TossRecommendation=TOSS_IMPACT_BALANCED	StrategyRecommendation=BAT_FIELD_DATA_INSUFFICIENT	VenueConfidence=MODERATE	PerformanceScore=47.10	StrategyBonus=0.00	TossBonus=0.00	FinalScore=47.10	FinalDecision=BALANCED	DecisionConfidence=MODERATE	StrategySignal=NONE	TossSignal=LOW	VenueConfidence=MODERATE
Sawai Mansingh Stadium	Rajasthan Royals	Deccan Chargers	VenueWin%=100.00	OverallWin%=77.78	VenueMatches=2	OverallMatches=9	Matches=2	Wins=2	Losses=0	Win%=100.00	TossWins=1	TossLosses=1	TossWinMatchWins=1	TossWinMatchLosses=0	TossConversion%=100.00	BatFirst=0	BatFirstWins=0	BatFirstWin%=0.00	FieldFirst=1	FieldFirstWins=1	FieldFirstWin%=100.00	OverallConfidence=MODERATE	RecommendationSource=OVERALL_MATCHUP	Recommendation=OVERALL_MATCHUP_STRONG_ADVANTAGE	TossRecommendation=TOSS_DATA_INSUFFICIENT	StrategyRecommendation=BAT_FIELD_DATA_INSUFFICIENT	VenueConfidence=VERY_LOW	PerformanceScore=84.00	StrategyBonus=0.00	TossBonus=0.00	FinalScore=84.00	FinalDecision=STRONG_POSITIVE	DecisionConfidence=VERY_LOW	StrategySignal=NONE	TossSignal=NONE	VenueConfidence=VERY_LOW
Sawai Mansingh Stadium	Rajasthan Royals	Delhi Capitals	VenueWin%=66.67	OverallWin%=51.72	VenueMatches=6	OverallMatches=29	Matches=6	Wins=4	Losses=2	Win%=66.67	TossWins=2	TossLosses=4	TossWinMatchWins=1	TossWinMatchLosses=1	TossConversion%=50.00	BatFirst=1	BatFirstWins=0	BatFirstWin%=0.00	FieldFirst=1	FieldFirstWins=1	FieldFirstWin%=100.00	OverallConfidence=VERY_STRONG	RecommendationSource=VENUE	Recommendation=VENUE_ADVANTAGE	TossRecommendation=TOSS_IMPACT_BALANCED	StrategyRecommendation=BAT_FIELD_DATA_INSUFFICIENT	VenueConfidence=MODERATE	PerformanceScore=58.30	StrategyBonus=0.00	TossBonus=0.00	FinalScore=58.30	FinalDecision=BALANCED	DecisionConfidence=MODERATE	StrategySignal=NONE	TossSignal=LOW	VenueConfidence=MODERATE
Sawai Mansingh Stadium	Rajasthan Royals	Kochi Tuskers Kerala	VenueWin%=100.00	OverallWin%=50.00	VenueMatches=1	OverallMatches=2	Matches=1	Wins=1	Losses=0	Win%=100.00	TossWins=1	TossLosses=0	TossWinMatchWins=1	TossWinMatchLosses=0	TossConversion%=100.00	BatFirst=0	BatFirstWins=0	BatFirstWin%=0.00	FieldFirst=1	FieldFirstWins=1	FieldFirstWin%=100.00	OverallConfidence=VERY_LOW	RecommendationSource=INSUFFICIENT	Recommendation=INSUFFICIENT_DATA	TossRecommendation=TOSS_DATA_INSUFFICIENT	StrategyRecommendation=BAT_FIELD_DATA_INSUFFICIENT	VenueConfidence=VERY_LOW	PerformanceScore=62.00	StrategyBonus=0.00	TossBonus=0.00	FinalScore=62.00	FinalDecision=POSITIVE	DecisionConfidence=VERY_LOW	StrategySignal=NONE	TossSignal=NONE	VenueConfidence=VERY_LOW
Sawai Mansingh Stadium	Rajasthan Royals	Kolkata Knight Riders	VenueWin%=50.00	OverallWin%=50.00	VenueMatches=6	OverallMatches=28	Matches=6	Wins=3	Losses=3	Win%=50.00	TossWins=1	TossLosses=5	TossWinMatchWins=1	TossWinMatchLosses=0	TossConversion%=100.00	BatFirst=1	BatFirstWins=1	BatFirstWin%=100.00	FieldFirst=0	FieldFirstWins=0	FieldFirstWin%=0.00	OverallConfidence=VERY_STRONG	RecommendationSource=VENUE	Recommendation=BALANCED_VENUE	TossRecommendation=TOSS_WIN_HAS_STRONG_VALUE	StrategyRecommendation=BAT_FIELD_DATA_INSUFFICIENT	VenueConfidence=MODERATE	PerformanceScore=50.00	StrategyBonus=0.00	TossBonus=2.00	FinalScore=52.00	FinalDecision=BALANCED	DecisionConfidence=MODERATE	StrategySignal=NONE	TossSignal=STRONG	VenueConfidence=MODERATE
Sawai Mansingh Stadium	Rajasthan Royals	Mumbai Indians	VenueWin%=71.43	OverallWin%=48.28	VenueMatches=7	OverallMatches=29	Matches=7	Wins=5	Losses=2	Win%=71.43	TossWins=6	TossLosses=1	TossWinMatchWins=4	TossWinMatchLosses=2	TossConversion%=66.67	BatFirst=2	BatFirstWins=1	BatFirstWin%=50.00	FieldFirst=4	FieldFirstWins=3	FieldFirstWin%=75.00	OverallConfidence=VERY_STRONG	RecommendationSource=VENUE	Recommendation=STRONG_VENUE_ADVANTAGE	TossRecommendation=TOSS_WIN_HAS_MODERATE_VALUE	StrategyRecommendation=FIELD_FIRST_DATA_STRONGER	VenueConfidence=MODERATE	PerformanceScore=59.39	StrategyBonus=0.00	TossBonus=1.00	FinalScore=60.39	FinalDecision=POSITIVE	DecisionConfidence=MODERATE	StrategySignal=NONE	TossSignal=MODERATE	VenueConfidence=MODERATE
Sawai Mansingh Stadium	Rajasthan Royals	Pune Warriors	VenueWin%=100.00	OverallWin%=80.00	VenueMatches=3	OverallMatches=5	Matches=3	Wins=3	Losses=0	Win%=100.00	TossWins=2	TossLosses=1	TossWinMatchWins=2	TossWinMatchLosses=0	TossConversion%=100.00	BatFirst=1	BatFirstWins=1	BatFirstWin%=100.00	FieldFirst=1	FieldFirstWins=1	FieldFirstWin%=100.00	OverallConfidence=MODERATE	RecommendationSource=VENUE	Recommendation=STRONG_VENUE_ADVANTAGE	TossRecommendation=TOSS_WIN_HAS_STRONG_VALUE	StrategyRecommendation=BAT_FIELD_DATA_INSUFFICIENT	VenueConfidence=LOW	PerformanceScore=86.40	StrategyBonus=0.00	TossBonus=0.00	FinalScore=86.40	FinalDecision=STRONG_POSITIVE	DecisionConfidence=LOW	StrategySignal=NONE	TossSignal=NONE	VenueConfidence=LOW
Sawai Mansingh Stadium	Rajasthan Royals	Punjab Kings	VenueWin%=83.33	OverallWin%=57.14	VenueMatches=6	OverallMatches=28	Matches=6	Wins=5	Losses=1	Win%=83.33	TossWins=3	TossLosses=3	TossWinMatchWins=2	TossWinMatchLosses=1	TossConversion%=66.67	BatFirst=1	BatFirstWins=1	BatFirstWin%=100.00	FieldFirst=2	FieldFirstWins=1	FieldFirstWin%=50.00	OverallConfidence=VERY_STRONG	RecommendationSource=VENUE	Recommendation=STRONG_VENUE_ADVANTAGE	TossRecommendation=TOSS_WIN_HAS_MODERATE_VALUE	StrategyRecommendation=BAT_FIELD_DATA_INSUFFICIENT	VenueConfidence=MODERATE	PerformanceScore=68.66	StrategyBonus=0.00	TossBonus=1.00	FinalScore=69.66	FinalDecision=POSITIVE	DecisionConfidence=MODERATE	StrategySignal=NONE	TossSignal=MODERATE	VenueConfidence=MODERATE
Sawai Mansingh Stadium	Rajasthan Royals	Royal Challengers Bengaluru	VenueWin%=57.14	OverallWin%=45.16	VenueMatches=7	OverallMatches=31	Matches=7	Wins=4	Losses=3	Win%=57.14	TossWins=5	TossLosses=2	TossWinMatchWins=3	TossWinMatchLosses=2	TossConversion%=60.00	BatFirst=2	BatFirstWins=1	BatFirstWin%=50.00	FieldFirst=3	FieldFirstWins=2	FieldFirstWin%=66.67	OverallConfidence=VERY_STRONG	RecommendationSource=VENUE	Recommendation=VENUE_ADVANTAGE	TossRecommendation=TOSS_WIN_HAS_MODERATE_VALUE	StrategyRecommendation=FIELD_FIRST_DATA_STRONGER	VenueConfidence=MODERATE	PerformanceScore=50.91	StrategyBonus=0.00	TossBonus=1.00	FinalScore=51.91	FinalDecision=BALANCED	DecisionConfidence=MODERATE	StrategySignal=NONE	TossSignal=MODERATE	VenueConfidence=MODERATE
Sawai Mansingh Stadium	Rajasthan Royals	Sunrisers Hyderabad	VenueWin%=66.67	OverallWin%=45.00	VenueMatches=3	OverallMatches=20	Matches=3	Wins=2	Losses=1	Win%=66.67	TossWins=1	TossLosses=2	TossWinMatchWins=1	TossWinMatchLosses=0	TossConversion%=100.00	BatFirst=0	BatFirstWins=0	BatFirstWin%=0.00	FieldFirst=1	FieldFirstWins=1	FieldFirstWin%=100.00	OverallConfidence=VERY_STRONG	RecommendationSource=VENUE	Recommendation=VENUE_ADVANTAGE	TossRecommendation=TOSS_WIN_HAS_STRONG_VALUE	StrategyRecommendation=BAT_FIELD_DATA_INSUFFICIENT	VenueConfidence=LOW	PerformanceScore=51.93	StrategyBonus=0.00	TossBonus=0.00	FinalScore=51.93	FinalDecision=BALANCED	DecisionConfidence=LOW	StrategySignal=NONE	TossSignal=NONE	VenueConfidence=LOW
Sawai Mansingh Stadium	Royal Challengers Bengaluru	Rajasthan Royals	VenueWin%=42.86	OverallWin%=48.39	VenueMatches=7	OverallMatches=31	Matches=7	Wins=3	Losses=4	Win%=42.86	TossWins=2	TossLosses=5	TossWinMatchWins=1	TossWinMatchLosses=1	TossConversion%=50.00	BatFirst=0	BatFirstWins=0	BatFirstWin%=0.00	FieldFirst=2	FieldFirstWins=1	FieldFirstWin%=50.00	OverallConfidence=VERY_STRONG	RecommendationSource=VENUE	Recommendation=BALANCED_VENUE	TossRecommendation=TOSS_IMPACT_BALANCED	StrategyRecommendation=BAT_FIELD_DATA_INSUFFICIENT	VenueConfidence=MODERATE	PerformanceScore=45.74	StrategyBonus=0.00	TossBonus=0.00	FinalScore=45.74	FinalDecision=BALANCED	DecisionConfidence=MODERATE	StrategySignal=NONE	TossSignal=LOW	VenueConfidence=MODERATE
Sawai Mansingh Stadium	Sunrisers Hyderabad	Rajasthan Royals	VenueWin%=33.33	OverallWin%=55.00	VenueMatches=3	OverallMatches=20	Matches=3	Wins=1	Losses=2	Win%=33.33	TossWins=2	TossLosses=1	TossWinMatchWins=1	TossWinMatchLosses=1	TossConversion%=50.00	BatFirst=2	BatFirstWins=1	BatFirstWin%=50.00	FieldFirst=0	FieldFirstWins=0	FieldFirstWin%=0.00	OverallConfidence=VERY_STRONG	RecommendationSource=VENUE	Recommendation=VENUE_DISADVANTAGE	TossRecommendation=TOSS_IMPACT_BALANCED	StrategyRecommendation=BAT_FIELD_DATA_INSUFFICIENT	VenueConfidence=LOW	PerformanceScore=48.07	StrategyBonus=0.00	TossBonus=0.00	FinalScore=48.07	FinalDecision=BALANCED	DecisionConfidence=LOW	StrategySignal=NONE	TossSignal=NONE	VenueConfidence=LOW
Sawai Mansingh Stadium, Jaipur	Chennai Super Kings	Rajasthan Royals	VenueWin%=0.00	OverallWin%=55.17	VenueMatches=1	OverallMatches=29	Matches=1	Wins=0	Losses=1	Win%=0.00	TossWins=0	TossLosses=1	TossWinMatchWins=0	TossWinMatchLosses=0	TossConversion%=0.00	BatFirst=0	BatFirstWins=0	BatFirstWin%=0.00	FieldFirst=0	FieldFirstWins=0	FieldFirstWin%=0.00	OverallConfidence=VERY_STRONG	RecommendationSource=OVERALL_MATCHUP	Recommendation=OVERALL_MATCHUP_ADVANTAGE	TossRecommendation=TOSS_DATA_INSUFFICIENT	StrategyRecommendation=BAT_FIELD_DATA_INSUFFICIENT	VenueConfidence=VERY_LOW	PerformanceScore=41.93	StrategyBonus=0.00	TossBonus=0.00	FinalScore=41.93	FinalDecision=NEGATIVE	DecisionConfidence=VERY_LOW	StrategySignal=NONE	TossSignal=NONE	VenueConfidence=VERY_LOW
Sawai Mansingh Stadium, Jaipur	Delhi Capitals	Rajasthan Royals	VenueWin%=0.00	OverallWin%=48.28	VenueMatches=1	OverallMatches=29	Matches=1	Wins=0	Losses=1	Win%=0.00	TossWins=1	TossLosses=0	TossWinMatchWins=0	TossWinMatchLosses=1	TossConversion%=0.00	BatFirst=0	BatFirstWins=0	BatFirstWin%=0.00	FieldFirst=1	FieldFirstWins=0	FieldFirstWin%=0.00	OverallConfidence=VERY_STRONG	RecommendationSource=OVERALL_MATCHUP	Recommendation=OVERALL_MATCHUP_BALANCED	TossRecommendation=TOSS_DATA_INSUFFICIENT	StrategyRecommendation=BAT_FIELD_DATA_INSUFFICIENT	VenueConfidence=VERY_LOW	PerformanceScore=36.69	StrategyBonus=0.00	TossBonus=0.00	FinalScore=36.69	FinalDecision=NEGATIVE	DecisionConfidence=VERY_LOW	StrategySignal=NONE	TossSignal=NONE	VenueConfidence=VERY_LOW
Sawai Mansingh Stadium, Jaipur	Gujarat Titans	Rajasthan Royals	VenueWin%=100.00	OverallWin%=83.33	VenueMatches=2	OverallMatches=6	Matches=2	Wins=2	Losses=0	Win%=100.00	TossWins=1	TossLosses=1	TossWinMatchWins=1	TossWinMatchLosses=0	TossConversion%=100.00	BatFirst=0	BatFirstWins=0	BatFirstWin%=0.00	FieldFirst=1	FieldFirstWins=1	FieldFirstWin%=100.00	OverallConfidence=MODERATE	RecommendationSource=OVERALL_MATCHUP	Recommendation=OVERALL_MATCHUP_STRONG_ADVANTAGE	TossRecommendation=TOSS_DATA_INSUFFICIENT	StrategyRecommendation=BAT_FIELD_DATA_INSUFFICIENT	VenueConfidence=VERY_LOW	PerformanceScore=88.00	StrategyBonus=0.00	TossBonus=0.00	FinalScore=88.00	FinalDecision=STRONG_POSITIVE	DecisionConfidence=VERY_LOW	StrategySignal=NONE	TossSignal=NONE	VenueConfidence=VERY_LOW
Sawai Mansingh Stadium, Jaipur	Lucknow Super Giants	Rajasthan Royals	VenueWin%=50.00	OverallWin%=20.00	VenueMatches=2	OverallMatches=5	Matches=2	Wins=1	Losses=1	Win%=50.00	TossWins=0	TossLosses=2	TossWinMatchWins=0	TossWinMatchLosses=0	TossConversion%=0.00	BatFirst=0	BatFirstWins=0	BatFirstWin%=0.00	FieldFirst=0	FieldFirstWins=0	FieldFirstWin%=0.00	OverallConfidence=MODERATE	RecommendationSource=OVERALL_MATCHUP	Recommendation=OVERALL_MATCHUP_DISADVANTAGE	TossRecommendation=TOSS_DATA_INSUFFICIENT	StrategyRecommendation=BAT_FIELD_DATA_INSUFFICIENT	VenueConfidence=VERY_LOW	PerformanceScore=28.40	StrategyBonus=0.00	TossBonus=0.00	FinalScore=28.40	FinalDecision=STRONG_NEGATIVE	DecisionConfidence=VERY_LOW	StrategySignal=NONE	TossSignal=NONE	VenueConfidence=VERY_LOW
Sawai Mansingh Stadium, Jaipur	Mumbai Indians	Rajasthan Royals	VenueWin%=0.00	OverallWin%=51.72	VenueMatches=1	OverallMatches=29	Matches=1	Wins=0	Losses=1	Win%=0.00	TossWins=1	TossLosses=0	TossWinMatchWins=0	TossWinMatchLosses=1	TossConversion%=0.00	BatFirst=1	BatFirstWins=0	BatFirstWin%=0.00	FieldFirst=0	FieldFirstWins=0	FieldFirstWin%=0.00	OverallConfidence=VERY_STRONG	RecommendationSource=OVERALL_MATCHUP	Recommendation=OVERALL_MATCHUP_BALANCED	TossRecommendation=TOSS_DATA_INSUFFICIENT	StrategyRecommendation=BAT_FIELD_DATA_INSUFFICIENT	VenueConfidence=VERY_LOW	PerformanceScore=39.31	StrategyBonus=0.00	TossBonus=0.00	FinalScore=39.31	FinalDecision=NEGATIVE	DecisionConfidence=VERY_LOW	StrategySignal=NONE	TossSignal=NONE	VenueConfidence=VERY_LOW
Sawai Mansingh Stadium, Jaipur	Rajasthan Royals	Chennai Super Kings	VenueWin%=100.00	OverallWin%=44.83	VenueMatches=1	OverallMatches=29	Matches=1	Wins=1	Losses=0	Win%=100.00	TossWins=1	TossLosses=0	TossWinMatchWins=1	TossWinMatchLosses=0	TossConversion%=100.00	BatFirst=1	BatFirstWins=1	BatFirstWin%=100.00	FieldFirst=0	FieldFirstWins=0	FieldFirstWin%=0.00	OverallConfidence=VERY_STRONG	RecommendationSource=OVERALL_MATCHUP	Recommendation=OVERALL_MATCHUP_BALANCED	TossRecommendation=TOSS_DATA_INSUFFICIENT	StrategyRecommendation=BAT_FIELD_DATA_INSUFFICIENT	VenueConfidence=VERY_LOW	PerformanceScore=58.07	StrategyBonus=0.00	TossBonus=0.00	FinalScore=58.07	FinalDecision=BALANCED	DecisionConfidence=VERY_LOW	StrategySignal=NONE	TossSignal=NONE	VenueConfidence=VERY_LOW
Sawai Mansingh Stadium, Jaipur	Rajasthan Royals	Delhi Capitals	VenueWin%=100.00	OverallWin%=51.72	VenueMatches=1	OverallMatches=29	Matches=1	Wins=1	Losses=0	Win%=100.00	TossWins=0	TossLosses=1	TossWinMatchWins=0	TossWinMatchLosses=0	TossConversion%=0.00	BatFirst=0	BatFirstWins=0	BatFirstWin%=0.00	FieldFirst=0	FieldFirstWins=0	FieldFirstWin%=0.00	OverallConfidence=VERY_STRONG	RecommendationSource=OVERALL_MATCHUP	Recommendation=OVERALL_MATCHUP_BALANCED	TossRecommendation=TOSS_DATA_INSUFFICIENT	StrategyRecommendation=BAT_FIELD_DATA_INSUFFICIENT	VenueConfidence=VERY_LOW	PerformanceScore=63.31	StrategyBonus=0.00	TossBonus=0.00	FinalScore=63.31	FinalDecision=POSITIVE	DecisionConfidence=VERY_LOW	StrategySignal=NONE	TossSignal=NONE	VenueConfidence=VERY_LOW
Sawai Mansingh Stadium, Jaipur	Rajasthan Royals	Gujarat Titans	VenueWin%=0.00	OverallWin%=16.67	VenueMatches=2	OverallMatches=6	Matches=2	Wins=0	Losses=2	Win%=0.00	TossWins=1	TossLosses=1	TossWinMatchWins=0	TossWinMatchLosses=1	TossConversion%=0.00	BatFirst=1	BatFirstWins=0	BatFirstWin%=0.00	FieldFirst=0	FieldFirstWins=0	FieldFirstWin%=0.00	OverallConfidence=MODERATE	RecommendationSource=OVERALL_MATCHUP	Recommendation=OVERALL_MATCHUP_DISADVANTAGE	TossRecommendation=TOSS_DATA_INSUFFICIENT	StrategyRecommendation=BAT_FIELD_DATA_INSUFFICIENT	VenueConfidence=VERY_LOW	PerformanceScore=12.00	StrategyBonus=0.00	TossBonus=0.00	FinalScore=12.00	FinalDecision=STRONG_NEGATIVE	DecisionConfidence=VERY_LOW	StrategySignal=NONE	TossSignal=NONE	VenueConfidence=VERY_LOW
Sawai Mansingh Stadium, Jaipur	Rajasthan Royals	Lucknow Super Giants	VenueWin%=50.00	OverallWin%=80.00	VenueMatches=2	OverallMatches=5	Matches=2	Wins=1	Losses=1	Win%=50.00	TossWins=2	TossLosses=0	TossWinMatchWins=1	TossWinMatchLosses=1	TossConversion%=50.00	BatFirst=1	BatFirstWins=1	BatFirstWin%=100.00	FieldFirst=1	FieldFirstWins=0	FieldFirstWin%=0.00	OverallConfidence=MODERATE	RecommendationSource=OVERALL_MATCHUP	Recommendation=OVERALL_MATCHUP_STRONG_ADVANTAGE	TossRecommendation=TOSS_DATA_INSUFFICIENT	StrategyRecommendation=BAT_FIELD_DATA_INSUFFICIENT	VenueConfidence=VERY_LOW	PerformanceScore=71.60	StrategyBonus=0.00	TossBonus=0.00	FinalScore=71.60	FinalDecision=POSITIVE	DecisionConfidence=VERY_LOW	StrategySignal=NONE	TossSignal=NONE	VenueConfidence=VERY_LOW
Sawai Mansingh Stadium, Jaipur	Rajasthan Royals	Mumbai Indians	VenueWin%=100.00	OverallWin%=48.28	VenueMatches=1	OverallMatches=29	Matches=1	Wins=1	Losses=0	Win%=100.00	TossWins=0	TossLosses=1	TossWinMatchWins=0	TossWinMatchLosses=0	TossConversion%=0.00	BatFirst=0	BatFirstWins=0	BatFirstWin%=0.00	FieldFirst=0	FieldFirstWins=0	FieldFirstWin%=0.00	OverallConfidence=VERY_STRONG	RecommendationSource=OVERALL_MATCHUP	Recommendation=OVERALL_MATCHUP_BALANCED	TossRecommendation=TOSS_DATA_INSUFFICIENT	StrategyRecommendation=BAT_FIELD_DATA_INSUFFICIENT	VenueConfidence=VERY_LOW	PerformanceScore=60.69	StrategyBonus=0.00	TossBonus=0.00	FinalScore=60.69	FinalDecision=POSITIVE	DecisionConfidence=VERY_LOW	StrategySignal=NONE	TossSignal=NONE	VenueConfidence=VERY_LOW
Sawai Mansingh Stadium, Jaipur	Rajasthan Royals	Royal Challengers Bengaluru	VenueWin%=50.00	OverallWin%=45.16	VenueMatches=2	OverallMatches=31	Matches=2	Wins=1	Losses=1	Win%=50.00	TossWins=1	TossLosses=1	TossWinMatchWins=1	TossWinMatchLosses=0	TossConversion%=100.00	BatFirst=0	BatFirstWins=0	BatFirstWin%=0.00	FieldFirst=1	FieldFirstWins=1	FieldFirstWin%=100.00	OverallConfidence=VERY_STRONG	RecommendationSource=OVERALL_MATCHUP	Recommendation=OVERALL_MATCHUP_BALANCED	TossRecommendation=TOSS_DATA_INSUFFICIENT	StrategyRecommendation=BAT_FIELD_DATA_INSUFFICIENT	VenueConfidence=VERY_LOW	PerformanceScore=46.52	StrategyBonus=0.00	TossBonus=0.00	FinalScore=46.52	FinalDecision=BALANCED	DecisionConfidence=VERY_LOW	StrategySignal=NONE	TossSignal=NONE	VenueConfidence=VERY_LOW
Sawai Mansingh Stadium, Jaipur	Rajasthan Royals	Sunrisers Hyderabad	VenueWin%=0.00	OverallWin%=45.00	VenueMatches=1	OverallMatches=20	Matches=1	Wins=0	Losses=1	Win%=0.00	TossWins=1	TossLosses=0	TossWinMatchWins=0	TossWinMatchLosses=1	TossConversion%=0.00	BatFirst=1	BatFirstWins=0	BatFirstWin%=0.00	FieldFirst=0	FieldFirstWins=0	FieldFirstWin%=0.00	OverallConfidence=VERY_STRONG	RecommendationSource=OVERALL_MATCHUP	Recommendation=OVERALL_MATCHUP_BALANCED	TossRecommendation=TOSS_DATA_INSUFFICIENT	StrategyRecommendation=BAT_FIELD_DATA_INSUFFICIENT	VenueConfidence=VERY_LOW	PerformanceScore=34.20	StrategyBonus=0.00	TossBonus=0.00	FinalScore=34.20	FinalDecision=NEGATIVE	DecisionConfidence=VERY_LOW	StrategySignal=NONE	TossSignal=NONE	VenueConfidence=VERY_LOW
Sawai Mansingh Stadium, Jaipur	Royal Challengers Bengaluru	Rajasthan Royals	VenueWin%=50.00	OverallWin%=48.39	VenueMatches=2	OverallMatches=31	Matches=2	Wins=1	Losses=1	Win%=50.00	TossWins=1	TossLosses=1	TossWinMatchWins=1	TossWinMatchLosses=0	TossConversion%=100.00	BatFirst=1	BatFirstWins=1	BatFirstWin%=100.00	FieldFirst=0	FieldFirstWins=0	FieldFirstWin%=0.00	OverallConfidence=VERY_STRONG	RecommendationSource=OVERALL_MATCHUP	Recommendation=OVERALL_MATCHUP_BALANCED	TossRecommendation=TOSS_DATA_INSUFFICIENT	StrategyRecommendation=BAT_FIELD_DATA_INSUFFICIENT	VenueConfidence=VERY_LOW	PerformanceScore=48.84	StrategyBonus=0.00	TossBonus=0.00	FinalScore=48.84	FinalDecision=BALANCED	DecisionConfidence=VERY_LOW	StrategySignal=NONE	TossSignal=NONE	VenueConfidence=VERY_LOW
Sawai Mansingh Stadium, Jaipur	Sunrisers Hyderabad	Rajasthan Royals	VenueWin%=100.00	OverallWin%=55.00	VenueMatches=1	OverallMatches=20	Matches=1	Wins=1	Losses=0	Win%=100.00	TossWins=0	TossLosses=1	TossWinMatchWins=0	TossWinMatchLosses=0	TossConversion%=0.00	BatFirst=0	BatFirstWins=0	BatFirstWin%=0.00	FieldFirst=0	FieldFirstWins=0	FieldFirstWin%=0.00	OverallConfidence=VERY_STRONG	RecommendationSource=OVERALL_MATCHUP	Recommendation=OVERALL_MATCHUP_ADVANTAGE	TossRecommendation=TOSS_DATA_INSUFFICIENT	StrategyRecommendation=BAT_FIELD_DATA_INSUFFICIENT	VenueConfidence=VERY_LOW	PerformanceScore=65.80	StrategyBonus=0.00	TossBonus=0.00	FinalScore=65.80	FinalDecision=POSITIVE	DecisionConfidence=VERY_LOW	StrategySignal=NONE	TossSignal=NONE	VenueConfidence=VERY_LOW
Shaheed Veer Narayan Singh International Stadium	Chennai Super Kings	Delhi Capitals	VenueWin%=0.00	OverallWin%=63.33	VenueMatches=1	OverallMatches=30	Matches=1	Wins=0	Losses=1	Win%=0.00	TossWins=1	TossLosses=0	TossWinMatchWins=0	TossWinMatchLosses=1	TossConversion%=0.00	BatFirst=1	BatFirstWins=0	BatFirstWin%=0.00	FieldFirst=0	FieldFirstWins=0	FieldFirstWin%=0.00	OverallConfidence=VERY_STRONG	RecommendationSource=OVERALL_MATCHUP	Recommendation=OVERALL_MATCHUP_ADVANTAGE	TossRecommendation=TOSS_DATA_INSUFFICIENT	StrategyRecommendation=BAT_FIELD_DATA_INSUFFICIENT	VenueConfidence=VERY_LOW	PerformanceScore=48.13	StrategyBonus=0.00	TossBonus=0.00	FinalScore=48.13	FinalDecision=BALANCED	DecisionConfidence=VERY_LOW	StrategySignal=NONE	TossSignal=NONE	VenueConfidence=VERY_LOW
Shaheed Veer Narayan Singh International Stadium	Delhi Capitals	Chennai Super Kings	VenueWin%=100.00	OverallWin%=36.67	VenueMatches=1	OverallMatches=30	Matches=1	Wins=1	Losses=0	Win%=100.00	TossWins=0	TossLosses=1	TossWinMatchWins=0	TossWinMatchLosses=0	TossConversion%=0.00	BatFirst=0	BatFirstWins=0	BatFirstWin%=0.00	FieldFirst=0	FieldFirstWins=0	FieldFirstWin%=0.00	OverallConfidence=VERY_STRONG	RecommendationSource=OVERALL_MATCHUP	Recommendation=OVERALL_MATCHUP_DISADVANTAGE	TossRecommendation=TOSS_DATA_INSUFFICIENT	StrategyRecommendation=BAT_FIELD_DATA_INSUFFICIENT	VenueConfidence=VERY_LOW	PerformanceScore=51.87	StrategyBonus=0.00	TossBonus=0.00	FinalScore=51.87	FinalDecision=BALANCED	DecisionConfidence=VERY_LOW	StrategySignal=NONE	TossSignal=NONE	VenueConfidence=VERY_LOW
Shaheed Veer Narayan Singh International Stadium	Delhi Capitals	Kolkata Knight Riders	VenueWin%=100.00	OverallWin%=45.45	VenueMatches=1	OverallMatches=33	Matches=1	Wins=1	Losses=0	Win%=100.00	TossWins=0	TossLosses=1	TossWinMatchWins=0	TossWinMatchLosses=0	TossConversion%=0.00	BatFirst=0	BatFirstWins=0	BatFirstWin%=0.00	FieldFirst=0	FieldFirstWins=0	FieldFirstWin%=0.00	OverallConfidence=VERY_STRONG	RecommendationSource=OVERALL_MATCHUP	Recommendation=OVERALL_MATCHUP_BALANCED	TossRecommendation=TOSS_DATA_INSUFFICIENT	StrategyRecommendation=BAT_FIELD_DATA_INSUFFICIENT	VenueConfidence=VERY_LOW	PerformanceScore=58.54	StrategyBonus=0.00	TossBonus=0.00	FinalScore=58.54	FinalDecision=BALANCED	DecisionConfidence=VERY_LOW	StrategySignal=NONE	TossSignal=NONE	VenueConfidence=VERY_LOW
Shaheed Veer Narayan Singh International Stadium	Delhi Capitals	Pune Warriors	VenueWin%=100.00	OverallWin%=50.00	VenueMatches=1	OverallMatches=6	Matches=1	Wins=1	Losses=0	Win%=100.00	TossWins=0	TossLosses=1	TossWinMatchWins=0	TossWinMatchLosses=0	TossConversion%=0.00	BatFirst=0	BatFirstWins=0	BatFirstWin%=0.00	FieldFirst=0	FieldFirstWins=0	FieldFirstWin%=0.00	OverallConfidence=MODERATE	RecommendationSource=OVERALL_MATCHUP	Recommendation=OVERALL_MATCHUP_BALANCED	TossRecommendation=TOSS_DATA_INSUFFICIENT	StrategyRecommendation=BAT_FIELD_DATA_INSUFFICIENT	VenueConfidence=VERY_LOW	PerformanceScore=62.00	StrategyBonus=0.00	TossBonus=0.00	FinalScore=62.00	FinalDecision=POSITIVE	DecisionConfidence=VERY_LOW	StrategySignal=NONE	TossSignal=NONE	VenueConfidence=VERY_LOW
Shaheed Veer Narayan Singh International Stadium	Delhi Capitals	Royal Challengers Bengaluru	VenueWin%=0.00	OverallWin%=35.48	VenueMatches=1	OverallMatches=31	Matches=1	Wins=0	Losses=1	Win%=0.00	TossWins=0	TossLosses=1	TossWinMatchWins=0	TossWinMatchLosses=0	TossConversion%=0.00	BatFirst=0	BatFirstWins=0	BatFirstWin%=0.00	FieldFirst=0	FieldFirstWins=0	FieldFirstWin%=0.00	OverallConfidence=VERY_STRONG	RecommendationSource=OVERALL_MATCHUP	Recommendation=OVERALL_MATCHUP_DISADVANTAGE	TossRecommendation=TOSS_DATA_INSUFFICIENT	StrategyRecommendation=BAT_FIELD_DATA_INSUFFICIENT	VenueConfidence=VERY_LOW	PerformanceScore=26.96	StrategyBonus=0.00	TossBonus=0.00	FinalScore=26.96	FinalDecision=STRONG_NEGATIVE	DecisionConfidence=VERY_LOW	StrategySignal=NONE	TossSignal=NONE	VenueConfidence=VERY_LOW
Shaheed Veer Narayan Singh International Stadium	Delhi Capitals	Sunrisers Hyderabad	VenueWin%=50.00	OverallWin%=45.83	VenueMatches=2	OverallMatches=24	Matches=2	Wins=1	Losses=1	Win%=50.00	TossWins=1	TossLosses=1	TossWinMatchWins=1	TossWinMatchLosses=0	TossConversion%=100.00	BatFirst=0	BatFirstWins=0	BatFirstWin%=0.00	FieldFirst=1	FieldFirstWins=1	FieldFirstWin%=100.00	OverallConfidence=VERY_STRONG	RecommendationSource=OVERALL_MATCHUP	Recommendation=OVERALL_MATCHUP_BALANCED	TossRecommendation=TOSS_DATA_INSUFFICIENT	StrategyRecommendation=BAT_FIELD_DATA_INSUFFICIENT	VenueConfidence=VERY_LOW	PerformanceScore=47.00	StrategyBonus=0.00	TossBonus=0.00	FinalScore=47.00	FinalDecision=BALANCED	DecisionConfidence=VERY_LOW	StrategySignal=NONE	TossSignal=NONE	VenueConfidence=VERY_LOW
Shaheed Veer Narayan Singh International Stadium	Kolkata Knight Riders	Delhi Capitals	VenueWin%=0.00	OverallWin%=54.55	VenueMatches=1	OverallMatches=33	Matches=1	Wins=0	Losses=1	Win%=0.00	TossWins=1	TossLosses=0	TossWinMatchWins=0	TossWinMatchLosses=1	TossConversion%=0.00	BatFirst=1	BatFirstWins=0	BatFirstWin%=0.00	FieldFirst=0	FieldFirstWins=0	FieldFirstWin%=0.00	OverallConfidence=VERY_STRONG	RecommendationSource=OVERALL_MATCHUP	Recommendation=OVERALL_MATCHUP_BALANCED	TossRecommendation=TOSS_DATA_INSUFFICIENT	StrategyRecommendation=BAT_FIELD_DATA_INSUFFICIENT	VenueConfidence=VERY_LOW	PerformanceScore=41.46	StrategyBonus=0.00	TossBonus=0.00	FinalScore=41.46	FinalDecision=NEGATIVE	DecisionConfidence=VERY_LOW	StrategySignal=NONE	TossSignal=NONE	VenueConfidence=VERY_LOW
Shaheed Veer Narayan Singh International Stadium	Pune Warriors	Delhi Capitals	VenueWin%=0.00	OverallWin%=33.33	VenueMatches=1	OverallMatches=6	Matches=1	Wins=0	Losses=1	Win%=0.00	TossWins=1	TossLosses=0	TossWinMatchWins=0	TossWinMatchLosses=1	TossConversion%=0.00	BatFirst=0	BatFirstWins=0	BatFirstWin%=0.00	FieldFirst=1	FieldFirstWins=0	FieldFirstWin%=0.00	OverallConfidence=MODERATE	RecommendationSource=OVERALL_MATCHUP	Recommendation=OVERALL_MATCHUP_DISADVANTAGE	TossRecommendation=TOSS_DATA_INSUFFICIENT	StrategyRecommendation=BAT_FIELD_DATA_INSUFFICIENT	VenueConfidence=VERY_LOW	PerformanceScore=25.33	StrategyBonus=0.00	TossBonus=0.00	FinalScore=25.33	FinalDecision=STRONG_NEGATIVE	DecisionConfidence=VERY_LOW	StrategySignal=NONE	TossSignal=NONE	VenueConfidence=VERY_LOW
Shaheed Veer Narayan Singh International Stadium	Royal Challengers Bengaluru	Delhi Capitals	VenueWin%=100.00	OverallWin%=61.29	VenueMatches=1	OverallMatches=31	Matches=1	Wins=1	Losses=0	Win%=100.00	TossWins=1	TossLosses=0	TossWinMatchWins=1	TossWinMatchLosses=0	TossConversion%=100.00	BatFirst=0	BatFirstWins=0	BatFirstWin%=0.00	FieldFirst=1	FieldFirstWins=1	FieldFirstWin%=100.00	OverallConfidence=VERY_STRONG	RecommendationSource=OVERALL_MATCHUP	Recommendation=OVERALL_MATCHUP_ADVANTAGE	TossRecommendation=TOSS_DATA_INSUFFICIENT	StrategyRecommendation=BAT_FIELD_DATA_INSUFFICIENT	VenueConfidence=VERY_LOW	PerformanceScore=70.58	StrategyBonus=0.00	TossBonus=0.00	FinalScore=70.58	FinalDecision=POSITIVE	DecisionConfidence=VERY_LOW	StrategySignal=NONE	TossSignal=NONE	VenueConfidence=VERY_LOW
Shaheed Veer Narayan Singh International Stadium	Sunrisers Hyderabad	Delhi Capitals	VenueWin%=50.00	OverallWin%=54.17	VenueMatches=2	OverallMatches=24	Matches=2	Wins=1	Losses=1	Win%=50.00	TossWins=1	TossLosses=1	TossWinMatchWins=1	TossWinMatchLosses=0	TossConversion%=100.00	BatFirst=1	BatFirstWins=1	BatFirstWin%=100.00	FieldFirst=0	FieldFirstWins=0	FieldFirstWin%=0.00	OverallConfidence=VERY_STRONG	RecommendationSource=OVERALL_MATCHUP	Recommendation=OVERALL_MATCHUP_BALANCED	TossRecommendation=TOSS_DATA_INSUFFICIENT	StrategyRecommendation=BAT_FIELD_DATA_INSUFFICIENT	VenueConfidence=VERY_LOW	PerformanceScore=53.00	StrategyBonus=0.00	TossBonus=0.00	FinalScore=53.00	FinalDecision=BALANCED	DecisionConfidence=VERY_LOW	StrategySignal=NONE	TossSignal=NONE	VenueConfidence=VERY_LOW
Sharjah Cricket Stadium	Chennai Super Kings	Delhi Capitals	VenueWin%=0.00	OverallWin%=63.33	VenueMatches=1	OverallMatches=30	Matches=1	Wins=0	Losses=1	Win%=0.00	TossWins=1	TossLosses=0	TossWinMatchWins=0	TossWinMatchLosses=1	TossConversion%=0.00	BatFirst=1	BatFirstWins=0	BatFirstWin%=0.00	FieldFirst=0	FieldFirstWins=0	FieldFirstWin%=0.00	OverallConfidence=VERY_STRONG	RecommendationSource=OVERALL_MATCHUP	Recommendation=OVERALL_MATCHUP_ADVANTAGE	TossRecommendation=TOSS_DATA_INSUFFICIENT	StrategyRecommendation=BAT_FIELD_DATA_INSUFFICIENT	VenueConfidence=VERY_LOW	PerformanceScore=48.13	StrategyBonus=0.00	TossBonus=0.00	FinalScore=48.13	FinalDecision=BALANCED	DecisionConfidence=VERY_LOW	StrategySignal=NONE	TossSignal=NONE	VenueConfidence=VERY_LOW
Sharjah Cricket Stadium	Chennai Super Kings	Mumbai Indians	VenueWin%=0.00	OverallWin%=45.95	VenueMatches=1	OverallMatches=37	Matches=1	Wins=0	Losses=1	Win%=0.00	TossWins=0	TossLosses=1	TossWinMatchWins=0	TossWinMatchLosses=0	TossConversion%=0.00	BatFirst=0	BatFirstWins=0	BatFirstWin%=0.00	FieldFirst=0	FieldFirstWins=0	FieldFirstWin%=0.00	OverallConfidence=VERY_STRONG	RecommendationSource=OVERALL_MATCHUP	Recommendation=OVERALL_MATCHUP_BALANCED	TossRecommendation=TOSS_DATA_INSUFFICIENT	StrategyRecommendation=BAT_FIELD_DATA_INSUFFICIENT	VenueConfidence=VERY_LOW	PerformanceScore=34.92	StrategyBonus=0.00	TossBonus=0.00	FinalScore=34.92	FinalDecision=NEGATIVE	DecisionConfidence=VERY_LOW	StrategySignal=NONE	TossSignal=NONE	VenueConfidence=VERY_LOW
Sharjah Cricket Stadium	Chennai Super Kings	Rajasthan Royals	VenueWin%=0.00	OverallWin%=55.17	VenueMatches=1	OverallMatches=29	Matches=1	Wins=0	Losses=1	Win%=0.00	TossWins=1	TossLosses=0	TossWinMatchWins=0	TossWinMatchLosses=1	TossConversion%=0.00	BatFirst=0	BatFirstWins=0	BatFirstWin%=0.00	FieldFirst=1	FieldFirstWins=0	FieldFirstWin%=0.00	OverallConfidence=VERY_STRONG	RecommendationSource=OVERALL_MATCHUP	Recommendation=OVERALL_MATCHUP_ADVANTAGE	TossRecommendation=TOSS_DATA_INSUFFICIENT	StrategyRecommendation=BAT_FIELD_DATA_INSUFFICIENT	VenueConfidence=VERY_LOW	PerformanceScore=41.93	StrategyBonus=0.00	TossBonus=0.00	FinalScore=41.93	FinalDecision=NEGATIVE	DecisionConfidence=VERY_LOW	StrategySignal=NONE	TossSignal=NONE	VenueConfidence=VERY_LOW
Sharjah Cricket Stadium	Chennai Super Kings	Royal Challengers Bengaluru	VenueWin%=100.00	OverallWin%=65.62	VenueMatches=1	OverallMatches=32	Matches=1	Wins=1	Losses=0	Win%=100.00	TossWins=1	TossLosses=0	TossWinMatchWins=1	TossWinMatchLosses=0	TossConversion%=100.00	BatFirst=0	BatFirstWins=0	BatFirstWin%=0.00	FieldFirst=1	FieldFirstWins=1	FieldFirstWin%=100.00	OverallConfidence=VERY_STRONG	RecommendationSource=OVERALL_MATCHUP	Recommendation=OVERALL_MATCHUP_ADVANTAGE	TossRecommendation=TOSS_DATA_INSUFFICIENT	StrategyRecommendation=BAT_FIELD_DATA_INSUFFICIENT	VenueConfidence=VERY_LOW	PerformanceScore=73.87	StrategyBonus=0.00	TossBonus=0.00	FinalScore=73.87	FinalDecision=POSITIVE	DecisionConfidence=VERY_LOW	StrategySignal=NONE	TossSignal=NONE	VenueConfidence=VERY_LOW
Sharjah Cricket Stadium	Chennai Super Kings	Sunrisers Hyderabad	VenueWin%=100.00	OverallWin%=71.43	VenueMatches=2	OverallMatches=21	Matches=2	Wins=2	Losses=0	Win%=100.00	TossWins=1	TossLosses=1	TossWinMatchWins=1	TossWinMatchLosses=0	TossConversion%=100.00	BatFirst=0	BatFirstWins=0	BatFirstWin%=0.00	FieldFirst=1	FieldFirstWins=1	FieldFirstWin%=100.00	OverallConfidence=VERY_STRONG	RecommendationSource=OVERALL_MATCHUP	Recommendation=OVERALL_MATCHUP_STRONG_ADVANTAGE	TossRecommendation=TOSS_DATA_INSUFFICIENT	StrategyRecommendation=BAT_FIELD_DATA_INSUFFICIENT	VenueConfidence=VERY_LOW	PerformanceScore=79.43	StrategyBonus=0.00	TossBonus=0.00	FinalScore=79.43	FinalDecision=STRONG_POSITIVE	DecisionConfidence=VERY_LOW	StrategySignal=NONE	TossSignal=NONE	VenueConfidence=VERY_LOW
Sharjah Cricket Stadium	Delhi Capitals	Chennai Super Kings	VenueWin%=100.00	OverallWin%=36.67	VenueMatches=1	OverallMatches=30	Matches=1	Wins=1	Losses=0	Win%=100.00	TossWins=0	TossLosses=1	TossWinMatchWins=0	TossWinMatchLosses=0	TossConversion%=0.00	BatFirst=0	BatFirstWins=0	BatFirstWin%=0.00	FieldFirst=0	FieldFirstWins=0	FieldFirstWin%=0.00	OverallConfidence=VERY_STRONG	RecommendationSource=OVERALL_MATCHUP	Recommendation=OVERALL_MATCHUP_DISADVANTAGE	TossRecommendation=TOSS_DATA_INSUFFICIENT	StrategyRecommendation=BAT_FIELD_DATA_INSUFFICIENT	VenueConfidence=VERY_LOW	PerformanceScore=51.87	StrategyBonus=0.00	TossBonus=0.00	FinalScore=51.87	FinalDecision=BALANCED	DecisionConfidence=VERY_LOW	StrategySignal=NONE	TossSignal=NONE	VenueConfidence=VERY_LOW
Sharjah Cricket Stadium	Delhi Capitals	Kolkata Knight Riders	VenueWin%=33.33	OverallWin%=45.45	VenueMatches=3	OverallMatches=33	Matches=3	Wins=1	Losses=2	Win%=33.33	TossWins=0	TossLosses=3	TossWinMatchWins=0	TossWinMatchLosses=0	TossConversion%=0.00	BatFirst=0	BatFirstWins=0	BatFirstWin%=0.00	FieldFirst=0	FieldFirstWins=0	FieldFirstWin%=0.00	OverallConfidence=VERY_STRONG	RecommendationSource=VENUE	Recommendation=VENUE_DISADVANTAGE	TossRecommendation=TOSS_WIN_HAS_LOW_VALUE	StrategyRecommendation=BAT_FIELD_DATA_INSUFFICIENT	VenueConfidence=LOW	PerformanceScore=41.57	StrategyBonus=0.00	TossBonus=0.00	FinalScore=41.57	FinalDecision=NEGATIVE	DecisionConfidence=LOW	StrategySignal=NONE	TossSignal=NONE	VenueConfidence=LOW
Sharjah Cricket Stadium	Delhi Capitals	Mumbai Indians	VenueWin%=100.00	OverallWin%=45.71	VenueMatches=2	OverallMatches=35	Matches=2	Wins=2	Losses=0	Win%=100.00	TossWins=1	TossLosses=1	TossWinMatchWins=1	TossWinMatchLosses=0	TossConversion%=100.00	BatFirst=0	BatFirstWins=0	BatFirstWin%=0.00	FieldFirst=1	FieldFirstWins=1	FieldFirstWin%=100.00	OverallConfidence=VERY_STRONG	RecommendationSource=OVERALL_MATCHUP	Recommendation=OVERALL_MATCHUP_BALANCED	TossRecommendation=TOSS_DATA_INSUFFICIENT	StrategyRecommendation=BAT_FIELD_DATA_INSUFFICIENT	VenueConfidence=VERY_LOW	PerformanceScore=60.91	StrategyBonus=0.00	TossBonus=0.00	FinalScore=60.91	FinalDecision=POSITIVE	DecisionConfidence=VERY_LOW	StrategySignal=NONE	TossSignal=NONE	VenueConfidence=VERY_LOW
Sharjah Cricket Stadium	Delhi Capitals	Rajasthan Royals	VenueWin%=100.00	OverallWin%=48.28	VenueMatches=1	OverallMatches=29	Matches=1	Wins=1	Losses=0	Win%=100.00	TossWins=0	TossLosses=1	TossWinMatchWins=0	TossWinMatchLosses=0	TossConversion%=0.00	BatFirst=0	BatFirstWins=0	BatFirstWin%=0.00	FieldFirst=0	FieldFirstWins=0	FieldFirstWin%=0.00	OverallConfidence=VERY_STRONG	RecommendationSource=OVERALL_MATCHUP	Recommendation=OVERALL_MATCHUP_BALANCED	TossRecommendation=TOSS_DATA_INSUFFICIENT	StrategyRecommendation=BAT_FIELD_DATA_INSUFFICIENT	VenueConfidence=VERY_LOW	PerformanceScore=60.69	StrategyBonus=0.00	TossBonus=0.00	FinalScore=60.69	FinalDecision=POSITIVE	DecisionConfidence=VERY_LOW	StrategySignal=NONE	TossSignal=NONE	VenueConfidence=VERY_LOW
Sharjah Cricket Stadium	Delhi Capitals	Royal Challengers Bengaluru	VenueWin%=0.00	OverallWin%=35.48	VenueMatches=1	OverallMatches=31	Matches=1	Wins=0	Losses=1	Win%=0.00	TossWins=0	TossLosses=1	TossWinMatchWins=0	TossWinMatchLosses=0	TossConversion%=0.00	BatFirst=0	BatFirstWins=0	BatFirstWin%=0.00	FieldFirst=0	FieldFirstWins=0	FieldFirstWin%=0.00	OverallConfidence=VERY_STRONG	RecommendationSource=OVERALL_MATCHUP	Recommendation=OVERALL_MATCHUP_DISADVANTAGE	TossRecommendation=TOSS_DATA_INSUFFICIENT	StrategyRecommendation=BAT_FIELD_DATA_INSUFFICIENT	VenueConfidence=VERY_LOW	PerformanceScore=26.96	StrategyBonus=0.00	TossBonus=0.00	FinalScore=26.96	FinalDecision=STRONG_NEGATIVE	DecisionConfidence=VERY_LOW	StrategySignal=NONE	TossSignal=NONE	VenueConfidence=VERY_LOW
Sharjah Cricket Stadium	Kolkata Knight Riders	Delhi Capitals	VenueWin%=66.67	OverallWin%=54.55	VenueMatches=3	OverallMatches=33	Matches=3	Wins=2	Losses=1	Win%=66.67	TossWins=3	TossLosses=0	TossWinMatchWins=2	TossWinMatchLosses=1	TossConversion%=66.67	BatFirst=0	BatFirstWins=0	BatFirstWin%=0.00	FieldFirst=3	FieldFirstWins=2	FieldFirstWin%=66.67	OverallConfidence=VERY_STRONG	RecommendationSource=VENUE	Recommendation=VENUE_ADVANTAGE	TossRecommendation=TOSS_WIN_HAS_MODERATE_VALUE	StrategyRecommendation=FIELD_FIRST_DATA_STRONGER	VenueConfidence=LOW	PerformanceScore=58.43	StrategyBonus=0.00	TossBonus=0.00	FinalScore=58.43	FinalDecision=BALANCED	DecisionConfidence=LOW	StrategySignal=NONE	TossSignal=NONE	VenueConfidence=LOW
Sharjah Cricket Stadium	Kolkata Knight Riders	Punjab Kings	VenueWin%=0.00	OverallWin%=63.64	VenueMatches=1	OverallMatches=33	Matches=1	Wins=0	Losses=1	Win%=0.00	TossWins=0	TossLosses=1	TossWinMatchWins=0	TossWinMatchLosses=0	TossConversion%=0.00	BatFirst=0	BatFirstWins=0	BatFirstWin%=0.00	FieldFirst=0	FieldFirstWins=0	FieldFirstWin%=0.00	OverallConfidence=VERY_STRONG	RecommendationSource=OVERALL_MATCHUP	Recommendation=OVERALL_MATCHUP_ADVANTAGE	TossRecommendation=TOSS_DATA_INSUFFICIENT	StrategyRecommendation=BAT_FIELD_DATA_INSUFFICIENT	VenueConfidence=VERY_LOW	PerformanceScore=48.37	StrategyBonus=0.00	TossBonus=0.00	FinalScore=48.37	FinalDecision=BALANCED	DecisionConfidence=VERY_LOW	StrategySignal=NONE	TossSignal=NONE	VenueConfidence=VERY_LOW
Sharjah Cricket Stadium	Kolkata Knight Riders	Rajasthan Royals	VenueWin%=100.00	OverallWin%=50.00	VenueMatches=1	OverallMatches=28	Matches=1	Wins=1	Losses=0	Win%=100.00	TossWins=0	TossLosses=1	TossWinMatchWins=0	TossWinMatchLosses=0	TossConversion%=0.00	BatFirst=0	BatFirstWins=0	BatFirstWin%=0.00	FieldFirst=0	FieldFirstWins=0	FieldFirstWin%=0.00	OverallConfidence=VERY_STRONG	RecommendationSource=OVERALL_MATCHUP	Recommendation=OVERALL_MATCHUP_BALANCED	TossRecommendation=TOSS_DATA_INSUFFICIENT	StrategyRecommendation=BAT_FIELD_DATA_INSUFFICIENT	VenueConfidence=VERY_LOW	PerformanceScore=62.00	StrategyBonus=0.00	TossBonus=0.00	FinalScore=62.00	FinalDecision=POSITIVE	DecisionConfidence=VERY_LOW	StrategySignal=NONE	TossSignal=NONE	VenueConfidence=VERY_LOW
Sharjah Cricket Stadium	Kolkata Knight Riders	Royal Challengers Bengaluru	VenueWin%=66.67	OverallWin%=58.82	VenueMatches=3	OverallMatches=34	Matches=3	Wins=2	Losses=1	Win%=66.67	TossWins=0	TossLosses=3	TossWinMatchWins=0	TossWinMatchLosses=0	TossConversion%=0.00	BatFirst=0	BatFirstWins=0	BatFirstWin%=0.00	FieldFirst=0	FieldFirstWins=0	FieldFirstWin%=0.00	OverallConfidence=VERY_STRONG	RecommendationSource=VENUE	Recommendation=VENUE_ADVANTAGE	TossRecommendation=TOSS_WIN_HAS_LOW_VALUE	StrategyRecommendation=BAT_FIELD_DATA_INSUFFICIENT	VenueConfidence=LOW	PerformanceScore=61.33	StrategyBonus=0.00	TossBonus=0.00	FinalScore=61.33	FinalDecision=POSITIVE	DecisionConfidence=LOW	StrategySignal=NONE	TossSignal=NONE	VenueConfidence=LOW
Sharjah Cricket Stadium	Mumbai Indians	Chennai Super Kings	VenueWin%=100.00	OverallWin%=54.05	VenueMatches=1	OverallMatches=37	Matches=1	Wins=1	Losses=0	Win%=100.00	TossWins=1	TossLosses=0	TossWinMatchWins=1	TossWinMatchLosses=0	TossConversion%=100.00	BatFirst=0	BatFirstWins=0	BatFirstWin%=0.00	FieldFirst=1	FieldFirstWins=1	FieldFirstWin%=100.00	OverallConfidence=VERY_STRONG	RecommendationSource=OVERALL_MATCHUP	Recommendation=OVERALL_MATCHUP_BALANCED	TossRecommendation=TOSS_DATA_INSUFFICIENT	StrategyRecommendation=BAT_FIELD_DATA_INSUFFICIENT	VenueConfidence=VERY_LOW	PerformanceScore=65.08	StrategyBonus=0.00	TossBonus=0.00	FinalScore=65.08	FinalDecision=POSITIVE	DecisionConfidence=VERY_LOW	StrategySignal=NONE	TossSignal=NONE	VenueConfidence=VERY_LOW
Sharjah Cricket Stadium	Mumbai Indians	Delhi Capitals	VenueWin%=0.00	OverallWin%=54.29	VenueMatches=2	OverallMatches=35	Matches=2	Wins=0	Losses=2	Win%=0.00	TossWins=1	TossLosses=1	TossWinMatchWins=0	TossWinMatchLosses=1	TossConversion%=0.00	BatFirst=1	BatFirstWins=0	BatFirstWin%=0.00	FieldFirst=0	FieldFirstWins=0	FieldFirstWin%=0.00	OverallConfidence=VERY_STRONG	RecommendationSource=OVERALL_MATCHUP	Recommendation=OVERALL_MATCHUP_BALANCED	TossRecommendation=TOSS_DATA_INSUFFICIENT	StrategyRecommendation=BAT_FIELD_DATA_INSUFFICIENT	VenueConfidence=VERY_LOW	PerformanceScore=39.09	StrategyBonus=0.00	TossBonus=0.00	FinalScore=39.09	FinalDecision=NEGATIVE	DecisionConfidence=VERY_LOW	StrategySignal=NONE	TossSignal=NONE	VenueConfidence=VERY_LOW
Sharjah Cricket Stadium	Mumbai Indians	Rajasthan Royals	VenueWin%=100.00	OverallWin%=51.72	VenueMatches=1	OverallMatches=29	Matches=1	Wins=1	Losses=0	Win%=100.00	TossWins=1	TossLosses=0	TossWinMatchWins=1	TossWinMatchLosses=0	TossConversion%=100.00	BatFirst=0	BatFirstWins=0	BatFirstWin%=0.00	FieldFirst=1	FieldFirstWins=1	FieldFirstWin%=100.00	OverallConfidence=VERY_STRONG	RecommendationSource=OVERALL_MATCHUP	Recommendation=OVERALL_MATCHUP_BALANCED	TossRecommendation=TOSS_DATA_INSUFFICIENT	StrategyRecommendation=BAT_FIELD_DATA_INSUFFICIENT	VenueConfidence=VERY_LOW	PerformanceScore=63.31	StrategyBonus=0.00	TossBonus=0.00	FinalScore=63.31	FinalDecision=POSITIVE	DecisionConfidence=VERY_LOW	StrategySignal=NONE	TossSignal=NONE	VenueConfidence=VERY_LOW
Sharjah Cricket Stadium	Mumbai Indians	Sunrisers Hyderabad	VenueWin%=50.00	OverallWin%=56.52	VenueMatches=2	OverallMatches=23	Matches=2	Wins=1	Losses=1	Win%=50.00	TossWins=1	TossLosses=1	TossWinMatchWins=1	TossWinMatchLosses=0	TossConversion%=100.00	BatFirst=1	BatFirstWins=1	BatFirstWin%=100.00	FieldFirst=0	FieldFirstWins=0	FieldFirstWin%=0.00	OverallConfidence=VERY_STRONG	RecommendationSource=OVERALL_MATCHUP	Recommendation=OVERALL_MATCHUP_ADVANTAGE	TossRecommendation=TOSS_DATA_INSUFFICIENT	StrategyRecommendation=BAT_FIELD_DATA_INSUFFICIENT	VenueConfidence=VERY_LOW	PerformanceScore=54.69	StrategyBonus=0.00	TossBonus=0.00	FinalScore=54.69	FinalDecision=BALANCED	DecisionConfidence=VERY_LOW	StrategySignal=NONE	TossSignal=NONE	VenueConfidence=VERY_LOW
Sharjah Cricket Stadium	Punjab Kings	Kolkata Knight Riders	VenueWin%=100.00	OverallWin%=36.36	VenueMatches=1	OverallMatches=33	Matches=1	Wins=1	Losses=0	Win%=100.00	TossWins=1	TossLosses=0	TossWinMatchWins=1	TossWinMatchLosses=0	TossConversion%=100.00	BatFirst=0	BatFirstWins=0	BatFirstWin%=0.00	FieldFirst=1	FieldFirstWins=1	FieldFirstWin%=100.00	OverallConfidence=VERY_STRONG	RecommendationSource=OVERALL_MATCHUP	Recommendation=OVERALL_MATCHUP_DISADVANTAGE	TossRecommendation=TOSS_DATA_INSUFFICIENT	StrategyRecommendation=BAT_FIELD_DATA_INSUFFICIENT	VenueConfidence=VERY_LOW	PerformanceScore=51.63	StrategyBonus=0.00	TossBonus=0.00	FinalScore=51.63	FinalDecision=BALANCED	DecisionConfidence=VERY_LOW	StrategySignal=NONE	TossSignal=NONE	VenueConfidence=VERY_LOW
Sharjah Cricket Stadium	Punjab Kings	Rajasthan Royals	VenueWin%=50.00	OverallWin%=42.86	VenueMatches=2	OverallMatches=28	Matches=2	Wins=1	Losses=1	Win%=50.00	TossWins=1	TossLosses=1	TossWinMatchWins=1	TossWinMatchLosses=0	TossConversion%=100.00	BatFirst=0	BatFirstWins=0	BatFirstWin%=0.00	FieldFirst=1	FieldFirstWins=1	FieldFirstWin%=100.00	OverallConfidence=VERY_STRONG	RecommendationSource=OVERALL_MATCHUP	Recommendation=OVERALL_MATCHUP_BALANCED	TossRecommendation=TOSS_DATA_INSUFFICIENT	StrategyRecommendation=BAT_FIELD_DATA_INSUFFICIENT	VenueConfidence=VERY_LOW	PerformanceScore=44.86	StrategyBonus=0.00	TossBonus=0.00	FinalScore=44.86	FinalDecision=NEGATIVE	DecisionConfidence=VERY_LOW	StrategySignal=NONE	TossSignal=NONE	VenueConfidence=VERY_LOW
Sharjah Cricket Stadium	Punjab Kings	Royal Challengers Bengaluru	VenueWin%=50.00	OverallWin%=51.52	VenueMatches=2	OverallMatches=33	Matches=2	Wins=1	Losses=1	Win%=50.00	TossWins=0	TossLosses=2	TossWinMatchWins=0	TossWinMatchLosses=0	TossConversion%=0.00	BatFirst=0	BatFirstWins=0	BatFirstWin%=0.00	FieldFirst=0	FieldFirstWins=0	FieldFirstWin%=0.00	OverallConfidence=VERY_STRONG	RecommendationSource=OVERALL_MATCHUP	Recommendation=OVERALL_MATCHUP_BALANCED	TossRecommendation=TOSS_DATA_INSUFFICIENT	StrategyRecommendation=BAT_FIELD_DATA_INSUFFICIENT	VenueConfidence=VERY_LOW	PerformanceScore=51.09	StrategyBonus=0.00	TossBonus=0.00	FinalScore=51.09	FinalDecision=BALANCED	DecisionConfidence=VERY_LOW	StrategySignal=NONE	TossSignal=NONE	VenueConfidence=VERY_LOW
Sharjah Cricket Stadium	Punjab Kings	Sunrisers Hyderabad	VenueWin%=100.00	OverallWin%=30.43	VenueMatches=2	OverallMatches=23	Matches=2	Wins=2	Losses=0	Win%=100.00	TossWins=0	TossLosses=2	TossWinMatchWins=0	TossWinMatchLosses=0	TossConversion%=0.00	BatFirst=0	BatFirstWins=0	BatFirstWin%=0.00	FieldFirst=0	FieldFirstWins=0	FieldFirstWin%=0.00	OverallConfidence=VERY_STRONG	RecommendationSource=OVERALL_MATCHUP	Recommendation=OVERALL_MATCHUP_DISADVANTAGE	TossRecommendation=TOSS_DATA_INSUFFICIENT	StrategyRecommendation=BAT_FIELD_DATA_INSUFFICIENT	VenueConfidence=VERY_LOW	PerformanceScore=49.91	StrategyBonus=0.00	TossBonus=0.00	FinalScore=49.91	FinalDecision=BALANCED	DecisionConfidence=VERY_LOW	StrategySignal=NONE	TossSignal=NONE	VenueConfidence=VERY_LOW
Sharjah Cricket Stadium	Rajasthan Royals	Chennai Super Kings	VenueWin%=100.00	OverallWin%=44.83	VenueMatches=1	OverallMatches=29	Matches=1	Wins=1	Losses=0	Win%=100.00	TossWins=0	TossLosses=1	TossWinMatchWins=0	TossWinMatchLosses=0	TossConversion%=0.00	BatFirst=0	BatFirstWins=0	BatFirstWin%=0.00	FieldFirst=0	FieldFirstWins=0	FieldFirstWin%=0.00	OverallConfidence=VERY_STRONG	RecommendationSource=OVERALL_MATCHUP	Recommendation=OVERALL_MATCHUP_BALANCED	TossRecommendation=TOSS_DATA_INSUFFICIENT	StrategyRecommendation=BAT_FIELD_DATA_INSUFFICIENT	VenueConfidence=VERY_LOW	PerformanceScore=58.07	StrategyBonus=0.00	TossBonus=0.00	FinalScore=58.07	FinalDecision=BALANCED	DecisionConfidence=VERY_LOW	StrategySignal=NONE	TossSignal=NONE	VenueConfidence=VERY_LOW
Sharjah Cricket Stadium	Rajasthan Royals	Delhi Capitals	VenueWin%=0.00	OverallWin%=51.72	VenueMatches=1	OverallMatches=29	Matches=1	Wins=0	Losses=1	Win%=0.00	TossWins=1	TossLosses=0	TossWinMatchWins=0	TossWinMatchLosses=1	TossConversion%=0.00	BatFirst=0	BatFirstWins=0	BatFirstWin%=0.00	FieldFirst=1	FieldFirstWins=0	FieldFirstWin%=0.00	OverallConfidence=VERY_STRONG	RecommendationSource=OVERALL_MATCHUP	Recommendation=OVERALL_MATCHUP_BALANCED	TossRecommendation=TOSS_DATA_INSUFFICIENT	StrategyRecommendation=BAT_FIELD_DATA_INSUFFICIENT	VenueConfidence=VERY_LOW	PerformanceScore=39.31	StrategyBonus=0.00	TossBonus=0.00	FinalScore=39.31	FinalDecision=NEGATIVE	DecisionConfidence=VERY_LOW	StrategySignal=NONE	TossSignal=NONE	VenueConfidence=VERY_LOW
Sharjah Cricket Stadium	Rajasthan Royals	Kolkata Knight Riders	VenueWin%=0.00	OverallWin%=50.00	VenueMatches=1	OverallMatches=28	Matches=1	Wins=0	Losses=1	Win%=0.00	TossWins=1	TossLosses=0	TossWinMatchWins=0	TossWinMatchLosses=1	TossConversion%=0.00	BatFirst=0	BatFirstWins=0	BatFirstWin%=0.00	FieldFirst=1	FieldFirstWins=0	FieldFirstWin%=0.00	OverallConfidence=VERY_STRONG	RecommendationSource=OVERALL_MATCHUP	Recommendation=OVERALL_MATCHUP_BALANCED	TossRecommendation=TOSS_DATA_INSUFFICIENT	StrategyRecommendation=BAT_FIELD_DATA_INSUFFICIENT	VenueConfidence=VERY_LOW	PerformanceScore=38.00	StrategyBonus=0.00	TossBonus=0.00	FinalScore=38.00	FinalDecision=NEGATIVE	DecisionConfidence=VERY_LOW	StrategySignal=NONE	TossSignal=NONE	VenueConfidence=VERY_LOW
Sharjah Cricket Stadium	Rajasthan Royals	Mumbai Indians	VenueWin%=0.00	OverallWin%=48.28	VenueMatches=1	OverallMatches=29	Matches=1	Wins=0	Losses=1	Win%=0.00	TossWins=0	TossLosses=1	TossWinMatchWins=0	TossWinMatchLosses=0	TossConversion%=0.00	BatFirst=0	BatFirstWins=0	BatFirstWin%=0.00	FieldFirst=0	FieldFirstWins=0	FieldFirstWin%=0.00	OverallConfidence=VERY_STRONG	RecommendationSource=OVERALL_MATCHUP	Recommendation=OVERALL_MATCHUP_BALANCED	TossRecommendation=TOSS_DATA_INSUFFICIENT	StrategyRecommendation=BAT_FIELD_DATA_INSUFFICIENT	VenueConfidence=VERY_LOW	PerformanceScore=36.69	StrategyBonus=0.00	TossBonus=0.00	FinalScore=36.69	FinalDecision=NEGATIVE	DecisionConfidence=VERY_LOW	StrategySignal=NONE	TossSignal=NONE	VenueConfidence=VERY_LOW
Sharjah Cricket Stadium	Rajasthan Royals	Punjab Kings	VenueWin%=50.00	OverallWin%=57.14	VenueMatches=2	OverallMatches=28	Matches=2	Wins=1	Losses=1	Win%=50.00	TossWins=1	TossLosses=1	TossWinMatchWins=1	TossWinMatchLosses=0	TossConversion%=100.00	BatFirst=0	BatFirstWins=0	BatFirstWin%=0.00	FieldFirst=1	FieldFirstWins=1	FieldFirstWin%=100.00	OverallConfidence=VERY_STRONG	RecommendationSource=OVERALL_MATCHUP	Recommendation=OVERALL_MATCHUP_ADVANTAGE	TossRecommendation=TOSS_DATA_INSUFFICIENT	StrategyRecommendation=BAT_FIELD_DATA_INSUFFICIENT	VenueConfidence=VERY_LOW	PerformanceScore=55.14	StrategyBonus=0.00	TossBonus=0.00	FinalScore=55.14	FinalDecision=BALANCED	DecisionConfidence=VERY_LOW	StrategySignal=NONE	TossSignal=NONE	VenueConfidence=VERY_LOW
Sharjah Cricket Stadium	Royal Challengers Bengaluru	Chennai Super Kings	VenueWin%=0.00	OverallWin%=34.38	VenueMatches=1	OverallMatches=32	Matches=1	Wins=0	Losses=1	Win%=0.00	TossWins=0	TossLosses=1	TossWinMatchWins=0	TossWinMatchLosses=0	TossConversion%=0.00	BatFirst=0	BatFirstWins=0	BatFirstWin%=0.00	FieldFirst=0	FieldFirstWins=0	FieldFirstWin%=0.00	OverallConfidence=VERY_STRONG	RecommendationSource=OVERALL_MATCHUP	Recommendation=OVERALL_MATCHUP_DISADVANTAGE	TossRecommendation=TOSS_DATA_INSUFFICIENT	StrategyRecommendation=BAT_FIELD_DATA_INSUFFICIENT	VenueConfidence=VERY_LOW	PerformanceScore=26.13	StrategyBonus=0.00	TossBonus=0.00	FinalScore=26.13	FinalDecision=STRONG_NEGATIVE	DecisionConfidence=VERY_LOW	StrategySignal=NONE	TossSignal=NONE	VenueConfidence=VERY_LOW
Sharjah Cricket Stadium	Royal Challengers Bengaluru	Delhi Capitals	VenueWin%=100.00	OverallWin%=61.29	VenueMatches=1	OverallMatches=31	Matches=1	Wins=1	Losses=0	Win%=100.00	TossWins=1	TossLosses=0	TossWinMatchWins=1	TossWinMatchLosses=0	TossConversion%=100.00	BatFirst=0	BatFirstWins=0	BatFirstWin%=0.00	FieldFirst=1	FieldFirstWins=1	FieldFirstWin%=100.00	OverallConfidence=VERY_STRONG	RecommendationSource=OVERALL_MATCHUP	Recommendation=OVERALL_MATCHUP_ADVANTAGE	TossRecommendation=TOSS_DATA_INSUFFICIENT	StrategyRecommendation=BAT_FIELD_DATA_INSUFFICIENT	VenueConfidence=VERY_LOW	PerformanceScore=70.58	StrategyBonus=0.00	TossBonus=0.00	FinalScore=70.58	FinalDecision=POSITIVE	DecisionConfidence=VERY_LOW	StrategySignal=NONE	TossSignal=NONE	VenueConfidence=VERY_LOW
Sharjah Cricket Stadium	Royal Challengers Bengaluru	Kolkata Knight Riders	VenueWin%=33.33	OverallWin%=41.18	VenueMatches=3	OverallMatches=34	Matches=3	Wins=1	Losses=2	Win%=33.33	TossWins=3	TossLosses=0	TossWinMatchWins=1	TossWinMatchLosses=2	TossConversion%=33.33	BatFirst=2	BatFirstWins=1	BatFirstWin%=50.00	FieldFirst=1	FieldFirstWins=0	FieldFirstWin%=0.00	OverallConfidence=VERY_STRONG	RecommendationSource=VENUE	Recommendation=VENUE_DISADVANTAGE	TossRecommendation=TOSS_WIN_HAS_LOW_VALUE	StrategyRecommendation=BAT_FIELD_DATA_INSUFFICIENT	VenueConfidence=LOW	PerformanceScore=38.67	StrategyBonus=0.00	TossBonus=0.00	FinalScore=38.67	FinalDecision=NEGATIVE	DecisionConfidence=LOW	StrategySignal=NONE	TossSignal=NONE	VenueConfidence=LOW
Sharjah Cricket Stadium	Royal Challengers Bengaluru	Punjab Kings	VenueWin%=50.00	OverallWin%=48.48	VenueMatches=2	OverallMatches=33	Matches=2	Wins=1	Losses=1	Win%=50.00	TossWins=2	TossLosses=0	TossWinMatchWins=1	TossWinMatchLosses=1	TossConversion%=50.00	BatFirst=2	BatFirstWins=1	BatFirstWin%=50.00	FieldFirst=0	FieldFirstWins=0	FieldFirstWin%=0.00	OverallConfidence=VERY_STRONG	RecommendationSource=OVERALL_MATCHUP	Recommendation=OVERALL_MATCHUP_BALANCED	TossRecommendation=TOSS_DATA_INSUFFICIENT	StrategyRecommendation=BAT_FIELD_DATA_INSUFFICIENT	VenueConfidence=VERY_LOW	PerformanceScore=48.91	StrategyBonus=0.00	TossBonus=0.00	FinalScore=48.91	FinalDecision=BALANCED	DecisionConfidence=VERY_LOW	StrategySignal=NONE	TossSignal=NONE	VenueConfidence=VERY_LOW
Sharjah Cricket Stadium	Royal Challengers Bengaluru	Sunrisers Hyderabad	VenueWin%=0.00	OverallWin%=45.83	VenueMatches=1	OverallMatches=24	Matches=1	Wins=0	Losses=1	Win%=0.00	TossWins=0	TossLosses=1	TossWinMatchWins=0	TossWinMatchLosses=0	TossConversion%=0.00	BatFirst=0	BatFirstWins=0	BatFirstWin%=0.00	FieldFirst=0	FieldFirstWins=0	FieldFirstWin%=0.00	OverallConfidence=VERY_STRONG	RecommendationSource=OVERALL_MATCHUP	Recommendation=OVERALL_MATCHUP_BALANCED	TossRecommendation=TOSS_DATA_INSUFFICIENT	StrategyRecommendation=BAT_FIELD_DATA_INSUFFICIENT	VenueConfidence=VERY_LOW	PerformanceScore=34.83	StrategyBonus=0.00	TossBonus=0.00	FinalScore=34.83	FinalDecision=NEGATIVE	DecisionConfidence=VERY_LOW	StrategySignal=NONE	TossSignal=NONE	VenueConfidence=VERY_LOW
Sharjah Cricket Stadium	Sunrisers Hyderabad	Chennai Super Kings	VenueWin%=0.00	OverallWin%=28.57	VenueMatches=2	OverallMatches=21	Matches=2	Wins=0	Losses=2	Win%=0.00	TossWins=1	TossLosses=1	TossWinMatchWins=0	TossWinMatchLosses=1	TossConversion%=0.00	BatFirst=1	BatFirstWins=0	BatFirstWin%=0.00	FieldFirst=0	FieldFirstWins=0	FieldFirstWin%=0.00	OverallConfidence=VERY_STRONG	RecommendationSource=OVERALL_MATCHUP	Recommendation=OVERALL_MATCHUP_DISADVANTAGE	TossRecommendation=TOSS_DATA_INSUFFICIENT	StrategyRecommendation=BAT_FIELD_DATA_INSUFFICIENT	VenueConfidence=VERY_LOW	PerformanceScore=20.57	StrategyBonus=0.00	TossBonus=0.00	FinalScore=20.57	FinalDecision=STRONG_NEGATIVE	DecisionConfidence=VERY_LOW	StrategySignal=NONE	TossSignal=NONE	VenueConfidence=VERY_LOW
Sharjah Cricket Stadium	Sunrisers Hyderabad	Mumbai Indians	VenueWin%=50.00	OverallWin%=43.48	VenueMatches=2	OverallMatches=23	Matches=2	Wins=1	Losses=1	Win%=50.00	TossWins=1	TossLosses=1	TossWinMatchWins=1	TossWinMatchLosses=0	TossConversion%=100.00	BatFirst=0	BatFirstWins=0	BatFirstWin%=0.00	FieldFirst=1	FieldFirstWins=1	FieldFirstWin%=100.00	OverallConfidence=VERY_STRONG	RecommendationSource=OVERALL_MATCHUP	Recommendation=OVERALL_MATCHUP_BALANCED	TossRecommendation=TOSS_DATA_INSUFFICIENT	StrategyRecommendation=BAT_FIELD_DATA_INSUFFICIENT	VenueConfidence=VERY_LOW	PerformanceScore=45.31	StrategyBonus=0.00	TossBonus=0.00	FinalScore=45.31	FinalDecision=BALANCED	DecisionConfidence=VERY_LOW	StrategySignal=NONE	TossSignal=NONE	VenueConfidence=VERY_LOW
Sharjah Cricket Stadium	Sunrisers Hyderabad	Punjab Kings	VenueWin%=0.00	OverallWin%=69.57	VenueMatches=2	OverallMatches=23	Matches=2	Wins=0	Losses=2	Win%=0.00	TossWins=2	TossLosses=0	TossWinMatchWins=0	TossWinMatchLosses=2	TossConversion%=0.00	BatFirst=0	BatFirstWins=0	BatFirstWin%=0.00	FieldFirst=2	FieldFirstWins=0	FieldFirstWin%=0.00	OverallConfidence=VERY_STRONG	RecommendationSource=OVERALL_MATCHUP	Recommendation=OVERALL_MATCHUP_ADVANTAGE	TossRecommendation=TOSS_DATA_INSUFFICIENT	StrategyRecommendation=BAT_FIELD_DATA_INSUFFICIENT	VenueConfidence=VERY_LOW	PerformanceScore=50.09	StrategyBonus=0.00	TossBonus=0.00	FinalScore=50.09	FinalDecision=BALANCED	DecisionConfidence=VERY_LOW	StrategySignal=NONE	TossSignal=NONE	VenueConfidence=VERY_LOW
Sharjah Cricket Stadium	Sunrisers Hyderabad	Royal Challengers Bengaluru	VenueWin%=100.00	OverallWin%=54.17	VenueMatches=1	OverallMatches=24	Matches=1	Wins=1	Losses=0	Win%=100.00	TossWins=1	TossLosses=0	TossWinMatchWins=1	TossWinMatchLosses=0	TossConversion%=100.00	BatFirst=0	BatFirstWins=0	BatFirstWin%=0.00	FieldFirst=1	FieldFirstWins=1	FieldFirstWin%=100.00	OverallConfidence=VERY_STRONG	RecommendationSource=OVERALL_MATCHUP	Recommendation=OVERALL_MATCHUP_BALANCED	TossRecommendation=TOSS_DATA_INSUFFICIENT	StrategyRecommendation=BAT_FIELD_DATA_INSUFFICIENT	VenueConfidence=VERY_LOW	PerformanceScore=65.17	StrategyBonus=0.00	TossBonus=0.00	FinalScore=65.17	FinalDecision=POSITIVE	DecisionConfidence=VERY_LOW	StrategySignal=NONE	TossSignal=NONE	VenueConfidence=VERY_LOW
Sheikh Zayed Stadium	Chennai Super Kings	Delhi Capitals	VenueWin%=100.00	OverallWin%=63.33	VenueMatches=1	OverallMatches=30	Matches=1	Wins=1	Losses=0	Win%=100.00	TossWins=1	TossLosses=0	TossWinMatchWins=1	TossWinMatchLosses=0	TossConversion%=100.00	BatFirst=1	BatFirstWins=1	BatFirstWin%=100.00	FieldFirst=0	FieldFirstWins=0	FieldFirstWin%=0.00	OverallConfidence=VERY_STRONG	RecommendationSource=OVERALL_MATCHUP	Recommendation=OVERALL_MATCHUP_ADVANTAGE	TossRecommendation=TOSS_DATA_INSUFFICIENT	StrategyRecommendation=BAT_FIELD_DATA_INSUFFICIENT	VenueConfidence=VERY_LOW	PerformanceScore=72.13	StrategyBonus=0.00	TossBonus=0.00	FinalScore=72.13	FinalDecision=POSITIVE	DecisionConfidence=VERY_LOW	StrategySignal=NONE	TossSignal=NONE	VenueConfidence=VERY_LOW
Sheikh Zayed Stadium	Chennai Super Kings	Kolkata Knight Riders	VenueWin%=0.00	OverallWin%=65.52	VenueMatches=1	OverallMatches=29	Matches=1	Wins=0	Losses=1	Win%=0.00	TossWins=0	TossLosses=1	TossWinMatchWins=0	TossWinMatchLosses=0	TossConversion%=0.00	BatFirst=0	BatFirstWins=0	BatFirstWin%=0.00	FieldFirst=0	FieldFirstWins=0	FieldFirstWin%=0.00	OverallConfidence=VERY_STRONG	RecommendationSource=OVERALL_MATCHUP	Recommendation=OVERALL_MATCHUP_ADVANTAGE	TossRecommendation=TOSS_DATA_INSUFFICIENT	StrategyRecommendation=BAT_FIELD_DATA_INSUFFICIENT	VenueConfidence=VERY_LOW	PerformanceScore=49.80	StrategyBonus=0.00	TossBonus=0.00	FinalScore=49.80	FinalDecision=BALANCED	DecisionConfidence=VERY_LOW	StrategySignal=NONE	TossSignal=NONE	VenueConfidence=VERY_LOW
Sheikh Zayed Stadium	Chennai Super Kings	Mumbai Indians	VenueWin%=100.00	OverallWin%=45.95	VenueMatches=1	OverallMatches=37	Matches=1	Wins=1	Losses=0	Win%=100.00	TossWins=1	TossLosses=0	TossWinMatchWins=1	TossWinMatchLosses=0	TossConversion%=100.00	BatFirst=0	BatFirstWins=0	BatFirstWin%=0.00	FieldFirst=1	FieldFirstWins=1	FieldFirstWin%=100.00	OverallConfidence=VERY_STRONG	RecommendationSource=OVERALL_MATCHUP	Recommendation=OVERALL_MATCHUP_BALANCED	TossRecommendation=TOSS_DATA_INSUFFICIENT	StrategyRecommendation=BAT_FIELD_DATA_INSUFFICIENT	VenueConfidence=VERY_LOW	PerformanceScore=58.92	StrategyBonus=0.00	TossBonus=0.00	FinalScore=58.92	FinalDecision=BALANCED	DecisionConfidence=VERY_LOW	StrategySignal=NONE	TossSignal=NONE	VenueConfidence=VERY_LOW
Sheikh Zayed Stadium	Chennai Super Kings	Punjab Kings	VenueWin%=50.00	OverallWin%=53.33	VenueMatches=2	OverallMatches=30	Matches=2	Wins=1	Losses=1	Win%=50.00	TossWins=2	TossLosses=0	TossWinMatchWins=1	TossWinMatchLosses=1	TossConversion%=50.00	BatFirst=1	BatFirstWins=0	BatFirstWin%=0.00	FieldFirst=1	FieldFirstWins=1	FieldFirstWin%=100.00	OverallConfidence=VERY_STRONG	RecommendationSource=OVERALL_MATCHUP	Recommendation=OVERALL_MATCHUP_BALANCED	TossRecommendation=TOSS_DATA_INSUFFICIENT	StrategyRecommendation=BAT_FIELD_DATA_INSUFFICIENT	VenueConfidence=VERY_LOW	PerformanceScore=52.40	StrategyBonus=0.00	TossBonus=0.00	FinalScore=52.40	FinalDecision=BALANCED	DecisionConfidence=VERY_LOW	StrategySignal=NONE	TossSignal=NONE	VenueConfidence=VERY_LOW
Sheikh Zayed Stadium	Chennai Super Kings	Rajasthan Royals	VenueWin%=0.00	OverallWin%=55.17	VenueMatches=1	OverallMatches=29	Matches=1	Wins=0	Losses=1	Win%=0.00	TossWins=1	TossLosses=0	TossWinMatchWins=0	TossWinMatchLosses=1	TossConversion%=0.00	BatFirst=1	BatFirstWins=0	BatFirstWin%=0.00	FieldFirst=0	FieldFirstWins=0	FieldFirstWin%=0.00	OverallConfidence=VERY_STRONG	RecommendationSource=OVERALL_MATCHUP	Recommendation=OVERALL_MATCHUP_ADVANTAGE	TossRecommendation=TOSS_DATA_INSUFFICIENT	StrategyRecommendation=BAT_FIELD_DATA_INSUFFICIENT	VenueConfidence=VERY_LOW	PerformanceScore=41.93	StrategyBonus=0.00	TossBonus=0.00	FinalScore=41.93	FinalDecision=NEGATIVE	DecisionConfidence=VERY_LOW	StrategySignal=NONE	TossSignal=NONE	VenueConfidence=VERY_LOW
Sheikh Zayed Stadium	Delhi Capitals	Chennai Super Kings	VenueWin%=0.00	OverallWin%=36.67	VenueMatches=1	OverallMatches=30	Matches=1	Wins=0	Losses=1	Win%=0.00	TossWins=0	TossLosses=1	TossWinMatchWins=0	TossWinMatchLosses=0	TossConversion%=0.00	BatFirst=0	BatFirstWins=0	BatFirstWin%=0.00	FieldFirst=0	FieldFirstWins=0	FieldFirstWin%=0.00	OverallConfidence=VERY_STRONG	RecommendationSource=OVERALL_MATCHUP	Recommendation=OVERALL_MATCHUP_DISADVANTAGE	TossRecommendation=TOSS_DATA_INSUFFICIENT	StrategyRecommendation=BAT_FIELD_DATA_INSUFFICIENT	VenueConfidence=VERY_LOW	PerformanceScore=27.87	StrategyBonus=0.00	TossBonus=0.00	FinalScore=27.87	FinalDecision=STRONG_NEGATIVE	DecisionConfidence=VERY_LOW	StrategySignal=NONE	TossSignal=NONE	VenueConfidence=VERY_LOW
Sheikh Zayed Stadium	Delhi Capitals	Kolkata Knight Riders	VenueWin%=0.00	OverallWin%=45.45	VenueMatches=1	OverallMatches=33	Matches=1	Wins=0	Losses=1	Win%=0.00	TossWins=1	TossLosses=0	TossWinMatchWins=0	TossWinMatchLosses=1	TossConversion%=0.00	BatFirst=0	BatFirstWins=0	BatFirstWin%=0.00	FieldFirst=1	FieldFirstWins=0	FieldFirstWin%=0.00	OverallConfidence=VERY_STRONG	RecommendationSource=OVERALL_MATCHUP	Recommendation=OVERALL_MATCHUP_BALANCED	TossRecommendation=TOSS_DATA_INSUFFICIENT	StrategyRecommendation=BAT_FIELD_DATA_INSUFFICIENT	VenueConfidence=VERY_LOW	PerformanceScore=34.54	StrategyBonus=0.00	TossBonus=0.00	FinalScore=34.54	FinalDecision=NEGATIVE	DecisionConfidence=VERY_LOW	StrategySignal=NONE	TossSignal=NONE	VenueConfidence=VERY_LOW
Sheikh Zayed Stadium	Delhi Capitals	Mumbai Indians	VenueWin%=0.00	OverallWin%=45.71	VenueMatches=1	OverallMatches=35	Matches=1	Wins=0	Losses=1	Win%=0.00	TossWins=1	TossLosses=0	TossWinMatchWins=0	TossWinMatchLosses=1	TossConversion%=0.00	BatFirst=1	BatFirstWins=0	BatFirstWin%=0.00	FieldFirst=0	FieldFirstWins=0	FieldFirstWin%=0.00	OverallConfidence=VERY_STRONG	RecommendationSource=OVERALL_MATCHUP	Recommendation=OVERALL_MATCHUP_BALANCED	TossRecommendation=TOSS_DATA_INSUFFICIENT	StrategyRecommendation=BAT_FIELD_DATA_INSUFFICIENT	VenueConfidence=VERY_LOW	PerformanceScore=34.74	StrategyBonus=0.00	TossBonus=0.00	FinalScore=34.74	FinalDecision=NEGATIVE	DecisionConfidence=VERY_LOW	StrategySignal=NONE	TossSignal=NONE	VenueConfidence=VERY_LOW
Sheikh Zayed Stadium	Delhi Capitals	Royal Challengers Bengaluru	VenueWin%=100.00	OverallWin%=35.48	VenueMatches=1	OverallMatches=31	Matches=1	Wins=1	Losses=0	Win%=100.00	TossWins=1	TossLosses=0	TossWinMatchWins=1	TossWinMatchLosses=0	TossConversion%=100.00	BatFirst=0	BatFirstWins=0	BatFirstWin%=0.00	FieldFirst=1	FieldFirstWins=1	FieldFirstWin%=100.00	OverallConfidence=VERY_STRONG	RecommendationSource=OVERALL_MATCHUP	Recommendation=OVERALL_MATCHUP_DISADVANTAGE	TossRecommendation=TOSS_DATA_INSUFFICIENT	StrategyRecommendation=BAT_FIELD_DATA_INSUFFICIENT	VenueConfidence=VERY_LOW	PerformanceScore=50.96	StrategyBonus=0.00	TossBonus=0.00	FinalScore=50.96	FinalDecision=BALANCED	DecisionConfidence=VERY_LOW	StrategySignal=NONE	TossSignal=NONE	VenueConfidence=VERY_LOW
Sheikh Zayed Stadium	Delhi Capitals	Sunrisers Hyderabad	VenueWin%=50.00	OverallWin%=45.83	VenueMatches=2	OverallMatches=24	Matches=2	Wins=1	Losses=1	Win%=50.00	TossWins=2	TossLosses=0	TossWinMatchWins=1	TossWinMatchLosses=1	TossConversion%=50.00	BatFirst=1	BatFirstWins=1	BatFirstWin%=100.00	FieldFirst=1	FieldFirstWins=0	FieldFirstWin%=0.00	OverallConfidence=VERY_STRONG	RecommendationSource=OVERALL_MATCHUP	Recommendation=OVERALL_MATCHUP_BALANCED	TossRecommendation=TOSS_DATA_INSUFFICIENT	StrategyRecommendation=BAT_FIELD_DATA_INSUFFICIENT	VenueConfidence=VERY_LOW	PerformanceScore=47.00	StrategyBonus=0.00	TossBonus=0.00	FinalScore=47.00	FinalDecision=BALANCED	DecisionConfidence=VERY_LOW	StrategySignal=NONE	TossSignal=NONE	VenueConfidence=VERY_LOW
Sheikh Zayed Stadium	Kolkata Knight Riders	Chennai Super Kings	VenueWin%=100.00	OverallWin%=34.48	VenueMatches=1	OverallMatches=29	Matches=1	Wins=1	Losses=0	Win%=100.00	TossWins=1	TossLosses=0	TossWinMatchWins=1	TossWinMatchLosses=0	TossConversion%=100.00	BatFirst=1	BatFirstWins=1	BatFirstWin%=100.00	FieldFirst=0	FieldFirstWins=0	FieldFirstWin%=0.00	OverallConfidence=VERY_STRONG	RecommendationSource=OVERALL_MATCHUP	Recommendation=OVERALL_MATCHUP_DISADVANTAGE	TossRecommendation=TOSS_DATA_INSUFFICIENT	StrategyRecommendation=BAT_FIELD_DATA_INSUFFICIENT	VenueConfidence=VERY_LOW	PerformanceScore=50.20	StrategyBonus=0.00	TossBonus=0.00	FinalScore=50.20	FinalDecision=BALANCED	DecisionConfidence=VERY_LOW	StrategySignal=NONE	TossSignal=NONE	VenueConfidence=VERY_LOW
Sheikh Zayed Stadium	Kolkata Knight Riders	Delhi Capitals	VenueWin%=100.00	OverallWin%=54.55	VenueMatches=1	OverallMatches=33	Matches=1	Wins=1	Losses=0	Win%=100.00	TossWins=0	TossLosses=1	TossWinMatchWins=0	TossWinMatchLosses=0	TossConversion%=0.00	BatFirst=0	BatFirstWins=0	BatFirstWin%=0.00	FieldFirst=0	FieldFirstWins=0	FieldFirstWin%=0.00	OverallConfidence=VERY_STRONG	RecommendationSource=OVERALL_MATCHUP	Recommendation=OVERALL_MATCHUP_BALANCED	TossRecommendation=TOSS_DATA_INSUFFICIENT	StrategyRecommendation=BAT_FIELD_DATA_INSUFFICIENT	VenueConfidence=VERY_LOW	PerformanceScore=65.46	StrategyBonus=0.00	TossBonus=0.00	FinalScore=65.46	FinalDecision=POSITIVE	DecisionConfidence=VERY_LOW	StrategySignal=NONE	TossSignal=NONE	VenueConfidence=VERY_LOW
Sheikh Zayed Stadium	Kolkata Knight Riders	Mumbai Indians	VenueWin%=33.33	OverallWin%=32.35	VenueMatches=3	OverallMatches=34	Matches=3	Wins=1	Losses=2	Win%=33.33	TossWins=3	TossLosses=0	TossWinMatchWins=1	TossWinMatchLosses=2	TossConversion%=33.33	BatFirst=2	BatFirstWins=1	BatFirstWin%=50.00	FieldFirst=1	FieldFirstWins=0	FieldFirstWin%=0.00	OverallConfidence=VERY_STRONG	RecommendationSource=VENUE	Recommendation=VENUE_DISADVANTAGE	TossRecommendation=TOSS_WIN_HAS_LOW_VALUE	StrategyRecommendation=BAT_FIELD_DATA_INSUFFICIENT	VenueConfidence=LOW	PerformanceScore=32.66	StrategyBonus=0.00	TossBonus=0.00	FinalScore=32.66	FinalDecision=NEGATIVE	DecisionConfidence=LOW	StrategySignal=NONE	TossSignal=NONE	VenueConfidence=LOW
Sheikh Zayed Stadium	Kolkata Knight Riders	Punjab Kings	VenueWin%=50.00	OverallWin%=63.64	VenueMatches=2	OverallMatches=33	Matches=2	Wins=1	Losses=1	Win%=50.00	TossWins=2	TossLosses=0	TossWinMatchWins=1	TossWinMatchLosses=1	TossConversion%=50.00	BatFirst=1	BatFirstWins=1	BatFirstWin%=100.00	FieldFirst=1	FieldFirstWins=0	FieldFirstWin%=0.00	OverallConfidence=VERY_STRONG	RecommendationSource=OVERALL_MATCHUP	Recommendation=OVERALL_MATCHUP_ADVANTAGE	TossRecommendation=TOSS_DATA_INSUFFICIENT	StrategyRecommendation=BAT_FIELD_DATA_INSUFFICIENT	VenueConfidence=VERY_LOW	PerformanceScore=59.82	StrategyBonus=0.00	TossBonus=0.00	FinalScore=59.82	FinalDecision=BALANCED	DecisionConfidence=VERY_LOW	StrategySignal=NONE	TossSignal=NONE	VenueConfidence=VERY_LOW
Sheikh Zayed Stadium	Kolkata Knight Riders	Rajasthan Royals	VenueWin%=0.00	OverallWin%=50.00	VenueMatches=1	OverallMatches=28	Matches=1	Wins=0	Losses=1	Win%=0.00	TossWins=0	TossLosses=1	TossWinMatchWins=0	TossWinMatchLosses=0	TossConversion%=0.00	BatFirst=0	BatFirstWins=0	BatFirstWin%=0.00	FieldFirst=0	FieldFirstWins=0	FieldFirstWin%=0.00	OverallConfidence=VERY_STRONG	RecommendationSource=OVERALL_MATCHUP	Recommendation=OVERALL_MATCHUP_BALANCED	TossRecommendation=TOSS_DATA_INSUFFICIENT	StrategyRecommendation=BAT_FIELD_DATA_INSUFFICIENT	VenueConfidence=VERY_LOW	PerformanceScore=38.00	StrategyBonus=0.00	TossBonus=0.00	FinalScore=38.00	FinalDecision=NEGATIVE	DecisionConfidence=VERY_LOW	StrategySignal=NONE	TossSignal=NONE	VenueConfidence=VERY_LOW
Sheikh Zayed Stadium	Kolkata Knight Riders	Royal Challengers Bengaluru	VenueWin%=0.00	OverallWin%=58.82	VenueMatches=1	OverallMatches=34	Matches=1	Wins=0	Losses=1	Win%=0.00	TossWins=1	TossLosses=0	TossWinMatchWins=0	TossWinMatchLosses=1	TossConversion%=0.00	BatFirst=1	BatFirstWins=0	BatFirstWin%=0.00	FieldFirst=0	FieldFirstWins=0	FieldFirstWin%=0.00	OverallConfidence=VERY_STRONG	RecommendationSource=OVERALL_MATCHUP	Recommendation=OVERALL_MATCHUP_ADVANTAGE	TossRecommendation=TOSS_DATA_INSUFFICIENT	StrategyRecommendation=BAT_FIELD_DATA_INSUFFICIENT	VenueConfidence=VERY_LOW	PerformanceScore=44.70	StrategyBonus=0.00	TossBonus=0.00	FinalScore=44.70	FinalDecision=NEGATIVE	DecisionConfidence=VERY_LOW	StrategySignal=NONE	TossSignal=NONE	VenueConfidence=VERY_LOW
Sheikh Zayed Stadium	Kolkata Knight Riders	Sunrisers Hyderabad	VenueWin%=100.00	OverallWin%=67.86	VenueMatches=2	OverallMatches=28	Matches=2	Wins=2	Losses=0	Win%=100.00	TossWins=0	TossLosses=2	TossWinMatchWins=0	TossWinMatchLosses=0	TossConversion%=0.00	BatFirst=0	BatFirstWins=0	BatFirstWin%=0.00	FieldFirst=0	FieldFirstWins=0	FieldFirstWin%=0.00	OverallConfidence=VERY_STRONG	RecommendationSource=OVERALL_MATCHUP	Recommendation=OVERALL_MATCHUP_ADVANTAGE	TossRecommendation=TOSS_DATA_INSUFFICIENT	StrategyRecommendation=BAT_FIELD_DATA_INSUFFICIENT	VenueConfidence=VERY_LOW	PerformanceScore=76.86	StrategyBonus=0.00	TossBonus=0.00	FinalScore=76.86	FinalDecision=STRONG_POSITIVE	DecisionConfidence=VERY_LOW	StrategySignal=NONE	TossSignal=NONE	VenueConfidence=VERY_LOW
Sheikh Zayed Stadium	Mumbai Indians	Chennai Super Kings	VenueWin%=0.00	OverallWin%=54.05	VenueMatches=1	OverallMatches=37	Matches=1	Wins=0	Losses=1	Win%=0.00	TossWins=0	TossLosses=1	TossWinMatchWins=0	TossWinMatchLosses=0	TossConversion%=0.00	BatFirst=0	BatFirstWins=0	BatFirstWin%=0.00	FieldFirst=0	FieldFirstWins=0	FieldFirstWin%=0.00	OverallConfidence=VERY_STRONG	RecommendationSource=OVERALL_MATCHUP	Recommendation=OVERALL_MATCHUP_BALANCED	TossRecommendation=TOSS_DATA_INSUFFICIENT	StrategyRecommendation=BAT_FIELD_DATA_INSUFFICIENT	VenueConfidence=VERY_LOW	PerformanceScore=41.08	StrategyBonus=0.00	TossBonus=0.00	FinalScore=41.08	FinalDecision=NEGATIVE	DecisionConfidence=VERY_LOW	StrategySignal=NONE	TossSignal=NONE	VenueConfidence=VERY_LOW
Sheikh Zayed Stadium	Mumbai Indians	Delhi Capitals	VenueWin%=100.00	OverallWin%=54.29	VenueMatches=1	OverallMatches=35	Matches=1	Wins=1	Losses=0	Win%=100.00	TossWins=0	TossLosses=1	TossWinMatchWins=0	TossWinMatchLosses=0	TossConversion%=0.00	BatFirst=0	BatFirstWins=0	BatFirstWin%=0.00	FieldFirst=0	FieldFirstWins=0	FieldFirstWin%=0.00	OverallConfidence=VERY_STRONG	RecommendationSource=OVERALL_MATCHUP	Recommendation=OVERALL_MATCHUP_BALANCED	TossRecommendation=TOSS_DATA_INSUFFICIENT	StrategyRecommendation=BAT_FIELD_DATA_INSUFFICIENT	VenueConfidence=VERY_LOW	PerformanceScore=65.26	StrategyBonus=0.00	TossBonus=0.00	FinalScore=65.26	FinalDecision=POSITIVE	DecisionConfidence=VERY_LOW	StrategySignal=NONE	TossSignal=NONE	VenueConfidence=VERY_LOW
Sheikh Zayed Stadium	Mumbai Indians	Kolkata Knight Riders	VenueWin%=66.67	OverallWin%=67.65	VenueMatches=3	OverallMatches=34	Matches=3	Wins=2	Losses=1	Win%=66.67	TossWins=0	TossLosses=3	TossWinMatchWins=0	TossWinMatchLosses=0	TossConversion%=0.00	BatFirst=0	BatFirstWins=0	BatFirstWin%=0.00	FieldFirst=0	FieldFirstWins=0	FieldFirstWin%=0.00	OverallConfidence=VERY_STRONG	RecommendationSource=VENUE	Recommendation=VENUE_ADVANTAGE	TossRecommendation=TOSS_WIN_HAS_LOW_VALUE	StrategyRecommendation=BAT_FIELD_DATA_INSUFFICIENT	VenueConfidence=LOW	PerformanceScore=67.34	StrategyBonus=0.00	TossBonus=0.00	FinalScore=67.34	FinalDecision=POSITIVE	DecisionConfidence=LOW	StrategySignal=NONE	TossSignal=NONE	VenueConfidence=LOW
Sheikh Zayed Stadium	Mumbai Indians	Punjab Kings	VenueWin%=100.00	OverallWin%=53.12	VenueMatches=1	OverallMatches=32	Matches=1	Wins=1	Losses=0	Win%=100.00	TossWins=0	TossLosses=1	TossWinMatchWins=0	TossWinMatchLosses=0	TossConversion%=0.00	BatFirst=0	BatFirstWins=0	BatFirstWin%=0.00	FieldFirst=0	FieldFirstWins=0	FieldFirstWin%=0.00	OverallConfidence=VERY_STRONG	RecommendationSource=OVERALL_MATCHUP	Recommendation=OVERALL_MATCHUP_BALANCED	TossRecommendation=TOSS_DATA_INSUFFICIENT	StrategyRecommendation=BAT_FIELD_DATA_INSUFFICIENT	VenueConfidence=VERY_LOW	PerformanceScore=64.37	StrategyBonus=0.00	TossBonus=0.00	FinalScore=64.37	FinalDecision=POSITIVE	DecisionConfidence=VERY_LOW	StrategySignal=NONE	TossSignal=NONE	VenueConfidence=VERY_LOW
Sheikh Zayed Stadium	Mumbai Indians	Rajasthan Royals	VenueWin%=50.00	OverallWin%=51.72	VenueMatches=2	OverallMatches=29	Matches=2	Wins=1	Losses=1	Win%=50.00	TossWins=2	TossLosses=0	TossWinMatchWins=1	TossWinMatchLosses=1	TossConversion%=50.00	BatFirst=2	BatFirstWins=1	BatFirstWin%=50.00	FieldFirst=0	FieldFirstWins=0	FieldFirstWin%=0.00	OverallConfidence=VERY_STRONG	RecommendationSource=OVERALL_MATCHUP	Recommendation=OVERALL_MATCHUP_BALANCED	TossRecommendation=TOSS_DATA_INSUFFICIENT	StrategyRecommendation=BAT_FIELD_DATA_INSUFFICIENT	VenueConfidence=VERY_LOW	PerformanceScore=51.24	StrategyBonus=0.00	TossBonus=0.00	FinalScore=51.24	FinalDecision=BALANCED	DecisionConfidence=VERY_LOW	StrategySignal=NONE	TossSignal=NONE	VenueConfidence=VERY_LOW
Sheikh Zayed Stadium	Mumbai Indians	Royal Challengers Bengaluru	VenueWin%=100.00	OverallWin%=57.58	VenueMatches=1	OverallMatches=33	Matches=1	Wins=1	Losses=0	Win%=100.00	TossWins=1	TossLosses=0	TossWinMatchWins=1	TossWinMatchLosses=0	TossConversion%=100.00	BatFirst=0	BatFirstWins=0	BatFirstWin%=0.00	FieldFirst=1	FieldFirstWins=1	FieldFirstWin%=100.00	OverallConfidence=VERY_STRONG	RecommendationSource=OVERALL_MATCHUP	Recommendation=OVERALL_MATCHUP_ADVANTAGE	TossRecommendation=TOSS_DATA_INSUFFICIENT	StrategyRecommendation=BAT_FIELD_DATA_INSUFFICIENT	VenueConfidence=VERY_LOW	PerformanceScore=67.76	StrategyBonus=0.00	TossBonus=0.00	FinalScore=67.76	FinalDecision=POSITIVE	DecisionConfidence=VERY_LOW	StrategySignal=NONE	TossSignal=NONE	VenueConfidence=VERY_LOW
Sheikh Zayed Stadium	Punjab Kings	Chennai Super Kings	VenueWin%=50.00	OverallWin%=46.67	VenueMatches=2	OverallMatches=30	Matches=2	Wins=1	Losses=1	Win%=50.00	TossWins=0	TossLosses=2	TossWinMatchWins=0	TossWinMatchLosses=0	TossConversion%=0.00	BatFirst=0	BatFirstWins=0	BatFirstWin%=0.00	FieldFirst=0	FieldFirstWins=0	FieldFirstWin%=0.00	OverallConfidence=VERY_STRONG	RecommendationSource=OVERALL_MATCHUP	Recommendation=OVERALL_MATCHUP_BALANCED	TossRecommendation=TOSS_DATA_INSUFFICIENT	StrategyRecommendation=BAT_FIELD_DATA_INSUFFICIENT	VenueConfidence=VERY_LOW	PerformanceScore=47.60	StrategyBonus=0.00	TossBonus=0.00	FinalScore=47.60	FinalDecision=BALANCED	DecisionConfidence=VERY_LOW	StrategySignal=NONE	TossSignal=NONE	VenueConfidence=VERY_LOW
Sheikh Zayed Stadium	Punjab Kings	Kolkata Knight Riders	VenueWin%=50.00	OverallWin%=36.36	VenueMatches=2	OverallMatches=33	Matches=2	Wins=1	Losses=1	Win%=50.00	TossWins=0	TossLosses=2	TossWinMatchWins=0	TossWinMatchLosses=0	TossConversion%=0.00	BatFirst=0	BatFirstWins=0	BatFirstWin%=0.00	FieldFirst=0	FieldFirstWins=0	FieldFirstWin%=0.00	OverallConfidence=VERY_STRONG	RecommendationSource=OVERALL_MATCHUP	Recommendation=OVERALL_MATCHUP_DISADVANTAGE	TossRecommendation=TOSS_DATA_INSUFFICIENT	StrategyRecommendation=BAT_FIELD_DATA_INSUFFICIENT	VenueConfidence=VERY_LOW	PerformanceScore=40.18	StrategyBonus=0.00	TossBonus=0.00	FinalScore=40.18	FinalDecision=NEGATIVE	DecisionConfidence=VERY_LOW	StrategySignal=NONE	TossSignal=NONE	VenueConfidence=VERY_LOW
Sheikh Zayed Stadium	Punjab Kings	Mumbai Indians	VenueWin%=0.00	OverallWin%=46.88	VenueMatches=1	OverallMatches=32	Matches=1	Wins=0	Losses=1	Win%=0.00	TossWins=1	TossLosses=0	TossWinMatchWins=0	TossWinMatchLosses=1	TossConversion%=0.00	BatFirst=0	BatFirstWins=0	BatFirstWin%=0.00	FieldFirst=1	FieldFirstWins=0	FieldFirstWin%=0.00	OverallConfidence=VERY_STRONG	RecommendationSource=OVERALL_MATCHUP	Recommendation=OVERALL_MATCHUP_BALANCED	TossRecommendation=TOSS_DATA_INSUFFICIENT	StrategyRecommendation=BAT_FIELD_DATA_INSUFFICIENT	VenueConfidence=VERY_LOW	PerformanceScore=35.63	StrategyBonus=0.00	TossBonus=0.00	FinalScore=35.63	FinalDecision=NEGATIVE	DecisionConfidence=VERY_LOW	StrategySignal=NONE	TossSignal=NONE	VenueConfidence=VERY_LOW
Sheikh Zayed Stadium	Punjab Kings	Rajasthan Royals	VenueWin%=0.00	OverallWin%=42.86	VenueMatches=1	OverallMatches=28	Matches=1	Wins=0	Losses=1	Win%=0.00	TossWins=0	TossLosses=1	TossWinMatchWins=0	TossWinMatchLosses=0	TossConversion%=0.00	BatFirst=0	BatFirstWins=0	BatFirstWin%=0.00	FieldFirst=0	FieldFirstWins=0	FieldFirstWin%=0.00	OverallConfidence=VERY_STRONG	RecommendationSource=OVERALL_MATCHUP	Recommendation=OVERALL_MATCHUP_BALANCED	TossRecommendation=TOSS_DATA_INSUFFICIENT	StrategyRecommendation=BAT_FIELD_DATA_INSUFFICIENT	VenueConfidence=VERY_LOW	PerformanceScore=32.57	StrategyBonus=0.00	TossBonus=0.00	FinalScore=32.57	FinalDecision=NEGATIVE	DecisionConfidence=VERY_LOW	StrategySignal=NONE	TossSignal=NONE	VenueConfidence=VERY_LOW
Sheikh Zayed Stadium	Rajasthan Royals	Chennai Super Kings	VenueWin%=100.00	OverallWin%=44.83	VenueMatches=1	OverallMatches=29	Matches=1	Wins=1	Losses=0	Win%=100.00	TossWins=0	TossLosses=1	TossWinMatchWins=0	TossWinMatchLosses=0	TossConversion%=0.00	BatFirst=0	BatFirstWins=0	BatFirstWin%=0.00	FieldFirst=0	FieldFirstWins=0	FieldFirstWin%=0.00	OverallConfidence=VERY_STRONG	RecommendationSource=OVERALL_MATCHUP	Recommendation=OVERALL_MATCHUP_BALANCED	TossRecommendation=TOSS_DATA_INSUFFICIENT	StrategyRecommendation=BAT_FIELD_DATA_INSUFFICIENT	VenueConfidence=VERY_LOW	PerformanceScore=58.07	StrategyBonus=0.00	TossBonus=0.00	FinalScore=58.07	FinalDecision=BALANCED	DecisionConfidence=VERY_LOW	StrategySignal=NONE	TossSignal=NONE	VenueConfidence=VERY_LOW
Sheikh Zayed Stadium	Rajasthan Royals	Kolkata Knight Riders	VenueWin%=100.00	OverallWin%=50.00	VenueMatches=1	OverallMatches=28	Matches=1	Wins=1	Losses=0	Win%=100.00	TossWins=1	TossLosses=0	TossWinMatchWins=1	TossWinMatchLosses=0	TossConversion%=100.00	BatFirst=1	BatFirstWins=1	BatFirstWin%=100.00	FieldFirst=0	FieldFirstWins=0	FieldFirstWin%=0.00	OverallConfidence=VERY_STRONG	RecommendationSource=OVERALL_MATCHUP	Recommendation=OVERALL_MATCHUP_BALANCED	TossRecommendation=TOSS_DATA_INSUFFICIENT	StrategyRecommendation=BAT_FIELD_DATA_INSUFFICIENT	VenueConfidence=VERY_LOW	PerformanceScore=62.00	StrategyBonus=0.00	TossBonus=0.00	FinalScore=62.00	FinalDecision=POSITIVE	DecisionConfidence=VERY_LOW	StrategySignal=NONE	TossSignal=NONE	VenueConfidence=VERY_LOW
Sheikh Zayed Stadium	Rajasthan Royals	Mumbai Indians	VenueWin%=50.00	OverallWin%=48.28	VenueMatches=2	OverallMatches=29	Matches=2	Wins=1	Losses=1	Win%=50.00	TossWins=0	TossLosses=2	TossWinMatchWins=0	TossWinMatchLosses=0	TossConversion%=0.00	BatFirst=0	BatFirstWins=0	BatFirstWin%=0.00	FieldFirst=0	FieldFirstWins=0	FieldFirstWin%=0.00	OverallConfidence=VERY_STRONG	RecommendationSource=OVERALL_MATCHUP	Recommendation=OVERALL_MATCHUP_BALANCED	TossRecommendation=TOSS_DATA_INSUFFICIENT	StrategyRecommendation=BAT_FIELD_DATA_INSUFFICIENT	VenueConfidence=VERY_LOW	PerformanceScore=48.76	StrategyBonus=0.00	TossBonus=0.00	FinalScore=48.76	FinalDecision=BALANCED	DecisionConfidence=VERY_LOW	StrategySignal=NONE	TossSignal=NONE	VenueConfidence=VERY_LOW
Sheikh Zayed Stadium	Rajasthan Royals	Punjab Kings	VenueWin%=100.00	OverallWin%=57.14	VenueMatches=1	OverallMatches=28	Matches=1	Wins=1	Losses=0	Win%=100.00	TossWins=1	TossLosses=0	TossWinMatchWins=1	TossWinMatchLosses=0	TossConversion%=100.00	BatFirst=0	BatFirstWins=0	BatFirstWin%=0.00	FieldFirst=1	FieldFirstWins=1	FieldFirstWin%=100.00	OverallConfidence=VERY_STRONG	RecommendationSource=OVERALL_MATCHUP	Recommendation=OVERALL_MATCHUP_ADVANTAGE	TossRecommendation=TOSS_DATA_INSUFFICIENT	StrategyRecommendation=BAT_FIELD_DATA_INSUFFICIENT	VenueConfidence=VERY_LOW	PerformanceScore=67.43	StrategyBonus=0.00	TossBonus=0.00	FinalScore=67.43	FinalDecision=POSITIVE	DecisionConfidence=VERY_LOW	StrategySignal=NONE	TossSignal=NONE	VenueConfidence=VERY_LOW
Sheikh Zayed Stadium	Rajasthan Royals	Royal Challengers Bengaluru	VenueWin%=50.00	OverallWin%=45.16	VenueMatches=2	OverallMatches=31	Matches=2	Wins=1	Losses=1	Win%=50.00	TossWins=2	TossLosses=0	TossWinMatchWins=1	TossWinMatchLosses=1	TossConversion%=50.00	BatFirst=1	BatFirstWins=0	BatFirstWin%=0.00	FieldFirst=1	FieldFirstWins=1	FieldFirstWin%=100.00	OverallConfidence=VERY_STRONG	RecommendationSource=OVERALL_MATCHUP	Recommendation=OVERALL_MATCHUP_BALANCED	TossRecommendation=TOSS_DATA_INSUFFICIENT	StrategyRecommendation=BAT_FIELD_DATA_INSUFFICIENT	VenueConfidence=VERY_LOW	PerformanceScore=46.52	StrategyBonus=0.00	TossBonus=0.00	FinalScore=46.52	FinalDecision=BALANCED	DecisionConfidence=VERY_LOW	StrategySignal=NONE	TossSignal=NONE	VenueConfidence=VERY_LOW
Sheikh Zayed Stadium	Rajasthan Royals	Sunrisers Hyderabad	VenueWin%=100.00	OverallWin%=45.00	VenueMatches=1	OverallMatches=20	Matches=1	Wins=1	Losses=0	Win%=100.00	TossWins=1	TossLosses=0	TossWinMatchWins=1	TossWinMatchLosses=0	TossConversion%=100.00	BatFirst=0	BatFirstWins=0	BatFirstWin%=0.00	FieldFirst=1	FieldFirstWins=1	FieldFirstWin%=100.00	OverallConfidence=VERY_STRONG	RecommendationSource=OVERALL_MATCHUP	Recommendation=OVERALL_MATCHUP_BALANCED	TossRecommendation=TOSS_DATA_INSUFFICIENT	StrategyRecommendation=BAT_FIELD_DATA_INSUFFICIENT	VenueConfidence=VERY_LOW	PerformanceScore=58.20	StrategyBonus=0.00	TossBonus=0.00	FinalScore=58.20	FinalDecision=BALANCED	DecisionConfidence=VERY_LOW	StrategySignal=NONE	TossSignal=NONE	VenueConfidence=VERY_LOW
Sheikh Zayed Stadium	Royal Challengers Bengaluru	Delhi Capitals	VenueWin%=0.00	OverallWin%=61.29	VenueMatches=1	OverallMatches=31	Matches=1	Wins=0	Losses=1	Win%=0.00	TossWins=0	TossLosses=1	TossWinMatchWins=0	TossWinMatchLosses=0	TossConversion%=0.00	BatFirst=0	BatFirstWins=0	BatFirstWin%=0.00	FieldFirst=0	FieldFirstWins=0	FieldFirstWin%=0.00	OverallConfidence=VERY_STRONG	RecommendationSource=OVERALL_MATCHUP	Recommendation=OVERALL_MATCHUP_ADVANTAGE	TossRecommendation=TOSS_DATA_INSUFFICIENT	StrategyRecommendation=BAT_FIELD_DATA_INSUFFICIENT	VenueConfidence=VERY_LOW	PerformanceScore=46.58	StrategyBonus=0.00	TossBonus=0.00	FinalScore=46.58	FinalDecision=BALANCED	DecisionConfidence=VERY_LOW	StrategySignal=NONE	TossSignal=NONE	VenueConfidence=VERY_LOW
Sheikh Zayed Stadium	Royal Challengers Bengaluru	Kolkata Knight Riders	VenueWin%=100.00	OverallWin%=41.18	VenueMatches=1	OverallMatches=34	Matches=1	Wins=1	Losses=0	Win%=100.00	TossWins=0	TossLosses=1	TossWinMatchWins=0	TossWinMatchLosses=0	TossConversion%=0.00	BatFirst=0	BatFirstWins=0	BatFirstWin%=0.00	FieldFirst=0	FieldFirstWins=0	FieldFirstWin%=0.00	OverallConfidence=VERY_STRONG	RecommendationSource=OVERALL_MATCHUP	Recommendation=OVERALL_MATCHUP_BALANCED	TossRecommendation=TOSS_DATA_INSUFFICIENT	StrategyRecommendation=BAT_FIELD_DATA_INSUFFICIENT	VenueConfidence=VERY_LOW	PerformanceScore=55.30	StrategyBonus=0.00	TossBonus=0.00	FinalScore=55.30	FinalDecision=BALANCED	DecisionConfidence=VERY_LOW	StrategySignal=NONE	TossSignal=NONE	VenueConfidence=VERY_LOW
Sheikh Zayed Stadium	Royal Challengers Bengaluru	Mumbai Indians	VenueWin%=0.00	OverallWin%=42.42	VenueMatches=1	OverallMatches=33	Matches=1	Wins=0	Losses=1	Win%=0.00	TossWins=0	TossLosses=1	TossWinMatchWins=0	TossWinMatchLosses=0	TossConversion%=0.00	BatFirst=0	BatFirstWins=0	BatFirstWin%=0.00	FieldFirst=0	FieldFirstWins=0	FieldFirstWin%=0.00	OverallConfidence=VERY_STRONG	RecommendationSource=OVERALL_MATCHUP	Recommendation=OVERALL_MATCHUP_BALANCED	TossRecommendation=TOSS_DATA_INSUFFICIENT	StrategyRecommendation=BAT_FIELD_DATA_INSUFFICIENT	VenueConfidence=VERY_LOW	PerformanceScore=32.24	StrategyBonus=0.00	TossBonus=0.00	FinalScore=32.24	FinalDecision=NEGATIVE	DecisionConfidence=VERY_LOW	StrategySignal=NONE	TossSignal=NONE	VenueConfidence=VERY_LOW
Sheikh Zayed Stadium	Royal Challengers Bengaluru	Rajasthan Royals	VenueWin%=50.00	OverallWin%=48.39	VenueMatches=2	OverallMatches=31	Matches=2	Wins=1	Losses=1	Win%=50.00	TossWins=0	TossLosses=2	TossWinMatchWins=0	TossWinMatchLosses=0	TossConversion%=0.00	BatFirst=0	BatFirstWins=0	BatFirstWin%=0.00	FieldFirst=0	FieldFirstWins=0	FieldFirstWin%=0.00	OverallConfidence=VERY_STRONG	RecommendationSource=OVERALL_MATCHUP	Recommendation=OVERALL_MATCHUP_BALANCED	TossRecommendation=TOSS_DATA_INSUFFICIENT	StrategyRecommendation=BAT_FIELD_DATA_INSUFFICIENT	VenueConfidence=VERY_LOW	PerformanceScore=48.84	StrategyBonus=0.00	TossBonus=0.00	FinalScore=48.84	FinalDecision=BALANCED	DecisionConfidence=VERY_LOW	StrategySignal=NONE	TossSignal=NONE	VenueConfidence=VERY_LOW
Sheikh Zayed Stadium	Royal Challengers Bengaluru	Sunrisers Hyderabad	VenueWin%=0.00	OverallWin%=45.83	VenueMatches=1	OverallMatches=24	Matches=1	Wins=0	Losses=1	Win%=0.00	TossWins=0	TossLosses=1	TossWinMatchWins=0	TossWinMatchLosses=0	TossConversion%=0.00	BatFirst=0	BatFirstWins=0	BatFirstWin%=0.00	FieldFirst=0	FieldFirstWins=0	FieldFirstWin%=0.00	OverallConfidence=VERY_STRONG	RecommendationSource=OVERALL_MATCHUP	Recommendation=OVERALL_MATCHUP_BALANCED	TossRecommendation=TOSS_DATA_INSUFFICIENT	StrategyRecommendation=BAT_FIELD_DATA_INSUFFICIENT	VenueConfidence=VERY_LOW	PerformanceScore=34.83	StrategyBonus=0.00	TossBonus=0.00	FinalScore=34.83	FinalDecision=NEGATIVE	DecisionConfidence=VERY_LOW	StrategySignal=NONE	TossSignal=NONE	VenueConfidence=VERY_LOW
Sheikh Zayed Stadium	Sunrisers Hyderabad	Delhi Capitals	VenueWin%=50.00	OverallWin%=54.17	VenueMatches=2	OverallMatches=24	Matches=2	Wins=1	Losses=1	Win%=50.00	TossWins=0	TossLosses=2	TossWinMatchWins=0	TossWinMatchLosses=0	TossConversion%=0.00	BatFirst=0	BatFirstWins=0	BatFirstWin%=0.00	FieldFirst=0	FieldFirstWins=0	FieldFirstWin%=0.00	OverallConfidence=VERY_STRONG	RecommendationSource=OVERALL_MATCHUP	Recommendation=OVERALL_MATCHUP_BALANCED	TossRecommendation=TOSS_DATA_INSUFFICIENT	StrategyRecommendation=BAT_FIELD_DATA_INSUFFICIENT	VenueConfidence=VERY_LOW	PerformanceScore=53.00	StrategyBonus=0.00	TossBonus=0.00	FinalScore=53.00	FinalDecision=BALANCED	DecisionConfidence=VERY_LOW	StrategySignal=NONE	TossSignal=NONE	VenueConfidence=VERY_LOW
Sheikh Zayed Stadium	Sunrisers Hyderabad	Kolkata Knight Riders	VenueWin%=0.00	OverallWin%=32.14	VenueMatches=2	OverallMatches=28	Matches=2	Wins=0	Losses=2	Win%=0.00	TossWins=2	TossLosses=0	TossWinMatchWins=0	TossWinMatchLosses=2	TossConversion%=0.00	BatFirst=1	BatFirstWins=0	BatFirstWin%=0.00	FieldFirst=1	FieldFirstWins=0	FieldFirstWin%=0.00	OverallConfidence=VERY_STRONG	RecommendationSource=OVERALL_MATCHUP	Recommendation=OVERALL_MATCHUP_DISADVANTAGE	TossRecommendation=TOSS_DATA_INSUFFICIENT	StrategyRecommendation=BAT_FIELD_DATA_INSUFFICIENT	VenueConfidence=VERY_LOW	PerformanceScore=23.14	StrategyBonus=0.00	TossBonus=0.00	FinalScore=23.14	FinalDecision=STRONG_NEGATIVE	DecisionConfidence=VERY_LOW	StrategySignal=NONE	TossSignal=NONE	VenueConfidence=VERY_LOW
Sheikh Zayed Stadium	Sunrisers Hyderabad	Rajasthan Royals	VenueWin%=0.00	OverallWin%=55.00	VenueMatches=1	OverallMatches=20	Matches=1	Wins=0	Losses=1	Win%=0.00	TossWins=0	TossLosses=1	TossWinMatchWins=0	TossWinMatchLosses=0	TossConversion%=0.00	BatFirst=0	BatFirstWins=0	BatFirstWin%=0.00	FieldFirst=0	FieldFirstWins=0	FieldFirstWin%=0.00	OverallConfidence=VERY_STRONG	RecommendationSource=OVERALL_MATCHUP	Recommendation=OVERALL_MATCHUP_ADVANTAGE	TossRecommendation=TOSS_DATA_INSUFFICIENT	StrategyRecommendation=BAT_FIELD_DATA_INSUFFICIENT	VenueConfidence=VERY_LOW	PerformanceScore=41.80	StrategyBonus=0.00	TossBonus=0.00	FinalScore=41.80	FinalDecision=NEGATIVE	DecisionConfidence=VERY_LOW	StrategySignal=NONE	TossSignal=NONE	VenueConfidence=VERY_LOW
Sheikh Zayed Stadium	Sunrisers Hyderabad	Royal Challengers Bengaluru	VenueWin%=100.00	OverallWin%=54.17	VenueMatches=1	OverallMatches=24	Matches=1	Wins=1	Losses=0	Win%=100.00	TossWins=1	TossLosses=0	TossWinMatchWins=1	TossWinMatchLosses=0	TossConversion%=100.00	BatFirst=0	BatFirstWins=0	BatFirstWin%=0.00	FieldFirst=1	FieldFirstWins=1	FieldFirstWin%=100.00	OverallConfidence=VERY_STRONG	RecommendationSource=OVERALL_MATCHUP	Recommendation=OVERALL_MATCHUP_BALANCED	TossRecommendation=TOSS_DATA_INSUFFICIENT	StrategyRecommendation=BAT_FIELD_DATA_INSUFFICIENT	VenueConfidence=VERY_LOW	PerformanceScore=65.17	StrategyBonus=0.00	TossBonus=0.00	FinalScore=65.17	FinalDecision=POSITIVE	DecisionConfidence=VERY_LOW	StrategySignal=NONE	TossSignal=NONE	VenueConfidence=VERY_LOW
St George's Park	Chennai Super Kings	Mumbai Indians	VenueWin%=100.00	OverallWin%=45.95	VenueMatches=1	OverallMatches=37	Matches=1	Wins=1	Losses=0	Win%=100.00	TossWins=0	TossLosses=1	TossWinMatchWins=0	TossWinMatchLosses=0	TossConversion%=0.00	BatFirst=0	BatFirstWins=0	BatFirstWin%=0.00	FieldFirst=0	FieldFirstWins=0	FieldFirstWin%=0.00	OverallConfidence=VERY_STRONG	RecommendationSource=OVERALL_MATCHUP	Recommendation=OVERALL_MATCHUP_BALANCED	TossRecommendation=TOSS_DATA_INSUFFICIENT	StrategyRecommendation=BAT_FIELD_DATA_INSUFFICIENT	VenueConfidence=VERY_LOW	PerformanceScore=58.92	StrategyBonus=0.00	TossBonus=0.00	FinalScore=58.92	FinalDecision=BALANCED	DecisionConfidence=VERY_LOW	StrategySignal=NONE	TossSignal=NONE	VenueConfidence=VERY_LOW
St George's Park	Chennai Super Kings	Royal Challengers Bengaluru	VenueWin%=100.00	OverallWin%=65.62	VenueMatches=1	OverallMatches=32	Matches=1	Wins=1	Losses=0	Win%=100.00	TossWins=1	TossLosses=0	TossWinMatchWins=1	TossWinMatchLosses=0	TossConversion%=100.00	BatFirst=1	BatFirstWins=1	BatFirstWin%=100.00	FieldFirst=0	FieldFirstWins=0	FieldFirstWin%=0.00	OverallConfidence=VERY_STRONG	RecommendationSource=OVERALL_MATCHUP	Recommendation=OVERALL_MATCHUP_ADVANTAGE	TossRecommendation=TOSS_DATA_INSUFFICIENT	StrategyRecommendation=BAT_FIELD_DATA_INSUFFICIENT	VenueConfidence=VERY_LOW	PerformanceScore=73.87	StrategyBonus=0.00	TossBonus=0.00	FinalScore=73.87	FinalDecision=POSITIVE	DecisionConfidence=VERY_LOW	StrategySignal=NONE	TossSignal=NONE	VenueConfidence=VERY_LOW
St George's Park	Deccan Chargers	Rajasthan Royals	VenueWin%=0.00	OverallWin%=22.22	VenueMatches=1	OverallMatches=9	Matches=1	Wins=0	Losses=1	Win%=0.00	TossWins=1	TossLosses=0	TossWinMatchWins=0	TossWinMatchLosses=1	TossConversion%=0.00	BatFirst=1	BatFirstWins=0	BatFirstWin%=0.00	FieldFirst=0	FieldFirstWins=0	FieldFirstWin%=0.00	OverallConfidence=MODERATE	RecommendationSource=OVERALL_MATCHUP	Recommendation=OVERALL_MATCHUP_DISADVANTAGE	TossRecommendation=TOSS_DATA_INSUFFICIENT	StrategyRecommendation=BAT_FIELD_DATA_INSUFFICIENT	VenueConfidence=VERY_LOW	PerformanceScore=16.89	StrategyBonus=0.00	TossBonus=0.00	FinalScore=16.89	FinalDecision=STRONG_NEGATIVE	DecisionConfidence=VERY_LOW	StrategySignal=NONE	TossSignal=NONE	VenueConfidence=VERY_LOW
St George's Park	Delhi Capitals	Royal Challengers Bengaluru	VenueWin%=100.00	OverallWin%=35.48	VenueMatches=1	OverallMatches=31	Matches=1	Wins=1	Losses=0	Win%=100.00	TossWins=0	TossLosses=1	TossWinMatchWins=0	TossWinMatchLosses=0	TossConversion%=0.00	BatFirst=0	BatFirstWins=0	BatFirstWin%=0.00	FieldFirst=0	FieldFirstWins=0	FieldFirstWin%=0.00	OverallConfidence=VERY_STRONG	RecommendationSource=OVERALL_MATCHUP	Recommendation=OVERALL_MATCHUP_DISADVANTAGE	TossRecommendation=TOSS_DATA_INSUFFICIENT	StrategyRecommendation=BAT_FIELD_DATA_INSUFFICIENT	VenueConfidence=VERY_LOW	PerformanceScore=50.96	StrategyBonus=0.00	TossBonus=0.00	FinalScore=50.96	FinalDecision=BALANCED	DecisionConfidence=VERY_LOW	StrategySignal=NONE	TossSignal=NONE	VenueConfidence=VERY_LOW
St George's Park	Kolkata Knight Riders	Mumbai Indians	VenueWin%=0.00	OverallWin%=32.35	VenueMatches=1	OverallMatches=34	Matches=1	Wins=0	Losses=1	Win%=0.00	TossWins=0	TossLosses=1	TossWinMatchWins=0	TossWinMatchLosses=0	TossConversion%=0.00	BatFirst=0	BatFirstWins=0	BatFirstWin%=0.00	FieldFirst=0	FieldFirstWins=0	FieldFirstWin%=0.00	OverallConfidence=VERY_STRONG	RecommendationSource=OVERALL_MATCHUP	Recommendation=OVERALL_MATCHUP_DISADVANTAGE	TossRecommendation=TOSS_DATA_INSUFFICIENT	StrategyRecommendation=BAT_FIELD_DATA_INSUFFICIENT	VenueConfidence=VERY_LOW	PerformanceScore=24.59	StrategyBonus=0.00	TossBonus=0.00	FinalScore=24.59	FinalDecision=STRONG_NEGATIVE	DecisionConfidence=VERY_LOW	StrategySignal=NONE	TossSignal=NONE	VenueConfidence=VERY_LOW
St George's Park	Kolkata Knight Riders	Punjab Kings	VenueWin%=0.00	OverallWin%=63.64	VenueMatches=1	OverallMatches=33	Matches=1	Wins=0	Losses=1	Win%=0.00	TossWins=1	TossLosses=0	TossWinMatchWins=0	TossWinMatchLosses=1	TossConversion%=0.00	BatFirst=1	BatFirstWins=0	BatFirstWin%=0.00	FieldFirst=0	FieldFirstWins=0	FieldFirstWin%=0.00	OverallConfidence=VERY_STRONG	RecommendationSource=OVERALL_MATCHUP	Recommendation=OVERALL_MATCHUP_ADVANTAGE	TossRecommendation=TOSS_DATA_INSUFFICIENT	StrategyRecommendation=BAT_FIELD_DATA_INSUFFICIENT	VenueConfidence=VERY_LOW	PerformanceScore=48.37	StrategyBonus=0.00	TossBonus=0.00	FinalScore=48.37	FinalDecision=BALANCED	DecisionConfidence=VERY_LOW	StrategySignal=NONE	TossSignal=NONE	VenueConfidence=VERY_LOW
St George's Park	Mumbai Indians	Chennai Super Kings	VenueWin%=0.00	OverallWin%=54.05	VenueMatches=1	OverallMatches=37	Matches=1	Wins=0	Losses=1	Win%=0.00	TossWins=1	TossLosses=0	TossWinMatchWins=0	TossWinMatchLosses=1	TossConversion%=0.00	BatFirst=1	BatFirstWins=0	BatFirstWin%=0.00	FieldFirst=0	FieldFirstWins=0	FieldFirstWin%=0.00	OverallConfidence=VERY_STRONG	RecommendationSource=OVERALL_MATCHUP	Recommendation=OVERALL_MATCHUP_BALANCED	TossRecommendation=TOSS_DATA_INSUFFICIENT	StrategyRecommendation=BAT_FIELD_DATA_INSUFFICIENT	VenueConfidence=VERY_LOW	PerformanceScore=41.08	StrategyBonus=0.00	TossBonus=0.00	FinalScore=41.08	FinalDecision=NEGATIVE	DecisionConfidence=VERY_LOW	StrategySignal=NONE	TossSignal=NONE	VenueConfidence=VERY_LOW
St George's Park	Mumbai Indians	Kolkata Knight Riders	VenueWin%=100.00	OverallWin%=67.65	VenueMatches=1	OverallMatches=34	Matches=1	Wins=1	Losses=0	Win%=100.00	TossWins=1	TossLosses=0	TossWinMatchWins=1	TossWinMatchLosses=0	TossConversion%=100.00	BatFirst=1	BatFirstWins=1	BatFirstWin%=100.00	FieldFirst=0	FieldFirstWins=0	FieldFirstWin%=0.00	OverallConfidence=VERY_STRONG	RecommendationSource=OVERALL_MATCHUP	Recommendation=OVERALL_MATCHUP_ADVANTAGE	TossRecommendation=TOSS_DATA_INSUFFICIENT	StrategyRecommendation=BAT_FIELD_DATA_INSUFFICIENT	VenueConfidence=VERY_LOW	PerformanceScore=75.41	StrategyBonus=0.00	TossBonus=0.00	FinalScore=75.41	FinalDecision=STRONG_POSITIVE	DecisionConfidence=VERY_LOW	StrategySignal=NONE	TossSignal=NONE	VenueConfidence=VERY_LOW
St George's Park	Mumbai Indians	Royal Challengers Bengaluru	VenueWin%=100.00	OverallWin%=57.58	VenueMatches=1	OverallMatches=33	Matches=1	Wins=1	Losses=0	Win%=100.00	TossWins=1	TossLosses=0	TossWinMatchWins=1	TossWinMatchLosses=0	TossConversion%=100.00	BatFirst=1	BatFirstWins=1	BatFirstWin%=100.00	FieldFirst=0	FieldFirstWins=0	FieldFirstWin%=0.00	OverallConfidence=VERY_STRONG	RecommendationSource=OVERALL_MATCHUP	Recommendation=OVERALL_MATCHUP_ADVANTAGE	TossRecommendation=TOSS_DATA_INSUFFICIENT	StrategyRecommendation=BAT_FIELD_DATA_INSUFFICIENT	VenueConfidence=VERY_LOW	PerformanceScore=67.76	StrategyBonus=0.00	TossBonus=0.00	FinalScore=67.76	FinalDecision=POSITIVE	DecisionConfidence=VERY_LOW	StrategySignal=NONE	TossSignal=NONE	VenueConfidence=VERY_LOW
St George's Park	Punjab Kings	Kolkata Knight Riders	VenueWin%=100.00	OverallWin%=36.36	VenueMatches=1	OverallMatches=33	Matches=1	Wins=1	Losses=0	Win%=100.00	TossWins=0	TossLosses=1	TossWinMatchWins=0	TossWinMatchLosses=0	TossConversion%=0.00	BatFirst=0	BatFirstWins=0	BatFirstWin%=0.00	FieldFirst=0	FieldFirstWins=0	FieldFirstWin%=0.00	OverallConfidence=VERY_STRONG	RecommendationSource=OVERALL_MATCHUP	Recommendation=OVERALL_MATCHUP_DISADVANTAGE	TossRecommendation=TOSS_DATA_INSUFFICIENT	StrategyRecommendation=BAT_FIELD_DATA_INSUFFICIENT	VenueConfidence=VERY_LOW	PerformanceScore=51.63	StrategyBonus=0.00	TossBonus=0.00	FinalScore=51.63	FinalDecision=BALANCED	DecisionConfidence=VERY_LOW	StrategySignal=NONE	TossSignal=NONE	VenueConfidence=VERY_LOW
St George's Park	Rajasthan Royals	Deccan Chargers	VenueWin%=100.00	OverallWin%=77.78	VenueMatches=1	OverallMatches=9	Matches=1	Wins=1	Losses=0	Win%=100.00	TossWins=0	TossLosses=1	TossWinMatchWins=0	TossWinMatchLosses=0	TossConversion%=0.00	BatFirst=0	BatFirstWins=0	BatFirstWin%=0.00	FieldFirst=0	FieldFirstWins=0	FieldFirstWin%=0.00	OverallConfidence=MODERATE	RecommendationSource=OVERALL_MATCHUP	Recommendation=OVERALL_MATCHUP_STRONG_ADVANTAGE	TossRecommendation=TOSS_DATA_INSUFFICIENT	StrategyRecommendation=BAT_FIELD_DATA_INSUFFICIENT	VenueConfidence=VERY_LOW	PerformanceScore=83.11	StrategyBonus=0.00	TossBonus=0.00	FinalScore=83.11	FinalDecision=STRONG_POSITIVE	DecisionConfidence=VERY_LOW	StrategySignal=NONE	TossSignal=NONE	VenueConfidence=VERY_LOW
St George's Park	Royal Challengers Bengaluru	Chennai Super Kings	VenueWin%=0.00	OverallWin%=34.38	VenueMatches=1	OverallMatches=32	Matches=1	Wins=0	Losses=1	Win%=0.00	TossWins=0	TossLosses=1	TossWinMatchWins=0	TossWinMatchLosses=0	TossConversion%=0.00	BatFirst=0	BatFirstWins=0	BatFirstWin%=0.00	FieldFirst=0	FieldFirstWins=0	FieldFirstWin%=0.00	OverallConfidence=VERY_STRONG	RecommendationSource=OVERALL_MATCHUP	Recommendation=OVERALL_MATCHUP_DISADVANTAGE	TossRecommendation=TOSS_DATA_INSUFFICIENT	StrategyRecommendation=BAT_FIELD_DATA_INSUFFICIENT	VenueConfidence=VERY_LOW	PerformanceScore=26.13	StrategyBonus=0.00	TossBonus=0.00	FinalScore=26.13	FinalDecision=STRONG_NEGATIVE	DecisionConfidence=VERY_LOW	StrategySignal=NONE	TossSignal=NONE	VenueConfidence=VERY_LOW
St George's Park	Royal Challengers Bengaluru	Delhi Capitals	VenueWin%=0.00	OverallWin%=61.29	VenueMatches=1	OverallMatches=31	Matches=1	Wins=0	Losses=1	Win%=0.00	TossWins=1	TossLosses=0	TossWinMatchWins=0	TossWinMatchLosses=1	TossConversion%=0.00	BatFirst=1	BatFirstWins=0	BatFirstWin%=0.00	FieldFirst=0	FieldFirstWins=0	FieldFirstWin%=0.00	OverallConfidence=VERY_STRONG	RecommendationSource=OVERALL_MATCHUP	Recommendation=OVERALL_MATCHUP_ADVANTAGE	TossRecommendation=TOSS_DATA_INSUFFICIENT	StrategyRecommendation=BAT_FIELD_DATA_INSUFFICIENT	VenueConfidence=VERY_LOW	PerformanceScore=46.58	StrategyBonus=0.00	TossBonus=0.00	FinalScore=46.58	FinalDecision=BALANCED	DecisionConfidence=VERY_LOW	StrategySignal=NONE	TossSignal=NONE	VenueConfidence=VERY_LOW
St George's Park	Royal Challengers Bengaluru	Mumbai Indians	VenueWin%=0.00	OverallWin%=42.42	VenueMatches=1	OverallMatches=33	Matches=1	Wins=0	Losses=1	Win%=0.00	TossWins=0	TossLosses=1	TossWinMatchWins=0	TossWinMatchLosses=0	TossConversion%=0.00	BatFirst=0	BatFirstWins=0	BatFirstWin%=0.00	FieldFirst=0	FieldFirstWins=0	FieldFirstWin%=0.00	OverallConfidence=VERY_STRONG	RecommendationSource=OVERALL_MATCHUP	Recommendation=OVERALL_MATCHUP_BALANCED	TossRecommendation=TOSS_DATA_INSUFFICIENT	StrategyRecommendation=BAT_FIELD_DATA_INSUFFICIENT	VenueConfidence=VERY_LOW	PerformanceScore=32.24	StrategyBonus=0.00	TossBonus=0.00	FinalScore=32.24	FinalDecision=NEGATIVE	DecisionConfidence=VERY_LOW	StrategySignal=NONE	TossSignal=NONE	VenueConfidence=VERY_LOW
Subrata Roy Sahara Stadium	Chennai Super Kings	Pune Warriors	VenueWin%=50.00	OverallWin%=66.67	VenueMatches=2	OverallMatches=6	Matches=2	Wins=1	Losses=1	Win%=50.00	TossWins=2	TossLosses=0	TossWinMatchWins=1	TossWinMatchLosses=1	TossConversion%=50.00	BatFirst=2	BatFirstWins=1	BatFirstWin%=50.00	FieldFirst=0	FieldFirstWins=0	FieldFirstWin%=0.00	OverallConfidence=MODERATE	RecommendationSource=OVERALL_MATCHUP	Recommendation=OVERALL_MATCHUP_ADVANTAGE	TossRecommendation=TOSS_DATA_INSUFFICIENT	StrategyRecommendation=BAT_FIELD_DATA_INSUFFICIENT	VenueConfidence=VERY_LOW	PerformanceScore=62.00	StrategyBonus=0.00	TossBonus=0.00	FinalScore=62.00	FinalDecision=POSITIVE	DecisionConfidence=VERY_LOW	StrategySignal=NONE	TossSignal=NONE	VenueConfidence=VERY_LOW
Subrata Roy Sahara Stadium	Deccan Chargers	Pune Warriors	VenueWin%=100.00	OverallWin%=75.00	VenueMatches=1	OverallMatches=4	Matches=1	Wins=1	Losses=0	Win%=100.00	TossWins=1	TossLosses=0	TossWinMatchWins=1	TossWinMatchLosses=0	TossConversion%=100.00	BatFirst=1	BatFirstWins=1	BatFirstWin%=100.00	FieldFirst=0	FieldFirstWins=0	FieldFirstWin%=0.00	OverallConfidence=LOW	RecommendationSource=OVERALL_MATCHUP	Recommendation=OVERALL_MATCHUP_STRONG_ADVANTAGE	TossRecommendation=TOSS_DATA_INSUFFICIENT	StrategyRecommendation=BAT_FIELD_DATA_INSUFFICIENT	VenueConfidence=VERY_LOW	PerformanceScore=81.00	StrategyBonus=0.00	TossBonus=0.00	FinalScore=81.00	FinalDecision=STRONG_POSITIVE	DecisionConfidence=VERY_LOW	StrategySignal=NONE	TossSignal=NONE	VenueConfidence=VERY_LOW
Subrata Roy Sahara Stadium	Delhi Capitals	Kolkata Knight Riders	VenueWin%=0.00	OverallWin%=45.45	VenueMatches=1	OverallMatches=33	Matches=1	Wins=0	Losses=1	Win%=0.00	TossWins=0	TossLosses=1	TossWinMatchWins=0	TossWinMatchLosses=0	TossConversion%=0.00	BatFirst=0	BatFirstWins=0	BatFirstWin%=0.00	FieldFirst=0	FieldFirstWins=0	FieldFirstWin%=0.00	OverallConfidence=VERY_STRONG	RecommendationSource=OVERALL_MATCHUP	Recommendation=OVERALL_MATCHUP_BALANCED	TossRecommendation=TOSS_DATA_INSUFFICIENT	StrategyRecommendation=BAT_FIELD_DATA_INSUFFICIENT	VenueConfidence=VERY_LOW	PerformanceScore=34.54	StrategyBonus=0.00	TossBonus=0.00	FinalScore=34.54	FinalDecision=NEGATIVE	DecisionConfidence=VERY_LOW	StrategySignal=NONE	TossSignal=NONE	VenueConfidence=VERY_LOW
Subrata Roy Sahara Stadium	Delhi Capitals	Pune Warriors	VenueWin%=50.00	OverallWin%=50.00	VenueMatches=2	OverallMatches=6	Matches=2	Wins=1	Losses=1	Win%=50.00	TossWins=0	TossLosses=2	TossWinMatchWins=0	TossWinMatchLosses=0	TossConversion%=0.00	BatFirst=0	BatFirstWins=0	BatFirstWin%=0.00	FieldFirst=0	FieldFirstWins=0	FieldFirstWin%=0.00	OverallConfidence=MODERATE	RecommendationSource=OVERALL_MATCHUP	Recommendation=OVERALL_MATCHUP_BALANCED	TossRecommendation=TOSS_DATA_INSUFFICIENT	StrategyRecommendation=BAT_FIELD_DATA_INSUFFICIENT	VenueConfidence=VERY_LOW	PerformanceScore=50.00	StrategyBonus=0.00	TossBonus=0.00	FinalScore=50.00	FinalDecision=BALANCED	DecisionConfidence=VERY_LOW	StrategySignal=NONE	TossSignal=NONE	VenueConfidence=VERY_LOW
Subrata Roy Sahara Stadium	Kolkata Knight Riders	Delhi Capitals	VenueWin%=100.00	OverallWin%=54.55	VenueMatches=1	OverallMatches=33	Matches=1	Wins=1	Losses=0	Win%=100.00	TossWins=1	TossLosses=0	TossWinMatchWins=1	TossWinMatchLosses=0	TossConversion%=100.00	BatFirst=1	BatFirstWins=1	BatFirstWin%=100.00	FieldFirst=0	FieldFirstWins=0	FieldFirstWin%=0.00	OverallConfidence=VERY_STRONG	RecommendationSource=OVERALL_MATCHUP	Recommendation=OVERALL_MATCHUP_BALANCED	TossRecommendation=TOSS_DATA_INSUFFICIENT	StrategyRecommendation=BAT_FIELD_DATA_INSUFFICIENT	VenueConfidence=VERY_LOW	PerformanceScore=65.46	StrategyBonus=0.00	TossBonus=0.00	FinalScore=65.46	FinalDecision=POSITIVE	DecisionConfidence=VERY_LOW	StrategySignal=NONE	TossSignal=NONE	VenueConfidence=VERY_LOW
Subrata Roy Sahara Stadium	Kolkata Knight Riders	Pune Warriors	VenueWin%=100.00	OverallWin%=80.00	VenueMatches=2	OverallMatches=5	Matches=2	Wins=2	Losses=0	Win%=100.00	TossWins=2	TossLosses=0	TossWinMatchWins=2	TossWinMatchLosses=0	TossConversion%=100.00	BatFirst=2	BatFirstWins=2	BatFirstWin%=100.00	FieldFirst=0	FieldFirstWins=0	FieldFirstWin%=0.00	OverallConfidence=MODERATE	RecommendationSource=OVERALL_MATCHUP	Recommendation=OVERALL_MATCHUP_STRONG_ADVANTAGE	TossRecommendation=TOSS_DATA_INSUFFICIENT	StrategyRecommendation=BAT_FIELD_DATA_INSUFFICIENT	VenueConfidence=VERY_LOW	PerformanceScore=85.60	StrategyBonus=0.00	TossBonus=0.00	FinalScore=85.60	FinalDecision=STRONG_POSITIVE	DecisionConfidence=VERY_LOW	StrategySignal=NONE	TossSignal=NONE	VenueConfidence=VERY_LOW
Subrata Roy Sahara Stadium	Mumbai Indians	Pune Warriors	VenueWin%=100.00	OverallWin%=83.33	VenueMatches=2	OverallMatches=6	Matches=2	Wins=2	Losses=0	Win%=100.00	TossWins=1	TossLosses=1	TossWinMatchWins=1	TossWinMatchLosses=0	TossConversion%=100.00	BatFirst=1	BatFirstWins=1	BatFirstWin%=100.00	FieldFirst=0	FieldFirstWins=0	FieldFirstWin%=0.00	OverallConfidence=MODERATE	RecommendationSource=OVERALL_MATCHUP	Recommendation=OVERALL_MATCHUP_STRONG_ADVANTAGE	TossRecommendation=TOSS_DATA_INSUFFICIENT	StrategyRecommendation=BAT_FIELD_DATA_INSUFFICIENT	VenueConfidence=VERY_LOW	PerformanceScore=88.00	StrategyBonus=0.00	TossBonus=0.00	FinalScore=88.00	FinalDecision=STRONG_POSITIVE	DecisionConfidence=VERY_LOW	StrategySignal=NONE	TossSignal=NONE	VenueConfidence=VERY_LOW
Subrata Roy Sahara Stadium	Pune Warriors	Chennai Super Kings	VenueWin%=50.00	OverallWin%=33.33	VenueMatches=2	OverallMatches=6	Matches=2	Wins=1	Losses=1	Win%=50.00	TossWins=0	TossLosses=2	TossWinMatchWins=0	TossWinMatchLosses=0	TossConversion%=0.00	BatFirst=0	BatFirstWins=0	BatFirstWin%=0.00	FieldFirst=0	FieldFirstWins=0	FieldFirstWin%=0.00	OverallConfidence=MODERATE	RecommendationSource=OVERALL_MATCHUP	Recommendation=OVERALL_MATCHUP_DISADVANTAGE	TossRecommendation=TOSS_DATA_INSUFFICIENT	StrategyRecommendation=BAT_FIELD_DATA_INSUFFICIENT	VenueConfidence=VERY_LOW	PerformanceScore=38.00	StrategyBonus=0.00	TossBonus=0.00	FinalScore=38.00	FinalDecision=NEGATIVE	DecisionConfidence=VERY_LOW	StrategySignal=NONE	TossSignal=NONE	VenueConfidence=VERY_LOW
Subrata Roy Sahara Stadium	Pune Warriors	Deccan Chargers	VenueWin%=0.00	OverallWin%=25.00	VenueMatches=1	OverallMatches=4	Matches=1	Wins=0	Losses=1	Win%=0.00	TossWins=0	TossLosses=1	TossWinMatchWins=0	TossWinMatchLosses=0	TossConversion%=0.00	BatFirst=0	BatFirstWins=0	BatFirstWin%=0.00	FieldFirst=0	FieldFirstWins=0	FieldFirstWin%=0.00	OverallConfidence=LOW	RecommendationSource=OVERALL_MATCHUP	Recommendation=OVERALL_MATCHUP_DISADVANTAGE	TossRecommendation=TOSS_DATA_INSUFFICIENT	StrategyRecommendation=BAT_FIELD_DATA_INSUFFICIENT	VenueConfidence=VERY_LOW	PerformanceScore=19.00	StrategyBonus=0.00	TossBonus=0.00	FinalScore=19.00	FinalDecision=STRONG_NEGATIVE	DecisionConfidence=VERY_LOW	StrategySignal=NONE	TossSignal=NONE	VenueConfidence=VERY_LOW
Subrata Roy Sahara Stadium	Pune Warriors	Delhi Capitals	VenueWin%=50.00	OverallWin%=33.33	VenueMatches=2	OverallMatches=6	Matches=2	Wins=1	Losses=1	Win%=50.00	TossWins=2	TossLosses=0	TossWinMatchWins=1	TossWinMatchLosses=1	TossConversion%=50.00	BatFirst=2	BatFirstWins=1	BatFirstWin%=50.00	FieldFirst=0	FieldFirstWins=0	FieldFirstWin%=0.00	OverallConfidence=MODERATE	RecommendationSource=OVERALL_MATCHUP	Recommendation=OVERALL_MATCHUP_DISADVANTAGE	TossRecommendation=TOSS_DATA_INSUFFICIENT	StrategyRecommendation=BAT_FIELD_DATA_INSUFFICIENT	VenueConfidence=VERY_LOW	PerformanceScore=38.00	StrategyBonus=0.00	TossBonus=0.00	FinalScore=38.00	FinalDecision=NEGATIVE	DecisionConfidence=VERY_LOW	StrategySignal=NONE	TossSignal=NONE	VenueConfidence=VERY_LOW
Subrata Roy Sahara Stadium	Pune Warriors	Kolkata Knight Riders	VenueWin%=0.00	OverallWin%=20.00	VenueMatches=2	OverallMatches=5	Matches=2	Wins=0	Losses=2	Win%=0.00	TossWins=0	TossLosses=2	TossWinMatchWins=0	TossWinMatchLosses=0	TossConversion%=0.00	BatFirst=0	BatFirstWins=0	BatFirstWin%=0.00	FieldFirst=0	FieldFirstWins=0	FieldFirstWin%=0.00	OverallConfidence=MODERATE	RecommendationSource=OVERALL_MATCHUP	Recommendation=OVERALL_MATCHUP_DISADVANTAGE	TossRecommendation=TOSS_DATA_INSUFFICIENT	StrategyRecommendation=BAT_FIELD_DATA_INSUFFICIENT	VenueConfidence=VERY_LOW	PerformanceScore=14.40	StrategyBonus=0.00	TossBonus=0.00	FinalScore=14.40	FinalDecision=STRONG_NEGATIVE	DecisionConfidence=VERY_LOW	StrategySignal=NONE	TossSignal=NONE	VenueConfidence=VERY_LOW
Subrata Roy Sahara Stadium	Pune Warriors	Mumbai Indians	VenueWin%=0.00	OverallWin%=16.67	VenueMatches=2	OverallMatches=6	Matches=2	Wins=0	Losses=2	Win%=0.00	TossWins=1	TossLosses=1	TossWinMatchWins=0	TossWinMatchLosses=1	TossConversion%=0.00	BatFirst=1	BatFirstWins=0	BatFirstWin%=0.00	FieldFirst=0	FieldFirstWins=0	FieldFirstWin%=0.00	OverallConfidence=MODERATE	RecommendationSource=OVERALL_MATCHUP	Recommendation=OVERALL_MATCHUP_DISADVANTAGE	TossRecommendation=TOSS_DATA_INSUFFICIENT	StrategyRecommendation=BAT_FIELD_DATA_INSUFFICIENT	VenueConfidence=VERY_LOW	PerformanceScore=12.00	StrategyBonus=0.00	TossBonus=0.00	FinalScore=12.00	FinalDecision=STRONG_NEGATIVE	DecisionConfidence=VERY_LOW	StrategySignal=NONE	TossSignal=NONE	VenueConfidence=VERY_LOW
Subrata Roy Sahara Stadium	Pune Warriors	Punjab Kings	VenueWin%=50.00	OverallWin%=50.00	VenueMatches=2	OverallMatches=6	Matches=2	Wins=1	Losses=1	Win%=50.00	TossWins=2	TossLosses=0	TossWinMatchWins=1	TossWinMatchLosses=1	TossConversion%=50.00	BatFirst=2	BatFirstWins=1	BatFirstWin%=50.00	FieldFirst=0	FieldFirstWins=0	FieldFirstWin%=0.00	OverallConfidence=MODERATE	RecommendationSource=OVERALL_MATCHUP	Recommendation=OVERALL_MATCHUP_BALANCED	TossRecommendation=TOSS_DATA_INSUFFICIENT	StrategyRecommendation=BAT_FIELD_DATA_INSUFFICIENT	VenueConfidence=VERY_LOW	PerformanceScore=50.00	StrategyBonus=0.00	TossBonus=0.00	FinalScore=50.00	FinalDecision=BALANCED	DecisionConfidence=VERY_LOW	StrategySignal=NONE	TossSignal=NONE	VenueConfidence=VERY_LOW
Subrata Roy Sahara Stadium	Pune Warriors	Rajasthan Royals	VenueWin%=50.00	OverallWin%=20.00	VenueMatches=2	OverallMatches=5	Matches=2	Wins=1	Losses=1	Win%=50.00	TossWins=1	TossLosses=1	TossWinMatchWins=0	TossWinMatchLosses=1	TossConversion%=0.00	BatFirst=1	BatFirstWins=0	BatFirstWin%=0.00	FieldFirst=0	FieldFirstWins=0	FieldFirstWin%=0.00	OverallConfidence=MODERATE	RecommendationSource=OVERALL_MATCHUP	Recommendation=OVERALL_MATCHUP_DISADVANTAGE	TossRecommendation=TOSS_DATA_INSUFFICIENT	StrategyRecommendation=BAT_FIELD_DATA_INSUFFICIENT	VenueConfidence=VERY_LOW	PerformanceScore=28.40	StrategyBonus=0.00	TossBonus=0.00	FinalScore=28.40	FinalDecision=STRONG_NEGATIVE	DecisionConfidence=VERY_LOW	StrategySignal=NONE	TossSignal=NONE	VenueConfidence=VERY_LOW
Subrata Roy Sahara Stadium	Pune Warriors	Royal Challengers Bengaluru	VenueWin%=0.00	OverallWin%=0.00	VenueMatches=2	OverallMatches=5	Matches=2	Wins=0	Losses=2	Win%=0.00	TossWins=1	TossLosses=1	TossWinMatchWins=0	TossWinMatchLosses=1	TossConversion%=0.00	BatFirst=0	BatFirstWins=0	BatFirstWin%=0.00	FieldFirst=1	FieldFirstWins=0	FieldFirstWin%=0.00	OverallConfidence=MODERATE	RecommendationSource=OVERALL_MATCHUP	Recommendation=OVERALL_MATCHUP_DISADVANTAGE	TossRecommendation=TOSS_DATA_INSUFFICIENT	StrategyRecommendation=BAT_FIELD_DATA_INSUFFICIENT	VenueConfidence=VERY_LOW	PerformanceScore=0.00	StrategyBonus=0.00	TossBonus=0.00	FinalScore=0.00	FinalDecision=STRONG_NEGATIVE	DecisionConfidence=VERY_LOW	StrategySignal=NONE	TossSignal=NONE	VenueConfidence=VERY_LOW
Subrata Roy Sahara Stadium	Punjab Kings	Pune Warriors	VenueWin%=50.00	OverallWin%=50.00	VenueMatches=2	OverallMatches=6	Matches=2	Wins=1	Losses=1	Win%=50.00	TossWins=0	TossLosses=2	TossWinMatchWins=0	TossWinMatchLosses=0	TossConversion%=0.00	BatFirst=0	BatFirstWins=0	BatFirstWin%=0.00	FieldFirst=0	FieldFirstWins=0	FieldFirstWin%=0.00	OverallConfidence=MODERATE	RecommendationSource=OVERALL_MATCHUP	Recommendation=OVERALL_MATCHUP_BALANCED	TossRecommendation=TOSS_DATA_INSUFFICIENT	StrategyRecommendation=BAT_FIELD_DATA_INSUFFICIENT	VenueConfidence=VERY_LOW	PerformanceScore=50.00	StrategyBonus=0.00	TossBonus=0.00	FinalScore=50.00	FinalDecision=BALANCED	DecisionConfidence=VERY_LOW	StrategySignal=NONE	TossSignal=NONE	VenueConfidence=VERY_LOW
Subrata Roy Sahara Stadium	Rajasthan Royals	Pune Warriors	VenueWin%=50.00	OverallWin%=80.00	VenueMatches=2	OverallMatches=5	Matches=2	Wins=1	Losses=1	Win%=50.00	TossWins=1	TossLosses=1	TossWinMatchWins=0	TossWinMatchLosses=1	TossConversion%=0.00	BatFirst=1	BatFirstWins=0	BatFirstWin%=0.00	FieldFirst=0	FieldFirstWins=0	FieldFirstWin%=0.00	OverallConfidence=MODERATE	RecommendationSource=OVERALL_MATCHUP	Recommendation=OVERALL_MATCHUP_STRONG_ADVANTAGE	TossRecommendation=TOSS_DATA_INSUFFICIENT	StrategyRecommendation=BAT_FIELD_DATA_INSUFFICIENT	VenueConfidence=VERY_LOW	PerformanceScore=71.60	StrategyBonus=0.00	TossBonus=0.00	FinalScore=71.60	FinalDecision=POSITIVE	DecisionConfidence=VERY_LOW	StrategySignal=NONE	TossSignal=NONE	VenueConfidence=VERY_LOW
Subrata Roy Sahara Stadium	Royal Challengers Bengaluru	Pune Warriors	VenueWin%=100.00	OverallWin%=100.00	VenueMatches=2	OverallMatches=5	Matches=2	Wins=2	Losses=0	Win%=100.00	TossWins=1	TossLosses=1	TossWinMatchWins=1	TossWinMatchLosses=0	TossConversion%=100.00	BatFirst=1	BatFirstWins=1	BatFirstWin%=100.00	FieldFirst=0	FieldFirstWins=0	FieldFirstWin%=0.00	OverallConfidence=MODERATE	RecommendationSource=OVERALL_MATCHUP	Recommendation=OVERALL_MATCHUP_STRONG_ADVANTAGE	TossRecommendation=TOSS_DATA_INSUFFICIENT	StrategyRecommendation=BAT_FIELD_DATA_INSUFFICIENT	VenueConfidence=VERY_LOW	PerformanceScore=100.00	StrategyBonus=0.00	TossBonus=0.00	FinalScore=100.00	FinalDecision=STRONG_POSITIVE	DecisionConfidence=VERY_LOW	StrategySignal=NONE	TossSignal=NONE	VenueConfidence=VERY_LOW
SuperSport Park	Chennai Super Kings	Kolkata Knight Riders	VenueWin%=0.00	OverallWin%=65.52	VenueMatches=1	OverallMatches=29	Matches=1	Wins=0	Losses=1	Win%=0.00	TossWins=1	TossLosses=0	TossWinMatchWins=0	TossWinMatchLosses=1	TossConversion%=0.00	BatFirst=1	BatFirstWins=0	BatFirstWin%=0.00	FieldFirst=0	FieldFirstWins=0	FieldFirstWin%=0.00	OverallConfidence=VERY_STRONG	RecommendationSource=OVERALL_MATCHUP	Recommendation=OVERALL_MATCHUP_ADVANTAGE	TossRecommendation=TOSS_DATA_INSUFFICIENT	StrategyRecommendation=BAT_FIELD_DATA_INSUFFICIENT	VenueConfidence=VERY_LOW	PerformanceScore=49.80	StrategyBonus=0.00	TossBonus=0.00	FinalScore=49.80	FinalDecision=BALANCED	DecisionConfidence=VERY_LOW	StrategySignal=NONE	TossSignal=NONE	VenueConfidence=VERY_LOW
SuperSport Park	Chennai Super Kings	Punjab Kings	VenueWin%=100.00	OverallWin%=53.33	VenueMatches=1	OverallMatches=30	Matches=1	Wins=1	Losses=0	Win%=100.00	TossWins=1	TossLosses=0	TossWinMatchWins=1	TossWinMatchLosses=0	TossConversion%=100.00	BatFirst=1	BatFirstWins=1	BatFirstWin%=100.00	FieldFirst=0	FieldFirstWins=0	FieldFirstWin%=0.00	OverallConfidence=VERY_STRONG	RecommendationSource=OVERALL_MATCHUP	Recommendation=OVERALL_MATCHUP_BALANCED	TossRecommendation=TOSS_DATA_INSUFFICIENT	StrategyRecommendation=BAT_FIELD_DATA_INSUFFICIENT	VenueConfidence=VERY_LOW	PerformanceScore=64.53	StrategyBonus=0.00	TossBonus=0.00	FinalScore=64.53	FinalDecision=POSITIVE	DecisionConfidence=VERY_LOW	StrategySignal=NONE	TossSignal=NONE	VenueConfidence=VERY_LOW
SuperSport Park	Chennai Super Kings	Rajasthan Royals	VenueWin%=100.00	OverallWin%=55.17	VenueMatches=1	OverallMatches=29	Matches=1	Wins=1	Losses=0	Win%=100.00	TossWins=0	TossLosses=1	TossWinMatchWins=0	TossWinMatchLosses=0	TossConversion%=0.00	BatFirst=0	BatFirstWins=0	BatFirstWin%=0.00	FieldFirst=0	FieldFirstWins=0	FieldFirstWin%=0.00	OverallConfidence=VERY_STRONG	RecommendationSource=OVERALL_MATCHUP	Recommendation=OVERALL_MATCHUP_ADVANTAGE	TossRecommendation=TOSS_DATA_INSUFFICIENT	StrategyRecommendation=BAT_FIELD_DATA_INSUFFICIENT	VenueConfidence=VERY_LOW	PerformanceScore=65.93	StrategyBonus=0.00	TossBonus=0.00	FinalScore=65.93	FinalDecision=POSITIVE	DecisionConfidence=VERY_LOW	StrategySignal=NONE	TossSignal=NONE	VenueConfidence=VERY_LOW
SuperSport Park	Deccan Chargers	Delhi Capitals	VenueWin%=50.00	OverallWin%=36.36	VenueMatches=2	OverallMatches=11	Matches=2	Wins=1	Losses=1	Win%=50.00	TossWins=1	TossLosses=1	TossWinMatchWins=1	TossWinMatchLosses=0	TossConversion%=100.00	BatFirst=0	BatFirstWins=0	BatFirstWin%=0.00	FieldFirst=1	FieldFirstWins=1	FieldFirstWin%=100.00	OverallConfidence=STRONG	RecommendationSource=OVERALL_MATCHUP	Recommendation=OVERALL_MATCHUP_DISADVANTAGE	TossRecommendation=TOSS_DATA_INSUFFICIENT	StrategyRecommendation=BAT_FIELD_DATA_INSUFFICIENT	VenueConfidence=VERY_LOW	PerformanceScore=40.18	StrategyBonus=0.00	TossBonus=0.00	FinalScore=40.18	FinalDecision=NEGATIVE	DecisionConfidence=VERY_LOW	StrategySignal=NONE	TossSignal=NONE	VenueConfidence=VERY_LOW
SuperSport Park	Deccan Chargers	Mumbai Indians	VenueWin%=100.00	OverallWin%=40.00	VenueMatches=1	OverallMatches=10	Matches=1	Wins=1	Losses=0	Win%=100.00	TossWins=1	TossLosses=0	TossWinMatchWins=1	TossWinMatchLosses=0	TossConversion%=100.00	BatFirst=1	BatFirstWins=1	BatFirstWin%=100.00	FieldFirst=0	FieldFirstWins=0	FieldFirstWin%=0.00	OverallConfidence=STRONG	RecommendationSource=OVERALL_MATCHUP	Recommendation=OVERALL_MATCHUP_DISADVANTAGE	TossRecommendation=TOSS_DATA_INSUFFICIENT	StrategyRecommendation=BAT_FIELD_DATA_INSUFFICIENT	VenueConfidence=VERY_LOW	PerformanceScore=54.40	StrategyBonus=0.00	TossBonus=0.00	FinalScore=54.40	FinalDecision=BALANCED	DecisionConfidence=VERY_LOW	StrategySignal=NONE	TossSignal=NONE	VenueConfidence=VERY_LOW
SuperSport Park	Deccan Chargers	Royal Challengers Bengaluru	VenueWin%=0.00	OverallWin%=54.55	VenueMatches=1	OverallMatches=11	Matches=1	Wins=0	Losses=1	Win%=0.00	TossWins=0	TossLosses=1	TossWinMatchWins=0	TossWinMatchLosses=0	TossConversion%=0.00	BatFirst=0	BatFirstWins=0	BatFirstWin%=0.00	FieldFirst=0	FieldFirstWins=0	FieldFirstWin%=0.00	OverallConfidence=STRONG	RecommendationSource=OVERALL_MATCHUP	Recommendation=OVERALL_MATCHUP_BALANCED	TossRecommendation=TOSS_DATA_INSUFFICIENT	StrategyRecommendation=BAT_FIELD_DATA_INSUFFICIENT	VenueConfidence=VERY_LOW	PerformanceScore=41.46	StrategyBonus=0.00	TossBonus=0.00	FinalScore=41.46	FinalDecision=NEGATIVE	DecisionConfidence=VERY_LOW	StrategySignal=NONE	TossSignal=NONE	VenueConfidence=VERY_LOW
SuperSport Park	Delhi Capitals	Deccan Chargers	VenueWin%=50.00	OverallWin%=63.64	VenueMatches=2	OverallMatches=11	Matches=2	Wins=1	Losses=1	Win%=50.00	TossWins=1	TossLosses=1	TossWinMatchWins=1	TossWinMatchLosses=0	TossConversion%=100.00	BatFirst=0	BatFirstWins=0	BatFirstWin%=0.00	FieldFirst=1	FieldFirstWins=1	FieldFirstWin%=100.00	OverallConfidence=STRONG	RecommendationSource=OVERALL_MATCHUP	Recommendation=OVERALL_MATCHUP_ADVANTAGE	TossRecommendation=TOSS_DATA_INSUFFICIENT	StrategyRecommendation=BAT_FIELD_DATA_INSUFFICIENT	VenueConfidence=VERY_LOW	PerformanceScore=59.82	StrategyBonus=0.00	TossBonus=0.00	FinalScore=59.82	FinalDecision=BALANCED	DecisionConfidence=VERY_LOW	StrategySignal=NONE	TossSignal=NONE	VenueConfidence=VERY_LOW
SuperSport Park	Delhi Capitals	Mumbai Indians	VenueWin%=100.00	OverallWin%=45.71	VenueMatches=1	OverallMatches=35	Matches=1	Wins=1	Losses=0	Win%=100.00	TossWins=1	TossLosses=0	TossWinMatchWins=1	TossWinMatchLosses=0	TossConversion%=100.00	BatFirst=0	BatFirstWins=0	BatFirstWin%=0.00	FieldFirst=1	FieldFirstWins=1	FieldFirstWin%=100.00	OverallConfidence=VERY_STRONG	RecommendationSource=OVERALL_MATCHUP	Recommendation=OVERALL_MATCHUP_BALANCED	TossRecommendation=TOSS_DATA_INSUFFICIENT	StrategyRecommendation=BAT_FIELD_DATA_INSUFFICIENT	VenueConfidence=VERY_LOW	PerformanceScore=58.74	StrategyBonus=0.00	TossBonus=0.00	FinalScore=58.74	FinalDecision=BALANCED	DecisionConfidence=VERY_LOW	StrategySignal=NONE	TossSignal=NONE	VenueConfidence=VERY_LOW
SuperSport Park	Delhi Capitals	Rajasthan Royals	VenueWin%=0.00	OverallWin%=48.28	VenueMatches=1	OverallMatches=29	Matches=1	Wins=0	Losses=1	Win%=0.00	TossWins=1	TossLosses=0	TossWinMatchWins=0	TossWinMatchLosses=1	TossConversion%=0.00	BatFirst=1	BatFirstWins=0	BatFirstWin%=0.00	FieldFirst=0	FieldFirstWins=0	FieldFirstWin%=0.00	OverallConfidence=VERY_STRONG	RecommendationSource=OVERALL_MATCHUP	Recommendation=OVERALL_MATCHUP_BALANCED	TossRecommendation=TOSS_DATA_INSUFFICIENT	StrategyRecommendation=BAT_FIELD_DATA_INSUFFICIENT	VenueConfidence=VERY_LOW	PerformanceScore=36.69	StrategyBonus=0.00	TossBonus=0.00	FinalScore=36.69	FinalDecision=NEGATIVE	DecisionConfidence=VERY_LOW	StrategySignal=NONE	TossSignal=NONE	VenueConfidence=VERY_LOW
SuperSport Park	Kolkata Knight Riders	Chennai Super Kings	VenueWin%=100.00	OverallWin%=34.48	VenueMatches=1	OverallMatches=29	Matches=1	Wins=1	Losses=0	Win%=100.00	TossWins=0	TossLosses=1	TossWinMatchWins=0	TossWinMatchLosses=0	TossConversion%=0.00	BatFirst=0	BatFirstWins=0	BatFirstWin%=0.00	FieldFirst=0	FieldFirstWins=0	FieldFirstWin%=0.00	OverallConfidence=VERY_STRONG	RecommendationSource=OVERALL_MATCHUP	Recommendation=OVERALL_MATCHUP_DISADVANTAGE	TossRecommendation=TOSS_DATA_INSUFFICIENT	StrategyRecommendation=BAT_FIELD_DATA_INSUFFICIENT	VenueConfidence=VERY_LOW	PerformanceScore=50.20	StrategyBonus=0.00	TossBonus=0.00	FinalScore=50.20	FinalDecision=BALANCED	DecisionConfidence=VERY_LOW	StrategySignal=NONE	TossSignal=NONE	VenueConfidence=VERY_LOW
SuperSport Park	Kolkata Knight Riders	Royal Challengers Bengaluru	VenueWin%=0.00	OverallWin%=58.82	VenueMatches=1	OverallMatches=34	Matches=1	Wins=0	Losses=1	Win%=0.00	TossWins=0	TossLosses=1	TossWinMatchWins=0	TossWinMatchLosses=0	TossConversion%=0.00	BatFirst=0	BatFirstWins=0	BatFirstWin%=0.00	FieldFirst=0	FieldFirstWins=0	FieldFirstWin%=0.00	OverallConfidence=VERY_STRONG	RecommendationSource=OVERALL_MATCHUP	Recommendation=OVERALL_MATCHUP_ADVANTAGE	TossRecommendation=TOSS_DATA_INSUFFICIENT	StrategyRecommendation=BAT_FIELD_DATA_INSUFFICIENT	VenueConfidence=VERY_LOW	PerformanceScore=44.70	StrategyBonus=0.00	TossBonus=0.00	FinalScore=44.70	FinalDecision=NEGATIVE	DecisionConfidence=VERY_LOW	StrategySignal=NONE	TossSignal=NONE	VenueConfidence=VERY_LOW
SuperSport Park	Mumbai Indians	Deccan Chargers	VenueWin%=0.00	OverallWin%=60.00	VenueMatches=1	OverallMatches=10	Matches=1	Wins=0	Losses=1	Win%=0.00	TossWins=0	TossLosses=1	TossWinMatchWins=0	TossWinMatchLosses=0	TossConversion%=0.00	BatFirst=0	BatFirstWins=0	BatFirstWin%=0.00	FieldFirst=0	FieldFirstWins=0	FieldFirstWin%=0.00	OverallConfidence=STRONG	RecommendationSource=OVERALL_MATCHUP	Recommendation=OVERALL_MATCHUP_ADVANTAGE	TossRecommendation=TOSS_DATA_INSUFFICIENT	StrategyRecommendation=BAT_FIELD_DATA_INSUFFICIENT	VenueConfidence=VERY_LOW	PerformanceScore=45.60	StrategyBonus=0.00	TossBonus=0.00	FinalScore=45.60	FinalDecision=BALANCED	DecisionConfidence=VERY_LOW	StrategySignal=NONE	TossSignal=NONE	VenueConfidence=VERY_LOW
SuperSport Park	Mumbai Indians	Delhi Capitals	VenueWin%=0.00	OverallWin%=54.29	VenueMatches=1	OverallMatches=35	Matches=1	Wins=0	Losses=1	Win%=0.00	TossWins=0	TossLosses=1	TossWinMatchWins=0	TossWinMatchLosses=0	TossConversion%=0.00	BatFirst=0	BatFirstWins=0	BatFirstWin%=0.00	FieldFirst=0	FieldFirstWins=0	FieldFirstWin%=0.00	OverallConfidence=VERY_STRONG	RecommendationSource=OVERALL_MATCHUP	Recommendation=OVERALL_MATCHUP_BALANCED	TossRecommendation=TOSS_DATA_INSUFFICIENT	StrategyRecommendation=BAT_FIELD_DATA_INSUFFICIENT	VenueConfidence=VERY_LOW	PerformanceScore=41.26	StrategyBonus=0.00	TossBonus=0.00	FinalScore=41.26	FinalDecision=NEGATIVE	DecisionConfidence=VERY_LOW	StrategySignal=NONE	TossSignal=NONE	VenueConfidence=VERY_LOW
SuperSport Park	Mumbai Indians	Punjab Kings	VenueWin%=100.00	OverallWin%=53.12	VenueMatches=1	OverallMatches=32	Matches=1	Wins=1	Losses=0	Win%=100.00	TossWins=0	TossLosses=1	TossWinMatchWins=0	TossWinMatchLosses=0	TossConversion%=0.00	BatFirst=0	BatFirstWins=0	BatFirstWin%=0.00	FieldFirst=0	FieldFirstWins=0	FieldFirstWin%=0.00	OverallConfidence=VERY_STRONG	RecommendationSource=OVERALL_MATCHUP	Recommendation=OVERALL_MATCHUP_BALANCED	TossRecommendation=TOSS_DATA_INSUFFICIENT	StrategyRecommendation=BAT_FIELD_DATA_INSUFFICIENT	VenueConfidence=VERY_LOW	PerformanceScore=64.37	StrategyBonus=0.00	TossBonus=0.00	FinalScore=64.37	FinalDecision=POSITIVE	DecisionConfidence=VERY_LOW	StrategySignal=NONE	TossSignal=NONE	VenueConfidence=VERY_LOW
SuperSport Park	Punjab Kings	Chennai Super Kings	VenueWin%=0.00	OverallWin%=46.67	VenueMatches=1	OverallMatches=30	Matches=1	Wins=0	Losses=1	Win%=0.00	TossWins=0	TossLosses=1	TossWinMatchWins=0	TossWinMatchLosses=0	TossConversion%=0.00	BatFirst=0	BatFirstWins=0	BatFirstWin%=0.00	FieldFirst=0	FieldFirstWins=0	FieldFirstWin%=0.00	OverallConfidence=VERY_STRONG	RecommendationSource=OVERALL_MATCHUP	Recommendation=OVERALL_MATCHUP_BALANCED	TossRecommendation=TOSS_DATA_INSUFFICIENT	StrategyRecommendation=BAT_FIELD_DATA_INSUFFICIENT	VenueConfidence=VERY_LOW	PerformanceScore=35.47	StrategyBonus=0.00	TossBonus=0.00	FinalScore=35.47	FinalDecision=NEGATIVE	DecisionConfidence=VERY_LOW	StrategySignal=NONE	TossSignal=NONE	VenueConfidence=VERY_LOW
SuperSport Park	Punjab Kings	Mumbai Indians	VenueWin%=0.00	OverallWin%=46.88	VenueMatches=1	OverallMatches=32	Matches=1	Wins=0	Losses=1	Win%=0.00	TossWins=1	TossLosses=0	TossWinMatchWins=0	TossWinMatchLosses=1	TossConversion%=0.00	BatFirst=1	BatFirstWins=0	BatFirstWin%=0.00	FieldFirst=0	FieldFirstWins=0	FieldFirstWin%=0.00	OverallConfidence=VERY_STRONG	RecommendationSource=OVERALL_MATCHUP	Recommendation=OVERALL_MATCHUP_BALANCED	TossRecommendation=TOSS_DATA_INSUFFICIENT	StrategyRecommendation=BAT_FIELD_DATA_INSUFFICIENT	VenueConfidence=VERY_LOW	PerformanceScore=35.63	StrategyBonus=0.00	TossBonus=0.00	FinalScore=35.63	FinalDecision=NEGATIVE	DecisionConfidence=VERY_LOW	StrategySignal=NONE	TossSignal=NONE	VenueConfidence=VERY_LOW
SuperSport Park	Rajasthan Royals	Chennai Super Kings	VenueWin%=0.00	OverallWin%=44.83	VenueMatches=1	OverallMatches=29	Matches=1	Wins=0	Losses=1	Win%=0.00	TossWins=1	TossLosses=0	TossWinMatchWins=0	TossWinMatchLosses=1	TossConversion%=0.00	BatFirst=0	BatFirstWins=0	BatFirstWin%=0.00	FieldFirst=1	FieldFirstWins=0	FieldFirstWin%=0.00	OverallConfidence=VERY_STRONG	RecommendationSource=OVERALL_MATCHUP	Recommendation=OVERALL_MATCHUP_BALANCED	TossRecommendation=TOSS_DATA_INSUFFICIENT	StrategyRecommendation=BAT_FIELD_DATA_INSUFFICIENT	VenueConfidence=VERY_LOW	PerformanceScore=34.07	StrategyBonus=0.00	TossBonus=0.00	FinalScore=34.07	FinalDecision=NEGATIVE	DecisionConfidence=VERY_LOW	StrategySignal=NONE	TossSignal=NONE	VenueConfidence=VERY_LOW
SuperSport Park	Rajasthan Royals	Delhi Capitals	VenueWin%=100.00	OverallWin%=51.72	VenueMatches=1	OverallMatches=29	Matches=1	Wins=1	Losses=0	Win%=100.00	TossWins=0	TossLosses=1	TossWinMatchWins=0	TossWinMatchLosses=0	TossConversion%=0.00	BatFirst=0	BatFirstWins=0	BatFirstWin%=0.00	FieldFirst=0	FieldFirstWins=0	FieldFirstWin%=0.00	OverallConfidence=VERY_STRONG	RecommendationSource=OVERALL_MATCHUP	Recommendation=OVERALL_MATCHUP_BALANCED	TossRecommendation=TOSS_DATA_INSUFFICIENT	StrategyRecommendation=BAT_FIELD_DATA_INSUFFICIENT	VenueConfidence=VERY_LOW	PerformanceScore=63.31	StrategyBonus=0.00	TossBonus=0.00	FinalScore=63.31	FinalDecision=POSITIVE	DecisionConfidence=VERY_LOW	StrategySignal=NONE	TossSignal=NONE	VenueConfidence=VERY_LOW
SuperSport Park	Rajasthan Royals	Royal Challengers Bengaluru	VenueWin%=100.00	OverallWin%=45.16	VenueMatches=1	OverallMatches=31	Matches=1	Wins=1	Losses=0	Win%=100.00	TossWins=1	TossLosses=0	TossWinMatchWins=1	TossWinMatchLosses=0	TossConversion%=100.00	BatFirst=0	BatFirstWins=0	BatFirstWin%=0.00	FieldFirst=1	FieldFirstWins=1	FieldFirstWin%=100.00	OverallConfidence=VERY_STRONG	RecommendationSource=OVERALL_MATCHUP	Recommendation=OVERALL_MATCHUP_BALANCED	TossRecommendation=TOSS_DATA_INSUFFICIENT	StrategyRecommendation=BAT_FIELD_DATA_INSUFFICIENT	VenueConfidence=VERY_LOW	PerformanceScore=58.32	StrategyBonus=0.00	TossBonus=0.00	FinalScore=58.32	FinalDecision=BALANCED	DecisionConfidence=VERY_LOW	StrategySignal=NONE	TossSignal=NONE	VenueConfidence=VERY_LOW
SuperSport Park	Royal Challengers Bengaluru	Deccan Chargers	VenueWin%=100.00	OverallWin%=45.45	VenueMatches=1	OverallMatches=11	Matches=1	Wins=1	Losses=0	Win%=100.00	TossWins=1	TossLosses=0	TossWinMatchWins=1	TossWinMatchLosses=0	TossConversion%=100.00	BatFirst=1	BatFirstWins=1	BatFirstWin%=100.00	FieldFirst=0	FieldFirstWins=0	FieldFirstWin%=0.00	OverallConfidence=STRONG	RecommendationSource=OVERALL_MATCHUP	Recommendation=OVERALL_MATCHUP_BALANCED	TossRecommendation=TOSS_DATA_INSUFFICIENT	StrategyRecommendation=BAT_FIELD_DATA_INSUFFICIENT	VenueConfidence=VERY_LOW	PerformanceScore=58.54	StrategyBonus=0.00	TossBonus=0.00	FinalScore=58.54	FinalDecision=BALANCED	DecisionConfidence=VERY_LOW	StrategySignal=NONE	TossSignal=NONE	VenueConfidence=VERY_LOW
SuperSport Park	Royal Challengers Bengaluru	Kolkata Knight Riders	VenueWin%=100.00	OverallWin%=41.18	VenueMatches=1	OverallMatches=34	Matches=1	Wins=1	Losses=0	Win%=100.00	TossWins=1	TossLosses=0	TossWinMatchWins=1	TossWinMatchLosses=0	TossConversion%=100.00	BatFirst=0	BatFirstWins=0	BatFirstWin%=0.00	FieldFirst=1	FieldFirstWins=1	FieldFirstWin%=100.00	OverallConfidence=VERY_STRONG	RecommendationSource=OVERALL_MATCHUP	Recommendation=OVERALL_MATCHUP_BALANCED	TossRecommendation=TOSS_DATA_INSUFFICIENT	StrategyRecommendation=BAT_FIELD_DATA_INSUFFICIENT	VenueConfidence=VERY_LOW	PerformanceScore=55.30	StrategyBonus=0.00	TossBonus=0.00	FinalScore=55.30	FinalDecision=BALANCED	DecisionConfidence=VERY_LOW	StrategySignal=NONE	TossSignal=NONE	VenueConfidence=VERY_LOW
SuperSport Park	Royal Challengers Bengaluru	Rajasthan Royals	VenueWin%=0.00	OverallWin%=48.39	VenueMatches=1	OverallMatches=31	Matches=1	Wins=0	Losses=1	Win%=0.00	TossWins=0	TossLosses=1	TossWinMatchWins=0	TossWinMatchLosses=0	TossConversion%=0.00	BatFirst=0	BatFirstWins=0	BatFirstWin%=0.00	FieldFirst=0	FieldFirstWins=0	FieldFirstWin%=0.00	OverallConfidence=VERY_STRONG	RecommendationSource=OVERALL_MATCHUP	Recommendation=OVERALL_MATCHUP_BALANCED	TossRecommendation=TOSS_DATA_INSUFFICIENT	StrategyRecommendation=BAT_FIELD_DATA_INSUFFICIENT	VenueConfidence=VERY_LOW	PerformanceScore=36.78	StrategyBonus=0.00	TossBonus=0.00	FinalScore=36.78	FinalDecision=NEGATIVE	DecisionConfidence=VERY_LOW	StrategySignal=NONE	TossSignal=NONE	VenueConfidence=VERY_LOW
Vidarbha Cricket Association Stadium, Jamtha	Chennai Super Kings	Deccan Chargers	VenueWin%=0.00	OverallWin%=60.00	VenueMatches=1	OverallMatches=10	Matches=1	Wins=0	Losses=1	Win%=0.00	TossWins=1	TossLosses=0	TossWinMatchWins=0	TossWinMatchLosses=1	TossConversion%=0.00	BatFirst=1	BatFirstWins=0	BatFirstWin%=0.00	FieldFirst=0	FieldFirstWins=0	FieldFirstWin%=0.00	OverallConfidence=STRONG	RecommendationSource=OVERALL_MATCHUP	Recommendation=OVERALL_MATCHUP_ADVANTAGE	TossRecommendation=TOSS_DATA_INSUFFICIENT	StrategyRecommendation=BAT_FIELD_DATA_INSUFFICIENT	VenueConfidence=VERY_LOW	PerformanceScore=45.60	StrategyBonus=0.00	TossBonus=0.00	FinalScore=45.60	FinalDecision=BALANCED	DecisionConfidence=VERY_LOW	StrategySignal=NONE	TossSignal=NONE	VenueConfidence=VERY_LOW
Vidarbha Cricket Association Stadium, Jamtha	Deccan Chargers	Chennai Super Kings	VenueWin%=100.00	OverallWin%=40.00	VenueMatches=1	OverallMatches=10	Matches=1	Wins=1	Losses=0	Win%=100.00	TossWins=0	TossLosses=1	TossWinMatchWins=0	TossWinMatchLosses=0	TossConversion%=0.00	BatFirst=0	BatFirstWins=0	BatFirstWin%=0.00	FieldFirst=0	FieldFirstWins=0	FieldFirstWin%=0.00	OverallConfidence=STRONG	RecommendationSource=OVERALL_MATCHUP	Recommendation=OVERALL_MATCHUP_DISADVANTAGE	TossRecommendation=TOSS_DATA_INSUFFICIENT	StrategyRecommendation=BAT_FIELD_DATA_INSUFFICIENT	VenueConfidence=VERY_LOW	PerformanceScore=54.40	StrategyBonus=0.00	TossBonus=0.00	FinalScore=54.40	FinalDecision=BALANCED	DecisionConfidence=VERY_LOW	StrategySignal=NONE	TossSignal=NONE	VenueConfidence=VERY_LOW
Vidarbha Cricket Association Stadium, Jamtha	Deccan Chargers	Rajasthan Royals	VenueWin%=0.00	OverallWin%=22.22	VenueMatches=1	OverallMatches=9	Matches=1	Wins=0	Losses=1	Win%=0.00	TossWins=0	TossLosses=1	TossWinMatchWins=0	TossWinMatchLosses=0	TossConversion%=0.00	BatFirst=0	BatFirstWins=0	BatFirstWin%=0.00	FieldFirst=0	FieldFirstWins=0	FieldFirstWin%=0.00	OverallConfidence=MODERATE	RecommendationSource=OVERALL_MATCHUP	Recommendation=OVERALL_MATCHUP_DISADVANTAGE	TossRecommendation=TOSS_DATA_INSUFFICIENT	StrategyRecommendation=BAT_FIELD_DATA_INSUFFICIENT	VenueConfidence=VERY_LOW	PerformanceScore=16.89	StrategyBonus=0.00	TossBonus=0.00	FinalScore=16.89	FinalDecision=STRONG_NEGATIVE	DecisionConfidence=VERY_LOW	StrategySignal=NONE	TossSignal=NONE	VenueConfidence=VERY_LOW
Vidarbha Cricket Association Stadium, Jamtha	Deccan Chargers	Royal Challengers Bengaluru	VenueWin%=100.00	OverallWin%=54.55	VenueMatches=1	OverallMatches=11	Matches=1	Wins=1	Losses=0	Win%=100.00	TossWins=0	TossLosses=1	TossWinMatchWins=0	TossWinMatchLosses=0	TossConversion%=0.00	BatFirst=0	BatFirstWins=0	BatFirstWin%=0.00	FieldFirst=0	FieldFirstWins=0	FieldFirstWin%=0.00	OverallConfidence=STRONG	RecommendationSource=OVERALL_MATCHUP	Recommendation=OVERALL_MATCHUP_BALANCED	TossRecommendation=TOSS_DATA_INSUFFICIENT	StrategyRecommendation=BAT_FIELD_DATA_INSUFFICIENT	VenueConfidence=VERY_LOW	PerformanceScore=65.46	StrategyBonus=0.00	TossBonus=0.00	FinalScore=65.46	FinalDecision=POSITIVE	DecisionConfidence=VERY_LOW	StrategySignal=NONE	TossSignal=NONE	VenueConfidence=VERY_LOW
Vidarbha Cricket Association Stadium, Jamtha	Rajasthan Royals	Deccan Chargers	VenueWin%=100.00	OverallWin%=77.78	VenueMatches=1	OverallMatches=9	Matches=1	Wins=1	Losses=0	Win%=100.00	TossWins=1	TossLosses=0	TossWinMatchWins=1	TossWinMatchLosses=0	TossConversion%=100.00	BatFirst=1	BatFirstWins=1	BatFirstWin%=100.00	FieldFirst=0	FieldFirstWins=0	FieldFirstWin%=0.00	OverallConfidence=MODERATE	RecommendationSource=OVERALL_MATCHUP	Recommendation=OVERALL_MATCHUP_STRONG_ADVANTAGE	TossRecommendation=TOSS_DATA_INSUFFICIENT	StrategyRecommendation=BAT_FIELD_DATA_INSUFFICIENT	VenueConfidence=VERY_LOW	PerformanceScore=83.11	StrategyBonus=0.00	TossBonus=0.00	FinalScore=83.11	FinalDecision=STRONG_POSITIVE	DecisionConfidence=VERY_LOW	StrategySignal=NONE	TossSignal=NONE	VenueConfidence=VERY_LOW
Vidarbha Cricket Association Stadium, Jamtha	Royal Challengers Bengaluru	Deccan Chargers	VenueWin%=0.00	OverallWin%=45.45	VenueMatches=1	OverallMatches=11	Matches=1	Wins=0	Losses=1	Win%=0.00	TossWins=1	TossLosses=0	TossWinMatchWins=0	TossWinMatchLosses=1	TossConversion%=0.00	BatFirst=0	BatFirstWins=0	BatFirstWin%=0.00	FieldFirst=1	FieldFirstWins=0	FieldFirstWin%=0.00	OverallConfidence=STRONG	RecommendationSource=OVERALL_MATCHUP	Recommendation=OVERALL_MATCHUP_BALANCED	TossRecommendation=TOSS_DATA_INSUFFICIENT	StrategyRecommendation=BAT_FIELD_DATA_INSUFFICIENT	VenueConfidence=VERY_LOW	PerformanceScore=34.54	StrategyBonus=0.00	TossBonus=0.00	FinalScore=34.54	FinalDecision=NEGATIVE	DecisionConfidence=VERY_LOW	StrategySignal=NONE	TossSignal=NONE	VenueConfidence=VERY_LOW
Wankhede Stadium	Chennai Super Kings	Mumbai Indians	VenueWin%=33.33	OverallWin%=45.95	VenueMatches=9	OverallMatches=37	Matches=9	Wins=3	Losses=6	Win%=33.33	TossWins=4	TossLosses=5	TossWinMatchWins=2	TossWinMatchLosses=2	TossConversion%=50.00	BatFirst=0	BatFirstWins=0	BatFirstWin%=0.00	FieldFirst=4	FieldFirstWins=2	FieldFirstWin%=50.00	OverallConfidence=VERY_STRONG	RecommendationSource=VENUE	Recommendation=VENUE_DISADVANTAGE	TossRecommendation=TOSS_IMPACT_BALANCED	StrategyRecommendation=FIELD_FIRST_DATA_STRONGER	VenueConfidence=MODERATE	PerformanceScore=38.88	StrategyBonus=0.00	TossBonus=0.00	FinalScore=38.88	FinalDecision=NEGATIVE	DecisionConfidence=MODERATE	StrategySignal=NONE	TossSignal=LOW	VenueConfidence=MODERATE
Wankhede Stadium	Chennai Super Kings	Punjab Kings	VenueWin%=50.00	OverallWin%=53.33	VenueMatches=2	OverallMatches=30	Matches=2	Wins=1	Losses=1	Win%=50.00	TossWins=1	TossLosses=1	TossWinMatchWins=0	TossWinMatchLosses=1	TossConversion%=0.00	BatFirst=0	BatFirstWins=0	BatFirstWin%=0.00	FieldFirst=1	FieldFirstWins=0	FieldFirstWin%=0.00	OverallConfidence=VERY_STRONG	RecommendationSource=OVERALL_MATCHUP	Recommendation=OVERALL_MATCHUP_BALANCED	TossRecommendation=TOSS_DATA_INSUFFICIENT	StrategyRecommendation=BAT_FIELD_DATA_INSUFFICIENT	VenueConfidence=VERY_LOW	PerformanceScore=52.40	StrategyBonus=0.00	TossBonus=0.00	FinalScore=52.40	FinalDecision=BALANCED	DecisionConfidence=VERY_LOW	StrategySignal=NONE	TossSignal=NONE	VenueConfidence=VERY_LOW
Wankhede Stadium	Chennai Super Kings	Royal Challengers Bengaluru	VenueWin%=100.00	OverallWin%=65.62	VenueMatches=1	OverallMatches=32	Matches=1	Wins=1	Losses=0	Win%=100.00	TossWins=1	TossLosses=0	TossWinMatchWins=1	TossWinMatchLosses=0	TossConversion%=100.00	BatFirst=0	BatFirstWins=0	BatFirstWin%=0.00	FieldFirst=1	FieldFirstWins=1	FieldFirstWin%=100.00	OverallConfidence=VERY_STRONG	RecommendationSource=OVERALL_MATCHUP	Recommendation=OVERALL_MATCHUP_ADVANTAGE	TossRecommendation=TOSS_DATA_INSUFFICIENT	StrategyRecommendation=BAT_FIELD_DATA_INSUFFICIENT	VenueConfidence=VERY_LOW	PerformanceScore=73.87	StrategyBonus=0.00	TossBonus=0.00	FinalScore=73.87	FinalDecision=POSITIVE	DecisionConfidence=VERY_LOW	StrategySignal=NONE	TossSignal=NONE	VenueConfidence=VERY_LOW
Wankhede Stadium	Chennai Super Kings	Sunrisers Hyderabad	VenueWin%=100.00	OverallWin%=71.43	VenueMatches=2	OverallMatches=21	Matches=2	Wins=2	Losses=0	Win%=100.00	TossWins=2	TossLosses=0	TossWinMatchWins=2	TossWinMatchLosses=0	TossConversion%=100.00	BatFirst=0	BatFirstWins=0	BatFirstWin%=0.00	FieldFirst=2	FieldFirstWins=2	FieldFirstWin%=100.00	OverallConfidence=VERY_STRONG	RecommendationSource=OVERALL_MATCHUP	Recommendation=OVERALL_MATCHUP_STRONG_ADVANTAGE	TossRecommendation=TOSS_DATA_INSUFFICIENT	StrategyRecommendation=BAT_FIELD_DATA_INSUFFICIENT	VenueConfidence=VERY_LOW	PerformanceScore=79.43	StrategyBonus=0.00	TossBonus=0.00	FinalScore=79.43	FinalDecision=STRONG_POSITIVE	DecisionConfidence=VERY_LOW	StrategySignal=NONE	TossSignal=NONE	VenueConfidence=VERY_LOW
Wankhede Stadium	Deccan Chargers	Mumbai Indians	VenueWin%=50.00	OverallWin%=40.00	VenueMatches=2	OverallMatches=10	Matches=2	Wins=1	Losses=1	Win%=50.00	TossWins=1	TossLosses=1	TossWinMatchWins=1	TossWinMatchLosses=0	TossConversion%=100.00	BatFirst=1	BatFirstWins=1	BatFirstWin%=100.00	FieldFirst=0	FieldFirstWins=0	FieldFirstWin%=0.00	OverallConfidence=STRONG	RecommendationSource=OVERALL_MATCHUP	Recommendation=OVERALL_MATCHUP_DISADVANTAGE	TossRecommendation=TOSS_DATA_INSUFFICIENT	StrategyRecommendation=BAT_FIELD_DATA_INSUFFICIENT	VenueConfidence=VERY_LOW	PerformanceScore=42.80	StrategyBonus=0.00	TossBonus=0.00	FinalScore=42.80	FinalDecision=NEGATIVE	DecisionConfidence=VERY_LOW	StrategySignal=NONE	TossSignal=NONE	VenueConfidence=VERY_LOW
Wankhede Stadium	Delhi Capitals	Mumbai Indians	VenueWin%=37.50	OverallWin%=45.71	VenueMatches=8	OverallMatches=35	Matches=8	Wins=3	Losses=5	Win%=37.50	TossWins=6	TossLosses=2	TossWinMatchWins=2	TossWinMatchLosses=4	TossConversion%=33.33	BatFirst=1	BatFirstWins=0	BatFirstWin%=0.00	FieldFirst=5	FieldFirstWins=2	FieldFirstWin%=40.00	OverallConfidence=VERY_STRONG	RecommendationSource=VENUE	Recommendation=VENUE_DISADVANTAGE	TossRecommendation=TOSS_WIN_HAS_LOW_VALUE	StrategyRecommendation=FIELD_FIRST_DATA_STRONGER	VenueConfidence=MODERATE	PerformanceScore=41.44	StrategyBonus=0.00	TossBonus=0.00	FinalScore=41.44	FinalDecision=NEGATIVE	DecisionConfidence=MODERATE	StrategySignal=NONE	TossSignal=LOW	VenueConfidence=MODERATE
Wankhede Stadium	Delhi Capitals	Rajasthan Royals	VenueWin%=0.00	OverallWin%=48.28	VenueMatches=1	OverallMatches=29	Matches=1	Wins=0	Losses=1	Win%=0.00	TossWins=1	TossLosses=0	TossWinMatchWins=0	TossWinMatchLosses=1	TossConversion%=0.00	BatFirst=0	BatFirstWins=0	BatFirstWin%=0.00	FieldFirst=1	FieldFirstWins=0	FieldFirstWin%=0.00	OverallConfidence=VERY_STRONG	RecommendationSource=OVERALL_MATCHUP	Recommendation=OVERALL_MATCHUP_BALANCED	TossRecommendation=TOSS_DATA_INSUFFICIENT	StrategyRecommendation=BAT_FIELD_DATA_INSUFFICIENT	VenueConfidence=VERY_LOW	PerformanceScore=36.69	StrategyBonus=0.00	TossBonus=0.00	FinalScore=36.69	FinalDecision=NEGATIVE	DecisionConfidence=VERY_LOW	StrategySignal=NONE	TossSignal=NONE	VenueConfidence=VERY_LOW
Wankhede Stadium	Gujarat Lions	Mumbai Indians	VenueWin%=50.00	OverallWin%=50.00	VenueMatches=2	OverallMatches=4	Matches=2	Wins=1	Losses=1	Win%=50.00	TossWins=1	TossLosses=1	TossWinMatchWins=1	TossWinMatchLosses=0	TossConversion%=100.00	BatFirst=0	BatFirstWins=0	BatFirstWin%=0.00	FieldFirst=1	FieldFirstWins=1	FieldFirstWin%=100.00	OverallConfidence=LOW	RecommendationSource=OVERALL_MATCHUP	Recommendation=OVERALL_MATCHUP_BALANCED	TossRecommendation=TOSS_DATA_INSUFFICIENT	StrategyRecommendation=BAT_FIELD_DATA_INSUFFICIENT	VenueConfidence=VERY_LOW	PerformanceScore=50.00	StrategyBonus=0.00	TossBonus=0.00	FinalScore=50.00	FinalDecision=BALANCED	DecisionConfidence=VERY_LOW	StrategySignal=NONE	TossSignal=NONE	VenueConfidence=VERY_LOW
Wankhede Stadium	Kochi Tuskers Kerala	Mumbai Indians	VenueWin%=100.00	OverallWin%=100.00	VenueMatches=1	OverallMatches=1	Matches=1	Wins=1	Losses=0	Win%=100.00	TossWins=1	TossLosses=0	TossWinMatchWins=1	TossWinMatchLosses=0	TossConversion%=100.00	BatFirst=0	BatFirstWins=0	BatFirstWin%=0.00	FieldFirst=1	FieldFirstWins=1	FieldFirstWin%=100.00	OverallConfidence=VERY_LOW	RecommendationSource=INSUFFICIENT	Recommendation=INSUFFICIENT_DATA	TossRecommendation=TOSS_DATA_INSUFFICIENT	StrategyRecommendation=BAT_FIELD_DATA_INSUFFICIENT	VenueConfidence=VERY_LOW	PerformanceScore=100.00	StrategyBonus=0.00	TossBonus=0.00	FinalScore=100.00	FinalDecision=STRONG_POSITIVE	DecisionConfidence=VERY_LOW	StrategySignal=NONE	TossSignal=NONE	VenueConfidence=VERY_LOW
Wankhede Stadium	Kolkata Knight Riders	Mumbai Indians	VenueWin%=11.11	OverallWin%=32.35	VenueMatches=9	OverallMatches=34	Matches=9	Wins=1	Losses=8	Win%=11.11	TossWins=2	TossLosses=7	TossWinMatchWins=0	TossWinMatchLosses=2	TossConversion%=0.00	BatFirst=0	BatFirstWins=0	BatFirstWin%=0.00	FieldFirst=2	FieldFirstWins=0	FieldFirstWin%=0.00	OverallConfidence=VERY_STRONG	RecommendationSource=VENUE	Recommendation=VENUE_DISADVANTAGE	TossRecommendation=TOSS_WIN_HAS_LOW_VALUE	StrategyRecommendation=BAT_FIELD_DATA_INSUFFICIENT	VenueConfidence=MODERATE	PerformanceScore=20.46	StrategyBonus=0.00	TossBonus=0.00	FinalScore=20.46	FinalDecision=STRONG_NEGATIVE	DecisionConfidence=MODERATE	StrategySignal=NONE	TossSignal=LOW	VenueConfidence=MODERATE
Wankhede Stadium	Mumbai Indians	Chennai Super Kings	VenueWin%=66.67	OverallWin%=54.05	VenueMatches=9	OverallMatches=37	Matches=9	Wins=6	Losses=3	Win%=66.67	TossWins=5	TossLosses=4	TossWinMatchWins=4	TossWinMatchLosses=1	TossConversion%=80.00	BatFirst=3	BatFirstWins=2	BatFirstWin%=66.67	FieldFirst=2	FieldFirstWins=2	FieldFirstWin%=100.00	OverallConfidence=VERY_STRONG	RecommendationSource=VENUE	Recommendation=VENUE_ADVANTAGE	TossRecommendation=TOSS_WIN_HAS_STRONG_VALUE	StrategyRecommendation=BAT_FIRST_DATA_STRONGER	VenueConfidence=MODERATE	PerformanceScore=61.12	StrategyBonus=0.00	TossBonus=2.00	FinalScore=63.12	FinalDecision=POSITIVE	DecisionConfidence=MODERATE	StrategySignal=NONE	TossSignal=STRONG	VenueConfidence=MODERATE
Wankhede Stadium	Mumbai Indians	Deccan Chargers	VenueWin%=50.00	OverallWin%=60.00	VenueMatches=2	OverallMatches=10	Matches=2	Wins=1	Losses=1	Win%=50.00	TossWins=1	TossLosses=1	TossWinMatchWins=1	TossWinMatchLosses=0	TossConversion%=100.00	BatFirst=0	BatFirstWins=0	BatFirstWin%=0.00	FieldFirst=1	FieldFirstWins=1	FieldFirstWin%=100.00	OverallConfidence=STRONG	RecommendationSource=OVERALL_MATCHUP	Recommendation=OVERALL_MATCHUP_ADVANTAGE	TossRecommendation=TOSS_DATA_INSUFFICIENT	StrategyRecommendation=BAT_FIELD_DATA_INSUFFICIENT	VenueConfidence=VERY_LOW	PerformanceScore=57.20	StrategyBonus=0.00	TossBonus=0.00	FinalScore=57.20	FinalDecision=BALANCED	DecisionConfidence=VERY_LOW	StrategySignal=NONE	TossSignal=NONE	VenueConfidence=VERY_LOW
Wankhede Stadium	Mumbai Indians	Delhi Capitals	VenueWin%=62.50	OverallWin%=54.29	VenueMatches=8	OverallMatches=35	Matches=8	Wins=5	Losses=3	Win%=62.50	TossWins=2	TossLosses=6	TossWinMatchWins=1	TossWinMatchLosses=1	TossConversion%=50.00	BatFirst=1	BatFirstWins=1	BatFirstWin%=100.00	FieldFirst=1	FieldFirstWins=0	FieldFirstWin%=0.00	OverallConfidence=VERY_STRONG	RecommendationSource=VENUE	Recommendation=VENUE_ADVANTAGE	TossRecommendation=TOSS_IMPACT_BALANCED	StrategyRecommendation=BAT_FIELD_DATA_INSUFFICIENT	VenueConfidence=MODERATE	PerformanceScore=58.56	StrategyBonus=0.00	TossBonus=0.00	FinalScore=58.56	FinalDecision=BALANCED	DecisionConfidence=MODERATE	StrategySignal=NONE	TossSignal=LOW	VenueConfidence=MODERATE
Wankhede Stadium	Mumbai Indians	Gujarat Lions	VenueWin%=50.00	OverallWin%=50.00	VenueMatches=2	OverallMatches=4	Matches=2	Wins=1	Losses=1	Win%=50.00	TossWins=1	TossLosses=1	TossWinMatchWins=1	TossWinMatchLosses=0	TossConversion%=100.00	BatFirst=0	BatFirstWins=0	BatFirstWin%=0.00	FieldFirst=1	FieldFirstWins=1	FieldFirstWin%=100.00	OverallConfidence=LOW	RecommendationSource=OVERALL_MATCHUP	Recommendation=OVERALL_MATCHUP_BALANCED	TossRecommendation=TOSS_DATA_INSUFFICIENT	StrategyRecommendation=BAT_FIELD_DATA_INSUFFICIENT	VenueConfidence=VERY_LOW	PerformanceScore=50.00	StrategyBonus=0.00	TossBonus=0.00	FinalScore=50.00	FinalDecision=BALANCED	DecisionConfidence=VERY_LOW	StrategySignal=NONE	TossSignal=NONE	VenueConfidence=VERY_LOW
Wankhede Stadium	Mumbai Indians	Kochi Tuskers Kerala	VenueWin%=0.00	OverallWin%=0.00	VenueMatches=1	OverallMatches=1	Matches=1	Wins=0	Losses=1	Win%=0.00	TossWins=0	TossLosses=1	TossWinMatchWins=0	TossWinMatchLosses=0	TossConversion%=0.00	BatFirst=0	BatFirstWins=0	BatFirstWin%=0.00	FieldFirst=0	FieldFirstWins=0	FieldFirstWin%=0.00	OverallConfidence=VERY_LOW	RecommendationSource=INSUFFICIENT	Recommendation=INSUFFICIENT_DATA	TossRecommendation=TOSS_DATA_INSUFFICIENT	StrategyRecommendation=BAT_FIELD_DATA_INSUFFICIENT	VenueConfidence=VERY_LOW	PerformanceScore=0.00	StrategyBonus=0.00	TossBonus=0.00	FinalScore=0.00	FinalDecision=STRONG_NEGATIVE	DecisionConfidence=VERY_LOW	StrategySignal=NONE	TossSignal=NONE	VenueConfidence=VERY_LOW
Wankhede Stadium	Mumbai Indians	Kolkata Knight Riders	VenueWin%=88.89	OverallWin%=67.65	VenueMatches=9	OverallMatches=34	Matches=9	Wins=8	Losses=1	Win%=88.89	TossWins=7	TossLosses=2	TossWinMatchWins=6	TossWinMatchLosses=1	TossConversion%=85.71	BatFirst=1	BatFirstWins=1	BatFirstWin%=100.00	FieldFirst=6	FieldFirstWins=5	FieldFirstWin%=83.33	OverallConfidence=VERY_STRONG	RecommendationSource=VENUE	Recommendation=STRONG_VENUE_ADVANTAGE	TossRecommendation=TOSS_WIN_HAS_STRONG_VALUE	StrategyRecommendation=FIELD_FIRST_DATA_STRONGER	VenueConfidence=MODERATE	PerformanceScore=79.54	StrategyBonus=0.00	TossBonus=2.00	FinalScore=81.54	FinalDecision=STRONG_POSITIVE	DecisionConfidence=MODERATE	StrategySignal=NONE	TossSignal=STRONG	VenueConfidence=MODERATE
Wankhede Stadium	Mumbai Indians	Pune Warriors	VenueWin%=66.67	OverallWin%=83.33	VenueMatches=3	OverallMatches=6	Matches=3	Wins=2	Losses=1	Win%=66.67	TossWins=2	TossLosses=1	TossWinMatchWins=1	TossWinMatchLosses=1	TossConversion%=50.00	BatFirst=1	BatFirstWins=1	BatFirstWin%=100.00	FieldFirst=1	FieldFirstWins=0	FieldFirstWin%=0.00	OverallConfidence=MODERATE	RecommendationSource=VENUE	Recommendation=VENUE_ADVANTAGE	TossRecommendation=TOSS_IMPACT_BALANCED	StrategyRecommendation=BAT_FIELD_DATA_INSUFFICIENT	VenueConfidence=LOW	PerformanceScore=78.00	StrategyBonus=0.00	TossBonus=0.00	FinalScore=78.00	FinalDecision=STRONG_POSITIVE	DecisionConfidence=LOW	StrategySignal=NONE	TossSignal=NONE	VenueConfidence=LOW
Wankhede Stadium	Mumbai Indians	Punjab Kings	VenueWin%=55.56	OverallWin%=53.12	VenueMatches=9	OverallMatches=32	Matches=9	Wins=5	Losses=4	Win%=55.56	TossWins=6	TossLosses=3	TossWinMatchWins=2	TossWinMatchLosses=4	TossConversion%=33.33	BatFirst=2	BatFirstWins=1	BatFirstWin%=50.00	FieldFirst=4	FieldFirstWins=1	FieldFirstWin%=25.00	OverallConfidence=VERY_STRONG	RecommendationSource=VENUE	Recommendation=VENUE_ADVANTAGE	TossRecommendation=TOSS_WIN_HAS_LOW_VALUE	StrategyRecommendation=FIELD_FIRST_DATA_STRONGER	VenueConfidence=MODERATE	PerformanceScore=54.49	StrategyBonus=0.00	TossBonus=0.00	FinalScore=54.49	FinalDecision=BALANCED	DecisionConfidence=MODERATE	StrategySignal=NONE	TossSignal=LOW	VenueConfidence=MODERATE
Wankhede Stadium	Mumbai Indians	Rajasthan Royals	VenueWin%=57.14	OverallWin%=51.72	VenueMatches=7	OverallMatches=29	Matches=7	Wins=4	Losses=3	Win%=57.14	TossWins=2	TossLosses=5	TossWinMatchWins=1	TossWinMatchLosses=1	TossConversion%=50.00	BatFirst=1	BatFirstWins=0	BatFirstWin%=0.00	FieldFirst=1	FieldFirstWins=1	FieldFirstWin%=100.00	OverallConfidence=VERY_STRONG	RecommendationSource=VENUE	Recommendation=VENUE_ADVANTAGE	TossRecommendation=TOSS_IMPACT_BALANCED	StrategyRecommendation=BAT_FIELD_DATA_INSUFFICIENT	VenueConfidence=MODERATE	PerformanceScore=54.32	StrategyBonus=0.00	TossBonus=0.00	FinalScore=54.32	FinalDecision=BALANCED	DecisionConfidence=MODERATE	StrategySignal=NONE	TossSignal=LOW	VenueConfidence=MODERATE
Wankhede Stadium	Mumbai Indians	Rising Pune Supergiants	VenueWin%=0.00	OverallWin%=33.33	VenueMatches=3	OverallMatches=6	Matches=3	Wins=0	Losses=3	Win%=0.00	TossWins=3	TossLosses=0	TossWinMatchWins=0	TossWinMatchLosses=3	TossConversion%=0.00	BatFirst=1	BatFirstWins=0	BatFirstWin%=0.00	FieldFirst=2	FieldFirstWins=0	FieldFirstWin%=0.00	OverallConfidence=MODERATE	RecommendationSource=VENUE	Recommendation=VENUE_DISADVANTAGE	TossRecommendation=TOSS_WIN_HAS_LOW_VALUE	StrategyRecommendation=BAT_FIELD_DATA_INSUFFICIENT	VenueConfidence=LOW	PerformanceScore=22.66	StrategyBonus=0.00	TossBonus=0.00	FinalScore=22.66	FinalDecision=STRONG_NEGATIVE	DecisionConfidence=LOW	StrategySignal=NONE	TossSignal=NONE	VenueConfidence=LOW
Wankhede Stadium	Mumbai Indians	Royal Challengers Bengaluru	VenueWin%=66.67	OverallWin%=57.58	VenueMatches=9	OverallMatches=33	Matches=9	Wins=6	Losses=3	Win%=66.67	TossWins=4	TossLosses=5	TossWinMatchWins=3	TossWinMatchLosses=1	TossConversion%=75.00	BatFirst=2	BatFirstWins=1	BatFirstWin%=50.00	FieldFirst=2	FieldFirstWins=2	FieldFirstWin%=100.00	OverallConfidence=VERY_STRONG	RecommendationSource=VENUE	Recommendation=VENUE_ADVANTAGE	TossRecommendation=TOSS_WIN_HAS_STRONG_VALUE	StrategyRecommendation=BAT_FIELD_DATA_INSUFFICIENT	VenueConfidence=MODERATE	PerformanceScore=62.67	StrategyBonus=0.00	TossBonus=2.00	FinalScore=64.67	FinalDecision=POSITIVE	DecisionConfidence=MODERATE	StrategySignal=NONE	TossSignal=STRONG	VenueConfidence=MODERATE
Wankhede Stadium	Mumbai Indians	Sunrisers Hyderabad	VenueWin%=80.00	OverallWin%=56.52	VenueMatches=5	OverallMatches=23	Matches=5	Wins=4	Losses=1	Win%=80.00	TossWins=4	TossLosses=1	TossWinMatchWins=3	TossWinMatchLosses=1	TossConversion%=75.00	BatFirst=2	BatFirstWins=2	BatFirstWin%=100.00	FieldFirst=2	FieldFirstWins=1	FieldFirstWin%=50.00	OverallConfidence=VERY_STRONG	RecommendationSource=VENUE	Recommendation=STRONG_VENUE_ADVANTAGE	TossRecommendation=TOSS_WIN_HAS_STRONG_VALUE	StrategyRecommendation=BAT_FIELD_DATA_INSUFFICIENT	VenueConfidence=MODERATE	PerformanceScore=65.91	StrategyBonus=0.00	TossBonus=2.00	FinalScore=67.91	FinalDecision=POSITIVE	DecisionConfidence=MODERATE	StrategySignal=NONE	TossSignal=STRONG	VenueConfidence=MODERATE
Wankhede Stadium	Pune Warriors	Mumbai Indians	VenueWin%=33.33	OverallWin%=16.67	VenueMatches=3	OverallMatches=6	Matches=3	Wins=1	Losses=2	Win%=33.33	TossWins=1	TossLosses=2	TossWinMatchWins=0	TossWinMatchLosses=1	TossConversion%=0.00	BatFirst=1	BatFirstWins=0	BatFirstWin%=0.00	FieldFirst=0	FieldFirstWins=0	FieldFirstWin%=0.00	OverallConfidence=MODERATE	RecommendationSource=VENUE	Recommendation=VENUE_DISADVANTAGE	TossRecommendation=TOSS_WIN_HAS_LOW_VALUE	StrategyRecommendation=BAT_FIELD_DATA_INSUFFICIENT	VenueConfidence=LOW	PerformanceScore=22.00	StrategyBonus=0.00	TossBonus=0.00	FinalScore=22.00	FinalDecision=STRONG_NEGATIVE	DecisionConfidence=LOW	StrategySignal=NONE	TossSignal=NONE	VenueConfidence=LOW
Wankhede Stadium	Punjab Kings	Chennai Super Kings	VenueWin%=50.00	OverallWin%=46.67	VenueMatches=2	OverallMatches=30	Matches=2	Wins=1	Losses=1	Win%=50.00	TossWins=1	TossLosses=1	TossWinMatchWins=0	TossWinMatchLosses=1	TossConversion%=0.00	BatFirst=1	BatFirstWins=0	BatFirstWin%=0.00	FieldFirst=0	FieldFirstWins=0	FieldFirstWin%=0.00	OverallConfidence=VERY_STRONG	RecommendationSource=OVERALL_MATCHUP	Recommendation=OVERALL_MATCHUP_BALANCED	TossRecommendation=TOSS_DATA_INSUFFICIENT	StrategyRecommendation=BAT_FIELD_DATA_INSUFFICIENT	VenueConfidence=VERY_LOW	PerformanceScore=47.60	StrategyBonus=0.00	TossBonus=0.00	FinalScore=47.60	FinalDecision=BALANCED	DecisionConfidence=VERY_LOW	StrategySignal=NONE	TossSignal=NONE	VenueConfidence=VERY_LOW
Wankhede Stadium	Punjab Kings	Mumbai Indians	VenueWin%=44.44	OverallWin%=46.88	VenueMatches=9	OverallMatches=32	Matches=9	Wins=4	Losses=5	Win%=44.44	TossWins=3	TossLosses=6	TossWinMatchWins=0	TossWinMatchLosses=3	TossConversion%=0.00	BatFirst=1	BatFirstWins=0	BatFirstWin%=0.00	FieldFirst=2	FieldFirstWins=0	FieldFirstWin%=0.00	OverallConfidence=VERY_STRONG	RecommendationSource=VENUE	Recommendation=BALANCED_VENUE	TossRecommendation=TOSS_WIN_HAS_LOW_VALUE	StrategyRecommendation=BAT_FIELD_DATA_INSUFFICIENT	VenueConfidence=MODERATE	PerformanceScore=45.51	StrategyBonus=0.00	TossBonus=0.00	FinalScore=45.51	FinalDecision=BALANCED	DecisionConfidence=MODERATE	StrategySignal=NONE	TossSignal=LOW	VenueConfidence=MODERATE
Wankhede Stadium	Rajasthan Royals	Delhi Capitals	VenueWin%=100.00	OverallWin%=51.72	VenueMatches=1	OverallMatches=29	Matches=1	Wins=1	Losses=0	Win%=100.00	TossWins=0	TossLosses=1	TossWinMatchWins=0	TossWinMatchLosses=0	TossConversion%=0.00	BatFirst=0	BatFirstWins=0	BatFirstWin%=0.00	FieldFirst=0	FieldFirstWins=0	FieldFirstWin%=0.00	OverallConfidence=VERY_STRONG	RecommendationSource=OVERALL_MATCHUP	Recommendation=OVERALL_MATCHUP_BALANCED	TossRecommendation=TOSS_DATA_INSUFFICIENT	StrategyRecommendation=BAT_FIELD_DATA_INSUFFICIENT	VenueConfidence=VERY_LOW	PerformanceScore=63.31	StrategyBonus=0.00	TossBonus=0.00	FinalScore=63.31	FinalDecision=POSITIVE	DecisionConfidence=VERY_LOW	StrategySignal=NONE	TossSignal=NONE	VenueConfidence=VERY_LOW
Wankhede Stadium	Rajasthan Royals	Mumbai Indians	VenueWin%=42.86	OverallWin%=48.28	VenueMatches=7	OverallMatches=29	Matches=7	Wins=3	Losses=4	Win%=42.86	TossWins=5	TossLosses=2	TossWinMatchWins=2	TossWinMatchLosses=3	TossConversion%=40.00	BatFirst=0	BatFirstWins=0	BatFirstWin%=0.00	FieldFirst=5	FieldFirstWins=2	FieldFirstWin%=40.00	OverallConfidence=VERY_STRONG	RecommendationSource=VENUE	Recommendation=BALANCED_VENUE	TossRecommendation=TOSS_WIN_HAS_LOW_VALUE	StrategyRecommendation=FIELD_FIRST_DATA_STRONGER	VenueConfidence=MODERATE	PerformanceScore=45.68	StrategyBonus=0.00	TossBonus=0.00	FinalScore=45.68	FinalDecision=BALANCED	DecisionConfidence=MODERATE	StrategySignal=NONE	TossSignal=LOW	VenueConfidence=MODERATE
Wankhede Stadium	Rising Pune Supergiants	Mumbai Indians	VenueWin%=100.00	OverallWin%=66.67	VenueMatches=3	OverallMatches=6	Matches=3	Wins=3	Losses=0	Win%=100.00	TossWins=0	TossLosses=3	TossWinMatchWins=0	TossWinMatchLosses=0	TossConversion%=0.00	BatFirst=0	BatFirstWins=0	BatFirstWin%=0.00	FieldFirst=0	FieldFirstWins=0	FieldFirstWin%=0.00	OverallConfidence=MODERATE	RecommendationSource=VENUE	Recommendation=STRONG_VENUE_ADVANTAGE	TossRecommendation=TOSS_WIN_HAS_LOW_VALUE	StrategyRecommendation=BAT_FIELD_DATA_INSUFFICIENT	VenueConfidence=LOW	PerformanceScore=77.34	StrategyBonus=0.00	TossBonus=0.00	FinalScore=77.34	FinalDecision=STRONG_POSITIVE	DecisionConfidence=LOW	StrategySignal=NONE	TossSignal=NONE	VenueConfidence=LOW
Wankhede Stadium	Royal Challengers Bengaluru	Chennai Super Kings	VenueWin%=0.00	OverallWin%=34.38	VenueMatches=1	OverallMatches=32	Matches=1	Wins=0	Losses=1	Win%=0.00	TossWins=0	TossLosses=1	TossWinMatchWins=0	TossWinMatchLosses=0	TossConversion%=0.00	BatFirst=0	BatFirstWins=0	BatFirstWin%=0.00	FieldFirst=0	FieldFirstWins=0	FieldFirstWin%=0.00	OverallConfidence=VERY_STRONG	RecommendationSource=OVERALL_MATCHUP	Recommendation=OVERALL_MATCHUP_DISADVANTAGE	TossRecommendation=TOSS_DATA_INSUFFICIENT	StrategyRecommendation=BAT_FIELD_DATA_INSUFFICIENT	VenueConfidence=VERY_LOW	PerformanceScore=26.13	StrategyBonus=0.00	TossBonus=0.00	FinalScore=26.13	FinalDecision=STRONG_NEGATIVE	DecisionConfidence=VERY_LOW	StrategySignal=NONE	TossSignal=NONE	VenueConfidence=VERY_LOW
Wankhede Stadium	Royal Challengers Bengaluru	Mumbai Indians	VenueWin%=33.33	OverallWin%=42.42	VenueMatches=9	OverallMatches=33	Matches=9	Wins=3	Losses=6	Win%=33.33	TossWins=5	TossLosses=4	TossWinMatchWins=2	TossWinMatchLosses=3	TossConversion%=40.00	BatFirst=2	BatFirstWins=1	BatFirstWin%=50.00	FieldFirst=3	FieldFirstWins=1	FieldFirstWin%=33.33	OverallConfidence=VERY_STRONG	RecommendationSource=VENUE	Recommendation=VENUE_DISADVANTAGE	TossRecommendation=TOSS_WIN_HAS_LOW_VALUE	StrategyRecommendation=FIELD_FIRST_DATA_STRONGER	VenueConfidence=MODERATE	PerformanceScore=37.33	StrategyBonus=0.00	TossBonus=0.00	FinalScore=37.33	FinalDecision=NEGATIVE	DecisionConfidence=MODERATE	StrategySignal=NONE	TossSignal=LOW	VenueConfidence=MODERATE
Wankhede Stadium	Sunrisers Hyderabad	Chennai Super Kings	VenueWin%=0.00	OverallWin%=28.57	VenueMatches=2	OverallMatches=21	Matches=2	Wins=0	Losses=2	Win%=0.00	TossWins=0	TossLosses=2	TossWinMatchWins=0	TossWinMatchLosses=0	TossConversion%=0.00	BatFirst=0	BatFirstWins=0	BatFirstWin%=0.00	FieldFirst=0	FieldFirstWins=0	FieldFirstWin%=0.00	OverallConfidence=VERY_STRONG	RecommendationSource=OVERALL_MATCHUP	Recommendation=OVERALL_MATCHUP_DISADVANTAGE	TossRecommendation=TOSS_DATA_INSUFFICIENT	StrategyRecommendation=BAT_FIELD_DATA_INSUFFICIENT	VenueConfidence=VERY_LOW	PerformanceScore=20.57	StrategyBonus=0.00	TossBonus=0.00	FinalScore=20.57	FinalDecision=STRONG_NEGATIVE	DecisionConfidence=VERY_LOW	StrategySignal=NONE	TossSignal=NONE	VenueConfidence=VERY_LOW
Wankhede Stadium	Sunrisers Hyderabad	Mumbai Indians	VenueWin%=20.00	OverallWin%=43.48	VenueMatches=5	OverallMatches=23	Matches=5	Wins=1	Losses=4	Win%=20.00	TossWins=1	TossLosses=4	TossWinMatchWins=0	TossWinMatchLosses=1	TossConversion%=0.00	BatFirst=1	BatFirstWins=0	BatFirstWin%=0.00	FieldFirst=0	FieldFirstWins=0	FieldFirstWin%=0.00	OverallConfidence=VERY_STRONG	RecommendationSource=VENUE	Recommendation=VENUE_DISADVANTAGE	TossRecommendation=TOSS_WIN_HAS_LOW_VALUE	StrategyRecommendation=BAT_FIELD_DATA_INSUFFICIENT	VenueConfidence=MODERATE	PerformanceScore=34.09	StrategyBonus=0.00	TossBonus=0.00	FinalScore=34.09	FinalDecision=NEGATIVE	DecisionConfidence=MODERATE	StrategySignal=NONE	TossSignal=LOW	VenueConfidence=MODERATE
Wankhede Stadium, Mumbai	Chennai Super Kings	Delhi Capitals	VenueWin%=0.00	OverallWin%=63.33	VenueMatches=1	OverallMatches=30	Matches=1	Wins=0	Losses=1	Win%=0.00	TossWins=0	TossLosses=1	TossWinMatchWins=0	TossWinMatchLosses=0	TossConversion%=0.00	BatFirst=0	BatFirstWins=0	BatFirstWin%=0.00	FieldFirst=0	FieldFirstWins=0	FieldFirstWin%=0.00	OverallConfidence=VERY_STRONG	RecommendationSource=OVERALL_MATCHUP	Recommendation=OVERALL_MATCHUP_ADVANTAGE	TossRecommendation=TOSS_DATA_INSUFFICIENT	StrategyRecommendation=BAT_FIELD_DATA_INSUFFICIENT	VenueConfidence=VERY_LOW	PerformanceScore=48.13	StrategyBonus=0.00	TossBonus=0.00	FinalScore=48.13	FinalDecision=BALANCED	DecisionConfidence=VERY_LOW	StrategySignal=NONE	TossSignal=NONE	VenueConfidence=VERY_LOW
Wankhede Stadium, Mumbai	Chennai Super Kings	Gujarat Titans	VenueWin%=0.00	OverallWin%=42.86	VenueMatches=1	OverallMatches=7	Matches=1	Wins=0	Losses=1	Win%=0.00	TossWins=1	TossLosses=0	TossWinMatchWins=0	TossWinMatchLosses=1	TossConversion%=0.00	BatFirst=1	BatFirstWins=0	BatFirstWin%=0.00	FieldFirst=0	FieldFirstWins=0	FieldFirstWin%=0.00	OverallConfidence=MODERATE	RecommendationSource=OVERALL_MATCHUP	Recommendation=OVERALL_MATCHUP_BALANCED	TossRecommendation=TOSS_DATA_INSUFFICIENT	StrategyRecommendation=BAT_FIELD_DATA_INSUFFICIENT	VenueConfidence=VERY_LOW	PerformanceScore=32.57	StrategyBonus=0.00	TossBonus=0.00	FinalScore=32.57	FinalDecision=NEGATIVE	DecisionConfidence=VERY_LOW	StrategySignal=NONE	TossSignal=NONE	VenueConfidence=VERY_LOW
Wankhede Stadium, Mumbai	Chennai Super Kings	Kolkata Knight Riders	VenueWin%=50.00	OverallWin%=65.52	VenueMatches=2	OverallMatches=29	Matches=2	Wins=1	Losses=1	Win%=50.00	TossWins=0	TossLosses=2	TossWinMatchWins=0	TossWinMatchLosses=0	TossConversion%=0.00	BatFirst=0	BatFirstWins=0	BatFirstWin%=0.00	FieldFirst=0	FieldFirstWins=0	FieldFirstWin%=0.00	OverallConfidence=VERY_STRONG	RecommendationSource=OVERALL_MATCHUP	Recommendation=OVERALL_MATCHUP_ADVANTAGE	TossRecommendation=TOSS_DATA_INSUFFICIENT	StrategyRecommendation=BAT_FIELD_DATA_INSUFFICIENT	VenueConfidence=VERY_LOW	PerformanceScore=61.17	StrategyBonus=0.00	TossBonus=0.00	FinalScore=61.17	FinalDecision=POSITIVE	DecisionConfidence=VERY_LOW	StrategySignal=NONE	TossSignal=NONE	VenueConfidence=VERY_LOW
Wankhede Stadium, Mumbai	Chennai Super Kings	Mumbai Indians	VenueWin%=66.67	OverallWin%=45.95	VenueMatches=3	OverallMatches=37	Matches=3	Wins=2	Losses=1	Win%=66.67	TossWins=1	TossLosses=2	TossWinMatchWins=1	TossWinMatchLosses=0	TossConversion%=100.00	BatFirst=0	BatFirstWins=0	BatFirstWin%=0.00	FieldFirst=1	FieldFirstWins=1	FieldFirstWin%=100.00	OverallConfidence=VERY_STRONG	RecommendationSource=VENUE	Recommendation=VENUE_ADVANTAGE	TossRecommendation=TOSS_WIN_HAS_STRONG_VALUE	StrategyRecommendation=BAT_FIELD_DATA_INSUFFICIENT	VenueConfidence=LOW	PerformanceScore=52.58	StrategyBonus=0.00	TossBonus=0.00	FinalScore=52.58	FinalDecision=BALANCED	DecisionConfidence=LOW	StrategySignal=NONE	TossSignal=NONE	VenueConfidence=LOW
Wankhede Stadium, Mumbai	Chennai Super Kings	Punjab Kings	VenueWin%=50.00	OverallWin%=53.33	VenueMatches=2	OverallMatches=30	Matches=2	Wins=1	Losses=1	Win%=50.00	TossWins=2	TossLosses=0	TossWinMatchWins=1	TossWinMatchLosses=1	TossConversion%=50.00	BatFirst=0	BatFirstWins=0	BatFirstWin%=0.00	FieldFirst=2	FieldFirstWins=1	FieldFirstWin%=50.00	OverallConfidence=VERY_STRONG	RecommendationSource=OVERALL_MATCHUP	Recommendation=OVERALL_MATCHUP_BALANCED	TossRecommendation=TOSS_DATA_INSUFFICIENT	StrategyRecommendation=BAT_FIELD_DATA_INSUFFICIENT	VenueConfidence=VERY_LOW	PerformanceScore=52.40	StrategyBonus=0.00	TossBonus=0.00	FinalScore=52.40	FinalDecision=BALANCED	DecisionConfidence=VERY_LOW	StrategySignal=NONE	TossSignal=NONE	VenueConfidence=VERY_LOW
Wankhede Stadium, Mumbai	Chennai Super Kings	Rajasthan Royals	VenueWin%=100.00	OverallWin%=55.17	VenueMatches=1	OverallMatches=29	Matches=1	Wins=1	Losses=0	Win%=100.00	TossWins=0	TossLosses=1	TossWinMatchWins=0	TossWinMatchLosses=0	TossConversion%=0.00	BatFirst=0	BatFirstWins=0	BatFirstWin%=0.00	FieldFirst=0	FieldFirstWins=0	FieldFirstWin%=0.00	OverallConfidence=VERY_STRONG	RecommendationSource=OVERALL_MATCHUP	Recommendation=OVERALL_MATCHUP_ADVANTAGE	TossRecommendation=TOSS_DATA_INSUFFICIENT	StrategyRecommendation=BAT_FIELD_DATA_INSUFFICIENT	VenueConfidence=VERY_LOW	PerformanceScore=65.93	StrategyBonus=0.00	TossBonus=0.00	FinalScore=65.93	FinalDecision=POSITIVE	DecisionConfidence=VERY_LOW	StrategySignal=NONE	TossSignal=NONE	VenueConfidence=VERY_LOW
Wankhede Stadium, Mumbai	Chennai Super Kings	Royal Challengers Bengaluru	VenueWin%=100.00	OverallWin%=65.62	VenueMatches=1	OverallMatches=32	Matches=1	Wins=1	Losses=0	Win%=100.00	TossWins=1	TossLosses=0	TossWinMatchWins=1	TossWinMatchLosses=0	TossConversion%=100.00	BatFirst=1	BatFirstWins=1	BatFirstWin%=100.00	FieldFirst=0	FieldFirstWins=0	FieldFirstWin%=0.00	OverallConfidence=VERY_STRONG	RecommendationSource=OVERALL_MATCHUP	Recommendation=OVERALL_MATCHUP_ADVANTAGE	TossRecommendation=TOSS_DATA_INSUFFICIENT	StrategyRecommendation=BAT_FIELD_DATA_INSUFFICIENT	VenueConfidence=VERY_LOW	PerformanceScore=73.87	StrategyBonus=0.00	TossBonus=0.00	FinalScore=73.87	FinalDecision=POSITIVE	DecisionConfidence=VERY_LOW	StrategySignal=NONE	TossSignal=NONE	VenueConfidence=VERY_LOW
Wankhede Stadium, Mumbai	Delhi Capitals	Chennai Super Kings	VenueWin%=100.00	OverallWin%=36.67	VenueMatches=1	OverallMatches=30	Matches=1	Wins=1	Losses=0	Win%=100.00	TossWins=1	TossLosses=0	TossWinMatchWins=1	TossWinMatchLosses=0	TossConversion%=100.00	BatFirst=0	BatFirstWins=0	BatFirstWin%=0.00	FieldFirst=1	FieldFirstWins=1	FieldFirstWin%=100.00	OverallConfidence=VERY_STRONG	RecommendationSource=OVERALL_MATCHUP	Recommendation=OVERALL_MATCHUP_DISADVANTAGE	TossRecommendation=TOSS_DATA_INSUFFICIENT	StrategyRecommendation=BAT_FIELD_DATA_INSUFFICIENT	VenueConfidence=VERY_LOW	PerformanceScore=51.87	StrategyBonus=0.00	TossBonus=0.00	FinalScore=51.87	FinalDecision=BALANCED	DecisionConfidence=VERY_LOW	StrategySignal=NONE	TossSignal=NONE	VenueConfidence=VERY_LOW
Wankhede Stadium, Mumbai	Delhi Capitals	Kolkata Knight Riders	VenueWin%=100.00	OverallWin%=45.45	VenueMatches=1	OverallMatches=33	Matches=1	Wins=1	Losses=0	Win%=100.00	TossWins=1	TossLosses=0	TossWinMatchWins=1	TossWinMatchLosses=0	TossConversion%=100.00	BatFirst=0	BatFirstWins=0	BatFirstWin%=0.00	FieldFirst=1	FieldFirstWins=1	FieldFirstWin%=100.00	OverallConfidence=VERY_STRONG	RecommendationSource=OVERALL_MATCHUP	Recommendation=OVERALL_MATCHUP_BALANCED	TossRecommendation=TOSS_DATA_INSUFFICIENT	StrategyRecommendation=BAT_FIELD_DATA_INSUFFICIENT	VenueConfidence=VERY_LOW	PerformanceScore=58.54	StrategyBonus=0.00	TossBonus=0.00	FinalScore=58.54	FinalDecision=BALANCED	DecisionConfidence=VERY_LOW	StrategySignal=NONE	TossSignal=NONE	VenueConfidence=VERY_LOW
Wankhede Stadium, Mumbai	Delhi Capitals	Lucknow Super Giants	VenueWin%=0.00	OverallWin%=40.00	VenueMatches=1	OverallMatches=5	Matches=1	Wins=0	Losses=1	Win%=0.00	TossWins=0	TossLosses=1	TossWinMatchWins=0	TossWinMatchLosses=0	TossConversion%=0.00	BatFirst=0	BatFirstWins=0	BatFirstWin%=0.00	FieldFirst=0	FieldFirstWins=0	FieldFirstWin%=0.00	OverallConfidence=MODERATE	RecommendationSource=OVERALL_MATCHUP	Recommendation=OVERALL_MATCHUP_DISADVANTAGE	TossRecommendation=TOSS_DATA_INSUFFICIENT	StrategyRecommendation=BAT_FIELD_DATA_INSUFFICIENT	VenueConfidence=VERY_LOW	PerformanceScore=30.40	StrategyBonus=0.00	TossBonus=0.00	FinalScore=30.40	FinalDecision=NEGATIVE	DecisionConfidence=VERY_LOW	StrategySignal=NONE	TossSignal=NONE	VenueConfidence=VERY_LOW
Wankhede Stadium, Mumbai	Delhi Capitals	Mumbai Indians	VenueWin%=0.00	OverallWin%=45.71	VenueMatches=2	OverallMatches=35	Matches=2	Wins=0	Losses=2	Win%=0.00	TossWins=1	TossLosses=1	TossWinMatchWins=0	TossWinMatchLosses=1	TossConversion%=0.00	BatFirst=0	BatFirstWins=0	BatFirstWin%=0.00	FieldFirst=1	FieldFirstWins=0	FieldFirstWin%=0.00	OverallConfidence=VERY_STRONG	RecommendationSource=OVERALL_MATCHUP	Recommendation=OVERALL_MATCHUP_BALANCED	TossRecommendation=TOSS_DATA_INSUFFICIENT	StrategyRecommendation=BAT_FIELD_DATA_INSUFFICIENT	VenueConfidence=VERY_LOW	PerformanceScore=32.91	StrategyBonus=0.00	TossBonus=0.00	FinalScore=32.91	FinalDecision=NEGATIVE	DecisionConfidence=VERY_LOW	StrategySignal=NONE	TossSignal=NONE	VenueConfidence=VERY_LOW
Wankhede Stadium, Mumbai	Delhi Capitals	Punjab Kings	VenueWin%=100.00	OverallWin%=48.48	VenueMatches=1	OverallMatches=33	Matches=1	Wins=1	Losses=0	Win%=100.00	TossWins=1	TossLosses=0	TossWinMatchWins=1	TossWinMatchLosses=0	TossConversion%=100.00	BatFirst=0	BatFirstWins=0	BatFirstWin%=0.00	FieldFirst=1	FieldFirstWins=1	FieldFirstWin%=100.00	OverallConfidence=VERY_STRONG	RecommendationSource=OVERALL_MATCHUP	Recommendation=OVERALL_MATCHUP_BALANCED	TossRecommendation=TOSS_DATA_INSUFFICIENT	StrategyRecommendation=BAT_FIELD_DATA_INSUFFICIENT	VenueConfidence=VERY_LOW	PerformanceScore=60.84	StrategyBonus=0.00	TossBonus=0.00	FinalScore=60.84	FinalDecision=POSITIVE	DecisionConfidence=VERY_LOW	StrategySignal=NONE	TossSignal=NONE	VenueConfidence=VERY_LOW
Wankhede Stadium, Mumbai	Delhi Capitals	Rajasthan Royals	VenueWin%=0.00	OverallWin%=48.28	VenueMatches=2	OverallMatches=29	Matches=2	Wins=0	Losses=2	Win%=0.00	TossWins=1	TossLosses=1	TossWinMatchWins=0	TossWinMatchLosses=1	TossConversion%=0.00	BatFirst=0	BatFirstWins=0	BatFirstWin%=0.00	FieldFirst=1	FieldFirstWins=0	FieldFirstWin%=0.00	OverallConfidence=VERY_STRONG	RecommendationSource=OVERALL_MATCHUP	Recommendation=OVERALL_MATCHUP_BALANCED	TossRecommendation=TOSS_DATA_INSUFFICIENT	StrategyRecommendation=BAT_FIELD_DATA_INSUFFICIENT	VenueConfidence=VERY_LOW	PerformanceScore=34.76	StrategyBonus=0.00	TossBonus=0.00	FinalScore=34.76	FinalDecision=NEGATIVE	DecisionConfidence=VERY_LOW	StrategySignal=NONE	TossSignal=NONE	VenueConfidence=VERY_LOW
Wankhede Stadium, Mumbai	Delhi Capitals	Royal Challengers Bengaluru	VenueWin%=0.00	OverallWin%=35.48	VenueMatches=1	OverallMatches=31	Matches=1	Wins=0	Losses=1	Win%=0.00	TossWins=1	TossLosses=0	TossWinMatchWins=0	TossWinMatchLosses=1	TossConversion%=0.00	BatFirst=0	BatFirstWins=0	BatFirstWin%=0.00	FieldFirst=1	FieldFirstWins=0	FieldFirstWin%=0.00	OverallConfidence=VERY_STRONG	RecommendationSource=OVERALL_MATCHUP	Recommendation=OVERALL_MATCHUP_DISADVANTAGE	TossRecommendation=TOSS_DATA_INSUFFICIENT	StrategyRecommendation=BAT_FIELD_DATA_INSUFFICIENT	VenueConfidence=VERY_LOW	PerformanceScore=26.96	StrategyBonus=0.00	TossBonus=0.00	FinalScore=26.96	FinalDecision=STRONG_NEGATIVE	DecisionConfidence=VERY_LOW	StrategySignal=NONE	TossSignal=NONE	VenueConfidence=VERY_LOW
Wankhede Stadium, Mumbai	Gujarat Titans	Chennai Super Kings	VenueWin%=100.00	OverallWin%=57.14	VenueMatches=1	OverallMatches=7	Matches=1	Wins=1	Losses=0	Win%=100.00	TossWins=0	TossLosses=1	TossWinMatchWins=0	TossWinMatchLosses=0	TossConversion%=0.00	BatFirst=0	BatFirstWins=0	BatFirstWin%=0.00	FieldFirst=0	FieldFirstWins=0	FieldFirstWin%=0.00	OverallConfidence=MODERATE	RecommendationSource=OVERALL_MATCHUP	Recommendation=OVERALL_MATCHUP_ADVANTAGE	TossRecommendation=TOSS_DATA_INSUFFICIENT	StrategyRecommendation=BAT_FIELD_DATA_INSUFFICIENT	VenueConfidence=VERY_LOW	PerformanceScore=67.43	StrategyBonus=0.00	TossBonus=0.00	FinalScore=67.43	FinalDecision=POSITIVE	DecisionConfidence=VERY_LOW	StrategySignal=NONE	TossSignal=NONE	VenueConfidence=VERY_LOW
Wankhede Stadium, Mumbai	Gujarat Titans	Lucknow Super Giants	VenueWin%=100.00	OverallWin%=80.00	VenueMatches=1	OverallMatches=5	Matches=1	Wins=1	Losses=0	Win%=100.00	TossWins=1	TossLosses=0	TossWinMatchWins=1	TossWinMatchLosses=0	TossConversion%=100.00	BatFirst=0	BatFirstWins=0	BatFirstWin%=0.00	FieldFirst=1	FieldFirstWins=1	FieldFirstWin%=100.00	OverallConfidence=MODERATE	RecommendationSource=OVERALL_MATCHUP	Recommendation=OVERALL_MATCHUP_STRONG_ADVANTAGE	TossRecommendation=TOSS_DATA_INSUFFICIENT	StrategyRecommendation=BAT_FIELD_DATA_INSUFFICIENT	VenueConfidence=VERY_LOW	PerformanceScore=84.80	StrategyBonus=0.00	TossBonus=0.00	FinalScore=84.80	FinalDecision=STRONG_POSITIVE	DecisionConfidence=VERY_LOW	StrategySignal=NONE	TossSignal=NONE	VenueConfidence=VERY_LOW
Wankhede Stadium, Mumbai	Gujarat Titans	Mumbai Indians	VenueWin%=0.00	OverallWin%=60.00	VenueMatches=1	OverallMatches=5	Matches=1	Wins=0	Losses=1	Win%=0.00	TossWins=1	TossLosses=0	TossWinMatchWins=0	TossWinMatchLosses=1	TossConversion%=0.00	BatFirst=0	BatFirstWins=0	BatFirstWin%=0.00	FieldFirst=1	FieldFirstWins=0	FieldFirstWin%=0.00	OverallConfidence=MODERATE	RecommendationSource=OVERALL_MATCHUP	Recommendation=OVERALL_MATCHUP_ADVANTAGE	TossRecommendation=TOSS_DATA_INSUFFICIENT	StrategyRecommendation=BAT_FIELD_DATA_INSUFFICIENT	VenueConfidence=VERY_LOW	PerformanceScore=45.60	StrategyBonus=0.00	TossBonus=0.00	FinalScore=45.60	FinalDecision=BALANCED	DecisionConfidence=VERY_LOW	StrategySignal=NONE	TossSignal=NONE	VenueConfidence=VERY_LOW
Wankhede Stadium, Mumbai	Gujarat Titans	Royal Challengers Bengaluru	VenueWin%=0.00	OverallWin%=40.00	VenueMatches=1	OverallMatches=5	Matches=1	Wins=0	Losses=1	Win%=0.00	TossWins=1	TossLosses=0	TossWinMatchWins=0	TossWinMatchLosses=1	TossConversion%=0.00	BatFirst=1	BatFirstWins=0	BatFirstWin%=0.00	FieldFirst=0	FieldFirstWins=0	FieldFirstWin%=0.00	OverallConfidence=MODERATE	RecommendationSource=OVERALL_MATCHUP	Recommendation=OVERALL_MATCHUP_DISADVANTAGE	TossRecommendation=TOSS_DATA_INSUFFICIENT	StrategyRecommendation=BAT_FIELD_DATA_INSUFFICIENT	VenueConfidence=VERY_LOW	PerformanceScore=30.40	StrategyBonus=0.00	TossBonus=0.00	FinalScore=30.40	FinalDecision=NEGATIVE	DecisionConfidence=VERY_LOW	StrategySignal=NONE	TossSignal=NONE	VenueConfidence=VERY_LOW
Wankhede Stadium, Mumbai	Gujarat Titans	Sunrisers Hyderabad	VenueWin%=100.00	OverallWin%=75.00	VenueMatches=1	OverallMatches=4	Matches=1	Wins=1	Losses=0	Win%=100.00	TossWins=1	TossLosses=0	TossWinMatchWins=1	TossWinMatchLosses=0	TossConversion%=100.00	BatFirst=0	BatFirstWins=0	BatFirstWin%=0.00	FieldFirst=1	FieldFirstWins=1	FieldFirstWin%=100.00	OverallConfidence=LOW	RecommendationSource=OVERALL_MATCHUP	Recommendation=OVERALL_MATCHUP_STRONG_ADVANTAGE	TossRecommendation=TOSS_DATA_INSUFFICIENT	StrategyRecommendation=BAT_FIELD_DATA_INSUFFICIENT	VenueConfidence=VERY_LOW	PerformanceScore=81.00	StrategyBonus=0.00	TossBonus=0.00	FinalScore=81.00	FinalDecision=STRONG_POSITIVE	DecisionConfidence=VERY_LOW	StrategySignal=NONE	TossSignal=NONE	VenueConfidence=VERY_LOW
Wankhede Stadium, Mumbai	Kolkata Knight Riders	Chennai Super Kings	VenueWin%=50.00	OverallWin%=34.48	VenueMatches=2	OverallMatches=29	Matches=2	Wins=1	Losses=1	Win%=50.00	TossWins=2	TossLosses=0	TossWinMatchWins=1	TossWinMatchLosses=1	TossConversion%=50.00	BatFirst=0	BatFirstWins=0	BatFirstWin%=0.00	FieldFirst=2	FieldFirstWins=1	FieldFirstWin%=50.00	OverallConfidence=VERY_STRONG	RecommendationSource=OVERALL_MATCHUP	Recommendation=OVERALL_MATCHUP_DISADVANTAGE	TossRecommendation=TOSS_DATA_INSUFFICIENT	StrategyRecommendation=BAT_FIELD_DATA_INSUFFICIENT	VenueConfidence=VERY_LOW	PerformanceScore=38.83	StrategyBonus=0.00	TossBonus=0.00	FinalScore=38.83	FinalDecision=NEGATIVE	DecisionConfidence=VERY_LOW	StrategySignal=NONE	TossSignal=NONE	VenueConfidence=VERY_LOW
Wankhede Stadium, Mumbai	Kolkata Knight Riders	Delhi Capitals	VenueWin%=0.00	OverallWin%=54.55	VenueMatches=1	OverallMatches=33	Matches=1	Wins=0	Losses=1	Win%=0.00	TossWins=0	TossLosses=1	TossWinMatchWins=0	TossWinMatchLosses=0	TossConversion%=0.00	BatFirst=0	BatFirstWins=0	BatFirstWin%=0.00	FieldFirst=0	FieldFirstWins=0	FieldFirstWin%=0.00	OverallConfidence=VERY_STRONG	RecommendationSource=OVERALL_MATCHUP	Recommendation=OVERALL_MATCHUP_BALANCED	TossRecommendation=TOSS_DATA_INSUFFICIENT	StrategyRecommendation=BAT_FIELD_DATA_INSUFFICIENT	VenueConfidence=VERY_LOW	PerformanceScore=41.46	StrategyBonus=0.00	TossBonus=0.00	FinalScore=41.46	FinalDecision=NEGATIVE	DecisionConfidence=VERY_LOW	StrategySignal=NONE	TossSignal=NONE	VenueConfidence=VERY_LOW
Wankhede Stadium, Mumbai	Kolkata Knight Riders	Mumbai Indians	VenueWin%=50.00	OverallWin%=32.35	VenueMatches=2	OverallMatches=34	Matches=2	Wins=1	Losses=1	Win%=50.00	TossWins=0	TossLosses=2	TossWinMatchWins=0	TossWinMatchLosses=0	TossConversion%=0.00	BatFirst=0	BatFirstWins=0	BatFirstWin%=0.00	FieldFirst=0	FieldFirstWins=0	FieldFirstWin%=0.00	OverallConfidence=VERY_STRONG	RecommendationSource=OVERALL_MATCHUP	Recommendation=OVERALL_MATCHUP_DISADVANTAGE	TossRecommendation=TOSS_DATA_INSUFFICIENT	StrategyRecommendation=BAT_FIELD_DATA_INSUFFICIENT	VenueConfidence=VERY_LOW	PerformanceScore=37.29	StrategyBonus=0.00	TossBonus=0.00	FinalScore=37.29	FinalDecision=NEGATIVE	DecisionConfidence=VERY_LOW	StrategySignal=NONE	TossSignal=NONE	VenueConfidence=VERY_LOW
Wankhede Stadium, Mumbai	Kolkata Knight Riders	Punjab Kings	VenueWin%=100.00	OverallWin%=63.64	VenueMatches=1	OverallMatches=33	Matches=1	Wins=1	Losses=0	Win%=100.00	TossWins=1	TossLosses=0	TossWinMatchWins=1	TossWinMatchLosses=0	TossConversion%=100.00	BatFirst=0	BatFirstWins=0	BatFirstWin%=0.00	FieldFirst=1	FieldFirstWins=1	FieldFirstWin%=100.00	OverallConfidence=VERY_STRONG	RecommendationSource=OVERALL_MATCHUP	Recommendation=OVERALL_MATCHUP_ADVANTAGE	TossRecommendation=TOSS_DATA_INSUFFICIENT	StrategyRecommendation=BAT_FIELD_DATA_INSUFFICIENT	VenueConfidence=VERY_LOW	PerformanceScore=72.37	StrategyBonus=0.00	TossBonus=0.00	FinalScore=72.37	FinalDecision=POSITIVE	DecisionConfidence=VERY_LOW	StrategySignal=NONE	TossSignal=NONE	VenueConfidence=VERY_LOW
Wankhede Stadium, Mumbai	Kolkata Knight Riders	Rajasthan Royals	VenueWin%=50.00	OverallWin%=50.00	VenueMatches=2	OverallMatches=28	Matches=2	Wins=1	Losses=1	Win%=50.00	TossWins=1	TossLosses=1	TossWinMatchWins=1	TossWinMatchLosses=0	TossConversion%=100.00	BatFirst=0	BatFirstWins=0	BatFirstWin%=0.00	FieldFirst=1	FieldFirstWins=1	FieldFirstWin%=100.00	OverallConfidence=VERY_STRONG	RecommendationSource=OVERALL_MATCHUP	Recommendation=OVERALL_MATCHUP_BALANCED	TossRecommendation=TOSS_DATA_INSUFFICIENT	StrategyRecommendation=BAT_FIELD_DATA_INSUFFICIENT	VenueConfidence=VERY_LOW	PerformanceScore=50.00	StrategyBonus=0.00	TossBonus=0.00	FinalScore=50.00	FinalDecision=BALANCED	DecisionConfidence=VERY_LOW	StrategySignal=NONE	TossSignal=NONE	VenueConfidence=VERY_LOW
Wankhede Stadium, Mumbai	Lucknow Super Giants	Delhi Capitals	VenueWin%=100.00	OverallWin%=60.00	VenueMatches=1	OverallMatches=5	Matches=1	Wins=1	Losses=0	Win%=100.00	TossWins=1	TossLosses=0	TossWinMatchWins=1	TossWinMatchLosses=0	TossConversion%=100.00	BatFirst=1	BatFirstWins=1	BatFirstWin%=100.00	FieldFirst=0	FieldFirstWins=0	FieldFirstWin%=0.00	OverallConfidence=MODERATE	RecommendationSource=OVERALL_MATCHUP	Recommendation=OVERALL_MATCHUP_ADVANTAGE	TossRecommendation=TOSS_DATA_INSUFFICIENT	StrategyRecommendation=BAT_FIELD_DATA_INSUFFICIENT	VenueConfidence=VERY_LOW	PerformanceScore=69.60	StrategyBonus=0.00	TossBonus=0.00	FinalScore=69.60	FinalDecision=POSITIVE	DecisionConfidence=VERY_LOW	StrategySignal=NONE	TossSignal=NONE	VenueConfidence=VERY_LOW
Wankhede Stadium, Mumbai	Lucknow Super Giants	Gujarat Titans	VenueWin%=0.00	OverallWin%=20.00	VenueMatches=1	OverallMatches=5	Matches=1	Wins=0	Losses=1	Win%=0.00	TossWins=0	TossLosses=1	TossWinMatchWins=0	TossWinMatchLosses=0	TossConversion%=0.00	BatFirst=0	BatFirstWins=0	BatFirstWin%=0.00	FieldFirst=0	FieldFirstWins=0	FieldFirstWin%=0.00	OverallConfidence=MODERATE	RecommendationSource=OVERALL_MATCHUP	Recommendation=OVERALL_MATCHUP_DISADVANTAGE	TossRecommendation=TOSS_DATA_INSUFFICIENT	StrategyRecommendation=BAT_FIELD_DATA_INSUFFICIENT	VenueConfidence=VERY_LOW	PerformanceScore=15.20	StrategyBonus=0.00	TossBonus=0.00	FinalScore=15.20	FinalDecision=STRONG_NEGATIVE	DecisionConfidence=VERY_LOW	StrategySignal=NONE	TossSignal=NONE	VenueConfidence=VERY_LOW
Wankhede Stadium, Mumbai	Lucknow Super Giants	Mumbai Indians	VenueWin%=100.00	OverallWin%=83.33	VenueMatches=2	OverallMatches=6	Matches=2	Wins=2	Losses=0	Win%=100.00	TossWins=0	TossLosses=2	TossWinMatchWins=0	TossWinMatchLosses=0	TossConversion%=0.00	BatFirst=0	BatFirstWins=0	BatFirstWin%=0.00	FieldFirst=0	FieldFirstWins=0	FieldFirstWin%=0.00	OverallConfidence=MODERATE	RecommendationSource=OVERALL_MATCHUP	Recommendation=OVERALL_MATCHUP_STRONG_ADVANTAGE	TossRecommendation=TOSS_DATA_INSUFFICIENT	StrategyRecommendation=BAT_FIELD_DATA_INSUFFICIENT	VenueConfidence=VERY_LOW	PerformanceScore=88.00	StrategyBonus=0.00	TossBonus=0.00	FinalScore=88.00	FinalDecision=STRONG_POSITIVE	DecisionConfidence=VERY_LOW	StrategySignal=NONE	TossSignal=NONE	VenueConfidence=VERY_LOW
Wankhede Stadium, Mumbai	Lucknow Super Giants	Rajasthan Royals	VenueWin%=0.00	OverallWin%=20.00	VenueMatches=1	OverallMatches=5	Matches=1	Wins=0	Losses=1	Win%=0.00	TossWins=1	TossLosses=0	TossWinMatchWins=0	TossWinMatchLosses=1	TossConversion%=0.00	BatFirst=0	BatFirstWins=0	BatFirstWin%=0.00	FieldFirst=1	FieldFirstWins=0	FieldFirstWin%=0.00	OverallConfidence=MODERATE	RecommendationSource=OVERALL_MATCHUP	Recommendation=OVERALL_MATCHUP_DISADVANTAGE	TossRecommendation=TOSS_DATA_INSUFFICIENT	StrategyRecommendation=BAT_FIELD_DATA_INSUFFICIENT	VenueConfidence=VERY_LOW	PerformanceScore=15.20	StrategyBonus=0.00	TossBonus=0.00	FinalScore=15.20	FinalDecision=STRONG_NEGATIVE	DecisionConfidence=VERY_LOW	StrategySignal=NONE	TossSignal=NONE	VenueConfidence=VERY_LOW
Wankhede Stadium, Mumbai	Mumbai Indians	Chennai Super Kings	VenueWin%=33.33	OverallWin%=54.05	VenueMatches=3	OverallMatches=37	Matches=3	Wins=1	Losses=2	Win%=33.33	TossWins=2	TossLosses=1	TossWinMatchWins=1	TossWinMatchLosses=1	TossConversion%=50.00	BatFirst=0	BatFirstWins=0	BatFirstWin%=0.00	FieldFirst=2	FieldFirstWins=1	FieldFirstWin%=50.00	OverallConfidence=VERY_STRONG	RecommendationSource=VENUE	Recommendation=VENUE_DISADVANTAGE	TossRecommendation=TOSS_IMPACT_BALANCED	StrategyRecommendation=BAT_FIELD_DATA_INSUFFICIENT	VenueConfidence=LOW	PerformanceScore=47.42	StrategyBonus=0.00	TossBonus=0.00	FinalScore=47.42	FinalDecision=BALANCED	DecisionConfidence=LOW	StrategySignal=NONE	TossSignal=NONE	VenueConfidence=LOW
Wankhede Stadium, Mumbai	Mumbai Indians	Delhi Capitals	VenueWin%=100.00	OverallWin%=54.29	VenueMatches=2	OverallMatches=35	Matches=2	Wins=2	Losses=0	Win%=100.00	TossWins=1	TossLosses=1	TossWinMatchWins=1	TossWinMatchLosses=0	TossConversion%=100.00	BatFirst=0	BatFirstWins=0	BatFirstWin%=0.00	FieldFirst=1	FieldFirstWins=1	FieldFirstWin%=100.00	OverallConfidence=VERY_STRONG	RecommendationSource=OVERALL_MATCHUP	Recommendation=OVERALL_MATCHUP_BALANCED	TossRecommendation=TOSS_DATA_INSUFFICIENT	StrategyRecommendation=BAT_FIELD_DATA_INSUFFICIENT	VenueConfidence=VERY_LOW	PerformanceScore=67.09	StrategyBonus=0.00	TossBonus=0.00	FinalScore=67.09	FinalDecision=POSITIVE	DecisionConfidence=VERY_LOW	StrategySignal=NONE	TossSignal=NONE	VenueConfidence=VERY_LOW
Wankhede Stadium, Mumbai	Mumbai Indians	Gujarat Titans	VenueWin%=100.00	OverallWin%=40.00	VenueMatches=1	OverallMatches=5	Matches=1	Wins=1	Losses=0	Win%=100.00	TossWins=0	TossLosses=1	TossWinMatchWins=0	TossWinMatchLosses=0	TossConversion%=0.00	BatFirst=0	BatFirstWins=0	BatFirstWin%=0.00	FieldFirst=0	FieldFirstWins=0	FieldFirstWin%=0.00	OverallConfidence=MODERATE	RecommendationSource=OVERALL_MATCHUP	Recommendation=OVERALL_MATCHUP_DISADVANTAGE	TossRecommendation=TOSS_DATA_INSUFFICIENT	StrategyRecommendation=BAT_FIELD_DATA_INSUFFICIENT	VenueConfidence=VERY_LOW	PerformanceScore=54.40	StrategyBonus=0.00	TossBonus=0.00	FinalScore=54.40	FinalDecision=BALANCED	DecisionConfidence=VERY_LOW	StrategySignal=NONE	TossSignal=NONE	VenueConfidence=VERY_LOW
Wankhede Stadium, Mumbai	Mumbai Indians	Kolkata Knight Riders	VenueWin%=50.00	OverallWin%=67.65	VenueMatches=2	OverallMatches=34	Matches=2	Wins=1	Losses=1	Win%=50.00	TossWins=2	TossLosses=0	TossWinMatchWins=1	TossWinMatchLosses=1	TossConversion%=50.00	BatFirst=0	BatFirstWins=0	BatFirstWin%=0.00	FieldFirst=2	FieldFirstWins=1	FieldFirstWin%=50.00	OverallConfidence=VERY_STRONG	RecommendationSource=OVERALL_MATCHUP	Recommendation=OVERALL_MATCHUP_ADVANTAGE	TossRecommendation=TOSS_DATA_INSUFFICIENT	StrategyRecommendation=BAT_FIELD_DATA_INSUFFICIENT	VenueConfidence=VERY_LOW	PerformanceScore=62.71	StrategyBonus=0.00	TossBonus=0.00	FinalScore=62.71	FinalDecision=POSITIVE	DecisionConfidence=VERY_LOW	StrategySignal=NONE	TossSignal=NONE	VenueConfidence=VERY_LOW
Wankhede Stadium, Mumbai	Mumbai Indians	Lucknow Super Giants	VenueWin%=0.00	OverallWin%=16.67	VenueMatches=2	OverallMatches=6	Matches=2	Wins=0	Losses=2	Win%=0.00	TossWins=2	TossLosses=0	TossWinMatchWins=0	TossWinMatchLosses=2	TossConversion%=0.00	BatFirst=0	BatFirstWins=0	BatFirstWin%=0.00	FieldFirst=2	FieldFirstWins=0	FieldFirstWin%=0.00	OverallConfidence=MODERATE	RecommendationSource=OVERALL_MATCHUP	Recommendation=OVERALL_MATCHUP_DISADVANTAGE	TossRecommendation=TOSS_DATA_INSUFFICIENT	StrategyRecommendation=BAT_FIELD_DATA_INSUFFICIENT	VenueConfidence=VERY_LOW	PerformanceScore=12.00	StrategyBonus=0.00	TossBonus=0.00	FinalScore=12.00	FinalDecision=STRONG_NEGATIVE	DecisionConfidence=VERY_LOW	StrategySignal=NONE	TossSignal=NONE	VenueConfidence=VERY_LOW
Wankhede Stadium, Mumbai	Mumbai Indians	Punjab Kings	VenueWin%=0.00	OverallWin%=53.12	VenueMatches=1	OverallMatches=32	Matches=1	Wins=0	Losses=1	Win%=0.00	TossWins=1	TossLosses=0	TossWinMatchWins=0	TossWinMatchLosses=1	TossConversion%=0.00	BatFirst=0	BatFirstWins=0	BatFirstWin%=0.00	FieldFirst=1	FieldFirstWins=0	FieldFirstWin%=0.00	OverallConfidence=VERY_STRONG	RecommendationSource=OVERALL_MATCHUP	Recommendation=OVERALL_MATCHUP_BALANCED	TossRecommendation=TOSS_DATA_INSUFFICIENT	StrategyRecommendation=BAT_FIELD_DATA_INSUFFICIENT	VenueConfidence=VERY_LOW	PerformanceScore=40.37	StrategyBonus=0.00	TossBonus=0.00	FinalScore=40.37	FinalDecision=NEGATIVE	DecisionConfidence=VERY_LOW	StrategySignal=NONE	TossSignal=NONE	VenueConfidence=VERY_LOW
Wankhede Stadium, Mumbai	Mumbai Indians	Rajasthan Royals	VenueWin%=50.00	OverallWin%=51.72	VenueMatches=2	OverallMatches=29	Matches=2	Wins=1	Losses=1	Win%=50.00	TossWins=0	TossLosses=2	TossWinMatchWins=0	TossWinMatchLosses=0	TossConversion%=0.00	BatFirst=0	BatFirstWins=0	BatFirstWin%=0.00	FieldFirst=0	FieldFirstWins=0	FieldFirstWin%=0.00	OverallConfidence=VERY_STRONG	RecommendationSource=OVERALL_MATCHUP	Recommendation=OVERALL_MATCHUP_BALANCED	TossRecommendation=TOSS_DATA_INSUFFICIENT	StrategyRecommendation=BAT_FIELD_DATA_INSUFFICIENT	VenueConfidence=VERY_LOW	PerformanceScore=51.24	StrategyBonus=0.00	TossBonus=0.00	FinalScore=51.24	FinalDecision=BALANCED	DecisionConfidence=VERY_LOW	StrategySignal=NONE	TossSignal=NONE	VenueConfidence=VERY_LOW
Wankhede Stadium, Mumbai	Mumbai Indians	Royal Challengers Bengaluru	VenueWin%=100.00	OverallWin%=57.58	VenueMatches=2	OverallMatches=33	Matches=2	Wins=2	Losses=0	Win%=100.00	TossWins=2	TossLosses=0	TossWinMatchWins=2	TossWinMatchLosses=0	TossConversion%=100.00	BatFirst=0	BatFirstWins=0	BatFirstWin%=0.00	FieldFirst=2	FieldFirstWins=2	FieldFirstWin%=100.00	OverallConfidence=VERY_STRONG	RecommendationSource=OVERALL_MATCHUP	Recommendation=OVERALL_MATCHUP_ADVANTAGE	TossRecommendation=TOSS_DATA_INSUFFICIENT	StrategyRecommendation=BAT_FIELD_DATA_INSUFFICIENT	VenueConfidence=VERY_LOW	PerformanceScore=69.46	StrategyBonus=0.00	TossBonus=0.00	FinalScore=69.46	FinalDecision=POSITIVE	DecisionConfidence=VERY_LOW	StrategySignal=NONE	TossSignal=NONE	VenueConfidence=VERY_LOW
Wankhede Stadium, Mumbai	Mumbai Indians	Sunrisers Hyderabad	VenueWin%=66.67	OverallWin%=56.52	VenueMatches=3	OverallMatches=23	Matches=3	Wins=2	Losses=1	Win%=66.67	TossWins=3	TossLosses=0	TossWinMatchWins=2	TossWinMatchLosses=1	TossConversion%=66.67	BatFirst=0	BatFirstWins=0	BatFirstWin%=0.00	FieldFirst=3	FieldFirstWins=2	FieldFirstWin%=66.67	OverallConfidence=VERY_STRONG	RecommendationSource=VENUE	Recommendation=VENUE_ADVANTAGE	TossRecommendation=TOSS_WIN_HAS_MODERATE_VALUE	StrategyRecommendation=FIELD_FIRST_DATA_STRONGER	VenueConfidence=LOW	PerformanceScore=59.77	StrategyBonus=0.00	TossBonus=0.00	FinalScore=59.77	FinalDecision=BALANCED	DecisionConfidence=LOW	StrategySignal=NONE	TossSignal=NONE	VenueConfidence=LOW
Wankhede Stadium, Mumbai	Punjab Kings	Chennai Super Kings	VenueWin%=50.00	OverallWin%=46.67	VenueMatches=2	OverallMatches=30	Matches=2	Wins=1	Losses=1	Win%=50.00	TossWins=0	TossLosses=2	TossWinMatchWins=0	TossWinMatchLosses=0	TossConversion%=0.00	BatFirst=0	BatFirstWins=0	BatFirstWin%=0.00	FieldFirst=0	FieldFirstWins=0	FieldFirstWin%=0.00	OverallConfidence=VERY_STRONG	RecommendationSource=OVERALL_MATCHUP	Recommendation=OVERALL_MATCHUP_BALANCED	TossRecommendation=TOSS_DATA_INSUFFICIENT	StrategyRecommendation=BAT_FIELD_DATA_INSUFFICIENT	VenueConfidence=VERY_LOW	PerformanceScore=47.60	StrategyBonus=0.00	TossBonus=0.00	FinalScore=47.60	FinalDecision=BALANCED	DecisionConfidence=VERY_LOW	StrategySignal=NONE	TossSignal=NONE	VenueConfidence=VERY_LOW
Wankhede Stadium, Mumbai	Punjab Kings	Delhi Capitals	VenueWin%=0.00	OverallWin%=51.52	VenueMatches=1	OverallMatches=33	Matches=1	Wins=0	Losses=1	Win%=0.00	TossWins=0	TossLosses=1	TossWinMatchWins=0	TossWinMatchLosses=0	TossConversion%=0.00	BatFirst=0	BatFirstWins=0	BatFirstWin%=0.00	FieldFirst=0	FieldFirstWins=0	FieldFirstWin%=0.00	OverallConfidence=VERY_STRONG	RecommendationSource=OVERALL_MATCHUP	Recommendation=OVERALL_MATCHUP_BALANCED	TossRecommendation=TOSS_DATA_INSUFFICIENT	StrategyRecommendation=BAT_FIELD_DATA_INSUFFICIENT	VenueConfidence=VERY_LOW	PerformanceScore=39.16	StrategyBonus=0.00	TossBonus=0.00	FinalScore=39.16	FinalDecision=NEGATIVE	DecisionConfidence=VERY_LOW	StrategySignal=NONE	TossSignal=NONE	VenueConfidence=VERY_LOW
Wankhede Stadium, Mumbai	Punjab Kings	Kolkata Knight Riders	VenueWin%=0.00	OverallWin%=36.36	VenueMatches=1	OverallMatches=33	Matches=1	Wins=0	Losses=1	Win%=0.00	TossWins=0	TossLosses=1	TossWinMatchWins=0	TossWinMatchLosses=0	TossConversion%=0.00	BatFirst=0	BatFirstWins=0	BatFirstWin%=0.00	FieldFirst=0	FieldFirstWins=0	FieldFirstWin%=0.00	OverallConfidence=VERY_STRONG	RecommendationSource=OVERALL_MATCHUP	Recommendation=OVERALL_MATCHUP_DISADVANTAGE	TossRecommendation=TOSS_DATA_INSUFFICIENT	StrategyRecommendation=BAT_FIELD_DATA_INSUFFICIENT	VenueConfidence=VERY_LOW	PerformanceScore=27.63	StrategyBonus=0.00	TossBonus=0.00	FinalScore=27.63	FinalDecision=STRONG_NEGATIVE	DecisionConfidence=VERY_LOW	StrategySignal=NONE	TossSignal=NONE	VenueConfidence=VERY_LOW
Wankhede Stadium, Mumbai	Punjab Kings	Mumbai Indians	VenueWin%=100.00	OverallWin%=46.88	VenueMatches=1	OverallMatches=32	Matches=1	Wins=1	Losses=0	Win%=100.00	TossWins=0	TossLosses=1	TossWinMatchWins=0	TossWinMatchLosses=0	TossConversion%=0.00	BatFirst=0	BatFirstWins=0	BatFirstWin%=0.00	FieldFirst=0	FieldFirstWins=0	FieldFirstWin%=0.00	OverallConfidence=VERY_STRONG	RecommendationSource=OVERALL_MATCHUP	Recommendation=OVERALL_MATCHUP_BALANCED	TossRecommendation=TOSS_DATA_INSUFFICIENT	StrategyRecommendation=BAT_FIELD_DATA_INSUFFICIENT	VenueConfidence=VERY_LOW	PerformanceScore=59.63	StrategyBonus=0.00	TossBonus=0.00	FinalScore=59.63	FinalDecision=BALANCED	DecisionConfidence=VERY_LOW	StrategySignal=NONE	TossSignal=NONE	VenueConfidence=VERY_LOW
Wankhede Stadium, Mumbai	Punjab Kings	Rajasthan Royals	VenueWin%=50.00	OverallWin%=42.86	VenueMatches=2	OverallMatches=28	Matches=2	Wins=1	Losses=1	Win%=50.00	TossWins=1	TossLosses=1	TossWinMatchWins=0	TossWinMatchLosses=1	TossConversion%=0.00	BatFirst=1	BatFirstWins=0	BatFirstWin%=0.00	FieldFirst=0	FieldFirstWins=0	FieldFirstWin%=0.00	OverallConfidence=VERY_STRONG	RecommendationSource=OVERALL_MATCHUP	Recommendation=OVERALL_MATCHUP_BALANCED	TossRecommendation=TOSS_DATA_INSUFFICIENT	StrategyRecommendation=BAT_FIELD_DATA_INSUFFICIENT	VenueConfidence=VERY_LOW	PerformanceScore=44.86	StrategyBonus=0.00	TossBonus=0.00	FinalScore=44.86	FinalDecision=NEGATIVE	DecisionConfidence=VERY_LOW	StrategySignal=NONE	TossSignal=NONE	VenueConfidence=VERY_LOW
Wankhede Stadium, Mumbai	Punjab Kings	Sunrisers Hyderabad	VenueWin%=100.00	OverallWin%=30.43	VenueMatches=1	OverallMatches=23	Matches=1	Wins=1	Losses=0	Win%=100.00	TossWins=0	TossLosses=1	TossWinMatchWins=0	TossWinMatchLosses=0	TossConversion%=0.00	BatFirst=0	BatFirstWins=0	BatFirstWin%=0.00	FieldFirst=0	FieldFirstWins=0	FieldFirstWin%=0.00	OverallConfidence=VERY_STRONG	RecommendationSource=OVERALL_MATCHUP	Recommendation=OVERALL_MATCHUP_DISADVANTAGE	TossRecommendation=TOSS_DATA_INSUFFICIENT	StrategyRecommendation=BAT_FIELD_DATA_INSUFFICIENT	VenueConfidence=VERY_LOW	PerformanceScore=47.13	StrategyBonus=0.00	TossBonus=0.00	FinalScore=47.13	FinalDecision=BALANCED	DecisionConfidence=VERY_LOW	StrategySignal=NONE	TossSignal=NONE	VenueConfidence=VERY_LOW
Wankhede Stadium, Mumbai	Rajasthan Royals	Chennai Super Kings	VenueWin%=0.00	OverallWin%=44.83	VenueMatches=1	OverallMatches=29	Matches=1	Wins=0	Losses=1	Win%=0.00	TossWins=1	TossLosses=0	TossWinMatchWins=0	TossWinMatchLosses=1	TossConversion%=0.00	BatFirst=0	BatFirstWins=0	BatFirstWin%=0.00	FieldFirst=1	FieldFirstWins=0	FieldFirstWin%=0.00	OverallConfidence=VERY_STRONG	RecommendationSource=OVERALL_MATCHUP	Recommendation=OVERALL_MATCHUP_BALANCED	TossRecommendation=TOSS_DATA_INSUFFICIENT	StrategyRecommendation=BAT_FIELD_DATA_INSUFFICIENT	VenueConfidence=VERY_LOW	PerformanceScore=34.07	StrategyBonus=0.00	TossBonus=0.00	FinalScore=34.07	FinalDecision=NEGATIVE	DecisionConfidence=VERY_LOW	StrategySignal=NONE	TossSignal=NONE	VenueConfidence=VERY_LOW
Wankhede Stadium, Mumbai	Rajasthan Royals	Delhi Capitals	VenueWin%=100.00	OverallWin%=51.72	VenueMatches=2	OverallMatches=29	Matches=2	Wins=2	Losses=0	Win%=100.00	TossWins=1	TossLosses=1	TossWinMatchWins=1	TossWinMatchLosses=0	TossConversion%=100.00	BatFirst=0	BatFirstWins=0	BatFirstWin%=0.00	FieldFirst=1	FieldFirstWins=1	FieldFirstWin%=100.00	OverallConfidence=VERY_STRONG	RecommendationSource=OVERALL_MATCHUP	Recommendation=OVERALL_MATCHUP_BALANCED	TossRecommendation=TOSS_DATA_INSUFFICIENT	StrategyRecommendation=BAT_FIELD_DATA_INSUFFICIENT	VenueConfidence=VERY_LOW	PerformanceScore=65.24	StrategyBonus=0.00	TossBonus=0.00	FinalScore=65.24	FinalDecision=POSITIVE	DecisionConfidence=VERY_LOW	StrategySignal=NONE	TossSignal=NONE	VenueConfidence=VERY_LOW
Wankhede Stadium, Mumbai	Rajasthan Royals	Kolkata Knight Riders	VenueWin%=50.00	OverallWin%=50.00	VenueMatches=2	OverallMatches=28	Matches=2	Wins=1	Losses=1	Win%=50.00	TossWins=1	TossLosses=1	TossWinMatchWins=1	TossWinMatchLosses=0	TossConversion%=100.00	BatFirst=0	BatFirstWins=0	BatFirstWin%=0.00	FieldFirst=1	FieldFirstWins=1	FieldFirstWin%=100.00	OverallConfidence=VERY_STRONG	RecommendationSource=OVERALL_MATCHUP	Recommendation=OVERALL_MATCHUP_BALANCED	TossRecommendation=TOSS_DATA_INSUFFICIENT	StrategyRecommendation=BAT_FIELD_DATA_INSUFFICIENT	VenueConfidence=VERY_LOW	PerformanceScore=50.00	StrategyBonus=0.00	TossBonus=0.00	FinalScore=50.00	FinalDecision=BALANCED	DecisionConfidence=VERY_LOW	StrategySignal=NONE	TossSignal=NONE	VenueConfidence=VERY_LOW
Wankhede Stadium, Mumbai	Rajasthan Royals	Lucknow Super Giants	VenueWin%=100.00	OverallWin%=80.00	VenueMatches=1	OverallMatches=5	Matches=1	Wins=1	Losses=0	Win%=100.00	TossWins=0	TossLosses=1	TossWinMatchWins=0	TossWinMatchLosses=0	TossConversion%=0.00	BatFirst=0	BatFirstWins=0	BatFirstWin%=0.00	FieldFirst=0	FieldFirstWins=0	FieldFirstWin%=0.00	OverallConfidence=MODERATE	RecommendationSource=OVERALL_MATCHUP	Recommendation=OVERALL_MATCHUP_STRONG_ADVANTAGE	TossRecommendation=TOSS_DATA_INSUFFICIENT	StrategyRecommendation=BAT_FIELD_DATA_INSUFFICIENT	VenueConfidence=VERY_LOW	PerformanceScore=84.80	StrategyBonus=0.00	TossBonus=0.00	FinalScore=84.80	FinalDecision=STRONG_POSITIVE	DecisionConfidence=VERY_LOW	StrategySignal=NONE	TossSignal=NONE	VenueConfidence=VERY_LOW
Wankhede Stadium, Mumbai	Rajasthan Royals	Mumbai Indians	VenueWin%=50.00	OverallWin%=48.28	VenueMatches=2	OverallMatches=29	Matches=2	Wins=1	Losses=1	Win%=50.00	TossWins=2	TossLosses=0	TossWinMatchWins=1	TossWinMatchLosses=1	TossConversion%=50.00	BatFirst=1	BatFirstWins=0	BatFirstWin%=0.00	FieldFirst=1	FieldFirstWins=1	FieldFirstWin%=100.00	OverallConfidence=VERY_STRONG	RecommendationSource=OVERALL_MATCHUP	Recommendation=OVERALL_MATCHUP_BALANCED	TossRecommendation=TOSS_DATA_INSUFFICIENT	StrategyRecommendation=BAT_FIELD_DATA_INSUFFICIENT	VenueConfidence=VERY_LOW	PerformanceScore=48.76	StrategyBonus=0.00	TossBonus=0.00	FinalScore=48.76	FinalDecision=BALANCED	DecisionConfidence=VERY_LOW	StrategySignal=NONE	TossSignal=NONE	VenueConfidence=VERY_LOW
Wankhede Stadium, Mumbai	Rajasthan Royals	Punjab Kings	VenueWin%=50.00	OverallWin%=57.14	VenueMatches=2	OverallMatches=28	Matches=2	Wins=1	Losses=1	Win%=50.00	TossWins=1	TossLosses=1	TossWinMatchWins=0	TossWinMatchLosses=1	TossConversion%=0.00	BatFirst=0	BatFirstWins=0	BatFirstWin%=0.00	FieldFirst=1	FieldFirstWins=0	FieldFirstWin%=0.00	OverallConfidence=VERY_STRONG	RecommendationSource=OVERALL_MATCHUP	Recommendation=OVERALL_MATCHUP_ADVANTAGE	TossRecommendation=TOSS_DATA_INSUFFICIENT	StrategyRecommendation=BAT_FIELD_DATA_INSUFFICIENT	VenueConfidence=VERY_LOW	PerformanceScore=55.14	StrategyBonus=0.00	TossBonus=0.00	FinalScore=55.14	FinalDecision=BALANCED	DecisionConfidence=VERY_LOW	StrategySignal=NONE	TossSignal=NONE	VenueConfidence=VERY_LOW
Wankhede Stadium, Mumbai	Rajasthan Royals	Royal Challengers Bengaluru	VenueWin%=0.00	OverallWin%=45.16	VenueMatches=2	OverallMatches=31	Matches=2	Wins=0	Losses=2	Win%=0.00	TossWins=0	TossLosses=2	TossWinMatchWins=0	TossWinMatchLosses=0	TossConversion%=0.00	BatFirst=0	BatFirstWins=0	BatFirstWin%=0.00	FieldFirst=0	FieldFirstWins=0	FieldFirstWin%=0.00	OverallConfidence=VERY_STRONG	RecommendationSource=OVERALL_MATCHUP	Recommendation=OVERALL_MATCHUP_BALANCED	TossRecommendation=TOSS_DATA_INSUFFICIENT	StrategyRecommendation=BAT_FIELD_DATA_INSUFFICIENT	VenueConfidence=VERY_LOW	PerformanceScore=32.52	StrategyBonus=0.00	TossBonus=0.00	FinalScore=32.52	FinalDecision=NEGATIVE	DecisionConfidence=VERY_LOW	StrategySignal=NONE	TossSignal=NONE	VenueConfidence=VERY_LOW
Wankhede Stadium, Mumbai	Royal Challengers Bengaluru	Chennai Super Kings	VenueWin%=0.00	OverallWin%=34.38	VenueMatches=1	OverallMatches=32	Matches=1	Wins=0	Losses=1	Win%=0.00	TossWins=0	TossLosses=1	TossWinMatchWins=0	TossWinMatchLosses=0	TossConversion%=0.00	BatFirst=0	BatFirstWins=0	BatFirstWin%=0.00	FieldFirst=0	FieldFirstWins=0	FieldFirstWin%=0.00	OverallConfidence=VERY_STRONG	RecommendationSource=OVERALL_MATCHUP	Recommendation=OVERALL_MATCHUP_DISADVANTAGE	TossRecommendation=TOSS_DATA_INSUFFICIENT	StrategyRecommendation=BAT_FIELD_DATA_INSUFFICIENT	VenueConfidence=VERY_LOW	PerformanceScore=26.13	StrategyBonus=0.00	TossBonus=0.00	FinalScore=26.13	FinalDecision=STRONG_NEGATIVE	DecisionConfidence=VERY_LOW	StrategySignal=NONE	TossSignal=NONE	VenueConfidence=VERY_LOW
Wankhede Stadium, Mumbai	Royal Challengers Bengaluru	Delhi Capitals	VenueWin%=100.00	OverallWin%=61.29	VenueMatches=1	OverallMatches=31	Matches=1	Wins=1	Losses=0	Win%=100.00	TossWins=0	TossLosses=1	TossWinMatchWins=0	TossWinMatchLosses=0	TossConversion%=0.00	BatFirst=0	BatFirstWins=0	BatFirstWin%=0.00	FieldFirst=0	FieldFirstWins=0	FieldFirstWin%=0.00	OverallConfidence=VERY_STRONG	RecommendationSource=OVERALL_MATCHUP	Recommendation=OVERALL_MATCHUP_ADVANTAGE	TossRecommendation=TOSS_DATA_INSUFFICIENT	StrategyRecommendation=BAT_FIELD_DATA_INSUFFICIENT	VenueConfidence=VERY_LOW	PerformanceScore=70.58	StrategyBonus=0.00	TossBonus=0.00	FinalScore=70.58	FinalDecision=POSITIVE	DecisionConfidence=VERY_LOW	StrategySignal=NONE	TossSignal=NONE	VenueConfidence=VERY_LOW
Wankhede Stadium, Mumbai	Royal Challengers Bengaluru	Gujarat Titans	VenueWin%=100.00	OverallWin%=60.00	VenueMatches=1	OverallMatches=5	Matches=1	Wins=1	Losses=0	Win%=100.00	TossWins=0	TossLosses=1	TossWinMatchWins=0	TossWinMatchLosses=0	TossConversion%=0.00	BatFirst=0	BatFirstWins=0	BatFirstWin%=0.00	FieldFirst=0	FieldFirstWins=0	FieldFirstWin%=0.00	OverallConfidence=MODERATE	RecommendationSource=OVERALL_MATCHUP	Recommendation=OVERALL_MATCHUP_ADVANTAGE	TossRecommendation=TOSS_DATA_INSUFFICIENT	StrategyRecommendation=BAT_FIELD_DATA_INSUFFICIENT	VenueConfidence=VERY_LOW	PerformanceScore=69.60	StrategyBonus=0.00	TossBonus=0.00	FinalScore=69.60	FinalDecision=POSITIVE	DecisionConfidence=VERY_LOW	StrategySignal=NONE	TossSignal=NONE	VenueConfidence=VERY_LOW
Wankhede Stadium, Mumbai	Royal Challengers Bengaluru	Mumbai Indians	VenueWin%=0.00	OverallWin%=42.42	VenueMatches=2	OverallMatches=33	Matches=2	Wins=0	Losses=2	Win%=0.00	TossWins=0	TossLosses=2	TossWinMatchWins=0	TossWinMatchLosses=0	TossConversion%=0.00	BatFirst=0	BatFirstWins=0	BatFirstWin%=0.00	FieldFirst=0	FieldFirstWins=0	FieldFirstWin%=0.00	OverallConfidence=VERY_STRONG	RecommendationSource=OVERALL_MATCHUP	Recommendation=OVERALL_MATCHUP_BALANCED	TossRecommendation=TOSS_DATA_INSUFFICIENT	StrategyRecommendation=BAT_FIELD_DATA_INSUFFICIENT	VenueConfidence=VERY_LOW	PerformanceScore=30.54	StrategyBonus=0.00	TossBonus=0.00	FinalScore=30.54	FinalDecision=NEGATIVE	DecisionConfidence=VERY_LOW	StrategySignal=NONE	TossSignal=NONE	VenueConfidence=VERY_LOW
Wankhede Stadium, Mumbai	Royal Challengers Bengaluru	Rajasthan Royals	VenueWin%=100.00	OverallWin%=48.39	VenueMatches=2	OverallMatches=31	Matches=2	Wins=2	Losses=0	Win%=100.00	TossWins=2	TossLosses=0	TossWinMatchWins=2	TossWinMatchLosses=0	TossConversion%=100.00	BatFirst=0	BatFirstWins=0	BatFirstWin%=0.00	FieldFirst=2	FieldFirstWins=2	FieldFirstWin%=100.00	OverallConfidence=VERY_STRONG	RecommendationSource=OVERALL_MATCHUP	Recommendation=OVERALL_MATCHUP_BALANCED	TossRecommendation=TOSS_DATA_INSUFFICIENT	StrategyRecommendation=BAT_FIELD_DATA_INSUFFICIENT	VenueConfidence=VERY_LOW	PerformanceScore=62.84	StrategyBonus=0.00	TossBonus=0.00	FinalScore=62.84	FinalDecision=POSITIVE	DecisionConfidence=VERY_LOW	StrategySignal=NONE	TossSignal=NONE	VenueConfidence=VERY_LOW
Wankhede Stadium, Mumbai	Royal Challengers Bengaluru	Sunrisers Hyderabad	VenueWin%=100.00	OverallWin%=45.83	VenueMatches=1	OverallMatches=24	Matches=1	Wins=1	Losses=0	Win%=100.00	TossWins=1	TossLosses=0	TossWinMatchWins=1	TossWinMatchLosses=0	TossConversion%=100.00	BatFirst=1	BatFirstWins=1	BatFirstWin%=100.00	FieldFirst=0	FieldFirstWins=0	FieldFirstWin%=0.00	OverallConfidence=VERY_STRONG	RecommendationSource=OVERALL_MATCHUP	Recommendation=OVERALL_MATCHUP_BALANCED	TossRecommendation=TOSS_DATA_INSUFFICIENT	StrategyRecommendation=BAT_FIELD_DATA_INSUFFICIENT	VenueConfidence=VERY_LOW	PerformanceScore=58.83	StrategyBonus=0.00	TossBonus=0.00	FinalScore=58.83	FinalDecision=BALANCED	DecisionConfidence=VERY_LOW	StrategySignal=NONE	TossSignal=NONE	VenueConfidence=VERY_LOW
Wankhede Stadium, Mumbai	Sunrisers Hyderabad	Gujarat Titans	VenueWin%=0.00	OverallWin%=25.00	VenueMatches=1	OverallMatches=4	Matches=1	Wins=0	Losses=1	Win%=0.00	TossWins=0	TossLosses=1	TossWinMatchWins=0	TossWinMatchLosses=0	TossConversion%=0.00	BatFirst=0	BatFirstWins=0	BatFirstWin%=0.00	FieldFirst=0	FieldFirstWins=0	FieldFirstWin%=0.00	OverallConfidence=LOW	RecommendationSource=OVERALL_MATCHUP	Recommendation=OVERALL_MATCHUP_DISADVANTAGE	TossRecommendation=TOSS_DATA_INSUFFICIENT	StrategyRecommendation=BAT_FIELD_DATA_INSUFFICIENT	VenueConfidence=VERY_LOW	PerformanceScore=19.00	StrategyBonus=0.00	TossBonus=0.00	FinalScore=19.00	FinalDecision=STRONG_NEGATIVE	DecisionConfidence=VERY_LOW	StrategySignal=NONE	TossSignal=NONE	VenueConfidence=VERY_LOW
Wankhede Stadium, Mumbai	Sunrisers Hyderabad	Mumbai Indians	VenueWin%=33.33	OverallWin%=43.48	VenueMatches=3	OverallMatches=23	Matches=3	Wins=1	Losses=2	Win%=33.33	TossWins=0	TossLosses=3	TossWinMatchWins=0	TossWinMatchLosses=0	TossConversion%=0.00	BatFirst=0	BatFirstWins=0	BatFirstWin%=0.00	FieldFirst=0	FieldFirstWins=0	FieldFirstWin%=0.00	OverallConfidence=VERY_STRONG	RecommendationSource=VENUE	Recommendation=VENUE_DISADVANTAGE	TossRecommendation=TOSS_WIN_HAS_LOW_VALUE	StrategyRecommendation=BAT_FIELD_DATA_INSUFFICIENT	VenueConfidence=LOW	PerformanceScore=40.23	StrategyBonus=0.00	TossBonus=0.00	FinalScore=40.23	FinalDecision=NEGATIVE	DecisionConfidence=LOW	StrategySignal=NONE	TossSignal=NONE	VenueConfidence=LOW
Wankhede Stadium, Mumbai	Sunrisers Hyderabad	Punjab Kings	VenueWin%=0.00	OverallWin%=69.57	VenueMatches=1	OverallMatches=23	Matches=1	Wins=0	Losses=1	Win%=0.00	TossWins=1	TossLosses=0	TossWinMatchWins=0	TossWinMatchLosses=1	TossConversion%=0.00	BatFirst=1	BatFirstWins=0	BatFirstWin%=0.00	FieldFirst=0	FieldFirstWins=0	FieldFirstWin%=0.00	OverallConfidence=VERY_STRONG	RecommendationSource=OVERALL_MATCHUP	Recommendation=OVERALL_MATCHUP_ADVANTAGE	TossRecommendation=TOSS_DATA_INSUFFICIENT	StrategyRecommendation=BAT_FIELD_DATA_INSUFFICIENT	VenueConfidence=VERY_LOW	PerformanceScore=52.87	StrategyBonus=0.00	TossBonus=0.00	FinalScore=52.87	FinalDecision=BALANCED	DecisionConfidence=VERY_LOW	StrategySignal=NONE	TossSignal=NONE	VenueConfidence=VERY_LOW
Wankhede Stadium, Mumbai	Sunrisers Hyderabad	Royal Challengers Bengaluru	VenueWin%=0.00	OverallWin%=54.17	VenueMatches=1	OverallMatches=24	Matches=1	Wins=0	Losses=1	Win%=0.00	TossWins=0	TossLosses=1	TossWinMatchWins=0	TossWinMatchLosses=0	TossConversion%=0.00	BatFirst=0	BatFirstWins=0	BatFirstWin%=0.00	FieldFirst=0	FieldFirstWins=0	FieldFirstWin%=0.00	OverallConfidence=VERY_STRONG	RecommendationSource=OVERALL_MATCHUP	Recommendation=OVERALL_MATCHUP_BALANCED	TossRecommendation=TOSS_DATA_INSUFFICIENT	StrategyRecommendation=BAT_FIELD_DATA_INSUFFICIENT	VenueConfidence=VERY_LOW	PerformanceScore=41.17	StrategyBonus=0.00	TossBonus=0.00	FinalScore=41.17	FinalDecision=NEGATIVE	DecisionConfidence=VERY_LOW	StrategySignal=NONE	TossSignal=NONE	VenueConfidence=VERY_LOW
Zayed Cricket Stadium, Abu Dhabi	Chennai Super Kings	Kolkata Knight Riders	VenueWin%=100.00	OverallWin%=65.52	VenueMatches=1	OverallMatches=29	Matches=1	Wins=1	Losses=0	Win%=100.00	TossWins=0	TossLosses=1	TossWinMatchWins=0	TossWinMatchLosses=0	TossConversion%=0.00	BatFirst=0	BatFirstWins=0	BatFirstWin%=0.00	FieldFirst=0	FieldFirstWins=0	FieldFirstWin%=0.00	OverallConfidence=VERY_STRONG	RecommendationSource=OVERALL_MATCHUP	Recommendation=OVERALL_MATCHUP_ADVANTAGE	TossRecommendation=TOSS_DATA_INSUFFICIENT	StrategyRecommendation=BAT_FIELD_DATA_INSUFFICIENT	VenueConfidence=VERY_LOW	PerformanceScore=73.80	StrategyBonus=0.00	TossBonus=0.00	FinalScore=73.80	FinalDecision=POSITIVE	DecisionConfidence=VERY_LOW	StrategySignal=NONE	TossSignal=NONE	VenueConfidence=VERY_LOW
Zayed Cricket Stadium, Abu Dhabi	Chennai Super Kings	Rajasthan Royals	VenueWin%=0.00	OverallWin%=55.17	VenueMatches=1	OverallMatches=29	Matches=1	Wins=0	Losses=1	Win%=0.00	TossWins=0	TossLosses=1	TossWinMatchWins=0	TossWinMatchLosses=0	TossConversion%=0.00	BatFirst=0	BatFirstWins=0	BatFirstWin%=0.00	FieldFirst=0	FieldFirstWins=0	FieldFirstWin%=0.00	OverallConfidence=VERY_STRONG	RecommendationSource=OVERALL_MATCHUP	Recommendation=OVERALL_MATCHUP_ADVANTAGE	TossRecommendation=TOSS_DATA_INSUFFICIENT	StrategyRecommendation=BAT_FIELD_DATA_INSUFFICIENT	VenueConfidence=VERY_LOW	PerformanceScore=41.93	StrategyBonus=0.00	TossBonus=0.00	FinalScore=41.93	FinalDecision=NEGATIVE	DecisionConfidence=VERY_LOW	StrategySignal=NONE	TossSignal=NONE	VenueConfidence=VERY_LOW
Zayed Cricket Stadium, Abu Dhabi	Delhi Capitals	Rajasthan Royals	VenueWin%=100.00	OverallWin%=48.28	VenueMatches=1	OverallMatches=29	Matches=1	Wins=1	Losses=0	Win%=100.00	TossWins=0	TossLosses=1	TossWinMatchWins=0	TossWinMatchLosses=0	TossConversion%=0.00	BatFirst=0	BatFirstWins=0	BatFirstWin%=0.00	FieldFirst=0	FieldFirstWins=0	FieldFirstWin%=0.00	OverallConfidence=VERY_STRONG	RecommendationSource=OVERALL_MATCHUP	Recommendation=OVERALL_MATCHUP_BALANCED	TossRecommendation=TOSS_DATA_INSUFFICIENT	StrategyRecommendation=BAT_FIELD_DATA_INSUFFICIENT	VenueConfidence=VERY_LOW	PerformanceScore=60.69	StrategyBonus=0.00	TossBonus=0.00	FinalScore=60.69	FinalDecision=POSITIVE	DecisionConfidence=VERY_LOW	StrategySignal=NONE	TossSignal=NONE	VenueConfidence=VERY_LOW
Zayed Cricket Stadium, Abu Dhabi	Kolkata Knight Riders	Chennai Super Kings	VenueWin%=0.00	OverallWin%=34.48	VenueMatches=1	OverallMatches=29	Matches=1	Wins=0	Losses=1	Win%=0.00	TossWins=1	TossLosses=0	TossWinMatchWins=0	TossWinMatchLosses=1	TossConversion%=0.00	BatFirst=1	BatFirstWins=0	BatFirstWin%=0.00	FieldFirst=0	FieldFirstWins=0	FieldFirstWin%=0.00	OverallConfidence=VERY_STRONG	RecommendationSource=OVERALL_MATCHUP	Recommendation=OVERALL_MATCHUP_DISADVANTAGE	TossRecommendation=TOSS_DATA_INSUFFICIENT	StrategyRecommendation=BAT_FIELD_DATA_INSUFFICIENT	VenueConfidence=VERY_LOW	PerformanceScore=26.20	StrategyBonus=0.00	TossBonus=0.00	FinalScore=26.20	FinalDecision=STRONG_NEGATIVE	DecisionConfidence=VERY_LOW	StrategySignal=NONE	TossSignal=NONE	VenueConfidence=VERY_LOW
Zayed Cricket Stadium, Abu Dhabi	Kolkata Knight Riders	Mumbai Indians	VenueWin%=100.00	OverallWin%=32.35	VenueMatches=1	OverallMatches=34	Matches=1	Wins=1	Losses=0	Win%=100.00	TossWins=1	TossLosses=0	TossWinMatchWins=1	TossWinMatchLosses=0	TossConversion%=100.00	BatFirst=0	BatFirstWins=0	BatFirstWin%=0.00	FieldFirst=1	FieldFirstWins=1	FieldFirstWin%=100.00	OverallConfidence=VERY_STRONG	RecommendationSource=OVERALL_MATCHUP	Recommendation=OVERALL_MATCHUP_DISADVANTAGE	TossRecommendation=TOSS_DATA_INSUFFICIENT	StrategyRecommendation=BAT_FIELD_DATA_INSUFFICIENT	VenueConfidence=VERY_LOW	PerformanceScore=48.59	StrategyBonus=0.00	TossBonus=0.00	FinalScore=48.59	FinalDecision=BALANCED	DecisionConfidence=VERY_LOW	StrategySignal=NONE	TossSignal=NONE	VenueConfidence=VERY_LOW
Zayed Cricket Stadium, Abu Dhabi	Kolkata Knight Riders	Royal Challengers Bengaluru	VenueWin%=100.00	OverallWin%=58.82	VenueMatches=1	OverallMatches=34	Matches=1	Wins=1	Losses=0	Win%=100.00	TossWins=0	TossLosses=1	TossWinMatchWins=0	TossWinMatchLosses=0	TossConversion%=0.00	BatFirst=0	BatFirstWins=0	BatFirstWin%=0.00	FieldFirst=0	FieldFirstWins=0	FieldFirstWin%=0.00	OverallConfidence=VERY_STRONG	RecommendationSource=OVERALL_MATCHUP	Recommendation=OVERALL_MATCHUP_ADVANTAGE	TossRecommendation=TOSS_DATA_INSUFFICIENT	StrategyRecommendation=BAT_FIELD_DATA_INSUFFICIENT	VenueConfidence=VERY_LOW	PerformanceScore=68.70	StrategyBonus=0.00	TossBonus=0.00	FinalScore=68.70	FinalDecision=POSITIVE	DecisionConfidence=VERY_LOW	StrategySignal=NONE	TossSignal=NONE	VenueConfidence=VERY_LOW
Zayed Cricket Stadium, Abu Dhabi	Mumbai Indians	Kolkata Knight Riders	VenueWin%=0.00	OverallWin%=67.65	VenueMatches=1	OverallMatches=34	Matches=1	Wins=0	Losses=1	Win%=0.00	TossWins=0	TossLosses=1	TossWinMatchWins=0	TossWinMatchLosses=0	TossConversion%=0.00	BatFirst=0	BatFirstWins=0	BatFirstWin%=0.00	FieldFirst=0	FieldFirstWins=0	FieldFirstWin%=0.00	OverallConfidence=VERY_STRONG	RecommendationSource=OVERALL_MATCHUP	Recommendation=OVERALL_MATCHUP_ADVANTAGE	TossRecommendation=TOSS_DATA_INSUFFICIENT	StrategyRecommendation=BAT_FIELD_DATA_INSUFFICIENT	VenueConfidence=VERY_LOW	PerformanceScore=51.41	StrategyBonus=0.00	TossBonus=0.00	FinalScore=51.41	FinalDecision=BALANCED	DecisionConfidence=VERY_LOW	StrategySignal=NONE	TossSignal=NONE	VenueConfidence=VERY_LOW
Zayed Cricket Stadium, Abu Dhabi	Mumbai Indians	Punjab Kings	VenueWin%=100.00	OverallWin%=53.12	VenueMatches=1	OverallMatches=32	Matches=1	Wins=1	Losses=0	Win%=100.00	TossWins=1	TossLosses=0	TossWinMatchWins=1	TossWinMatchLosses=0	TossConversion%=100.00	BatFirst=0	BatFirstWins=0	BatFirstWin%=0.00	FieldFirst=1	FieldFirstWins=1	FieldFirstWin%=100.00	OverallConfidence=VERY_STRONG	RecommendationSource=OVERALL_MATCHUP	Recommendation=OVERALL_MATCHUP_BALANCED	TossRecommendation=TOSS_DATA_INSUFFICIENT	StrategyRecommendation=BAT_FIELD_DATA_INSUFFICIENT	VenueConfidence=VERY_LOW	PerformanceScore=64.37	StrategyBonus=0.00	TossBonus=0.00	FinalScore=64.37	FinalDecision=POSITIVE	DecisionConfidence=VERY_LOW	StrategySignal=NONE	TossSignal=NONE	VenueConfidence=VERY_LOW
Zayed Cricket Stadium, Abu Dhabi	Mumbai Indians	Sunrisers Hyderabad	VenueWin%=100.00	OverallWin%=56.52	VenueMatches=1	OverallMatches=23	Matches=1	Wins=1	Losses=0	Win%=100.00	TossWins=1	TossLosses=0	TossWinMatchWins=1	TossWinMatchLosses=0	TossConversion%=100.00	BatFirst=1	BatFirstWins=1	BatFirstWin%=100.00	FieldFirst=0	FieldFirstWins=0	FieldFirstWin%=0.00	OverallConfidence=VERY_STRONG	RecommendationSource=OVERALL_MATCHUP	Recommendation=OVERALL_MATCHUP_ADVANTAGE	TossRecommendation=TOSS_DATA_INSUFFICIENT	StrategyRecommendation=BAT_FIELD_DATA_INSUFFICIENT	VenueConfidence=VERY_LOW	PerformanceScore=66.96	StrategyBonus=0.00	TossBonus=0.00	FinalScore=66.96	FinalDecision=POSITIVE	DecisionConfidence=VERY_LOW	StrategySignal=NONE	TossSignal=NONE	VenueConfidence=VERY_LOW
Zayed Cricket Stadium, Abu Dhabi	Punjab Kings	Mumbai Indians	VenueWin%=0.00	OverallWin%=46.88	VenueMatches=1	OverallMatches=32	Matches=1	Wins=0	Losses=1	Win%=0.00	TossWins=0	TossLosses=1	TossWinMatchWins=0	TossWinMatchLosses=0	TossConversion%=0.00	BatFirst=0	BatFirstWins=0	BatFirstWin%=0.00	FieldFirst=0	FieldFirstWins=0	FieldFirstWin%=0.00	OverallConfidence=VERY_STRONG	RecommendationSource=OVERALL_MATCHUP	Recommendation=OVERALL_MATCHUP_BALANCED	TossRecommendation=TOSS_DATA_INSUFFICIENT	StrategyRecommendation=BAT_FIELD_DATA_INSUFFICIENT	VenueConfidence=VERY_LOW	PerformanceScore=35.63	StrategyBonus=0.00	TossBonus=0.00	FinalScore=35.63	FinalDecision=NEGATIVE	DecisionConfidence=VERY_LOW	StrategySignal=NONE	TossSignal=NONE	VenueConfidence=VERY_LOW
Zayed Cricket Stadium, Abu Dhabi	Rajasthan Royals	Chennai Super Kings	VenueWin%=100.00	OverallWin%=44.83	VenueMatches=1	OverallMatches=29	Matches=1	Wins=1	Losses=0	Win%=100.00	TossWins=1	TossLosses=0	TossWinMatchWins=1	TossWinMatchLosses=0	TossConversion%=100.00	BatFirst=0	BatFirstWins=0	BatFirstWin%=0.00	FieldFirst=1	FieldFirstWins=1	FieldFirstWin%=100.00	OverallConfidence=VERY_STRONG	RecommendationSource=OVERALL_MATCHUP	Recommendation=OVERALL_MATCHUP_BALANCED	TossRecommendation=TOSS_DATA_INSUFFICIENT	StrategyRecommendation=BAT_FIELD_DATA_INSUFFICIENT	VenueConfidence=VERY_LOW	PerformanceScore=58.07	StrategyBonus=0.00	TossBonus=0.00	FinalScore=58.07	FinalDecision=BALANCED	DecisionConfidence=VERY_LOW	StrategySignal=NONE	TossSignal=NONE	VenueConfidence=VERY_LOW
Zayed Cricket Stadium, Abu Dhabi	Rajasthan Royals	Delhi Capitals	VenueWin%=0.00	OverallWin%=51.72	VenueMatches=1	OverallMatches=29	Matches=1	Wins=0	Losses=1	Win%=0.00	TossWins=1	TossLosses=0	TossWinMatchWins=0	TossWinMatchLosses=1	TossConversion%=0.00	BatFirst=0	BatFirstWins=0	BatFirstWin%=0.00	FieldFirst=1	FieldFirstWins=0	FieldFirstWin%=0.00	OverallConfidence=VERY_STRONG	RecommendationSource=OVERALL_MATCHUP	Recommendation=OVERALL_MATCHUP_BALANCED	TossRecommendation=TOSS_DATA_INSUFFICIENT	StrategyRecommendation=BAT_FIELD_DATA_INSUFFICIENT	VenueConfidence=VERY_LOW	PerformanceScore=39.31	StrategyBonus=0.00	TossBonus=0.00	FinalScore=39.31	FinalDecision=NEGATIVE	DecisionConfidence=VERY_LOW	StrategySignal=NONE	TossSignal=NONE	VenueConfidence=VERY_LOW
Zayed Cricket Stadium, Abu Dhabi	Royal Challengers Bengaluru	Kolkata Knight Riders	VenueWin%=0.00	OverallWin%=41.18	VenueMatches=1	OverallMatches=34	Matches=1	Wins=0	Losses=1	Win%=0.00	TossWins=1	TossLosses=0	TossWinMatchWins=0	TossWinMatchLosses=1	TossConversion%=0.00	BatFirst=1	BatFirstWins=0	BatFirstWin%=0.00	FieldFirst=0	FieldFirstWins=0	FieldFirstWin%=0.00	OverallConfidence=VERY_STRONG	RecommendationSource=OVERALL_MATCHUP	Recommendation=OVERALL_MATCHUP_BALANCED	TossRecommendation=TOSS_DATA_INSUFFICIENT	StrategyRecommendation=BAT_FIELD_DATA_INSUFFICIENT	VenueConfidence=VERY_LOW	PerformanceScore=31.30	StrategyBonus=0.00	TossBonus=0.00	FinalScore=31.30	FinalDecision=NEGATIVE	DecisionConfidence=VERY_LOW	StrategySignal=NONE	TossSignal=NONE	VenueConfidence=VERY_LOW
Zayed Cricket Stadium, Abu Dhabi	Royal Challengers Bengaluru	Sunrisers Hyderabad	VenueWin%=0.00	OverallWin%=45.83	VenueMatches=1	OverallMatches=24	Matches=1	Wins=0	Losses=1	Win%=0.00	TossWins=1	TossLosses=0	TossWinMatchWins=0	TossWinMatchLosses=1	TossConversion%=0.00	BatFirst=0	BatFirstWins=0	BatFirstWin%=0.00	FieldFirst=1	FieldFirstWins=0	FieldFirstWin%=0.00	OverallConfidence=VERY_STRONG	RecommendationSource=OVERALL_MATCHUP	Recommendation=OVERALL_MATCHUP_BALANCED	TossRecommendation=TOSS_DATA_INSUFFICIENT	StrategyRecommendation=BAT_FIELD_DATA_INSUFFICIENT	VenueConfidence=VERY_LOW	PerformanceScore=34.83	StrategyBonus=0.00	TossBonus=0.00	FinalScore=34.83	FinalDecision=NEGATIVE	DecisionConfidence=VERY_LOW	StrategySignal=NONE	TossSignal=NONE	VenueConfidence=VERY_LOW
Zayed Cricket Stadium, Abu Dhabi	Sunrisers Hyderabad	Mumbai Indians	VenueWin%=0.00	OverallWin%=43.48	VenueMatches=1	OverallMatches=23	Matches=1	Wins=0	Losses=1	Win%=0.00	TossWins=0	TossLosses=1	TossWinMatchWins=0	TossWinMatchLosses=0	TossConversion%=0.00	BatFirst=0	BatFirstWins=0	BatFirstWin%=0.00	FieldFirst=0	FieldFirstWins=0	FieldFirstWin%=0.00	OverallConfidence=VERY_STRONG	RecommendationSource=OVERALL_MATCHUP	Recommendation=OVERALL_MATCHUP_BALANCED	TossRecommendation=TOSS_DATA_INSUFFICIENT	StrategyRecommendation=BAT_FIELD_DATA_INSUFFICIENT	VenueConfidence=VERY_LOW	PerformanceScore=33.04	StrategyBonus=0.00	TossBonus=0.00	FinalScore=33.04	FinalDecision=NEGATIVE	DecisionConfidence=VERY_LOW	StrategySignal=NONE	TossSignal=NONE	VenueConfidence=VERY_LOW
Zayed Cricket Stadium, Abu Dhabi	Sunrisers Hyderabad	Royal Challengers Bengaluru	VenueWin%=100.00	OverallWin%=54.17	VenueMatches=1	OverallMatches=24	Matches=1	Wins=1	Losses=0	Win%=100.00	TossWins=0	TossLosses=1	TossWinMatchWins=0	TossWinMatchLosses=0	TossConversion%=0.00	BatFirst=0	BatFirstWins=0	BatFirstWin%=0.00	FieldFirst=0	FieldFirstWins=0	FieldFirstWin%=0.00	OverallConfidence=VERY_STRONG	RecommendationSource=OVERALL_MATCHUP	Recommendation=OVERALL_MATCHUP_BALANCED	TossRecommendation=TOSS_DATA_INSUFFICIENT	StrategyRecommendation=BAT_FIELD_DATA_INSUFFICIENT	VenueConfidence=VERY_LOW	PerformanceScore=65.17	StrategyBonus=0.00	TossBonus=0.00	FinalScore=65.17	FinalDecision=POSITIVE	DecisionConfidence=VERY_LOW	StrategySignal=NONE	TossSignal=NONE	VenueConfidence=VERY_LOW
