Arun Jaitley Stadium	Chennai Super Kings	Delhi Capitals	Matches=2	Wins=1	Losses=1	Win%=50.00	TossWins=1	TossLosses=1	TossWinMatchWins=0	TossWinMatchLosses=1	TossConversion%=0.00	BatFirst=0	BatFirstWins=0	BatFirstWin%=0.00	FieldFirst=1	FieldFirstWins=0	FieldFirstWin%=0.00
Arun Jaitley Stadium	Delhi Capitals	Chennai Super Kings	Matches=2	Wins=1	Losses=1	Win%=50.00	TossWins=1	TossLosses=1	TossWinMatchWins=0	TossWinMatchLosses=1	TossConversion%=0.00	BatFirst=1	BatFirstWins=0	BatFirstWin%=0.00	FieldFirst=0	FieldFirstWins=0	FieldFirstWin%=0.00
Arun Jaitley Stadium	Delhi Capitals	Kolkata Knight Riders	Matches=2	Wins=2	Losses=0	Win%=100.00	TossWins=1	TossLosses=1	TossWinMatchWins=1	TossWinMatchLosses=0	TossConversion%=100.00	BatFirst=0	BatFirstWins=0	BatFirstWin%=0.00	FieldFirst=1	FieldFirstWins=1	FieldFirstWin%=100.00
Arun Jaitley Stadium	Delhi Capitals	Mumbai Indians	Matches=2	Wins=1	Losses=1	Win%=50.00	TossWins=1	TossLosses=1	TossWinMatchWins=1	TossWinMatchLosses=0	TossConversion%=100.00	BatFirst=1	BatFirstWins=1	BatFirstWin%=100.00	FieldFirst=0	FieldFirstWins=0	FieldFirstWin%=0.00
Arun Jaitley Stadium	Delhi Capitals	Punjab Kings	Matches=2	Wins=1	Losses=1	Win%=50.00	TossWins=2	TossLosses=0	TossWinMatchWins=1	TossWinMatchLosses=1	TossConversion%=50.00	BatFirst=0	BatFirstWins=0	BatFirstWin%=0.00	FieldFirst=2	FieldFirstWins=1	FieldFirstWin%=50.00
Arun Jaitley Stadium	Delhi Capitals	Rajasthan Royals	Matches=2	Wins=2	Losses=0	Win%=100.00	TossWins=0	TossLosses=2	TossWinMatchWins=0	TossWinMatchLosses=0	TossConversion%=0.00	BatFirst=0	BatFirstWins=0	BatFirstWin%=0.00	FieldFirst=0	FieldFirstWins=0	FieldFirstWin%=0.00
Arun Jaitley Stadium	Delhi Capitals	Royal Challengers Bengaluru	Matches=2	Wins=1	Losses=1	Win%=50.00	TossWins=1	TossLosses=1	TossWinMatchWins=1	TossWinMatchLosses=0	TossConversion%=100.00	BatFirst=1	BatFirstWins=1	BatFirstWin%=100.00	FieldFirst=0	FieldFirstWins=0	FieldFirstWin%=0.00
Arun Jaitley Stadium	Delhi Capitals	Sunrisers Hyderabad	Matches=2	Wins=0	Losses=2	Win%=0.00	TossWins=1	TossLosses=1	TossWinMatchWins=0	TossWinMatchLosses=1	TossConversion%=0.00	BatFirst=1	BatFirstWins=0	BatFirstWin%=0.00	FieldFirst=0	FieldFirstWins=0	FieldFirstWin%=0.00
Arun Jaitley Stadium	Kolkata Knight Riders	Delhi Capitals	Matches=2	Wins=0	Losses=2	Win%=0.00	TossWins=1	TossLosses=1	TossWinMatchWins=0	TossWinMatchLosses=1	TossConversion%=0.00	BatFirst=0	BatFirstWins=0	BatFirstWin%=0.00	FieldFirst=1	FieldFirstWins=0	FieldFirstWin%=0.00
Arun Jaitley Stadium	Mumbai Indians	Delhi Capitals	Matches=2	Wins=1	Losses=1	Win%=50.00	TossWins=1	TossLosses=1	TossWinMatchWins=1	TossWinMatchLosses=0	TossConversion%=100.00	BatFirst=1	BatFirstWins=1	BatFirstWin%=100.00	FieldFirst=0	FieldFirstWins=0	FieldFirstWin%=0.00
Arun Jaitley Stadium	Punjab Kings	Delhi Capitals	Matches=2	Wins=1	Losses=1	Win%=50.00	TossWins=0	TossLosses=2	TossWinMatchWins=0	TossWinMatchLosses=0	TossConversion%=0.00	BatFirst=0	BatFirstWins=0	BatFirstWin%=0.00	FieldFirst=0	FieldFirstWins=0	FieldFirstWin%=0.00
Arun Jaitley Stadium	Rajasthan Royals	Delhi Capitals	Matches=2	Wins=0	Losses=2	Win%=0.00	TossWins=2	TossLosses=0	TossWinMatchWins=0	TossWinMatchLosses=2	TossConversion%=0.00	BatFirst=1	BatFirstWins=0	BatFirstWin%=0.00	FieldFirst=1	FieldFirstWins=0	FieldFirstWin%=0.00
Arun Jaitley Stadium	Royal Challengers Bengaluru	Delhi Capitals	Matches=2	Wins=1	Losses=1	Win%=50.00	TossWins=1	TossLosses=1	TossWinMatchWins=1	TossWinMatchLosses=0	TossConversion%=100.00	BatFirst=0	BatFirstWins=0	BatFirstWin%=0.00	FieldFirst=1	FieldFirstWins=1	FieldFirstWin%=100.00
Arun Jaitley Stadium	Sunrisers Hyderabad	Delhi Capitals	Matches=2	Wins=2	Losses=0	Win%=100.00	TossWins=1	TossLosses=1	TossWinMatchWins=1	TossWinMatchLosses=0	TossConversion%=100.00	BatFirst=0	BatFirstWins=0	BatFirstWin%=0.00	FieldFirst=1	FieldFirstWins=1	FieldFirstWin%=100.00
Arun Jaitley Stadium, Delhi	Chennai Super Kings	Delhi Capitals	Matches=1	Wins=1	Losses=0	Win%=100.00	TossWins=1	TossLosses=0	TossWinMatchWins=1	TossWinMatchLosses=0	TossConversion%=100.00	BatFirst=1	BatFirstWins=1	BatFirstWin%=100.00	FieldFirst=0	FieldFirstWins=0	FieldFirstWin%=0.00
Arun Jaitley Stadium, Delhi	Chennai Super Kings	Mumbai Indians	Matches=1	Wins=0	Losses=1	Win%=0.00	TossWins=0	TossLosses=1	TossWinMatchWins=0	TossWinMatchLosses=0	TossConversion%=0.00	BatFirst=0	BatFirstWins=0	BatFirstWin%=0.00	FieldFirst=0	FieldFirstWins=0	FieldFirstWin%=0.00
Arun Jaitley Stadium, Delhi	Chennai Super Kings	Sunrisers Hyderabad	Matches=1	Wins=1	Losses=0	Win%=100.00	TossWins=0	TossLosses=1	TossWinMatchWins=0	TossWinMatchLosses=0	TossConversion%=0.00	BatFirst=0	BatFirstWins=0	BatFirstWin%=0.00	FieldFirst=0	FieldFirstWins=0	FieldFirstWin%=0.00
Arun Jaitley Stadium, Delhi	Delhi Capitals	Chennai Super Kings	Matches=1	Wins=0	Losses=1	Win%=0.00	TossWins=0	TossLosses=1	TossWinMatchWins=0	TossWinMatchLosses=0	TossConversion%=0.00	BatFirst=0	BatFirstWins=0	BatFirstWin%=0.00	FieldFirst=0	FieldFirstWins=0	FieldFirstWin%=0.00
Arun Jaitley Stadium, Delhi	Delhi Capitals	Gujarat Titans	Matches=2	Wins=1	Losses=1	Win%=50.00	TossWins=0	TossLosses=2	TossWinMatchWins=0	TossWinMatchLosses=0	TossConversion%=0.00	BatFirst=0	BatFirstWins=0	BatFirstWin%=0.00	FieldFirst=0	FieldFirstWins=0	FieldFirstWin%=0.00
Arun Jaitley Stadium, Delhi	Delhi Capitals	Kolkata Knight Riders	Matches=1	Wins=1	Losses=0	Win%=100.00	TossWins=1	TossLosses=0	TossWinMatchWins=1	TossWinMatchLosses=0	TossConversion%=100.00	BatFirst=0	BatFirstWins=0	BatFirstWin%=0.00	FieldFirst=1	FieldFirstWins=1	FieldFirstWin%=100.00
Arun Jaitley Stadium, Delhi	Delhi Capitals	Lucknow Super Giants	Matches=1	Wins=1	Losses=0	Win%=100.00	TossWins=0	TossLosses=1	TossWinMatchWins=0	TossWinMatchLosses=0	TossConversion%=0.00	BatFirst=0	BatFirstWins=0	BatFirstWin%=0.00	FieldFirst=0	FieldFirstWins=0	FieldFirstWin%=0.00
Arun Jaitley Stadium, Delhi	Delhi Capitals	Mumbai Indians	Matches=2	Wins=1	Losses=1	Win%=50.00	TossWins=0	TossLosses=2	TossWinMatchWins=0	TossWinMatchLosses=0	TossConversion%=0.00	BatFirst=0	BatFirstWins=0	BatFirstWin%=0.00	FieldFirst=0	FieldFirstWins=0	FieldFirstWin%=0.00
Arun Jaitley Stadium, Delhi	Delhi Capitals	Punjab Kings	Matches=1	Wins=0	Losses=1	Win%=0.00	TossWins=1	TossLosses=0	TossWinMatchWins=0	TossWinMatchLosses=1	TossConversion%=0.00	BatFirst=0	BatFirstWins=0	BatFirstWin%=0.00	FieldFirst=1	FieldFirstWins=0	FieldFirstWin%=0.00
Arun Jaitley Stadium, Delhi	Delhi Capitals	Rajasthan Royals	Matches=1	Wins=1	Losses=0	Win%=100.00	TossWins=0	TossLosses=1	TossWinMatchWins=0	TossWinMatchLosses=0	TossConversion%=0.00	BatFirst=0	BatFirstWins=0	BatFirstWin%=0.00	FieldFirst=0	FieldFirstWins=0	FieldFirstWin%=0.00
Arun Jaitley Stadium, Delhi	Delhi Capitals	Royal Challengers Bengaluru	Matches=1	Wins=1	Losses=0	Win%=100.00	TossWins=0	TossLosses=1	TossWinMatchWins=0	TossWinMatchLosses=0	TossConversion%=0.00	BatFirst=0	BatFirstWins=0	BatFirstWin%=0.00	FieldFirst=0	FieldFirstWins=0	FieldFirstWin%=0.00
Arun Jaitley Stadium, Delhi	Delhi Capitals	Sunrisers Hyderabad	Matches=2	Wins=0	Losses=2	Win%=0.00	TossWins=1	TossLosses=1	TossWinMatchWins=0	TossWinMatchLosses=1	TossConversion%=0.00	BatFirst=0	BatFirstWins=0	BatFirstWin%=0.00	FieldFirst=1	FieldFirstWins=0	FieldFirstWin%=0.00
Arun Jaitley Stadium, Delhi	Gujarat Titans	Delhi Capitals	Matches=2	Wins=1	Losses=1	Win%=50.00	TossWins=2	TossLosses=0	TossWinMatchWins=1	TossWinMatchLosses=1	TossConversion%=50.00	BatFirst=0	BatFirstWins=0	BatFirstWin%=0.00	FieldFirst=2	FieldFirstWins=1	FieldFirstWin%=50.00
Arun Jaitley Stadium, Delhi	Kolkata Knight Riders	Delhi Capitals	Matches=1	Wins=0	Losses=1	Win%=0.00	TossWins=0	TossLosses=1	TossWinMatchWins=0	TossWinMatchLosses=0	TossConversion%=0.00	BatFirst=0	BatFirstWins=0	BatFirstWin%=0.00	FieldFirst=0	FieldFirstWins=0	FieldFirstWin%=0.00
Arun Jaitley Stadium, Delhi	Lucknow Super Giants	Delhi Capitals	Matches=1	Wins=0	Losses=1	Win%=0.00	TossWins=1	TossLosses=0	TossWinMatchWins=0	TossWinMatchLosses=1	TossConversion%=0.00	BatFirst=0	BatFirstWins=0	BatFirstWin%=0.00	FieldFirst=1	FieldFirstWins=0	FieldFirstWin%=0.00
Arun Jaitley Stadium, Delhi	Mumbai Indians	Chennai Super Kings	Matches=1	Wins=1	Losses=0	Win%=100.00	TossWins=1	TossLosses=0	TossWinMatchWins=1	TossWinMatchLosses=0	TossConversion%=100.00	BatFirst=0	BatFirstWins=0	BatFirstWin%=0.00	FieldFirst=1	FieldFirstWins=1	FieldFirstWin%=100.00
Arun Jaitley Stadium, Delhi	Mumbai Indians	Delhi Capitals	Matches=2	Wins=1	Losses=1	Win%=50.00	TossWins=2	TossLosses=0	TossWinMatchWins=1	TossWinMatchLosses=1	TossConversion%=50.00	BatFirst=0	BatFirstWins=0	BatFirstWin%=0.00	FieldFirst=2	FieldFirstWins=1	FieldFirstWin%=50.00
Arun Jaitley Stadium, Delhi	Mumbai Indians	Rajasthan Royals	Matches=1	Wins=1	Losses=0	Win%=100.00	TossWins=1	TossLosses=0	TossWinMatchWins=1	TossWinMatchLosses=0	TossConversion%=100.00	BatFirst=0	BatFirstWins=0	BatFirstWin%=0.00	FieldFirst=1	FieldFirstWins=1	FieldFirstWin%=100.00
Arun Jaitley Stadium, Delhi	Punjab Kings	Delhi Capitals	Matches=1	Wins=1	Losses=0	Win%=100.00	TossWins=0	TossLosses=1	TossWinMatchWins=0	TossWinMatchLosses=0	TossConversion%=0.00	BatFirst=0	BatFirstWins=0	BatFirstWin%=0.00	FieldFirst=0	FieldFirstWins=0	FieldFirstWin%=0.00
Arun Jaitley Stadium, Delhi	Rajasthan Royals	Delhi Capitals	Matches=1	Wins=0	Losses=1	Win%=0.00	TossWins=1	TossLosses=0	TossWinMatchWins=0	TossWinMatchLosses=1	TossConversion%=0.00	BatFirst=0	BatFirstWins=0	BatFirstWin%=0.00	FieldFirst=1	FieldFirstWins=0	FieldFirstWin%=0.00
Arun Jaitley Stadium, Delhi	Rajasthan Royals	Mumbai Indians	Matches=1	Wins=0	Losses=1	Win%=0.00	TossWins=0	TossLosses=1	TossWinMatchWins=0	TossWinMatchLosses=0	TossConversion%=0.00	BatFirst=0	BatFirstWins=0	BatFirstWin%=0.00	FieldFirst=0	FieldFirstWins=0	FieldFirstWin%=0.00
Arun Jaitley Stadium, Delhi	Rajasthan Royals	Sunrisers Hyderabad	Matches=1	Wins=1	Losses=0	Win%=100.00	TossWins=0	TossLosses=1	TossWinMatchWins=0	TossWinMatchLosses=0	TossConversion%=0.00	BatFirst=0	BatFirstWins=0	BatFirstWin%=0.00	FieldFirst=0	FieldFirstWins=0	FieldFirstWin%=0.00
Arun Jaitley Stadium, Delhi	Royal Challengers Bengaluru	Delhi Capitals	Matches=1	Wins=0	Losses=1	Win%=0.00	TossWins=1	TossLosses=0	TossWinMatchWins=0	TossWinMatchLosses=1	TossConversion%=0.00	BatFirst=1	BatFirstWins=0	BatFirstWin%=0.00	FieldFirst=0	FieldFirstWins=0	FieldFirstWin%=0.00
Arun Jaitley Stadium, Delhi	Sunrisers Hyderabad	Chennai Super Kings	Matches=1	Wins=0	Losses=1	Win%=0.00	TossWins=1	TossLosses=0	TossWinMatchWins=0	TossWinMatchLosses=1	TossConversion%=0.00	BatFirst=1	BatFirstWins=0	BatFirstWin%=0.00	FieldFirst=0	FieldFirstWins=0	FieldFirstWin%=0.00
Arun Jaitley Stadium, Delhi	Sunrisers Hyderabad	Delhi Capitals	Matches=2	Wins=2	Losses=0	Win%=100.00	TossWins=1	TossLosses=1	TossWinMatchWins=1	TossWinMatchLosses=0	TossConversion%=100.00	BatFirst=1	BatFirstWins=1	BatFirstWin%=100.00	FieldFirst=0	FieldFirstWins=0	FieldFirstWin%=0.00
Arun Jaitley Stadium, Delhi	Sunrisers Hyderabad	Rajasthan Royals	Matches=1	Wins=0	Losses=1	Win%=0.00	TossWins=1	TossLosses=0	TossWinMatchWins=0	TossWinMatchLosses=1	TossConversion%=0.00	BatFirst=0	BatFirstWins=0	BatFirstWin%=0.00	FieldFirst=1	FieldFirstWins=0	FieldFirstWin%=0.00
Barabati Stadium	Chennai Super Kings	Punjab Kings	Matches=1	Wins=0	Losses=1	Win%=0.00	TossWins=1	TossLosses=0	TossWinMatchWins=0	TossWinMatchLosses=1	TossConversion%=0.00	BatFirst=0	BatFirstWins=0	BatFirstWin%=0.00	FieldFirst=1	FieldFirstWins=0	FieldFirstWin%=0.00
Barabati Stadium	Deccan Chargers	Delhi Capitals	Matches=1	Wins=1	Losses=0	Win%=100.00	TossWins=1	TossLosses=0	TossWinMatchWins=1	TossWinMatchLosses=0	TossConversion%=100.00	BatFirst=1	BatFirstWins=1	BatFirstWin%=100.00	FieldFirst=0	FieldFirstWins=0	FieldFirstWin%=0.00
Barabati Stadium	Deccan Chargers	Kolkata Knight Riders	Matches=1	Wins=0	Losses=1	Win%=0.00	TossWins=0	TossLosses=1	TossWinMatchWins=0	TossWinMatchLosses=0	TossConversion%=0.00	BatFirst=0	BatFirstWins=0	BatFirstWin%=0.00	FieldFirst=0	FieldFirstWins=0	FieldFirstWin%=0.00
Barabati Stadium	Deccan Chargers	Pune Warriors	Matches=1	Wins=1	Losses=0	Win%=100.00	TossWins=1	TossLosses=0	TossWinMatchWins=1	TossWinMatchLosses=0	TossConversion%=100.00	BatFirst=1	BatFirstWins=1	BatFirstWin%=100.00	FieldFirst=0	FieldFirstWins=0	FieldFirstWin%=0.00
Barabati Stadium	Deccan Chargers	Punjab Kings	Matches=1	Wins=1	Losses=0	Win%=100.00	TossWins=0	TossLosses=1	TossWinMatchWins=0	TossWinMatchLosses=0	TossConversion%=0.00	BatFirst=0	BatFirstWins=0	BatFirstWin%=0.00	FieldFirst=0	FieldFirstWins=0	FieldFirstWin%=0.00
Barabati Stadium	Delhi Capitals	Deccan Chargers	Matches=1	Wins=0	Losses=1	Win%=0.00	TossWins=0	TossLosses=1	TossWinMatchWins=0	TossWinMatchLosses=0	TossConversion%=0.00	BatFirst=0	BatFirstWins=0	BatFirstWin%=0.00	FieldFirst=0	FieldFirstWins=0	FieldFirstWin%=0.00
Barabati Stadium	Kolkata Knight Riders	Deccan Chargers	Matches=1	Wins=1	Losses=0	Win%=100.00	TossWins=1	TossLosses=0	TossWinMatchWins=1	TossWinMatchLosses=0	TossConversion%=100.00	BatFirst=0	BatFirstWins=0	BatFirstWin%=0.00	FieldFirst=1	FieldFirstWins=1	FieldFirstWin%=100.00
Barabati Stadium	Kolkata Knight Riders	Mumbai Indians	Matches=1	Wins=1	Losses=0	Win%=100.00	TossWins=1	TossLosses=0	TossWinMatchWins=1	TossWinMatchLosses=0	TossConversion%=100.00	BatFirst=0	BatFirstWins=0	BatFirstWin%=0.00	FieldFirst=1	FieldFirstWins=1	FieldFirstWin%=100.00
Barabati Stadium	Kolkata Knight Riders	Punjab Kings	Matches=1	Wins=1	Losses=0	Win%=100.00	TossWins=1	TossLosses=0	TossWinMatchWins=1	TossWinMatchLosses=0	TossConversion%=100.00	BatFirst=0	BatFirstWins=0	BatFirstWin%=0.00	FieldFirst=1	FieldFirstWins=1	FieldFirstWin%=100.00
Barabati Stadium	Mumbai Indians	Kolkata Knight Riders	Matches=1	Wins=0	Losses=1	Win%=0.00	TossWins=0	TossLosses=1	TossWinMatchWins=0	TossWinMatchLosses=0	TossConversion%=0.00	BatFirst=0	BatFirstWins=0	BatFirstWin%=0.00	FieldFirst=0	FieldFirstWins=0	FieldFirstWin%=0.00
Barabati Stadium	Pune Warriors	Deccan Chargers	Matches=1	Wins=0	Losses=1	Win%=0.00	TossWins=0	TossLosses=1	TossWinMatchWins=0	TossWinMatchLosses=0	TossConversion%=0.00	BatFirst=0	BatFirstWins=0	BatFirstWin%=0.00	FieldFirst=0	FieldFirstWins=0	FieldFirstWin%=0.00
Barabati Stadium	Punjab Kings	Chennai Super Kings	Matches=1	Wins=1	Losses=0	Win%=100.00	TossWins=0	TossLosses=1	TossWinMatchWins=0	TossWinMatchLosses=0	TossConversion%=0.00	BatFirst=0	BatFirstWins=0	BatFirstWin%=0.00	FieldFirst=0	FieldFirstWins=0	FieldFirstWin%=0.00
Barabati Stadium	Punjab Kings	Deccan Chargers	Matches=1	Wins=0	Losses=1	Win%=0.00	TossWins=1	TossLosses=0	TossWinMatchWins=0	TossWinMatchLosses=1	TossConversion%=0.00	BatFirst=0	BatFirstWins=0	BatFirstWin%=0.00	FieldFirst=1	FieldFirstWins=0	FieldFirstWin%=0.00
Barabati Stadium	Punjab Kings	Kolkata Knight Riders	Matches=1	Wins=0	Losses=1	Win%=0.00	TossWins=0	TossLosses=1	TossWinMatchWins=0	TossWinMatchLosses=0	TossConversion%=0.00	BatFirst=0	BatFirstWins=0	BatFirstWin%=0.00	FieldFirst=0	FieldFirstWins=0	FieldFirstWin%=0.00
Barsapara Cricket Stadium, Guwahati	Delhi Capitals	Rajasthan Royals	Matches=1	Wins=0	Losses=1	Win%=0.00	TossWins=1	TossLosses=0	TossWinMatchWins=0	TossWinMatchLosses=1	TossConversion%=0.00	BatFirst=0	BatFirstWins=0	BatFirstWin%=0.00	FieldFirst=1	FieldFirstWins=0	FieldFirstWin%=0.00
Barsapara Cricket Stadium, Guwahati	Punjab Kings	Rajasthan Royals	Matches=2	Wins=2	Losses=0	Win%=100.00	TossWins=0	TossLosses=2	TossWinMatchWins=0	TossWinMatchLosses=0	TossConversion%=0.00	BatFirst=0	BatFirstWins=0	BatFirstWin%=0.00	FieldFirst=0	FieldFirstWins=0	FieldFirstWin%=0.00
Barsapara Cricket Stadium, Guwahati	Rajasthan Royals	Delhi Capitals	Matches=1	Wins=1	Losses=0	Win%=100.00	TossWins=0	TossLosses=1	TossWinMatchWins=0	TossWinMatchLosses=0	TossConversion%=0.00	BatFirst=0	BatFirstWins=0	BatFirstWin%=0.00	FieldFirst=0	FieldFirstWins=0	FieldFirstWin%=0.00
Barsapara Cricket Stadium, Guwahati	Rajasthan Royals	Punjab Kings	Matches=2	Wins=0	Losses=2	Win%=0.00	TossWins=2	TossLosses=0	TossWinMatchWins=0	TossWinMatchLosses=2	TossConversion%=0.00	BatFirst=1	BatFirstWins=0	BatFirstWin%=0.00	FieldFirst=1	FieldFirstWins=0	FieldFirstWin%=0.00
Bharat Ratna Shri Atal Bihari Vajpayee Ekana Cricket Stadium, Lucknow	Chennai Super Kings	Lucknow Super Giants	Matches=2	Wins=0	Losses=2	Win%=0.00	TossWins=1	TossLosses=1	TossWinMatchWins=0	TossWinMatchLosses=1	TossConversion%=0.00	BatFirst=0	BatFirstWins=0	BatFirstWin%=0.00	FieldFirst=1	FieldFirstWins=0	FieldFirstWin%=0.00
Bharat Ratna Shri Atal Bihari Vajpayee Ekana Cricket Stadium, Lucknow	Delhi Capitals	Lucknow Super Giants	Matches=2	Wins=1	Losses=1	Win%=50.00	TossWins=1	TossLosses=1	TossWinMatchWins=0	TossWinMatchLosses=1	TossConversion%=0.00	BatFirst=0	BatFirstWins=0	BatFirstWin%=0.00	FieldFirst=1	FieldFirstWins=0	FieldFirstWin%=0.00
Bharat Ratna Shri Atal Bihari Vajpayee Ekana Cricket Stadium, Lucknow	Gujarat Titans	Lucknow Super Giants	Matches=2	Wins=1	Losses=1	Win%=50.00	TossWins=1	TossLosses=1	TossWinMatchWins=1	TossWinMatchLosses=0	TossConversion%=100.00	BatFirst=1	BatFirstWins=1	BatFirstWin%=100.00	FieldFirst=0	FieldFirstWins=0	FieldFirstWin%=0.00
Bharat Ratna Shri Atal Bihari Vajpayee Ekana Cricket Stadium, Lucknow	Kolkata Knight Riders	Lucknow Super Giants	Matches=1	Wins=1	Losses=0	Win%=100.00	TossWins=0	TossLosses=1	TossWinMatchWins=0	TossWinMatchLosses=0	TossConversion%=0.00	BatFirst=0	BatFirstWins=0	BatFirstWin%=0.00	FieldFirst=0	FieldFirstWins=0	FieldFirstWin%=0.00
Bharat Ratna Shri Atal Bihari Vajpayee Ekana Cricket Stadium, Lucknow	Lucknow Super Giants	Chennai Super Kings	Matches=2	Wins=1	Losses=1	Win%=50.00	TossWins=1	TossLosses=1	TossWinMatchWins=1	TossWinMatchLosses=0	TossConversion%=100.00	BatFirst=0	BatFirstWins=0	BatFirstWin%=0.00	FieldFirst=1	FieldFirstWins=1	FieldFirstWin%=100.00
Bharat Ratna Shri Atal Bihari Vajpayee Ekana Cricket Stadium, Lucknow	Lucknow Super Giants	Delhi Capitals	Matches=2	Wins=1	Losses=1	Win%=50.00	TossWins=1	TossLosses=1	TossWinMatchWins=0	TossWinMatchLosses=1	TossConversion%=0.00	BatFirst=1	BatFirstWins=0	BatFirstWin%=0.00	FieldFirst=0	FieldFirstWins=0	FieldFirstWin%=0.00
Bharat Ratna Shri Atal Bihari Vajpayee Ekana Cricket Stadium, Lucknow	Lucknow Super Giants	Gujarat Titans	Matches=2	Wins=1	Losses=1	Win%=50.00	TossWins=1	TossLosses=1	TossWinMatchWins=1	TossWinMatchLosses=0	TossConversion%=100.00	BatFirst=1	BatFirstWins=1	BatFirstWin%=100.00	FieldFirst=0	FieldFirstWins=0	FieldFirstWin%=0.00
Bharat Ratna Shri Atal Bihari Vajpayee Ekana Cricket Stadium, Lucknow	Lucknow Super Giants	Kolkata Knight Riders	Matches=1	Wins=0	Losses=1	Win%=0.00	TossWins=1	TossLosses=0	TossWinMatchWins=0	TossWinMatchLosses=1	TossConversion%=0.00	BatFirst=0	BatFirstWins=0	BatFirstWin%=0.00	FieldFirst=1	FieldFirstWins=0	FieldFirstWin%=0.00
Bharat Ratna Shri Atal Bihari Vajpayee Ekana Cricket Stadium, Lucknow	Lucknow Super Giants	Mumbai Indians	Matches=2	Wins=2	Losses=0	Win%=100.00	TossWins=1	TossLosses=1	TossWinMatchWins=1	TossWinMatchLosses=0	TossConversion%=100.00	BatFirst=0	BatFirstWins=0	BatFirstWin%=0.00	FieldFirst=1	FieldFirstWins=1	FieldFirstWin%=100.00
Bharat Ratna Shri Atal Bihari Vajpayee Ekana Cricket Stadium, Lucknow	Lucknow Super Giants	Punjab Kings	Matches=2	Wins=1	Losses=1	Win%=50.00	TossWins=1	TossLosses=1	TossWinMatchWins=1	TossWinMatchLosses=0	TossConversion%=100.00	BatFirst=1	BatFirstWins=1	BatFirstWin%=100.00	FieldFirst=0	FieldFirstWins=0	FieldFirstWin%=0.00
Bharat Ratna Shri Atal Bihari Vajpayee Ekana Cricket Stadium, Lucknow	Lucknow Super Giants	Rajasthan Royals	Matches=1	Wins=0	Losses=1	Win%=0.00	TossWins=0	TossLosses=1	TossWinMatchWins=0	TossWinMatchLosses=0	TossConversion%=0.00	BatFirst=0	BatFirstWins=0	BatFirstWin%=0.00	FieldFirst=0	FieldFirstWins=0	FieldFirstWin%=0.00
Bharat Ratna Shri Atal Bihari Vajpayee Ekana Cricket Stadium, Lucknow	Lucknow Super Giants	Royal Challengers Bengaluru	Matches=1	Wins=0	Losses=1	Win%=0.00	TossWins=0	TossLosses=1	TossWinMatchWins=0	TossWinMatchLosses=0	TossConversion%=0.00	BatFirst=0	BatFirstWins=0	BatFirstWin%=0.00	FieldFirst=0	FieldFirstWins=0	FieldFirstWin%=0.00
Bharat Ratna Shri Atal Bihari Vajpayee Ekana Cricket Stadium, Lucknow	Lucknow Super Giants	Sunrisers Hyderabad	Matches=1	Wins=1	Losses=0	Win%=100.00	TossWins=0	TossLosses=1	TossWinMatchWins=0	TossWinMatchLosses=0	TossConversion%=0.00	BatFirst=0	BatFirstWins=0	BatFirstWin%=0.00	FieldFirst=0	FieldFirstWins=0	FieldFirstWin%=0.00
Bharat Ratna Shri Atal Bihari Vajpayee Ekana Cricket Stadium, Lucknow	Mumbai Indians	Lucknow Super Giants	Matches=2	Wins=0	Losses=2	Win%=0.00	TossWins=1	TossLosses=1	TossWinMatchWins=0	TossWinMatchLosses=1	TossConversion%=0.00	BatFirst=0	BatFirstWins=0	BatFirstWin%=0.00	FieldFirst=1	FieldFirstWins=0	FieldFirstWin%=0.00
Bharat Ratna Shri Atal Bihari Vajpayee Ekana Cricket Stadium, Lucknow	Punjab Kings	Lucknow Super Giants	Matches=2	Wins=1	Losses=1	Win%=50.00	TossWins=1	TossLosses=1	TossWinMatchWins=1	TossWinMatchLosses=0	TossConversion%=100.00	BatFirst=0	BatFirstWins=0	BatFirstWin%=0.00	FieldFirst=1	FieldFirstWins=1	FieldFirstWin%=100.00
Bharat Ratna Shri Atal Bihari Vajpayee Ekana Cricket Stadium, Lucknow	Rajasthan Royals	Lucknow Super Giants	Matches=1	Wins=1	Losses=0	Win%=100.00	TossWins=1	TossLosses=0	TossWinMatchWins=1	TossWinMatchLosses=0	TossConversion%=100.00	BatFirst=0	BatFirstWins=0	BatFirstWin%=0.00	FieldFirst=1	FieldFirstWins=1	FieldFirstWin%=100.00
Bharat Ratna Shri Atal Bihari Vajpayee Ekana Cricket Stadium, Lucknow	Royal Challengers Bengaluru	Lucknow Super Giants	Matches=1	Wins=1	Losses=0	Win%=100.00	TossWins=1	TossLosses=0	TossWinMatchWins=1	TossWinMatchLosses=0	TossConversion%=100.00	BatFirst=1	BatFirstWins=1	BatFirstWin%=100.00	FieldFirst=0	FieldFirstWins=0	FieldFirstWin%=0.00
Bharat Ratna Shri Atal Bihari Vajpayee Ekana Cricket Stadium, Lucknow	Sunrisers Hyderabad	Lucknow Super Giants	Matches=1	Wins=0	Losses=1	Win%=0.00	TossWins=1	TossLosses=0	TossWinMatchWins=0	TossWinMatchLosses=1	TossConversion%=0.00	BatFirst=1	BatFirstWins=0	BatFirstWin%=0.00	FieldFirst=0	FieldFirstWins=0	FieldFirstWin%=0.00
Brabourne Stadium	Chennai Super Kings	Mumbai Indians	Matches=1	Wins=1	Losses=0	Win%=100.00	TossWins=1	TossLosses=0	TossWinMatchWins=1	TossWinMatchLosses=0	TossConversion%=100.00	BatFirst=0	BatFirstWins=0	BatFirstWin%=0.00	FieldFirst=1	FieldFirstWins=1	FieldFirstWin%=100.00
Brabourne Stadium	Deccan Chargers	Mumbai Indians	Matches=1	Wins=0	Losses=1	Win%=0.00	TossWins=0	TossLosses=1	TossWinMatchWins=0	TossWinMatchLosses=0	TossConversion%=0.00	BatFirst=0	BatFirstWins=0	BatFirstWin%=0.00	FieldFirst=0	FieldFirstWins=0	FieldFirstWin%=0.00
Brabourne Stadium	Delhi Capitals	Mumbai Indians	Matches=1	Wins=0	Losses=1	Win%=0.00	TossWins=0	TossLosses=1	TossWinMatchWins=0	TossWinMatchLosses=0	TossConversion%=0.00	BatFirst=0	BatFirstWins=0	BatFirstWin%=0.00	FieldFirst=0	FieldFirstWins=0	FieldFirstWin%=0.00
Brabourne Stadium	Delhi Capitals	Rajasthan Royals	Matches=1	Wins=0	Losses=1	Win%=0.00	TossWins=1	TossLosses=0	TossWinMatchWins=0	TossWinMatchLosses=1	TossConversion%=0.00	BatFirst=0	BatFirstWins=0	BatFirstWin%=0.00	FieldFirst=1	FieldFirstWins=0	FieldFirstWin%=0.00
Brabourne Stadium	Kolkata Knight Riders	Mumbai Indians	Matches=1	Wins=0	Losses=1	Win%=0.00	TossWins=1	TossLosses=0	TossWinMatchWins=0	TossWinMatchLosses=1	TossConversion%=0.00	BatFirst=1	BatFirstWins=0	BatFirstWin%=0.00	FieldFirst=0	FieldFirstWins=0	FieldFirstWin%=0.00
Brabourne Stadium	Kolkata Knight Riders	Rajasthan Royals	Matches=1	Wins=0	Losses=1	Win%=0.00	TossWins=0	TossLosses=1	TossWinMatchWins=0	TossWinMatchLosses=0	TossConversion%=0.00	BatFirst=0	BatFirstWins=0	BatFirstWin%=0.00	FieldFirst=0	FieldFirstWins=0	FieldFirstWin%=0.00
Brabourne Stadium	Mumbai Indians	Chennai Super Kings	Matches=1	Wins=0	Losses=1	Win%=0.00	TossWins=0	TossLosses=1	TossWinMatchWins=0	TossWinMatchLosses=0	TossConversion%=0.00	BatFirst=0	BatFirstWins=0	BatFirstWin%=0.00	FieldFirst=0	FieldFirstWins=0	FieldFirstWin%=0.00
Brabourne Stadium	Mumbai Indians	Deccan Chargers	Matches=1	Wins=1	Losses=0	Win%=100.00	TossWins=1	TossLosses=0	TossWinMatchWins=1	TossWinMatchLosses=0	TossConversion%=100.00	BatFirst=1	BatFirstWins=1	BatFirstWin%=100.00	FieldFirst=0	FieldFirstWins=0	FieldFirstWin%=0.00
Brabourne Stadium	Mumbai Indians	Delhi Capitals	Matches=1	Wins=1	Losses=0	Win%=100.00	TossWins=1	TossLosses=0	TossWinMatchWins=1	TossWinMatchLosses=0	TossConversion%=100.00	BatFirst=1	BatFirstWins=1	BatFirstWin%=100.00	FieldFirst=0	FieldFirstWins=0	FieldFirstWin%=0.00
Brabourne Stadium	Mumbai Indians	Kolkata Knight Riders	Matches=1	Wins=1	Losses=0	Win%=100.00	TossWins=0	TossLosses=1	TossWinMatchWins=0	TossWinMatchLosses=0	TossConversion%=0.00	BatFirst=0	BatFirstWins=0	BatFirstWin%=0.00	FieldFirst=0	FieldFirstWins=0	FieldFirstWin%=0.00
Brabourne Stadium	Mumbai Indians	Punjab Kings	Matches=1	Wins=1	Losses=0	Win%=100.00	TossWins=1	TossLosses=0	TossWinMatchWins=1	TossWinMatchLosses=0	TossConversion%=100.00	BatFirst=0	BatFirstWins=0	BatFirstWin%=0.00	FieldFirst=1	FieldFirstWins=1	FieldFirstWin%=100.00
Brabourne Stadium	Mumbai Indians	Rajasthan Royals	Matches=1	Wins=1	Losses=0	Win%=100.00	TossWins=1	TossLosses=0	TossWinMatchWins=1	TossWinMatchLosses=0	TossConversion%=100.00	BatFirst=1	BatFirstWins=1	BatFirstWin%=100.00	FieldFirst=0	FieldFirstWins=0	FieldFirstWin%=0.00
Brabourne Stadium	Mumbai Indians	Royal Challengers Bengaluru	Matches=1	Wins=0	Losses=1	Win%=0.00	TossWins=1	TossLosses=0	TossWinMatchWins=0	TossWinMatchLosses=1	TossConversion%=0.00	BatFirst=1	BatFirstWins=0	BatFirstWin%=0.00	FieldFirst=0	FieldFirstWins=0	FieldFirstWin%=0.00
Brabourne Stadium	Punjab Kings	Mumbai Indians	Matches=1	Wins=0	Losses=1	Win%=0.00	TossWins=0	TossLosses=1	TossWinMatchWins=0	TossWinMatchLosses=0	TossConversion%=0.00	BatFirst=0	BatFirstWins=0	BatFirstWin%=0.00	FieldFirst=0	FieldFirstWins=0	FieldFirstWin%=0.00
Brabourne Stadium	Rajasthan Royals	Delhi Capitals	Matches=1	Wins=1	Losses=0	Win%=100.00	TossWins=0	TossLosses=1	TossWinMatchWins=0	TossWinMatchLosses=0	TossConversion%=0.00	BatFirst=0	BatFirstWins=0	BatFirstWin%=0.00	FieldFirst=0	FieldFirstWins=0	FieldFirstWin%=0.00
Brabourne Stadium	Rajasthan Royals	Kolkata Knight Riders	Matches=1	Wins=1	Losses=0	Win%=100.00	TossWins=1	TossLosses=0	TossWinMatchWins=1	TossWinMatchLosses=0	TossConversion%=100.00	BatFirst=1	BatFirstWins=1	BatFirstWin%=100.00	FieldFirst=0	FieldFirstWins=0	FieldFirstWin%=0.00
Brabourne Stadium	Rajasthan Royals	Mumbai Indians	Matches=1	Wins=0	Losses=1	Win%=0.00	TossWins=0	TossLosses=1	TossWinMatchWins=0	TossWinMatchLosses=0	TossConversion%=0.00	BatFirst=0	BatFirstWins=0	BatFirstWin%=0.00	FieldFirst=0	FieldFirstWins=0	FieldFirstWin%=0.00
Brabourne Stadium	Rajasthan Royals	Sunrisers Hyderabad	Matches=1	Wins=0	Losses=1	Win%=0.00	TossWins=1	TossLosses=0	TossWinMatchWins=0	TossWinMatchLosses=1	TossConversion%=0.00	BatFirst=0	BatFirstWins=0	BatFirstWin%=0.00	FieldFirst=1	FieldFirstWins=0	FieldFirstWin%=0.00
Brabourne Stadium	Royal Challengers Bengaluru	Mumbai Indians	Matches=1	Wins=1	Losses=0	Win%=100.00	TossWins=0	TossLosses=1	TossWinMatchWins=0	TossWinMatchLosses=0	TossConversion%=0.00	BatFirst=0	BatFirstWins=0	BatFirstWin%=0.00	FieldFirst=0	FieldFirstWins=0	FieldFirstWin%=0.00
Brabourne Stadium	Sunrisers Hyderabad	Rajasthan Royals	Matches=1	Wins=1	Losses=0	Win%=100.00	TossWins=0	TossLosses=1	TossWinMatchWins=0	TossWinMatchLosses=0	TossConversion%=0.00	BatFirst=0	BatFirstWins=0	BatFirstWin%=0.00	FieldFirst=0	FieldFirstWins=0	FieldFirstWin%=0.00
Brabourne Stadium, Mumbai	Chennai Super Kings	Lucknow Super Giants	Matches=1	Wins=0	Losses=1	Win%=0.00	TossWins=0	TossLosses=1	TossWinMatchWins=0	TossWinMatchLosses=0	TossConversion%=0.00	BatFirst=0	BatFirstWins=0	BatFirstWin%=0.00	FieldFirst=0	FieldFirstWins=0	FieldFirstWin%=0.00
Brabourne Stadium, Mumbai	Chennai Super Kings	Mumbai Indians	Matches=1	Wins=0	Losses=1	Win%=0.00	TossWins=0	TossLosses=1	TossWinMatchWins=0	TossWinMatchLosses=0	TossConversion%=0.00	BatFirst=0	BatFirstWins=0	BatFirstWin%=0.00	FieldFirst=0	FieldFirstWins=0	FieldFirstWin%=0.00
Brabourne Stadium, Mumbai	Chennai Super Kings	Punjab Kings	Matches=1	Wins=0	Losses=1	Win%=0.00	TossWins=1	TossLosses=0	TossWinMatchWins=0	TossWinMatchLosses=1	TossConversion%=0.00	BatFirst=0	BatFirstWins=0	BatFirstWin%=0.00	FieldFirst=1	FieldFirstWins=0	FieldFirstWin%=0.00
Brabourne Stadium, Mumbai	Chennai Super Kings	Rajasthan Royals	Matches=1	Wins=0	Losses=1	Win%=0.00	TossWins=1	TossLosses=0	TossWinMatchWins=0	TossWinMatchLosses=1	TossConversion%=0.00	BatFirst=1	BatFirstWins=0	BatFirstWin%=0.00	FieldFirst=0	FieldFirstWins=0	FieldFirstWin%=0.00
Brabourne Stadium, Mumbai	Delhi Capitals	Kolkata Knight Riders	Matches=1	Wins=1	Losses=0	Win%=100.00	TossWins=0	TossLosses=1	TossWinMatchWins=0	TossWinMatchLosses=0	TossConversion%=0.00	BatFirst=0	BatFirstWins=0	BatFirstWin%=0.00	FieldFirst=0	FieldFirstWins=0	FieldFirstWin%=0.00
Brabourne Stadium, Mumbai	Delhi Capitals	Mumbai Indians	Matches=1	Wins=1	Losses=0	Win%=100.00	TossWins=1	TossLosses=0	TossWinMatchWins=1	TossWinMatchLosses=0	TossConversion%=100.00	BatFirst=0	BatFirstWins=0	BatFirstWin%=0.00	FieldFirst=1	FieldFirstWins=1	FieldFirstWin%=100.00
Brabourne Stadium, Mumbai	Delhi Capitals	Punjab Kings	Matches=1	Wins=1	Losses=0	Win%=100.00	TossWins=1	TossLosses=0	TossWinMatchWins=1	TossWinMatchLosses=0	TossConversion%=100.00	BatFirst=0	BatFirstWins=0	BatFirstWin%=0.00	FieldFirst=1	FieldFirstWins=1	FieldFirstWin%=100.00
Brabourne Stadium, Mumbai	Delhi Capitals	Sunrisers Hyderabad	Matches=1	Wins=1	Losses=0	Win%=100.00	TossWins=0	TossLosses=1	TossWinMatchWins=0	TossWinMatchLosses=0	TossConversion%=0.00	BatFirst=0	BatFirstWins=0	BatFirstWin%=0.00	FieldFirst=0	FieldFirstWins=0	FieldFirstWin%=0.00
Brabourne Stadium, Mumbai	Gujarat Titans	Mumbai Indians	Matches=1	Wins=0	Losses=1	Win%=0.00	TossWins=1	TossLosses=0	TossWinMatchWins=0	TossWinMatchLosses=1	TossConversion%=0.00	BatFirst=0	BatFirstWins=0	BatFirstWin%=0.00	FieldFirst=1	FieldFirstWins=0	FieldFirstWin%=0.00
Brabourne Stadium, Mumbai	Gujarat Titans	Punjab Kings	Matches=1	Wins=1	Losses=0	Win%=100.00	TossWins=1	TossLosses=0	TossWinMatchWins=1	TossWinMatchLosses=0	TossConversion%=100.00	BatFirst=0	BatFirstWins=0	BatFirstWin%=0.00	FieldFirst=1	FieldFirstWins=1	FieldFirstWin%=100.00
Brabourne Stadium, Mumbai	Gujarat Titans	Royal Challengers Bengaluru	Matches=1	Wins=1	Losses=0	Win%=100.00	TossWins=0	TossLosses=1	TossWinMatchWins=0	TossWinMatchLosses=0	TossConversion%=0.00	BatFirst=0	BatFirstWins=0	BatFirstWin%=0.00	FieldFirst=0	FieldFirstWins=0	FieldFirstWin%=0.00
Brabourne Stadium, Mumbai	Kolkata Knight Riders	Delhi Capitals	Matches=1	Wins=0	Losses=1	Win%=0.00	TossWins=1	TossLosses=0	TossWinMatchWins=0	TossWinMatchLosses=1	TossConversion%=0.00	BatFirst=0	BatFirstWins=0	BatFirstWin%=0.00	FieldFirst=1	FieldFirstWins=0	FieldFirstWin%=0.00
Brabourne Stadium, Mumbai	Kolkata Knight Riders	Rajasthan Royals	Matches=1	Wins=0	Losses=1	Win%=0.00	TossWins=1	TossLosses=0	TossWinMatchWins=0	TossWinMatchLosses=1	TossConversion%=0.00	BatFirst=0	BatFirstWins=0	BatFirstWin%=0.00	FieldFirst=1	FieldFirstWins=0	FieldFirstWin%=0.00
Brabourne Stadium, Mumbai	Kolkata Knight Riders	Sunrisers Hyderabad	Matches=1	Wins=0	Losses=1	Win%=0.00	TossWins=0	TossLosses=1	TossWinMatchWins=0	TossWinMatchLosses=0	TossConversion%=0.00	BatFirst=0	BatFirstWins=0	BatFirstWin%=0.00	FieldFirst=0	FieldFirstWins=0	FieldFirstWin%=0.00
Brabourne Stadium, Mumbai	Lucknow Super Giants	Chennai Super Kings	Matches=1	Wins=1	Losses=0	Win%=100.00	TossWins=1	TossLosses=0	TossWinMatchWins=1	TossWinMatchLosses=0	TossConversion%=100.00	BatFirst=0	BatFirstWins=0	BatFirstWin%=0.00	FieldFirst=1	FieldFirstWins=1	FieldFirstWin%=100.00
Brabourne Stadium, Mumbai	Lucknow Super Giants	Mumbai Indians	Matches=1	Wins=1	Losses=0	Win%=100.00	TossWins=0	TossLosses=1	TossWinMatchWins=0	TossWinMatchLosses=0	TossConversion%=0.00	BatFirst=0	BatFirstWins=0	BatFirstWin%=0.00	FieldFirst=0	FieldFirstWins=0	FieldFirstWin%=0.00
Brabourne Stadium, Mumbai	Lucknow Super Giants	Rajasthan Royals	Matches=1	Wins=0	Losses=1	Win%=0.00	TossWins=0	TossLosses=1	TossWinMatchWins=0	TossWinMatchLosses=0	TossConversion%=0.00	BatFirst=0	BatFirstWins=0	BatFirstWin%=0.00	FieldFirst=0	FieldFirstWins=0	FieldFirstWin%=0.00
Brabourne Stadium, Mumbai	Mumbai Indians	Chennai Super Kings	Matches=1	Wins=1	Losses=0	Win%=100.00	TossWins=1	TossLosses=0	TossWinMatchWins=1	TossWinMatchLosses=0	TossConversion%=100.00	BatFirst=0	BatFirstWins=0	BatFirstWin%=0.00	FieldFirst=1	FieldFirstWins=1	FieldFirstWin%=100.00
Brabourne Stadium, Mumbai	Mumbai Indians	Delhi Capitals	Matches=1	Wins=0	Losses=1	Win%=0.00	TossWins=0	TossLosses=1	TossWinMatchWins=0	TossWinMatchLosses=0	TossConversion%=0.00	BatFirst=0	BatFirstWins=0	BatFirstWin%=0.00	FieldFirst=0	FieldFirstWins=0	FieldFirstWin%=0.00
Brabourne Stadium, Mumbai	Mumbai Indians	Gujarat Titans	Matches=1	Wins=1	Losses=0	Win%=100.00	TossWins=0	TossLosses=1	TossWinMatchWins=0	TossWinMatchLosses=0	TossConversion%=0.00	BatFirst=0	BatFirstWins=0	BatFirstWin%=0.00	FieldFirst=0	FieldFirstWins=0	FieldFirstWin%=0.00
Brabourne Stadium, Mumbai	Mumbai Indians	Lucknow Super Giants	Matches=1	Wins=0	Losses=1	Win%=0.00	TossWins=1	TossLosses=0	TossWinMatchWins=0	TossWinMatchLosses=1	TossConversion%=0.00	BatFirst=0	BatFirstWins=0	BatFirstWin%=0.00	FieldFirst=1	FieldFirstWins=0	FieldFirstWin%=0.00
Brabourne Stadium, Mumbai	Punjab Kings	Chennai Super Kings	Matches=1	Wins=1	Losses=0	Win%=100.00	TossWins=0	TossLosses=1	TossWinMatchWins=0	TossWinMatchLosses=0	TossConversion%=0.00	BatFirst=0	BatFirstWins=0	BatFirstWin%=0.00	FieldFirst=0	FieldFirstWins=0	FieldFirstWin%=0.00
Brabourne Stadium, Mumbai	Punjab Kings	Delhi Capitals	Matches=1	Wins=0	Losses=1	Win%=0.00	TossWins=0	TossLosses=1	TossWinMatchWins=0	TossWinMatchLosses=0	TossConversion%=0.00	BatFirst=0	BatFirstWins=0	BatFirstWin%=0.00	FieldFirst=0	FieldFirstWins=0	FieldFirstWin%=0.00
Brabourne Stadium, Mumbai	Punjab Kings	Gujarat Titans	Matches=1	Wins=0	Losses=1	Win%=0.00	TossWins=0	TossLosses=1	TossWinMatchWins=0	TossWinMatchLosses=0	TossConversion%=0.00	BatFirst=0	BatFirstWins=0	BatFirstWin%=0.00	FieldFirst=0	FieldFirstWins=0	FieldFirstWin%=0.00
Brabourne Stadium, Mumbai	Punjab Kings	Royal Challengers Bengaluru	Matches=1	Wins=1	Losses=0	Win%=100.00	TossWins=0	TossLosses=1	TossWinMatchWins=0	TossWinMatchLosses=0	TossConversion%=0.00	BatFirst=0	BatFirstWins=0	BatFirstWin%=0.00	FieldFirst=0	FieldFirstWins=0	FieldFirstWin%=0.00
Brabourne Stadium, Mumbai	Rajasthan Royals	Chennai Super Kings	Matches=1	Wins=1	Losses=0	Win%=100.00	TossWins=0	TossLosses=1	TossWinMatchWins=0	TossWinMatchLosses=0	TossConversion%=0.00	BatFirst=0	BatFirstWins=0	BatFirstWin%=0.00	FieldFirst=0	FieldFirstWins=0	FieldFirstWin%=0.00
Brabourne Stadium, Mumbai	Rajasthan Royals	Kolkata Knight Riders	Matches=1	Wins=1	Losses=0	Win%=100.00	TossWins=0	TossLosses=1	TossWinMatchWins=0	TossWinMatchLosses=0	TossConversion%=0.00	BatFirst=0	BatFirstWins=0	BatFirstWin%=0.00	FieldFirst=0	FieldFirstWins=0	FieldFirstWin%=0.00
Brabourne Stadium, Mumbai	Rajasthan Royals	Lucknow Super Giants	Matches=1	Wins=1	Losses=0	Win%=100.00	TossWins=1	TossLosses=0	TossWinMatchWins=1	TossWinMatchLosses=0	TossConversion%=100.00	BatFirst=1	BatFirstWins=1	BatFirstWin%=100.00	FieldFirst=0	FieldFirstWins=0	FieldFirstWin%=0.00
Brabourne Stadium, Mumbai	Royal Challengers Bengaluru	Gujarat Titans	Matches=1	Wins=0	Losses=1	Win%=0.00	TossWins=1	TossLosses=0	TossWinMatchWins=0	TossWinMatchLosses=1	TossConversion%=0.00	BatFirst=1	BatFirstWins=0	BatFirstWin%=0.00	FieldFirst=0	FieldFirstWins=0	FieldFirstWin%=0.00
Brabourne Stadium, Mumbai	Royal Challengers Bengaluru	Punjab Kings	Matches=1	Wins=0	Losses=1	Win%=0.00	TossWins=1	TossLosses=0	TossWinMatchWins=0	TossWinMatchLosses=1	TossConversion%=0.00	BatFirst=0	BatFirstWins=0	BatFirstWin%=0.00	FieldFirst=1	FieldFirstWins=0	FieldFirstWin%=0.00
Brabourne Stadium, Mumbai	Royal Challengers Bengaluru	Sunrisers Hyderabad	Matches=1	Wins=0	Losses=1	Win%=0.00	TossWins=0	TossLosses=1	TossWinMatchWins=0	TossWinMatchLosses=0	TossConversion%=0.00	BatFirst=0	BatFirstWins=0	BatFirstWin%=0.00	FieldFirst=0	FieldFirstWins=0	FieldFirstWin%=0.00
Brabourne Stadium, Mumbai	Sunrisers Hyderabad	Delhi Capitals	Matches=1	Wins=0	Losses=1	Win%=0.00	TossWins=1	TossLosses=0	TossWinMatchWins=0	TossWinMatchLosses=1	TossConversion%=0.00	BatFirst=0	BatFirstWins=0	BatFirstWin%=0.00	FieldFirst=1	FieldFirstWins=0	FieldFirstWin%=0.00
Brabourne Stadium, Mumbai	Sunrisers Hyderabad	Kolkata Knight Riders	Matches=1	Wins=1	Losses=0	Win%=100.00	TossWins=1	TossLosses=0	TossWinMatchWins=1	TossWinMatchLosses=0	TossConversion%=100.00	BatFirst=0	BatFirstWins=0	BatFirstWin%=0.00	FieldFirst=1	FieldFirstWins=1	FieldFirstWin%=100.00
Brabourne Stadium, Mumbai	Sunrisers Hyderabad	Royal Challengers Bengaluru	Matches=1	Wins=1	Losses=0	Win%=100.00	TossWins=1	TossLosses=0	TossWinMatchWins=1	TossWinMatchLosses=0	TossConversion%=100.00	BatFirst=0	BatFirstWins=0	BatFirstWin%=0.00	FieldFirst=1	FieldFirstWins=1	FieldFirstWin%=100.00
Buffalo Park	Chennai Super Kings	Deccan Chargers	Matches=1	Wins=1	Losses=0	Win%=100.00	TossWins=1	TossLosses=0	TossWinMatchWins=1	TossWinMatchLosses=0	TossConversion%=100.00	BatFirst=1	BatFirstWins=1	BatFirstWin%=100.00	FieldFirst=0	FieldFirstWins=0	FieldFirstWin%=0.00
Buffalo Park	Deccan Chargers	Chennai Super Kings	Matches=1	Wins=0	Losses=1	Win%=0.00	TossWins=0	TossLosses=1	TossWinMatchWins=0	TossWinMatchLosses=0	TossConversion%=0.00	BatFirst=0	BatFirstWins=0	BatFirstWin%=0.00	FieldFirst=0	FieldFirstWins=0	FieldFirstWin%=0.00
Buffalo Park	Delhi Capitals	Mumbai Indians	Matches=1	Wins=1	Losses=0	Win%=100.00	TossWins=0	TossLosses=1	TossWinMatchWins=0	TossWinMatchLosses=0	TossConversion%=0.00	BatFirst=0	BatFirstWins=0	BatFirstWin%=0.00	FieldFirst=0	FieldFirstWins=0	FieldFirstWin%=0.00
Buffalo Park	Kolkata Knight Riders	Mumbai Indians	Matches=1	Wins=0	Losses=1	Win%=0.00	TossWins=0	TossLosses=1	TossWinMatchWins=0	TossWinMatchLosses=0	TossConversion%=0.00	BatFirst=0	BatFirstWins=0	BatFirstWin%=0.00	FieldFirst=0	FieldFirstWins=0	FieldFirstWin%=0.00
Buffalo Park	Mumbai Indians	Delhi Capitals	Matches=1	Wins=0	Losses=1	Win%=0.00	TossWins=1	TossLosses=0	TossWinMatchWins=0	TossWinMatchLosses=1	TossConversion%=0.00	BatFirst=1	BatFirstWins=0	BatFirstWin%=0.00	FieldFirst=0	FieldFirstWins=0	FieldFirstWin%=0.00
Buffalo Park	Mumbai Indians	Kolkata Knight Riders	Matches=1	Wins=1	Losses=0	Win%=100.00	TossWins=1	TossLosses=0	TossWinMatchWins=1	TossWinMatchLosses=0	TossConversion%=100.00	BatFirst=1	BatFirstWins=1	BatFirstWin%=100.00	FieldFirst=0	FieldFirstWins=0	FieldFirstWin%=0.00
De Beers Diamond Oval	Chennai Super Kings	Rajasthan Royals	Matches=1	Wins=1	Losses=0	Win%=100.00	TossWins=0	TossLosses=1	TossWinMatchWins=0	TossWinMatchLosses=0	TossConversion%=0.00	BatFirst=0	BatFirstWins=0	BatFirstWin%=0.00	FieldFirst=0	FieldFirstWins=0	FieldFirstWin%=0.00
De Beers Diamond Oval	Deccan Chargers	Punjab Kings	Matches=1	Wins=0	Losses=1	Win%=0.00	TossWins=0	TossLosses=1	TossWinMatchWins=0	TossWinMatchLosses=0	TossConversion%=0.00	BatFirst=0	BatFirstWins=0	BatFirstWin%=0.00	FieldFirst=0	FieldFirstWins=0	FieldFirstWin%=0.00
De Beers Diamond Oval	Deccan Chargers	Rajasthan Royals	Matches=1	Wins=1	Losses=0	Win%=100.00	TossWins=1	TossLosses=0	TossWinMatchWins=1	TossWinMatchLosses=0	TossConversion%=100.00	BatFirst=1	BatFirstWins=1	BatFirstWin%=100.00	FieldFirst=0	FieldFirstWins=0	FieldFirstWin%=0.00
De Beers Diamond Oval	Punjab Kings	Deccan Chargers	Matches=1	Wins=1	Losses=0	Win%=100.00	TossWins=1	TossLosses=0	TossWinMatchWins=1	TossWinMatchLosses=0	TossConversion%=100.00	BatFirst=0	BatFirstWins=0	BatFirstWin%=0.00	FieldFirst=1	FieldFirstWins=1	FieldFirstWin%=100.00
De Beers Diamond Oval	Rajasthan Royals	Chennai Super Kings	Matches=1	Wins=0	Losses=1	Win%=0.00	TossWins=1	TossLosses=0	TossWinMatchWins=0	TossWinMatchLosses=1	TossConversion%=0.00	BatFirst=1	BatFirstWins=0	BatFirstWin%=0.00	FieldFirst=0	FieldFirstWins=0	FieldFirstWin%=0.00
De Beers Diamond Oval	Rajasthan Royals	Deccan Chargers	Matches=1	Wins=0	Losses=1	Win%=0.00	TossWins=0	TossLosses=1	TossWinMatchWins=0	TossWinMatchLosses=0	TossConversion%=0.00	BatFirst=0	BatFirstWins=0	BatFirstWin%=0.00	FieldFirst=0	FieldFirstWins=0	FieldFirstWin%=0.00
Dr DY Patil Sports Academy	Chennai Super Kings	Deccan Chargers	Matches=1	Wins=1	Losses=0	Win%=100.00	TossWins=1	TossLosses=0	TossWinMatchWins=1	TossWinMatchLosses=0	TossConversion%=100.00	BatFirst=1	BatFirstWins=1	BatFirstWin%=100.00	FieldFirst=0	FieldFirstWins=0	FieldFirstWin%=0.00
Dr DY Patil Sports Academy	Chennai Super Kings	Mumbai Indians	Matches=1	Wins=1	Losses=0	Win%=100.00	TossWins=1	TossLosses=0	TossWinMatchWins=1	TossWinMatchLosses=0	TossConversion%=100.00	BatFirst=1	BatFirstWins=1	BatFirstWin%=100.00	FieldFirst=0	FieldFirstWins=0	FieldFirstWin%=0.00
Dr DY Patil Sports Academy	Chennai Super Kings	Pune Warriors	Matches=1	Wins=1	Losses=0	Win%=100.00	TossWins=0	TossLosses=1	TossWinMatchWins=0	TossWinMatchLosses=0	TossConversion%=0.00	BatFirst=0	BatFirstWins=0	BatFirstWin%=0.00	FieldFirst=0	FieldFirstWins=0	FieldFirstWin%=0.00
Dr DY Patil Sports Academy	Chennai Super Kings	Rajasthan Royals	Matches=1	Wins=0	Losses=1	Win%=0.00	TossWins=0	TossLosses=1	TossWinMatchWins=0	TossWinMatchLosses=0	TossConversion%=0.00	BatFirst=0	BatFirstWins=0	BatFirstWin%=0.00	FieldFirst=0	FieldFirstWins=0	FieldFirstWin%=0.00
Dr DY Patil Sports Academy	Deccan Chargers	Chennai Super Kings	Matches=1	Wins=0	Losses=1	Win%=0.00	TossWins=0	TossLosses=1	TossWinMatchWins=0	TossWinMatchLosses=0	TossConversion%=0.00	BatFirst=0	BatFirstWins=0	BatFirstWin%=0.00	FieldFirst=0	FieldFirstWins=0	FieldFirstWin%=0.00
Dr DY Patil Sports Academy	Deccan Chargers	Kolkata Knight Riders	Matches=1	Wins=0	Losses=1	Win%=0.00	TossWins=1	TossLosses=0	TossWinMatchWins=0	TossWinMatchLosses=1	TossConversion%=0.00	BatFirst=0	BatFirstWins=0	BatFirstWin%=0.00	FieldFirst=1	FieldFirstWins=0	FieldFirstWin%=0.00
Dr DY Patil Sports Academy	Deccan Chargers	Mumbai Indians	Matches=2	Wins=1	Losses=1	Win%=50.00	TossWins=2	TossLosses=0	TossWinMatchWins=1	TossWinMatchLosses=1	TossConversion%=50.00	BatFirst=0	BatFirstWins=0	BatFirstWin%=0.00	FieldFirst=2	FieldFirstWins=1	FieldFirstWin%=50.00
Dr DY Patil Sports Academy	Deccan Chargers	Pune Warriors	Matches=1	Wins=1	Losses=0	Win%=100.00	TossWins=1	TossLosses=0	TossWinMatchWins=1	TossWinMatchLosses=0	TossConversion%=100.00	BatFirst=0	BatFirstWins=0	BatFirstWin%=0.00	FieldFirst=1	FieldFirstWins=1	FieldFirstWin%=100.00
Dr DY Patil Sports Academy	Deccan Chargers	Royal Challengers Bengaluru	Matches=1	Wins=0	Losses=1	Win%=0.00	TossWins=1	TossLosses=0	TossWinMatchWins=0	TossWinMatchLosses=1	TossConversion%=0.00	BatFirst=1	BatFirstWins=0	BatFirstWin%=0.00	FieldFirst=0	FieldFirstWins=0	FieldFirstWin%=0.00
Dr DY Patil Sports Academy	Delhi Capitals	Mumbai Indians	Matches=1	Wins=0	Losses=1	Win%=0.00	TossWins=1	TossLosses=0	TossWinMatchWins=0	TossWinMatchLosses=1	TossConversion%=0.00	BatFirst=0	BatFirstWins=0	BatFirstWin%=0.00	FieldFirst=1	FieldFirstWins=0	FieldFirstWin%=0.00
Dr DY Patil Sports Academy	Delhi Capitals	Pune Warriors	Matches=1	Wins=1	Losses=0	Win%=100.00	TossWins=1	TossLosses=0	TossWinMatchWins=1	TossWinMatchLosses=0	TossConversion%=100.00	BatFirst=0	BatFirstWins=0	BatFirstWin%=0.00	FieldFirst=1	FieldFirstWins=1	FieldFirstWin%=100.00
Dr DY Patil Sports Academy	Kochi Tuskers Kerala	Pune Warriors	Matches=1	Wins=0	Losses=1	Win%=0.00	TossWins=1	TossLosses=0	TossWinMatchWins=0	TossWinMatchLosses=1	TossConversion%=0.00	BatFirst=1	BatFirstWins=0	BatFirstWin%=0.00	FieldFirst=0	FieldFirstWins=0	FieldFirstWin%=0.00
Dr DY Patil Sports Academy	Kolkata Knight Riders	Deccan Chargers	Matches=1	Wins=1	Losses=0	Win%=100.00	TossWins=0	TossLosses=1	TossWinMatchWins=0	TossWinMatchLosses=0	TossConversion%=0.00	BatFirst=0	BatFirstWins=0	BatFirstWin%=0.00	FieldFirst=0	FieldFirstWins=0	FieldFirstWin%=0.00
Dr DY Patil Sports Academy	Kolkata Knight Riders	Pune Warriors	Matches=1	Wins=1	Losses=0	Win%=100.00	TossWins=1	TossLosses=0	TossWinMatchWins=1	TossWinMatchLosses=0	TossConversion%=100.00	BatFirst=0	BatFirstWins=0	BatFirstWin%=0.00	FieldFirst=1	FieldFirstWins=1	FieldFirstWin%=100.00
Dr DY Patil Sports Academy	Mumbai Indians	Chennai Super Kings	Matches=1	Wins=0	Losses=1	Win%=0.00	TossWins=0	TossLosses=1	TossWinMatchWins=0	TossWinMatchLosses=0	TossConversion%=0.00	BatFirst=0	BatFirstWins=0	BatFirstWin%=0.00	FieldFirst=0	FieldFirstWins=0	FieldFirstWin%=0.00
Dr DY Patil Sports Academy	Mumbai Indians	Deccan Chargers	Matches=2	Wins=1	Losses=1	Win%=50.00	TossWins=0	TossLosses=2	TossWinMatchWins=0	TossWinMatchLosses=0	TossConversion%=0.00	BatFirst=0	BatFirstWins=0	BatFirstWin%=0.00	FieldFirst=0	FieldFirstWins=0	FieldFirstWin%=0.00
Dr DY Patil Sports Academy	Mumbai Indians	Delhi Capitals	Matches=1	Wins=1	Losses=0	Win%=100.00	TossWins=0	TossLosses=1	TossWinMatchWins=0	TossWinMatchLosses=0	TossConversion%=0.00	BatFirst=0	BatFirstWins=0	BatFirstWin%=0.00	FieldFirst=0	FieldFirstWins=0	FieldFirstWin%=0.00
Dr DY Patil Sports Academy	Mumbai Indians	Pune Warriors	Matches=1	Wins=1	Losses=0	Win%=100.00	TossWins=0	TossLosses=1	TossWinMatchWins=0	TossWinMatchLosses=0	TossConversion%=0.00	BatFirst=0	BatFirstWins=0	BatFirstWin%=0.00	FieldFirst=0	FieldFirstWins=0	FieldFirstWin%=0.00
Dr DY Patil Sports Academy	Mumbai Indians	Rajasthan Royals	Matches=1	Wins=1	Losses=0	Win%=100.00	TossWins=1	TossLosses=0	TossWinMatchWins=1	TossWinMatchLosses=0	TossConversion%=100.00	BatFirst=0	BatFirstWins=0	BatFirstWin%=0.00	FieldFirst=1	FieldFirstWins=1	FieldFirstWin%=100.00
Dr DY Patil Sports Academy	Mumbai Indians	Royal Challengers Bengaluru	Matches=1	Wins=1	Losses=0	Win%=100.00	TossWins=1	TossLosses=0	TossWinMatchWins=1	TossWinMatchLosses=0	TossConversion%=100.00	BatFirst=1	BatFirstWins=1	BatFirstWin%=100.00	FieldFirst=0	FieldFirstWins=0	FieldFirstWin%=0.00
Dr DY Patil Sports Academy	Pune Warriors	Chennai Super Kings	Matches=1	Wins=0	Losses=1	Win%=0.00	TossWins=1	TossLosses=0	TossWinMatchWins=0	TossWinMatchLosses=1	TossConversion%=0.00	BatFirst=1	BatFirstWins=0	BatFirstWin%=0.00	FieldFirst=0	FieldFirstWins=0	FieldFirstWin%=0.00
Dr DY Patil Sports Academy	Pune Warriors	Deccan Chargers	Matches=1	Wins=0	Losses=1	Win%=0.00	TossWins=0	TossLosses=1	TossWinMatchWins=0	TossWinMatchLosses=0	TossConversion%=0.00	BatFirst=0	BatFirstWins=0	BatFirstWin%=0.00	FieldFirst=0	FieldFirstWins=0	FieldFirstWin%=0.00
Dr DY Patil Sports Academy	Pune Warriors	Delhi Capitals	Matches=1	Wins=0	Losses=1	Win%=0.00	TossWins=0	TossLosses=1	TossWinMatchWins=0	TossWinMatchLosses=0	TossConversion%=0.00	BatFirst=0	BatFirstWins=0	BatFirstWin%=0.00	FieldFirst=0	FieldFirstWins=0	FieldFirstWin%=0.00
Dr DY Patil Sports Academy	Pune Warriors	Kochi Tuskers Kerala	Matches=1	Wins=1	Losses=0	Win%=100.00	TossWins=0	TossLosses=1	TossWinMatchWins=0	TossWinMatchLosses=0	TossConversion%=0.00	BatFirst=0	BatFirstWins=0	BatFirstWin%=0.00	FieldFirst=0	FieldFirstWins=0	FieldFirstWin%=0.00
Dr DY Patil Sports Academy	Pune Warriors	Kolkata Knight Riders	Matches=1	Wins=0	Losses=1	Win%=0.00	TossWins=0	TossLosses=1	TossWinMatchWins=0	TossWinMatchLosses=0	TossConversion%=0.00	BatFirst=0	BatFirstWins=0	BatFirstWin%=0.00	FieldFirst=0	FieldFirstWins=0	FieldFirstWin%=0.00
Dr DY Patil Sports Academy	Pune Warriors	Mumbai Indians	Matches=1	Wins=0	Losses=1	Win%=0.00	TossWins=1	TossLosses=0	TossWinMatchWins=0	TossWinMatchLosses=1	TossConversion%=0.00	BatFirst=0	BatFirstWins=0	BatFirstWin%=0.00	FieldFirst=1	FieldFirstWins=0	FieldFirstWin%=0.00
Dr DY Patil Sports Academy	Pune Warriors	Punjab Kings	Matches=1	Wins=1	Losses=0	Win%=100.00	TossWins=0	TossLosses=1	TossWinMatchWins=0	TossWinMatchLosses=0	TossConversion%=0.00	BatFirst=0	BatFirstWins=0	BatFirstWin%=0.00	FieldFirst=0	FieldFirstWins=0	FieldFirstWin%=0.00
Dr DY Patil Sports Academy	Punjab Kings	Pune Warriors	Matches=1	Wins=0	Losses=1	Win%=0.00	TossWins=1	TossLosses=0	TossWinMatchWins=0	TossWinMatchLosses=1	TossConversion%=0.00	BatFirst=1	BatFirstWins=0	BatFirstWin%=0.00	FieldFirst=0	FieldFirstWins=0	FieldFirstWin%=0.00
Dr DY Patil Sports Academy	Rajasthan Royals	Chennai Super Kings	Matches=1	Wins=1	Losses=0	Win%=100.00	TossWins=1	TossLosses=0	TossWinMatchWins=1	TossWinMatchLosses=0	TossConversion%=100.00	BatFirst=0	BatFirstWins=0	BatFirstWin%=0.00	FieldFirst=1	FieldFirstWins=1	FieldFirstWin%=100.00
Dr DY Patil Sports Academy	Rajasthan Royals	Mumbai Indians	Matches=1	Wins=0	Losses=1	Win%=0.00	TossWins=0	TossLosses=1	TossWinMatchWins=0	TossWinMatchLosses=0	TossConversion%=0.00	BatFirst=0	BatFirstWins=0	BatFirstWin%=0.00	FieldFirst=0	FieldFirstWins=0	FieldFirstWin%=0.00
Dr DY Patil Sports Academy	Royal Challengers Bengaluru	Deccan Chargers	Matches=1	Wins=1	Losses=0	Win%=100.00	TossWins=0	TossLosses=1	TossWinMatchWins=0	TossWinMatchLosses=0	TossConversion%=0.00	BatFirst=0	BatFirstWins=0	BatFirstWin%=0.00	FieldFirst=0	FieldFirstWins=0	FieldFirstWin%=0.00
Dr DY Patil Sports Academy	Royal Challengers Bengaluru	Mumbai Indians	Matches=1	Wins=0	Losses=1	Win%=0.00	TossWins=0	TossLosses=1	TossWinMatchWins=0	TossWinMatchLosses=0	TossConversion%=0.00	BatFirst=0	BatFirstWins=0	BatFirstWin%=0.00	FieldFirst=0	FieldFirstWins=0	FieldFirstWin%=0.00
Dr DY Patil Sports Academy, Mumbai	Chennai Super Kings	Delhi Capitals	Matches=1	Wins=1	Losses=0	Win%=100.00	TossWins=0	TossLosses=1	TossWinMatchWins=0	TossWinMatchLosses=0	TossConversion%=0.00	BatFirst=0	BatFirstWins=0	BatFirstWin%=0.00	FieldFirst=0	FieldFirstWins=0	FieldFirstWin%=0.00
Dr DY Patil Sports Academy, Mumbai	Chennai Super Kings	Mumbai Indians	Matches=1	Wins=1	Losses=0	Win%=100.00	TossWins=1	TossLosses=0	TossWinMatchWins=1	TossWinMatchLosses=0	TossConversion%=100.00	BatFirst=0	BatFirstWins=0	BatFirstWin%=0.00	FieldFirst=1	FieldFirstWins=1	FieldFirstWin%=100.00
Dr DY Patil Sports Academy, Mumbai	Chennai Super Kings	Royal Challengers Bengaluru	Matches=1	Wins=1	Losses=0	Win%=100.00	TossWins=0	TossLosses=1	TossWinMatchWins=0	TossWinMatchLosses=0	TossConversion%=0.00	BatFirst=0	BatFirstWins=0	BatFirstWin%=0.00	FieldFirst=0	FieldFirstWins=0	FieldFirstWin%=0.00
Dr DY Patil Sports Academy, Mumbai	Chennai Super Kings	Sunrisers Hyderabad	Matches=1	Wins=0	Losses=1	Win%=0.00	TossWins=0	TossLosses=1	TossWinMatchWins=0	TossWinMatchLosses=0	TossConversion%=0.00	BatFirst=0	BatFirstWins=0	BatFirstWin%=0.00	FieldFirst=0	FieldFirstWins=0	FieldFirstWin%=0.00
Dr DY Patil Sports Academy, Mumbai	Delhi Capitals	Chennai Super Kings	Matches=1	Wins=0	Losses=1	Win%=0.00	TossWins=1	TossLosses=0	TossWinMatchWins=0	TossWinMatchLosses=1	TossConversion%=0.00	BatFirst=0	BatFirstWins=0	BatFirstWin%=0.00	FieldFirst=1	FieldFirstWins=0	FieldFirstWin%=0.00
Dr DY Patil Sports Academy, Mumbai	Delhi Capitals	Lucknow Super Giants	Matches=1	Wins=0	Losses=1	Win%=0.00	TossWins=0	TossLosses=1	TossWinMatchWins=0	TossWinMatchLosses=0	TossConversion%=0.00	BatFirst=0	BatFirstWins=0	BatFirstWin%=0.00	FieldFirst=0	FieldFirstWins=0	FieldFirstWin%=0.00
Dr DY Patil Sports Academy, Mumbai	Delhi Capitals	Punjab Kings	Matches=1	Wins=1	Losses=0	Win%=100.00	TossWins=0	TossLosses=1	TossWinMatchWins=0	TossWinMatchLosses=0	TossConversion%=0.00	BatFirst=0	BatFirstWins=0	BatFirstWin%=0.00	FieldFirst=0	FieldFirstWins=0	FieldFirstWin%=0.00
Dr DY Patil Sports Academy, Mumbai	Delhi Capitals	Rajasthan Royals	Matches=1	Wins=1	Losses=0	Win%=100.00	TossWins=1	TossLosses=0	TossWinMatchWins=1	TossWinMatchLosses=0	TossConversion%=100.00	BatFirst=0	BatFirstWins=0	BatFirstWin%=0.00	FieldFirst=1	FieldFirstWins=1	FieldFirstWin%=100.00
Dr DY Patil Sports Academy, Mumbai	Gujarat Titans	Kolkata Knight Riders	Matches=1	Wins=1	Losses=0	Win%=100.00	TossWins=1	TossLosses=0	TossWinMatchWins=1	TossWinMatchLosses=0	TossConversion%=100.00	BatFirst=1	BatFirstWins=1	BatFirstWin%=100.00	FieldFirst=0	FieldFirstWins=0	FieldFirstWin%=0.00
Dr DY Patil Sports Academy, Mumbai	Gujarat Titans	Punjab Kings	Matches=1	Wins=0	Losses=1	Win%=0.00	TossWins=1	TossLosses=0	TossWinMatchWins=0	TossWinMatchLosses=1	TossConversion%=0.00	BatFirst=1	BatFirstWins=0	BatFirstWin%=0.00	FieldFirst=0	FieldFirstWins=0	FieldFirstWin%=0.00
Dr DY Patil Sports Academy, Mumbai	Gujarat Titans	Rajasthan Royals	Matches=1	Wins=1	Losses=0	Win%=100.00	TossWins=0	TossLosses=1	TossWinMatchWins=0	TossWinMatchLosses=0	TossConversion%=0.00	BatFirst=0	BatFirstWins=0	BatFirstWin%=0.00	FieldFirst=0	FieldFirstWins=0	FieldFirstWin%=0.00
Dr DY Patil Sports Academy, Mumbai	Gujarat Titans	Sunrisers Hyderabad	Matches=1	Wins=0	Losses=1	Win%=0.00	TossWins=0	TossLosses=1	TossWinMatchWins=0	TossWinMatchLosses=0	TossConversion%=0.00	BatFirst=0	BatFirstWins=0	BatFirstWin%=0.00	FieldFirst=0	FieldFirstWins=0	FieldFirstWin%=0.00
Dr DY Patil Sports Academy, Mumbai	Kolkata Knight Riders	Gujarat Titans	Matches=1	Wins=0	Losses=1	Win%=0.00	TossWins=0	TossLosses=1	TossWinMatchWins=0	TossWinMatchLosses=0	TossConversion%=0.00	BatFirst=0	BatFirstWins=0	BatFirstWin%=0.00	FieldFirst=0	FieldFirstWins=0	FieldFirstWin%=0.00
Dr DY Patil Sports Academy, Mumbai	Kolkata Knight Riders	Lucknow Super Giants	Matches=1	Wins=0	Losses=1	Win%=0.00	TossWins=0	TossLosses=1	TossWinMatchWins=0	TossWinMatchLosses=0	TossConversion%=0.00	BatFirst=0	BatFirstWins=0	BatFirstWin%=0.00	FieldFirst=0	FieldFirstWins=0	FieldFirstWin%=0.00
Dr DY Patil Sports Academy, Mumbai	Kolkata Knight Riders	Mumbai Indians	Matches=1	Wins=1	Losses=0	Win%=100.00	TossWins=0	TossLosses=1	TossWinMatchWins=0	TossWinMatchLosses=0	TossConversion%=0.00	BatFirst=0	BatFirstWins=0	BatFirstWin%=0.00	FieldFirst=0	FieldFirstWins=0	FieldFirstWin%=0.00
Dr DY Patil Sports Academy, Mumbai	Kolkata Knight Riders	Royal Challengers Bengaluru	Matches=1	Wins=0	Losses=1	Win%=0.00	TossWins=0	TossLosses=1	TossWinMatchWins=0	TossWinMatchLosses=0	TossConversion%=0.00	BatFirst=0	BatFirstWins=0	BatFirstWin%=0.00	FieldFirst=0	FieldFirstWins=0	FieldFirstWin%=0.00
Dr DY Patil Sports Academy, Mumbai	Lucknow Super Giants	Delhi Capitals	Matches=1	Wins=1	Losses=0	Win%=100.00	TossWins=1	TossLosses=0	TossWinMatchWins=1	TossWinMatchLosses=0	TossConversion%=100.00	BatFirst=0	BatFirstWins=0	BatFirstWin%=0.00	FieldFirst=1	FieldFirstWins=1	FieldFirstWin%=100.00
Dr DY Patil Sports Academy, Mumbai	Lucknow Super Giants	Kolkata Knight Riders	Matches=1	Wins=1	Losses=0	Win%=100.00	TossWins=1	TossLosses=0	TossWinMatchWins=1	TossWinMatchLosses=0	TossConversion%=100.00	BatFirst=1	BatFirstWins=1	BatFirstWin%=100.00	FieldFirst=0	FieldFirstWins=0	FieldFirstWin%=0.00
Dr DY Patil Sports Academy, Mumbai	Lucknow Super Giants	Royal Challengers Bengaluru	Matches=1	Wins=0	Losses=1	Win%=0.00	TossWins=1	TossLosses=0	TossWinMatchWins=0	TossWinMatchLosses=1	TossConversion%=0.00	BatFirst=0	BatFirstWins=0	BatFirstWin%=0.00	FieldFirst=1	FieldFirstWins=0	FieldFirstWin%=0.00
Dr DY Patil Sports Academy, Mumbai	Lucknow Super Giants	Sunrisers Hyderabad	Matches=1	Wins=1	Losses=0	Win%=100.00	TossWins=0	TossLosses=1	TossWinMatchWins=0	TossWinMatchLosses=0	TossConversion%=0.00	BatFirst=0	BatFirstWins=0	BatFirstWin%=0.00	FieldFirst=0	FieldFirstWins=0	FieldFirstWin%=0.00
Dr DY Patil Sports Academy, Mumbai	Mumbai Indians	Chennai Super Kings	Matches=1	Wins=0	Losses=1	Win%=0.00	TossWins=0	TossLosses=1	TossWinMatchWins=0	TossWinMatchLosses=0	TossConversion%=0.00	BatFirst=0	BatFirstWins=0	BatFirstWin%=0.00	FieldFirst=0	FieldFirstWins=0	FieldFirstWin%=0.00
Dr DY Patil Sports Academy, Mumbai	Mumbai Indians	Kolkata Knight Riders	Matches=1	Wins=0	Losses=1	Win%=0.00	TossWins=1	TossLosses=0	TossWinMatchWins=0	TossWinMatchLosses=1	TossConversion%=0.00	BatFirst=0	BatFirstWins=0	BatFirstWin%=0.00	FieldFirst=1	FieldFirstWins=0	FieldFirstWin%=0.00
Dr DY Patil Sports Academy, Mumbai	Mumbai Indians	Rajasthan Royals	Matches=2	Wins=1	Losses=1	Win%=50.00	TossWins=2	TossLosses=0	TossWinMatchWins=1	TossWinMatchLosses=1	TossConversion%=50.00	BatFirst=0	BatFirstWins=0	BatFirstWin%=0.00	FieldFirst=2	FieldFirstWins=1	FieldFirstWin%=50.00
Dr DY Patil Sports Academy, Mumbai	Punjab Kings	Delhi Capitals	Matches=1	Wins=0	Losses=1	Win%=0.00	TossWins=1	TossLosses=0	TossWinMatchWins=0	TossWinMatchLosses=1	TossConversion%=0.00	BatFirst=0	BatFirstWins=0	BatFirstWin%=0.00	FieldFirst=1	FieldFirstWins=0	FieldFirstWin%=0.00
Dr DY Patil Sports Academy, Mumbai	Punjab Kings	Gujarat Titans	Matches=1	Wins=1	Losses=0	Win%=100.00	TossWins=0	TossLosses=1	TossWinMatchWins=0	TossWinMatchLosses=0	TossConversion%=0.00	BatFirst=0	BatFirstWins=0	BatFirstWin%=0.00	FieldFirst=0	FieldFirstWins=0	FieldFirstWin%=0.00
Dr DY Patil Sports Academy, Mumbai	Punjab Kings	Royal Challengers Bengaluru	Matches=1	Wins=1	Losses=0	Win%=100.00	TossWins=1	TossLosses=0	TossWinMatchWins=1	TossWinMatchLosses=0	TossConversion%=100.00	BatFirst=0	BatFirstWins=0	BatFirstWin%=0.00	FieldFirst=1	FieldFirstWins=1	FieldFirstWin%=100.00
Dr DY Patil Sports Academy, Mumbai	Punjab Kings	Sunrisers Hyderabad	Matches=1	Wins=0	Losses=1	Win%=0.00	TossWins=0	TossLosses=1	TossWinMatchWins=0	TossWinMatchLosses=0	TossConversion%=0.00	BatFirst=0	BatFirstWins=0	BatFirstWin%=0.00	FieldFirst=0	FieldFirstWins=0	FieldFirstWin%=0.00
Dr DY Patil Sports Academy, Mumbai	Rajasthan Royals	Delhi Capitals	Matches=1	Wins=0	Losses=1	Win%=0.00	TossWins=0	TossLosses=1	TossWinMatchWins=0	TossWinMatchLosses=0	TossConversion%=0.00	BatFirst=0	BatFirstWins=0	BatFirstWin%=0.00	FieldFirst=0	FieldFirstWins=0	FieldFirstWin%=0.00
Dr DY Patil Sports Academy, Mumbai	Rajasthan Royals	Gujarat Titans	Matches=1	Wins=0	Losses=1	Win%=0.00	TossWins=1	TossLosses=0	TossWinMatchWins=0	TossWinMatchLosses=1	TossConversion%=0.00	BatFirst=0	BatFirstWins=0	BatFirstWin%=0.00	FieldFirst=1	FieldFirstWins=0	FieldFirstWin%=0.00
Dr DY Patil Sports Academy, Mumbai	Rajasthan Royals	Mumbai Indians	Matches=2	Wins=1	Losses=1	Win%=50.00	TossWins=0	TossLosses=2	TossWinMatchWins=0	TossWinMatchLosses=0	TossConversion%=0.00	BatFirst=0	BatFirstWins=0	BatFirstWin%=0.00	FieldFirst=0	FieldFirstWins=0	FieldFirstWin%=0.00
Dr DY Patil Sports Academy, Mumbai	Royal Challengers Bengaluru	Chennai Super Kings	Matches=1	Wins=0	Losses=1	Win%=0.00	TossWins=1	TossLosses=0	TossWinMatchWins=0	TossWinMatchLosses=1	TossConversion%=0.00	BatFirst=0	BatFirstWins=0	BatFirstWin%=0.00	FieldFirst=1	FieldFirstWins=0	FieldFirstWin%=0.00
Dr DY Patil Sports Academy, Mumbai	Royal Challengers Bengaluru	Kolkata Knight Riders	Matches=1	Wins=1	Losses=0	Win%=100.00	TossWins=1	TossLosses=0	TossWinMatchWins=1	TossWinMatchLosses=0	TossConversion%=100.00	BatFirst=0	BatFirstWins=0	BatFirstWin%=0.00	FieldFirst=1	FieldFirstWins=1	FieldFirstWin%=100.00
Dr DY Patil Sports Academy, Mumbai	Royal Challengers Bengaluru	Lucknow Super Giants	Matches=1	Wins=1	Losses=0	Win%=100.00	TossWins=0	TossLosses=1	TossWinMatchWins=0	TossWinMatchLosses=0	TossConversion%=0.00	BatFirst=0	BatFirstWins=0	BatFirstWin%=0.00	FieldFirst=0	FieldFirstWins=0	FieldFirstWin%=0.00
Dr DY Patil Sports Academy, Mumbai	Royal Challengers Bengaluru	Punjab Kings	Matches=1	Wins=0	Losses=1	Win%=0.00	TossWins=0	TossLosses=1	TossWinMatchWins=0	TossWinMatchLosses=0	TossConversion%=0.00	BatFirst=0	BatFirstWins=0	BatFirstWin%=0.00	FieldFirst=0	FieldFirstWins=0	FieldFirstWin%=0.00
Dr DY Patil Sports Academy, Mumbai	Sunrisers Hyderabad	Chennai Super Kings	Matches=1	Wins=1	Losses=0	Win%=100.00	TossWins=1	TossLosses=0	TossWinMatchWins=1	TossWinMatchLosses=0	TossConversion%=100.00	BatFirst=0	BatFirstWins=0	BatFirstWin%=0.00	FieldFirst=1	FieldFirstWins=1	FieldFirstWin%=100.00
Dr DY Patil Sports Academy, Mumbai	Sunrisers Hyderabad	Gujarat Titans	Matches=1	Wins=1	Losses=0	Win%=100.00	TossWins=1	TossLosses=0	TossWinMatchWins=1	TossWinMatchLosses=0	TossConversion%=100.00	BatFirst=0	BatFirstWins=0	BatFirstWin%=0.00	FieldFirst=1	FieldFirstWins=1	FieldFirstWin%=100.00
Dr DY Patil Sports Academy, Mumbai	Sunrisers Hyderabad	Lucknow Super Giants	Matches=1	Wins=0	Losses=1	Win%=0.00	TossWins=1	TossLosses=0	TossWinMatchWins=0	TossWinMatchLosses=1	TossConversion%=0.00	BatFirst=0	BatFirstWins=0	BatFirstWin%=0.00	FieldFirst=1	FieldFirstWins=0	FieldFirstWin%=0.00
Dr DY Patil Sports Academy, Mumbai	Sunrisers Hyderabad	Punjab Kings	Matches=1	Wins=1	Losses=0	Win%=100.00	TossWins=1	TossLosses=0	TossWinMatchWins=1	TossWinMatchLosses=0	TossConversion%=100.00	BatFirst=0	BatFirstWins=0	BatFirstWin%=0.00	FieldFirst=1	FieldFirstWins=1	FieldFirstWin%=100.00
Dr. Y.S. Rajasekhara Reddy ACA-VDCA Cricket Stadium	Chennai Super Kings	Deccan Chargers	Matches=1	Wins=1	Losses=0	Win%=100.00	TossWins=0	TossLosses=1	TossWinMatchWins=0	TossWinMatchLosses=0	TossConversion%=0.00	BatFirst=0	BatFirstWins=0	BatFirstWin%=0.00	FieldFirst=0	FieldFirstWins=0	FieldFirstWin%=0.00
Dr. Y.S. Rajasekhara Reddy ACA-VDCA Cricket Stadium	Chennai Super Kings	Delhi Capitals	Matches=1	Wins=1	Losses=0	Win%=100.00	TossWins=1	TossLosses=0	TossWinMatchWins=1	TossWinMatchLosses=0	TossConversion%=100.00	BatFirst=0	BatFirstWins=0	BatFirstWin%=0.00	FieldFirst=1	FieldFirstWins=1	FieldFirstWin%=100.00
Dr. Y.S. Rajasekhara Reddy ACA-VDCA Cricket Stadium	Deccan Chargers	Chennai Super Kings	Matches=1	Wins=0	Losses=1	Win%=0.00	TossWins=1	TossLosses=0	TossWinMatchWins=0	TossWinMatchLosses=1	TossConversion%=0.00	BatFirst=0	BatFirstWins=0	BatFirstWin%=0.00	FieldFirst=1	FieldFirstWins=0	FieldFirstWin%=0.00
Dr. Y.S. Rajasekhara Reddy ACA-VDCA Cricket Stadium	Deccan Chargers	Mumbai Indians	Matches=1	Wins=0	Losses=1	Win%=0.00	TossWins=1	TossLosses=0	TossWinMatchWins=0	TossWinMatchLosses=1	TossConversion%=0.00	BatFirst=1	BatFirstWins=0	BatFirstWin%=0.00	FieldFirst=0	FieldFirstWins=0	FieldFirstWin%=0.00
Dr. Y.S. Rajasekhara Reddy ACA-VDCA Cricket Stadium	Delhi Capitals	Chennai Super Kings	Matches=1	Wins=0	Losses=1	Win%=0.00	TossWins=0	TossLosses=1	TossWinMatchWins=0	TossWinMatchLosses=0	TossConversion%=0.00	BatFirst=0	BatFirstWins=0	BatFirstWin%=0.00	FieldFirst=0	FieldFirstWins=0	FieldFirstWin%=0.00
Dr. Y.S. Rajasekhara Reddy ACA-VDCA Cricket Stadium	Delhi Capitals	Mumbai Indians	Matches=1	Wins=0	Losses=1	Win%=0.00	TossWins=1	TossLosses=0	TossWinMatchWins=0	TossWinMatchLosses=1	TossConversion%=0.00	BatFirst=0	BatFirstWins=0	BatFirstWin%=0.00	FieldFirst=1	FieldFirstWins=0	FieldFirstWin%=0.00
Dr. Y.S. Rajasekhara Reddy ACA-VDCA Cricket Stadium	Delhi Capitals	Rising Pune Supergiants	Matches=1	Wins=0	Losses=1	Win%=0.00	TossWins=0	TossLosses=1	TossWinMatchWins=0	TossWinMatchLosses=0	TossConversion%=0.00	BatFirst=0	BatFirstWins=0	BatFirstWin%=0.00	FieldFirst=0	FieldFirstWins=0	FieldFirstWin%=0.00
Dr. Y.S. Rajasekhara Reddy ACA-VDCA Cricket Stadium	Delhi Capitals	Sunrisers Hyderabad	Matches=2	Wins=2	Losses=0	Win%=100.00	TossWins=2	TossLosses=0	TossWinMatchWins=2	TossWinMatchLosses=0	TossConversion%=100.00	BatFirst=1	BatFirstWins=1	BatFirstWin%=100.00	FieldFirst=1	FieldFirstWins=1	FieldFirstWin%=100.00
Dr. Y.S. Rajasekhara Reddy ACA-VDCA Cricket Stadium	Kolkata Knight Riders	Sunrisers Hyderabad	Matches=1	Wins=0	Losses=1	Win%=0.00	TossWins=1	TossLosses=0	TossWinMatchWins=0	TossWinMatchLosses=1	TossConversion%=0.00	BatFirst=0	BatFirstWins=0	BatFirstWin%=0.00	FieldFirst=1	FieldFirstWins=0	FieldFirstWin%=0.00
Dr. Y.S. Rajasekhara Reddy ACA-VDCA Cricket Stadium	Mumbai Indians	Deccan Chargers	Matches=1	Wins=1	Losses=0	Win%=100.00	TossWins=0	TossLosses=1	TossWinMatchWins=0	TossWinMatchLosses=0	TossConversion%=0.00	BatFirst=0	BatFirstWins=0	BatFirstWin%=0.00	FieldFirst=0	FieldFirstWins=0	FieldFirstWin%=0.00
Dr. Y.S. Rajasekhara Reddy ACA-VDCA Cricket Stadium	Mumbai Indians	Delhi Capitals	Matches=1	Wins=1	Losses=0	Win%=100.00	TossWins=0	TossLosses=1	TossWinMatchWins=0	TossWinMatchLosses=0	TossConversion%=0.00	BatFirst=0	BatFirstWins=0	BatFirstWin%=0.00	FieldFirst=0	FieldFirstWins=0	FieldFirstWin%=0.00
Dr. Y.S. Rajasekhara Reddy ACA-VDCA Cricket Stadium	Mumbai Indians	Punjab Kings	Matches=1	Wins=0	Losses=1	Win%=0.00	TossWins=1	TossLosses=0	TossWinMatchWins=0	TossWinMatchLosses=1	TossConversion%=0.00	BatFirst=1	BatFirstWins=0	BatFirstWin%=0.00	FieldFirst=0	FieldFirstWins=0	FieldFirstWin%=0.00
Dr. Y.S. Rajasekhara Reddy ACA-VDCA Cricket Stadium	Mumbai Indians	Sunrisers Hyderabad	Matches=1	Wins=0	Losses=1	Win%=0.00	TossWins=1	TossLosses=0	TossWinMatchWins=0	TossWinMatchLosses=1	TossConversion%=0.00	BatFirst=0	BatFirstWins=0	BatFirstWin%=0.00	FieldFirst=1	FieldFirstWins=0	FieldFirstWin%=0.00
Dr. Y.S. Rajasekhara Reddy ACA-VDCA Cricket Stadium	Punjab Kings	Mumbai Indians	Matches=1	Wins=1	Losses=0	Win%=100.00	TossWins=0	TossLosses=1	TossWinMatchWins=0	TossWinMatchLosses=0	TossConversion%=0.00	BatFirst=0	BatFirstWins=0	BatFirstWin%=0.00	FieldFirst=0	FieldFirstWins=0	FieldFirstWin%=0.00
Dr. Y.S. Rajasekhara Reddy ACA-VDCA Cricket Stadium	Punjab Kings	Rising Pune Supergiants	Matches=1	Wins=0	Losses=1	Win%=0.00	TossWins=1	TossLosses=0	TossWinMatchWins=0	TossWinMatchLosses=1	TossConversion%=0.00	BatFirst=1	BatFirstWins=0	BatFirstWin%=0.00	FieldFirst=0	FieldFirstWins=0	FieldFirstWin%=0.00
Dr. Y.S. Rajasekhara Reddy ACA-VDCA Cricket Stadium	Rajasthan Royals	Sunrisers Hyderabad	Matches=1	Wins=1	Losses=0	Win%=100.00	TossWins=1	TossLosses=0	TossWinMatchWins=1	TossWinMatchLosses=0	TossConversion%=100.00	BatFirst=0	BatFirstWins=0	BatFirstWin%=0.00	FieldFirst=1	FieldFirstWins=1	FieldFirstWin%=100.00
Dr. Y.S. Rajasekhara Reddy ACA-VDCA Cricket Stadium	Rising Pune Supergiants	Delhi Capitals	Matches=1	Wins=1	Losses=0	Win%=100.00	TossWins=1	TossLosses=0	TossWinMatchWins=1	TossWinMatchLosses=0	TossConversion%=100.00	BatFirst=0	BatFirstWins=0	BatFirstWin%=0.00	FieldFirst=1	FieldFirstWins=1	FieldFirstWin%=100.00
Dr. Y.S. Rajasekhara Reddy ACA-VDCA Cricket Stadium	Rising Pune Supergiants	Punjab Kings	Matches=1	Wins=1	Losses=0	Win%=100.00	TossWins=0	TossLosses=1	TossWinMatchWins=0	TossWinMatchLosses=0	TossConversion%=0.00	BatFirst=0	BatFirstWins=0	BatFirstWin%=0.00	FieldFirst=0	FieldFirstWins=0	FieldFirstWin%=0.00
Dr. Y.S. Rajasekhara Reddy ACA-VDCA Cricket Stadium	Rising Pune Supergiants	Sunrisers Hyderabad	Matches=1	Wins=0	Losses=1	Win%=0.00	TossWins=0	TossLosses=1	TossWinMatchWins=0	TossWinMatchLosses=0	TossConversion%=0.00	BatFirst=0	BatFirstWins=0	BatFirstWin%=0.00	FieldFirst=0	FieldFirstWins=0	FieldFirstWin%=0.00
Dr. Y.S. Rajasekhara Reddy ACA-VDCA Cricket Stadium	Sunrisers Hyderabad	Delhi Capitals	Matches=2	Wins=0	Losses=2	Win%=0.00	TossWins=0	TossLosses=2	TossWinMatchWins=0	TossWinMatchLosses=0	TossConversion%=0.00	BatFirst=0	BatFirstWins=0	BatFirstWin%=0.00	FieldFirst=0	FieldFirstWins=0	FieldFirstWin%=0.00
Dr. Y.S. Rajasekhara Reddy ACA-VDCA Cricket Stadium	Sunrisers Hyderabad	Kolkata Knight Riders	Matches=1	Wins=1	Losses=0	Win%=100.00	TossWins=0	TossLosses=1	TossWinMatchWins=0	TossWinMatchLosses=0	TossConversion%=0.00	BatFirst=0	BatFirstWins=0	BatFirstWin%=0.00	FieldFirst=0	FieldFirstWins=0	FieldFirstWin%=0.00
Dr. Y.S. Rajasekhara Reddy ACA-VDCA Cricket Stadium	Sunrisers Hyderabad	Mumbai Indians	Matches=1	Wins=1	Losses=0	Win%=100.00	TossWins=0	TossLosses=1	TossWinMatchWins=0	TossWinMatchLosses=0	TossConversion%=0.00	BatFirst=0	BatFirstWins=0	BatFirstWin%=0.00	FieldFirst=0	FieldFirstWins=0	FieldFirstWin%=0.00
Dr. Y.S. Rajasekhara Reddy ACA-VDCA Cricket Stadium	Sunrisers Hyderabad	Rajasthan Royals	Matches=1	Wins=0	Losses=1	Win%=0.00	TossWins=0	TossLosses=1	TossWinMatchWins=0	TossWinMatchLosses=0	TossConversion%=0.00	BatFirst=0	BatFirstWins=0	BatFirstWin%=0.00	FieldFirst=0	FieldFirstWins=0	FieldFirstWin%=0.00
Dr. Y.S. Rajasekhara Reddy ACA-VDCA Cricket Stadium	Sunrisers Hyderabad	Rising Pune Supergiants	Matches=1	Wins=1	Losses=0	Win%=100.00	TossWins=1	TossLosses=0	TossWinMatchWins=1	TossWinMatchLosses=0	TossConversion%=100.00	BatFirst=1	BatFirstWins=1	BatFirstWin%=100.00	FieldFirst=0	FieldFirstWins=0	FieldFirstWin%=0.00
Dr. Y.S. Rajasekhara Reddy ACA-VDCA Cricket Stadium, Visakhapatnam	Chennai Super Kings	Delhi Capitals	Matches=1	Wins=0	Losses=1	Win%=0.00	TossWins=0	TossLosses=1	TossWinMatchWins=0	TossWinMatchLosses=0	TossConversion%=0.00	BatFirst=0	BatFirstWins=0	BatFirstWin%=0.00	FieldFirst=0	FieldFirstWins=0	FieldFirstWin%=0.00
Dr. Y.S. Rajasekhara Reddy ACA-VDCA Cricket Stadium, Visakhapatnam	Delhi Capitals	Chennai Super Kings	Matches=1	Wins=1	Losses=0	Win%=100.00	TossWins=1	TossLosses=0	TossWinMatchWins=1	TossWinMatchLosses=0	TossConversion%=100.00	BatFirst=1	BatFirstWins=1	BatFirstWin%=100.00	FieldFirst=0	FieldFirstWins=0	FieldFirstWin%=0.00
Dr. Y.S. Rajasekhara Reddy ACA-VDCA Cricket Stadium, Visakhapatnam	Delhi Capitals	Kolkata Knight Riders	Matches=1	Wins=0	Losses=1	Win%=0.00	TossWins=0	TossLosses=1	TossWinMatchWins=0	TossWinMatchLosses=0	TossConversion%=0.00	BatFirst=0	BatFirstWins=0	BatFirstWin%=0.00	FieldFirst=0	FieldFirstWins=0	FieldFirstWin%=0.00
Dr. Y.S. Rajasekhara Reddy ACA-VDCA Cricket Stadium, Visakhapatnam	Kolkata Knight Riders	Delhi Capitals	Matches=1	Wins=1	Losses=0	Win%=100.00	TossWins=1	TossLosses=0	TossWinMatchWins=1	TossWinMatchLosses=0	TossConversion%=100.00	BatFirst=1	BatFirstWins=1	BatFirstWin%=100.00	FieldFirst=0	FieldFirstWins=0	FieldFirstWin%=0.00
Dubai International Cricket Stadium	Chennai Super Kings	Delhi Capitals	Matches=3	Wins=1	Losses=2	Win%=33.33	TossWins=2	TossLosses=1	TossWinMatchWins=1	TossWinMatchLosses=1	TossConversion%=50.00	BatFirst=0	BatFirstWins=0	BatFirstWin%=0.00	FieldFirst=2	FieldFirstWins=1	FieldFirstWin%=50.00
Dubai International Cricket Stadium	Chennai Super Kings	Kolkata Knight Riders	Matches=2	Wins=2	Losses=0	Win%=100.00	TossWins=1	TossLosses=1	TossWinMatchWins=1	TossWinMatchLosses=0	TossConversion%=100.00	BatFirst=0	BatFirstWins=0	BatFirstWin%=0.00	FieldFirst=1	FieldFirstWins=1	FieldFirstWin%=100.00
Dubai International Cricket Stadium	Chennai Super Kings	Mumbai Indians	Matches=2	Wins=2	Losses=0	Win%=100.00	TossWins=1	TossLosses=1	TossWinMatchWins=1	TossWinMatchLosses=0	TossConversion%=100.00	BatFirst=1	BatFirstWins=1	BatFirstWin%=100.00	FieldFirst=0	FieldFirstWins=0	FieldFirstWin%=0.00
Dubai International Cricket Stadium	Chennai Super Kings	Punjab Kings	Matches=2	Wins=1	Losses=1	Win%=50.00	TossWins=0	TossLosses=2	TossWinMatchWins=0	TossWinMatchLosses=0	TossConversion%=0.00	BatFirst=0	BatFirstWins=0	BatFirstWin%=0.00	FieldFirst=0	FieldFirstWins=0	FieldFirstWin%=0.00
Dubai International Cricket Stadium	Chennai Super Kings	Rajasthan Royals	Matches=1	Wins=1	Losses=0	Win%=100.00	TossWins=0	TossLosses=1	TossWinMatchWins=0	TossWinMatchLosses=0	TossConversion%=0.00	BatFirst=0	BatFirstWins=0	BatFirstWin%=0.00	FieldFirst=0	FieldFirstWins=0	FieldFirstWin%=0.00
Dubai International Cricket Stadium	Chennai Super Kings	Royal Challengers Bengaluru	Matches=2	Wins=1	Losses=1	Win%=50.00	TossWins=0	TossLosses=2	TossWinMatchWins=0	TossWinMatchLosses=0	TossConversion%=0.00	BatFirst=0	BatFirstWins=0	BatFirstWin%=0.00	FieldFirst=0	FieldFirstWins=0	FieldFirstWin%=0.00
Dubai International Cricket Stadium	Chennai Super Kings	Sunrisers Hyderabad	Matches=2	Wins=1	Losses=1	Win%=50.00	TossWins=1	TossLosses=1	TossWinMatchWins=1	TossWinMatchLosses=0	TossConversion%=100.00	BatFirst=1	BatFirstWins=1	BatFirstWin%=100.00	FieldFirst=0	FieldFirstWins=0	FieldFirstWin%=0.00
Dubai International Cricket Stadium	Delhi Capitals	Chennai Super Kings	Matches=3	Wins=2	Losses=1	Win%=66.67	TossWins=1	TossLosses=2	TossWinMatchWins=1	TossWinMatchLosses=0	TossConversion%=100.00	BatFirst=0	BatFirstWins=0	BatFirstWin%=0.00	FieldFirst=1	FieldFirstWins=1	FieldFirstWin%=100.00
Dubai International Cricket Stadium	Delhi Capitals	Kolkata Knight Riders	Matches=1	Wins=1	Losses=0	Win%=100.00	TossWins=0	TossLosses=1	TossWinMatchWins=0	TossWinMatchLosses=0	TossConversion%=0.00	BatFirst=0	BatFirstWins=0	BatFirstWin%=0.00	FieldFirst=0	FieldFirstWins=0	FieldFirstWin%=0.00
Dubai International Cricket Stadium	Delhi Capitals	Mumbai Indians	Matches=3	Wins=0	Losses=3	Win%=0.00	TossWins=2	TossLosses=1	TossWinMatchWins=0	TossWinMatchLosses=2	TossConversion%=0.00	BatFirst=1	BatFirstWins=0	BatFirstWin%=0.00	FieldFirst=1	FieldFirstWins=0	FieldFirstWin%=0.00
Dubai International Cricket Stadium	Delhi Capitals	Punjab Kings	Matches=2	Wins=1	Losses=1	Win%=50.00	TossWins=1	TossLosses=1	TossWinMatchWins=0	TossWinMatchLosses=1	TossConversion%=0.00	BatFirst=1	BatFirstWins=0	BatFirstWin%=0.00	FieldFirst=0	FieldFirstWins=0	FieldFirstWin%=0.00
Dubai International Cricket Stadium	Delhi Capitals	Rajasthan Royals	Matches=1	Wins=1	Losses=0	Win%=100.00	TossWins=1	TossLosses=0	TossWinMatchWins=1	TossWinMatchLosses=0	TossConversion%=100.00	BatFirst=1	BatFirstWins=1	BatFirstWin%=100.00	FieldFirst=0	FieldFirstWins=0	FieldFirstWin%=0.00
Dubai International Cricket Stadium	Delhi Capitals	Royal Challengers Bengaluru	Matches=2	Wins=1	Losses=1	Win%=50.00	TossWins=0	TossLosses=2	TossWinMatchWins=0	TossWinMatchLosses=0	TossConversion%=0.00	BatFirst=0	BatFirstWins=0	BatFirstWin%=0.00	FieldFirst=0	FieldFirstWins=0	FieldFirstWin%=0.00
Dubai International Cricket Stadium	Delhi Capitals	Sunrisers Hyderabad	Matches=3	Wins=1	Losses=2	Win%=33.33	TossWins=1	TossLosses=2	TossWinMatchWins=0	TossWinMatchLosses=1	TossConversion%=0.00	BatFirst=0	BatFirstWins=0	BatFirstWin%=0.00	FieldFirst=1	FieldFirstWins=0	FieldFirstWin%=0.00
Dubai International Cricket Stadium	Kolkata Knight Riders	Chennai Super Kings	Matches=2	Wins=0	Losses=2	Win%=0.00	TossWins=1	TossLosses=1	TossWinMatchWins=0	TossWinMatchLosses=1	TossConversion%=0.00	BatFirst=0	BatFirstWins=0	BatFirstWin%=0.00	FieldFirst=1	FieldFirstWins=0	FieldFirstWin%=0.00
Dubai International Cricket Stadium	Kolkata Knight Riders	Delhi Capitals	Matches=1	Wins=0	Losses=1	Win%=0.00	TossWins=1	TossLosses=0	TossWinMatchWins=0	TossWinMatchLosses=1	TossConversion%=0.00	BatFirst=1	BatFirstWins=0	BatFirstWin%=0.00	FieldFirst=0	FieldFirstWins=0	FieldFirstWin%=0.00
Dubai International Cricket Stadium	Kolkata Knight Riders	Punjab Kings	Matches=1	Wins=0	Losses=1	Win%=0.00	TossWins=0	TossLosses=1	TossWinMatchWins=0	TossWinMatchLosses=0	TossConversion%=0.00	BatFirst=0	BatFirstWins=0	BatFirstWin%=0.00	FieldFirst=0	FieldFirstWins=0	FieldFirstWin%=0.00
Dubai International Cricket Stadium	Kolkata Knight Riders	Rajasthan Royals	Matches=2	Wins=2	Losses=0	Win%=100.00	TossWins=0	TossLosses=2	TossWinMatchWins=0	TossWinMatchLosses=0	TossConversion%=0.00	BatFirst=0	BatFirstWins=0	BatFirstWin%=0.00	FieldFirst=0	FieldFirstWins=0	FieldFirstWin%=0.00
Dubai International Cricket Stadium	Kolkata Knight Riders	Sunrisers Hyderabad	Matches=1	Wins=1	Losses=0	Win%=100.00	TossWins=0	TossLosses=1	TossWinMatchWins=0	TossWinMatchLosses=0	TossConversion%=0.00	BatFirst=0	BatFirstWins=0	BatFirstWin%=0.00	FieldFirst=0	FieldFirstWins=0	FieldFirstWin%=0.00
Dubai International Cricket Stadium	Mumbai Indians	Chennai Super Kings	Matches=2	Wins=0	Losses=2	Win%=0.00	TossWins=1	TossLosses=1	TossWinMatchWins=0	TossWinMatchLosses=1	TossConversion%=0.00	BatFirst=1	BatFirstWins=0	BatFirstWin%=0.00	FieldFirst=0	FieldFirstWins=0	FieldFirstWin%=0.00
Dubai International Cricket Stadium	Mumbai Indians	Delhi Capitals	Matches=3	Wins=3	Losses=0	Win%=100.00	TossWins=1	TossLosses=2	TossWinMatchWins=1	TossWinMatchLosses=0	TossConversion%=100.00	BatFirst=0	BatFirstWins=0	BatFirstWin%=0.00	FieldFirst=1	FieldFirstWins=1	FieldFirstWin%=100.00
Dubai International Cricket Stadium	Mumbai Indians	Punjab Kings	Matches=1	Wins=0	Losses=1	Win%=0.00	TossWins=1	TossLosses=0	TossWinMatchWins=0	TossWinMatchLosses=1	TossConversion%=0.00	BatFirst=1	BatFirstWins=0	BatFirstWin%=0.00	FieldFirst=0	FieldFirstWins=0	FieldFirstWin%=0.00
Dubai International Cricket Stadium	Mumbai Indians	Royal Challengers Bengaluru	Matches=3	Wins=0	Losses=3	Win%=0.00	TossWins=2	TossLosses=1	TossWinMatchWins=0	TossWinMatchLosses=2	TossConversion%=0.00	BatFirst=0	BatFirstWins=0	BatFirstWin%=0.00	FieldFirst=2	FieldFirstWins=0	FieldFirstWin%=0.00
Dubai International Cricket Stadium	Mumbai Indians	Sunrisers Hyderabad	Matches=1	Wins=0	Losses=1	Win%=0.00	TossWins=1	TossLosses=0	TossWinMatchWins=0	TossWinMatchLosses=1	TossConversion%=0.00	BatFirst=0	BatFirstWins=0	BatFirstWin%=0.00	FieldFirst=1	FieldFirstWins=0	FieldFirstWin%=0.00
Dubai International Cricket Stadium	Punjab Kings	Chennai Super Kings	Matches=2	Wins=1	Losses=1	Win%=50.00	TossWins=2	TossLosses=0	TossWinMatchWins=1	TossWinMatchLosses=1	TossConversion%=50.00	BatFirst=1	BatFirstWins=0	BatFirstWin%=0.00	FieldFirst=1	FieldFirstWins=1	FieldFirstWin%=100.00
Dubai International Cricket Stadium	Punjab Kings	Delhi Capitals	Matches=2	Wins=1	Losses=1	Win%=50.00	TossWins=1	TossLosses=1	TossWinMatchWins=0	TossWinMatchLosses=1	TossConversion%=0.00	BatFirst=0	BatFirstWins=0	BatFirstWin%=0.00	FieldFirst=1	FieldFirstWins=0	FieldFirstWin%=0.00
Dubai International Cricket Stadium	Punjab Kings	Kolkata Knight Riders	Matches=1	Wins=1	Losses=0	Win%=100.00	TossWins=1	TossLosses=0	TossWinMatchWins=1	TossWinMatchLosses=0	TossConversion%=100.00	BatFirst=0	BatFirstWins=0	BatFirstWin%=0.00	FieldFirst=1	FieldFirstWins=1	FieldFirstWin%=100.00
Dubai International Cricket Stadium	Punjab Kings	Mumbai Indians	Matches=1	Wins=1	Losses=0	Win%=100.00	TossWins=0	TossLosses=1	TossWinMatchWins=0	TossWinMatchLosses=0	TossConversion%=0.00	BatFirst=0	BatFirstWins=0	BatFirstWin%=0.00	FieldFirst=0	FieldFirstWins=0	FieldFirstWin%=0.00
Dubai International Cricket Stadium	Punjab Kings	Rajasthan Royals	Matches=1	Wins=0	Losses=1	Win%=0.00	TossWins=1	TossLosses=0	TossWinMatchWins=0	TossWinMatchLosses=1	TossConversion%=0.00	BatFirst=0	BatFirstWins=0	BatFirstWin%=0.00	FieldFirst=1	FieldFirstWins=0	FieldFirstWin%=0.00
Dubai International Cricket Stadium	Punjab Kings	Royal Challengers Bengaluru	Matches=2	Wins=2	Losses=0	Win%=100.00	TossWins=1	TossLosses=1	TossWinMatchWins=1	TossWinMatchLosses=0	TossConversion%=100.00	BatFirst=0	BatFirstWins=0	BatFirstWin%=0.00	FieldFirst=1	FieldFirstWins=1	FieldFirstWin%=100.00
Dubai International Cricket Stadium	Punjab Kings	Sunrisers Hyderabad	Matches=2	Wins=1	Losses=1	Win%=50.00	TossWins=0	TossLosses=2	TossWinMatchWins=0	TossWinMatchLosses=0	TossConversion%=0.00	BatFirst=0	BatFirstWins=0	BatFirstWin%=0.00	FieldFirst=0	FieldFirstWins=0	FieldFirstWin%=0.00
Dubai International Cricket Stadium	Rajasthan Royals	Chennai Super Kings	Matches=1	Wins=0	Losses=1	Win%=0.00	TossWins=1	TossLosses=0	TossWinMatchWins=0	TossWinMatchLosses=1	TossConversion%=0.00	BatFirst=0	BatFirstWins=0	BatFirstWin%=0.00	FieldFirst=1	FieldFirstWins=0	FieldFirstWin%=0.00
Dubai International Cricket Stadium	Rajasthan Royals	Delhi Capitals	Matches=1	Wins=0	Losses=1	Win%=0.00	TossWins=0	TossLosses=1	TossWinMatchWins=0	TossWinMatchLosses=0	TossConversion%=0.00	BatFirst=0	BatFirstWins=0	BatFirstWin%=0.00	FieldFirst=0	FieldFirstWins=0	FieldFirstWin%=0.00
Dubai International Cricket Stadium	Rajasthan Royals	Kolkata Knight Riders	Matches=2	Wins=0	Losses=2	Win%=0.00	TossWins=2	TossLosses=0	TossWinMatchWins=0	TossWinMatchLosses=2	TossConversion%=0.00	BatFirst=0	BatFirstWins=0	BatFirstWin%=0.00	FieldFirst=2	FieldFirstWins=0	FieldFirstWin%=0.00
Dubai International Cricket Stadium	Rajasthan Royals	Punjab Kings	Matches=1	Wins=1	Losses=0	Win%=100.00	TossWins=0	TossLosses=1	TossWinMatchWins=0	TossWinMatchLosses=0	TossConversion%=0.00	BatFirst=0	BatFirstWins=0	BatFirstWin%=0.00	FieldFirst=0	FieldFirstWins=0	FieldFirstWin%=0.00
Dubai International Cricket Stadium	Rajasthan Royals	Royal Challengers Bengaluru	Matches=2	Wins=0	Losses=2	Win%=0.00	TossWins=1	TossLosses=1	TossWinMatchWins=0	TossWinMatchLosses=1	TossConversion%=0.00	BatFirst=1	BatFirstWins=0	BatFirstWin%=0.00	FieldFirst=0	FieldFirstWins=0	FieldFirstWin%=0.00
Dubai International Cricket Stadium	Rajasthan Royals	Sunrisers Hyderabad	Matches=3	Wins=1	Losses=2	Win%=33.33	TossWins=1	TossLosses=2	TossWinMatchWins=0	TossWinMatchLosses=1	TossConversion%=0.00	BatFirst=1	BatFirstWins=0	BatFirstWin%=0.00	FieldFirst=0	FieldFirstWins=0	FieldFirstWin%=0.00
Dubai International Cricket Stadium	Royal Challengers Bengaluru	Chennai Super Kings	Matches=2	Wins=1	Losses=1	Win%=50.00	TossWins=2	TossLosses=0	TossWinMatchWins=1	TossWinMatchLosses=1	TossConversion%=50.00	BatFirst=2	BatFirstWins=1	BatFirstWin%=50.00	FieldFirst=0	FieldFirstWins=0	FieldFirstWin%=0.00
Dubai International Cricket Stadium	Royal Challengers Bengaluru	Delhi Capitals	Matches=2	Wins=1	Losses=1	Win%=50.00	TossWins=2	TossLosses=0	TossWinMatchWins=1	TossWinMatchLosses=1	TossConversion%=50.00	BatFirst=0	BatFirstWins=0	BatFirstWin%=0.00	FieldFirst=2	FieldFirstWins=1	FieldFirstWin%=50.00
Dubai International Cricket Stadium	Royal Challengers Bengaluru	Mumbai Indians	Matches=3	Wins=3	Losses=0	Win%=100.00	TossWins=1	TossLosses=2	TossWinMatchWins=1	TossWinMatchLosses=0	TossConversion%=100.00	BatFirst=0	BatFirstWins=0	BatFirstWin%=0.00	FieldFirst=1	FieldFirstWins=1	FieldFirstWin%=100.00
Dubai International Cricket Stadium	Royal Challengers Bengaluru	Punjab Kings	Matches=2	Wins=0	Losses=2	Win%=0.00	TossWins=1	TossLosses=1	TossWinMatchWins=0	TossWinMatchLosses=1	TossConversion%=0.00	BatFirst=0	BatFirstWins=0	BatFirstWin%=0.00	FieldFirst=1	FieldFirstWins=0	FieldFirstWin%=0.00
Dubai International Cricket Stadium	Royal Challengers Bengaluru	Rajasthan Royals	Matches=2	Wins=2	Losses=0	Win%=100.00	TossWins=1	TossLosses=1	TossWinMatchWins=1	TossWinMatchLosses=0	TossConversion%=100.00	BatFirst=0	BatFirstWins=0	BatFirstWin%=0.00	FieldFirst=1	FieldFirstWins=1	FieldFirstWin%=100.00
Dubai International Cricket Stadium	Royal Challengers Bengaluru	Sunrisers Hyderabad	Matches=1	Wins=1	Losses=0	Win%=100.00	TossWins=0	TossLosses=1	TossWinMatchWins=0	TossWinMatchLosses=0	TossConversion%=0.00	BatFirst=0	BatFirstWins=0	BatFirstWin%=0.00	FieldFirst=0	FieldFirstWins=0	FieldFirstWin%=0.00
Dubai International Cricket Stadium	Sunrisers Hyderabad	Chennai Super Kings	Matches=2	Wins=1	Losses=1	Win%=50.00	TossWins=1	TossLosses=1	TossWinMatchWins=1	TossWinMatchLosses=0	TossConversion%=100.00	BatFirst=1	BatFirstWins=1	BatFirstWin%=100.00	FieldFirst=0	FieldFirstWins=0	FieldFirstWin%=0.00
Dubai International Cricket Stadium	Sunrisers Hyderabad	Delhi Capitals	Matches=3	Wins=2	Losses=1	Win%=66.67	TossWins=2	TossLosses=1	TossWinMatchWins=1	TossWinMatchLosses=1	TossConversion%=50.00	BatFirst=2	BatFirstWins=1	BatFirstWin%=50.00	FieldFirst=0	FieldFirstWins=0	FieldFirstWin%=0.00
Dubai International Cricket Stadium	Sunrisers Hyderabad	Kolkata Knight Riders	Matches=1	Wins=0	Losses=1	Win%=0.00	TossWins=1	TossLosses=0	TossWinMatchWins=0	TossWinMatchLosses=1	TossConversion%=0.00	BatFirst=1	BatFirstWins=0	BatFirstWin%=0.00	FieldFirst=0	FieldFirstWins=0	FieldFirstWin%=0.00
Dubai International Cricket Stadium	Sunrisers Hyderabad	Mumbai Indians	Matches=1	Wins=1	Losses=0	Win%=100.00	TossWins=0	TossLosses=1	TossWinMatchWins=0	TossWinMatchLosses=0	TossConversion%=0.00	BatFirst=0	BatFirstWins=0	BatFirstWin%=0.00	FieldFirst=0	FieldFirstWins=0	FieldFirstWin%=0.00
Dubai International Cricket Stadium	Sunrisers Hyderabad	Punjab Kings	Matches=2	Wins=1	Losses=1	Win%=50.00	TossWins=2	TossLosses=0	TossWinMatchWins=1	TossWinMatchLosses=1	TossConversion%=50.00	BatFirst=1	BatFirstWins=1	BatFirstWin%=100.00	FieldFirst=1	FieldFirstWins=0	FieldFirstWin%=0.00
Dubai International Cricket Stadium	Sunrisers Hyderabad	Rajasthan Royals	Matches=3	Wins=2	Losses=1	Win%=66.67	TossWins=2	TossLosses=1	TossWinMatchWins=1	TossWinMatchLosses=1	TossConversion%=50.00	BatFirst=1	BatFirstWins=0	BatFirstWin%=0.00	FieldFirst=1	FieldFirstWins=1	FieldFirstWin%=100.00
Dubai International Cricket Stadium	Sunrisers Hyderabad	Royal Challengers Bengaluru	Matches=1	Wins=0	Losses=1	Win%=0.00	TossWins=1	TossLosses=0	TossWinMatchWins=0	TossWinMatchLosses=1	TossConversion%=0.00	BatFirst=0	BatFirstWins=0	BatFirstWin%=0.00	FieldFirst=1	FieldFirstWins=0	FieldFirstWin%=0.00
Eden Gardens	Chennai Super Kings	Kolkata Knight Riders	Matches=9	Wins=5	Losses=4	Win%=55.56	TossWins=4	TossLosses=5	TossWinMatchWins=3	TossWinMatchLosses=1	TossConversion%=75.00	BatFirst=2	BatFirstWins=1	BatFirstWin%=50.00	FieldFirst=2	FieldFirstWins=2	FieldFirstWin%=100.00
Eden Gardens	Chennai Super Kings	Mumbai Indians	Matches=2	Wins=0	Losses=2	Win%=0.00	TossWins=1	TossLosses=1	TossWinMatchWins=0	TossWinMatchLosses=1	TossConversion%=0.00	BatFirst=0	BatFirstWins=0	BatFirstWin%=0.00	FieldFirst=1	FieldFirstWins=0	FieldFirstWin%=0.00
Eden Gardens	Deccan Chargers	Kolkata Knight Riders	Matches=3	Wins=0	Losses=3	Win%=0.00	TossWins=1	TossLosses=2	TossWinMatchWins=0	TossWinMatchLosses=1	TossConversion%=0.00	BatFirst=1	BatFirstWins=0	BatFirstWin%=0.00	FieldFirst=0	FieldFirstWins=0	FieldFirstWin%=0.00
Eden Gardens	Delhi Capitals	Kolkata Knight Riders	Matches=9	Wins=2	Losses=7	Win%=22.22	TossWins=3	TossLosses=6	TossWinMatchWins=2	TossWinMatchLosses=1	TossConversion%=66.67	BatFirst=0	BatFirstWins=0	BatFirstWin%=0.00	FieldFirst=3	FieldFirstWins=2	FieldFirstWin%=66.67
Eden Gardens	Gujarat Lions	Kolkata Knight Riders	Matches=2	Wins=2	Losses=0	Win%=100.00	TossWins=2	TossLosses=0	TossWinMatchWins=2	TossWinMatchLosses=0	TossConversion%=100.00	BatFirst=0	BatFirstWins=0	BatFirstWin%=0.00	FieldFirst=2	FieldFirstWins=2	FieldFirstWin%=100.00
Eden Gardens	Kochi Tuskers Kerala	Kolkata Knight Riders	Matches=1	Wins=1	Losses=0	Win%=100.00	TossWins=0	TossLosses=1	TossWinMatchWins=0	TossWinMatchLosses=0	TossConversion%=0.00	BatFirst=0	BatFirstWins=0	BatFirstWin%=0.00	FieldFirst=0	FieldFirstWins=0	FieldFirstWin%=0.00
Eden Gardens	Kolkata Knight Riders	Chennai Super Kings	Matches=9	Wins=4	Losses=5	Win%=44.44	TossWins=5	TossLosses=4	TossWinMatchWins=3	TossWinMatchLosses=2	TossConversion%=60.00	BatFirst=2	BatFirstWins=0	BatFirstWin%=0.00	FieldFirst=3	FieldFirstWins=3	FieldFirstWin%=100.00
Eden Gardens	Kolkata Knight Riders	Deccan Chargers	Matches=3	Wins=3	Losses=0	Win%=100.00	TossWins=2	TossLosses=1	TossWinMatchWins=2	TossWinMatchLosses=0	TossConversion%=100.00	BatFirst=2	BatFirstWins=2	BatFirstWin%=100.00	FieldFirst=0	FieldFirstWins=0	FieldFirstWin%=0.00
Eden Gardens	Kolkata Knight Riders	Delhi Capitals	Matches=9	Wins=7	Losses=2	Win%=77.78	TossWins=6	TossLosses=3	TossWinMatchWins=6	TossWinMatchLosses=0	TossConversion%=100.00	BatFirst=3	BatFirstWins=3	BatFirstWin%=100.00	FieldFirst=3	FieldFirstWins=3	FieldFirstWin%=100.00
Eden Gardens	Kolkata Knight Riders	Gujarat Lions	Matches=2	Wins=0	Losses=2	Win%=0.00	TossWins=0	TossLosses=2	TossWinMatchWins=0	TossWinMatchLosses=0	TossConversion%=0.00	BatFirst=0	BatFirstWins=0	BatFirstWin%=0.00	FieldFirst=0	FieldFirstWins=0	FieldFirstWin%=0.00
Eden Gardens	Kolkata Knight Riders	Kochi Tuskers Kerala	Matches=1	Wins=0	Losses=1	Win%=0.00	TossWins=1	TossLosses=0	TossWinMatchWins=0	TossWinMatchLosses=1	TossConversion%=0.00	BatFirst=0	BatFirstWins=0	BatFirstWin%=0.00	FieldFirst=1	FieldFirstWins=0	FieldFirstWin%=0.00
Eden Gardens	Kolkata Knight Riders	Mumbai Indians	Matches=10	Wins=3	Losses=7	Win%=30.00	TossWins=5	TossLosses=5	TossWinMatchWins=1	TossWinMatchLosses=4	TossConversion%=20.00	BatFirst=2	BatFirstWins=0	BatFirstWin%=0.00	FieldFirst=3	FieldFirstWins=1	FieldFirstWin%=33.33
Eden Gardens	Kolkata Knight Riders	Pune Warriors	Matches=1	Wins=1	Losses=0	Win%=100.00	TossWins=1	TossLosses=0	TossWinMatchWins=1	TossWinMatchLosses=0	TossConversion%=100.00	BatFirst=1	BatFirstWins=1	BatFirstWin%=100.00	FieldFirst=0	FieldFirstWins=0	FieldFirstWin%=0.00
Eden Gardens	Kolkata Knight Riders	Punjab Kings	Matches=11	Wins=8	Losses=3	Win%=72.73	TossWins=4	TossLosses=7	TossWinMatchWins=2	TossWinMatchLosses=2	TossConversion%=50.00	BatFirst=1	BatFirstWins=0	BatFirstWin%=0.00	FieldFirst=3	FieldFirstWins=2	FieldFirstWin%=66.67
Eden Gardens	Kolkata Knight Riders	Rajasthan Royals	Matches=8	Wins=6	Losses=2	Win%=75.00	TossWins=2	TossLosses=6	TossWinMatchWins=2	TossWinMatchLosses=0	TossConversion%=100.00	BatFirst=0	BatFirstWins=0	BatFirstWin%=0.00	FieldFirst=2	FieldFirstWins=2	FieldFirstWin%=100.00
Eden Gardens	Kolkata Knight Riders	Rising Pune Supergiants	Matches=2	Wins=1	Losses=1	Win%=50.00	TossWins=0	TossLosses=2	TossWinMatchWins=0	TossWinMatchLosses=0	TossConversion%=0.00	BatFirst=0	BatFirstWins=0	BatFirstWin%=0.00	FieldFirst=0	FieldFirstWins=0	FieldFirstWin%=0.00
Eden Gardens	Kolkata Knight Riders	Royal Challengers Bengaluru	Matches=10	Wins=6	Losses=4	Win%=60.00	TossWins=5	TossLosses=5	TossWinMatchWins=4	TossWinMatchLosses=1	TossConversion%=80.00	BatFirst=2	BatFirstWins=2	BatFirstWin%=100.00	FieldFirst=3	FieldFirstWins=2	FieldFirstWin%=66.67
Eden Gardens	Kolkata Knight Riders	Sunrisers Hyderabad	Matches=8	Wins=6	Losses=2	Win%=75.00	TossWins=4	TossLosses=4	TossWinMatchWins=3	TossWinMatchLosses=1	TossConversion%=75.00	BatFirst=1	BatFirstWins=1	BatFirstWin%=100.00	FieldFirst=3	FieldFirstWins=2	FieldFirstWin%=66.67
Eden Gardens	Mumbai Indians	Chennai Super Kings	Matches=2	Wins=2	Losses=0	Win%=100.00	TossWins=1	TossLosses=1	TossWinMatchWins=1	TossWinMatchLosses=0	TossConversion%=100.00	BatFirst=1	BatFirstWins=1	BatFirstWin%=100.00	FieldFirst=0	FieldFirstWins=0	FieldFirstWin%=0.00
Eden Gardens	Mumbai Indians	Kolkata Knight Riders	Matches=10	Wins=7	Losses=3	Win%=70.00	TossWins=5	TossLosses=5	TossWinMatchWins=3	TossWinMatchLosses=2	TossConversion%=60.00	BatFirst=2	BatFirstWins=1	BatFirstWin%=50.00	FieldFirst=3	FieldFirstWins=2	FieldFirstWin%=66.67
Eden Gardens	Mumbai Indians	Rajasthan Royals	Matches=1	Wins=1	Losses=0	Win%=100.00	TossWins=0	TossLosses=1	TossWinMatchWins=0	TossWinMatchLosses=0	TossConversion%=0.00	BatFirst=0	BatFirstWins=0	BatFirstWin%=0.00	FieldFirst=0	FieldFirstWins=0	FieldFirstWin%=0.00
Eden Gardens	Pune Warriors	Kolkata Knight Riders	Matches=1	Wins=0	Losses=1	Win%=0.00	TossWins=0	TossLosses=1	TossWinMatchWins=0	TossWinMatchLosses=0	TossConversion%=0.00	BatFirst=0	BatFirstWins=0	BatFirstWin%=0.00	FieldFirst=0	FieldFirstWins=0	FieldFirstWin%=0.00
Eden Gardens	Punjab Kings	Kolkata Knight Riders	Matches=11	Wins=3	Losses=8	Win%=27.27	TossWins=7	TossLosses=4	TossWinMatchWins=1	TossWinMatchLosses=6	TossConversion%=14.29	BatFirst=3	BatFirstWins=0	BatFirstWin%=0.00	FieldFirst=4	FieldFirstWins=1	FieldFirstWin%=25.00
Eden Gardens	Rajasthan Royals	Kolkata Knight Riders	Matches=8	Wins=2	Losses=6	Win%=25.00	TossWins=6	TossLosses=2	TossWinMatchWins=2	TossWinMatchLosses=4	TossConversion%=33.33	BatFirst=3	BatFirstWins=0	BatFirstWin%=0.00	FieldFirst=3	FieldFirstWins=2	FieldFirstWin%=66.67
Eden Gardens	Rajasthan Royals	Mumbai Indians	Matches=1	Wins=0	Losses=1	Win%=0.00	TossWins=1	TossLosses=0	TossWinMatchWins=0	TossWinMatchLosses=1	TossConversion%=0.00	BatFirst=1	BatFirstWins=0	BatFirstWin%=0.00	FieldFirst=0	FieldFirstWins=0	FieldFirstWin%=0.00
Eden Gardens	Rising Pune Supergiants	Kolkata Knight Riders	Matches=2	Wins=1	Losses=1	Win%=50.00	TossWins=2	TossLosses=0	TossWinMatchWins=1	TossWinMatchLosses=1	TossConversion%=50.00	BatFirst=1	BatFirstWins=0	BatFirstWin%=0.00	FieldFirst=1	FieldFirstWins=1	FieldFirstWin%=100.00
Eden Gardens	Royal Challengers Bengaluru	Kolkata Knight Riders	Matches=10	Wins=4	Losses=6	Win%=40.00	TossWins=5	TossLosses=5	TossWinMatchWins=3	TossWinMatchLosses=2	TossConversion%=60.00	BatFirst=0	BatFirstWins=0	BatFirstWin%=0.00	FieldFirst=5	FieldFirstWins=3	FieldFirstWin%=60.00
Eden Gardens	Sunrisers Hyderabad	Kolkata Knight Riders	Matches=8	Wins=2	Losses=6	Win%=25.00	TossWins=4	TossLosses=4	TossWinMatchWins=1	TossWinMatchLosses=3	TossConversion%=25.00	BatFirst=0	BatFirstWins=0	BatFirstWin%=0.00	FieldFirst=4	FieldFirstWins=1	FieldFirstWin%=25.00
Eden Gardens, Kolkata	Chennai Super Kings	Kolkata Knight Riders	Matches=1	Wins=1	Losses=0	Win%=100.00	TossWins=0	TossLosses=1	TossWinMatchWins=0	TossWinMatchLosses=0	TossConversion%=0.00	BatFirst=0	BatFirstWins=0	BatFirstWin%=0.00	FieldFirst=0	FieldFirstWins=0	FieldFirstWin%=0.00
Eden Gardens, Kolkata	Delhi Capitals	Kolkata Knight Riders	Matches=1	Wins=0	Losses=1	Win%=0.00	TossWins=1	TossLosses=0	TossWinMatchWins=0	TossWinMatchLosses=1	TossConversion%=0.00	BatFirst=1	BatFirstWins=0	BatFirstWin%=0.00	FieldFirst=0	FieldFirstWins=0	FieldFirstWin%=0.00
Eden Gardens, Kolkata	Gujarat Titans	Kolkata Knight Riders	Matches=1	Wins=1	Losses=0	Win%=100.00	TossWins=1	TossLosses=0	TossWinMatchWins=1	TossWinMatchLosses=0	TossConversion%=100.00	BatFirst=0	BatFirstWins=0	BatFirstWin%=0.00	FieldFirst=1	FieldFirstWins=1	FieldFirstWin%=100.00
Eden Gardens, Kolkata	Gujarat Titans	Rajasthan Royals	Matches=1	Wins=1	Losses=0	Win%=100.00	TossWins=1	TossLosses=0	TossWinMatchWins=1	TossWinMatchLosses=0	TossConversion%=100.00	BatFirst=0	BatFirstWins=0	BatFirstWin%=0.00	FieldFirst=1	FieldFirstWins=1	FieldFirstWin%=100.00
Eden Gardens, Kolkata	Kolkata Knight Riders	Chennai Super Kings	Matches=1	Wins=0	Losses=1	Win%=0.00	TossWins=1	TossLosses=0	TossWinMatchWins=0	TossWinMatchLosses=1	TossConversion%=0.00	BatFirst=0	BatFirstWins=0	BatFirstWin%=0.00	FieldFirst=1	FieldFirstWins=0	FieldFirstWin%=0.00
Eden Gardens, Kolkata	Kolkata Knight Riders	Delhi Capitals	Matches=1	Wins=1	Losses=0	Win%=100.00	TossWins=0	TossLosses=1	TossWinMatchWins=0	TossWinMatchLosses=0	TossConversion%=0.00	BatFirst=0	BatFirstWins=0	BatFirstWin%=0.00	FieldFirst=0	FieldFirstWins=0	FieldFirstWin%=0.00
Eden Gardens, Kolkata	Kolkata Knight Riders	Gujarat Titans	Matches=1	Wins=0	Losses=1	Win%=0.00	TossWins=0	TossLosses=1	TossWinMatchWins=0	TossWinMatchLosses=0	TossConversion%=0.00	BatFirst=0	BatFirstWins=0	BatFirstWin%=0.00	FieldFirst=0	FieldFirstWins=0	FieldFirstWin%=0.00
Eden Gardens, Kolkata	Kolkata Knight Riders	Lucknow Super Giants	Matches=2	Wins=1	Losses=1	Win%=50.00	TossWins=2	TossLosses=0	TossWinMatchWins=1	TossWinMatchLosses=1	TossConversion%=50.00	BatFirst=0	BatFirstWins=0	BatFirstWin%=0.00	FieldFirst=2	FieldFirstWins=1	FieldFirstWin%=50.00
Eden Gardens, Kolkata	Kolkata Knight Riders	Mumbai Indians	Matches=1	Wins=1	Losses=0	Win%=100.00	TossWins=0	TossLosses=1	TossWinMatchWins=0	TossWinMatchLosses=0	TossConversion%=0.00	BatFirst=0	BatFirstWins=0	BatFirstWin%=0.00	FieldFirst=0	FieldFirstWins=0	FieldFirstWin%=0.00
Eden Gardens, Kolkata	Kolkata Knight Riders	Punjab Kings	Matches=2	Wins=1	Losses=1	Win%=50.00	TossWins=0	TossLosses=2	TossWinMatchWins=0	TossWinMatchLosses=0	TossConversion%=0.00	BatFirst=0	BatFirstWins=0	BatFirstWin%=0.00	FieldFirst=0	FieldFirstWins=0	FieldFirstWin%=0.00
Eden Gardens, Kolkata	Kolkata Knight Riders	Rajasthan Royals	Matches=2	Wins=0	Losses=2	Win%=0.00	TossWins=0	TossLosses=2	TossWinMatchWins=0	TossWinMatchLosses=0	TossConversion%=0.00	BatFirst=0	BatFirstWins=0	BatFirstWin%=0.00	FieldFirst=0	FieldFirstWins=0	FieldFirstWin%=0.00
Eden Gardens, Kolkata	Kolkata Knight Riders	Royal Challengers Bengaluru	Matches=2	Wins=2	Losses=0	Win%=100.00	TossWins=0	TossLosses=2	TossWinMatchWins=0	TossWinMatchLosses=0	TossConversion%=0.00	BatFirst=0	BatFirstWins=0	BatFirstWin%=0.00	FieldFirst=0	FieldFirstWins=0	FieldFirstWin%=0.00
Eden Gardens, Kolkata	Kolkata Knight Riders	Sunrisers Hyderabad	Matches=2	Wins=1	Losses=1	Win%=50.00	TossWins=1	TossLosses=1	TossWinMatchWins=0	TossWinMatchLosses=1	TossConversion%=0.00	BatFirst=0	BatFirstWins=0	BatFirstWin%=0.00	FieldFirst=1	FieldFirstWins=0	FieldFirstWin%=0.00
Eden Gardens, Kolkata	Lucknow Super Giants	Kolkata Knight Riders	Matches=2	Wins=1	Losses=1	Win%=50.00	TossWins=0	TossLosses=2	TossWinMatchWins=0	TossWinMatchLosses=0	TossConversion%=0.00	BatFirst=0	BatFirstWins=0	BatFirstWin%=0.00	FieldFirst=0	FieldFirstWins=0	FieldFirstWin%=0.00
Eden Gardens, Kolkata	Lucknow Super Giants	Royal Challengers Bengaluru	Matches=1	Wins=0	Losses=1	Win%=0.00	TossWins=1	TossLosses=0	TossWinMatchWins=0	TossWinMatchLosses=1	TossConversion%=0.00	BatFirst=0	BatFirstWins=0	BatFirstWin%=0.00	FieldFirst=1	FieldFirstWins=0	FieldFirstWin%=0.00
Eden Gardens, Kolkata	Mumbai Indians	Kolkata Knight Riders	Matches=1	Wins=0	Losses=1	Win%=0.00	TossWins=1	TossLosses=0	TossWinMatchWins=0	TossWinMatchLosses=1	TossConversion%=0.00	BatFirst=0	BatFirstWins=0	BatFirstWin%=0.00	FieldFirst=1	FieldFirstWins=0	FieldFirstWin%=0.00
Eden Gardens, Kolkata	Punjab Kings	Kolkata Knight Riders	Matches=2	Wins=1	Losses=1	Win%=50.00	TossWins=2	TossLosses=0	TossWinMatchWins=1	TossWinMatchLosses=1	TossConversion%=50.00	BatFirst=1	BatFirstWins=0	BatFirstWin%=0.00	FieldFirst=1	FieldFirstWins=1	FieldFirstWin%=100.00
Eden Gardens, Kolkata	Rajasthan Royals	Gujarat Titans	Matches=1	Wins=0	Losses=1	Win%=0.00	TossWins=0	TossLosses=1	TossWinMatchWins=0	TossWinMatchLosses=0	TossConversion%=0.00	BatFirst=0	BatFirstWins=0	BatFirstWin%=0.00	FieldFirst=0	FieldFirstWins=0	FieldFirstWin%=0.00
Eden Gardens, Kolkata	Rajasthan Royals	Kolkata Knight Riders	Matches=2	Wins=2	Losses=0	Win%=100.00	TossWins=2	TossLosses=0	TossWinMatchWins=2	TossWinMatchLosses=0	TossConversion%=100.00	BatFirst=0	BatFirstWins=0	BatFirstWin%=0.00	FieldFirst=2	FieldFirstWins=2	FieldFirstWin%=100.00
Eden Gardens, Kolkata	Royal Challengers Bengaluru	Kolkata Knight Riders	Matches=2	Wins=0	Losses=2	Win%=0.00	TossWins=2	TossLosses=0	TossWinMatchWins=0	TossWinMatchLosses=2	TossConversion%=0.00	BatFirst=0	BatFirstWins=0	BatFirstWin%=0.00	FieldFirst=2	FieldFirstWins=0	FieldFirstWin%=0.00
Eden Gardens, Kolkata	Royal Challengers Bengaluru	Lucknow Super Giants	Matches=1	Wins=1	Losses=0	Win%=100.00	TossWins=0	TossLosses=1	TossWinMatchWins=0	TossWinMatchLosses=0	TossConversion%=0.00	BatFirst=0	BatFirstWins=0	BatFirstWin%=0.00	FieldFirst=0	FieldFirstWins=0	FieldFirstWin%=0.00
Eden Gardens, Kolkata	Sunrisers Hyderabad	Kolkata Knight Riders	Matches=2	Wins=1	Losses=1	Win%=50.00	TossWins=1	TossLosses=1	TossWinMatchWins=0	TossWinMatchLosses=1	TossConversion%=0.00	BatFirst=0	BatFirstWins=0	BatFirstWin%=0.00	FieldFirst=1	FieldFirstWins=0	FieldFirstWin%=0.00
Feroz Shah Kotla	Chennai Super Kings	Delhi Capitals	Matches=5	Wins=4	Losses=1	Win%=80.00	TossWins=3	TossLosses=2	TossWinMatchWins=3	TossWinMatchLosses=0	TossConversion%=100.00	BatFirst=1	BatFirstWins=1	BatFirstWin%=100.00	FieldFirst=2	FieldFirstWins=2	FieldFirstWin%=100.00
Feroz Shah Kotla	Chennai Super Kings	Mumbai Indians	Matches=1	Wins=1	Losses=0	Win%=100.00	TossWins=1	TossLosses=0	TossWinMatchWins=1	TossWinMatchLosses=0	TossConversion%=100.00	BatFirst=1	BatFirstWins=1	BatFirstWin%=100.00	FieldFirst=0	FieldFirstWins=0	FieldFirstWin%=0.00
Feroz Shah Kotla	Deccan Chargers	Delhi Capitals	Matches=4	Wins=2	Losses=2	Win%=50.00	TossWins=4	TossLosses=0	TossWinMatchWins=2	TossWinMatchLosses=2	TossConversion%=50.00	BatFirst=3	BatFirstWins=2	BatFirstWin%=66.67	FieldFirst=1	FieldFirstWins=0	FieldFirstWin%=0.00
Feroz Shah Kotla	Delhi Capitals	Chennai Super Kings	Matches=5	Wins=1	Losses=4	Win%=20.00	TossWins=2	TossLosses=3	TossWinMatchWins=1	TossWinMatchLosses=1	TossConversion%=50.00	BatFirst=1	BatFirstWins=0	BatFirstWin%=0.00	FieldFirst=1	FieldFirstWins=1	FieldFirstWin%=100.00
Feroz Shah Kotla	Delhi Capitals	Deccan Chargers	Matches=4	Wins=2	Losses=2	Win%=50.00	TossWins=0	TossLosses=4	TossWinMatchWins=0	TossWinMatchLosses=0	TossConversion%=0.00	BatFirst=0	BatFirstWins=0	BatFirstWin%=0.00	FieldFirst=0	FieldFirstWins=0	FieldFirstWin%=0.00
Feroz Shah Kotla	Delhi Capitals	Gujarat Lions	Matches=2	Wins=1	Losses=1	Win%=50.00	TossWins=2	TossLosses=0	TossWinMatchWins=1	TossWinMatchLosses=1	TossConversion%=50.00	BatFirst=0	BatFirstWins=0	BatFirstWin%=0.00	FieldFirst=2	FieldFirstWins=1	FieldFirstWin%=50.00
Feroz Shah Kotla	Delhi Capitals	Kochi Tuskers Kerala	Matches=1	Wins=0	Losses=1	Win%=0.00	TossWins=0	TossLosses=1	TossWinMatchWins=0	TossWinMatchLosses=0	TossConversion%=0.00	BatFirst=0	BatFirstWins=0	BatFirstWin%=0.00	FieldFirst=0	FieldFirstWins=0	FieldFirstWin%=0.00
Feroz Shah Kotla	Delhi Capitals	Kolkata Knight Riders	Matches=7	Wins=2	Losses=5	Win%=28.57	TossWins=5	TossLosses=2	TossWinMatchWins=1	TossWinMatchLosses=4	TossConversion%=20.00	BatFirst=4	BatFirstWins=1	BatFirstWin%=25.00	FieldFirst=1	FieldFirstWins=0	FieldFirstWin%=0.00
Feroz Shah Kotla	Delhi Capitals	Mumbai Indians	Matches=8	Wins=5	Losses=3	Win%=62.50	TossWins=4	TossLosses=4	TossWinMatchWins=1	TossWinMatchLosses=3	TossConversion%=25.00	BatFirst=1	BatFirstWins=0	BatFirstWin%=0.00	FieldFirst=3	FieldFirstWins=1	FieldFirstWin%=33.33
Feroz Shah Kotla	Delhi Capitals	Pune Warriors	Matches=2	Wins=0	Losses=2	Win%=0.00	TossWins=2	TossLosses=0	TossWinMatchWins=0	TossWinMatchLosses=2	TossConversion%=0.00	BatFirst=1	BatFirstWins=0	BatFirstWin%=0.00	FieldFirst=1	FieldFirstWins=0	FieldFirstWin%=0.00
Feroz Shah Kotla	Delhi Capitals	Punjab Kings	Matches=9	Wins=5	Losses=4	Win%=55.56	TossWins=5	TossLosses=4	TossWinMatchWins=3	TossWinMatchLosses=2	TossConversion%=60.00	BatFirst=3	BatFirstWins=1	BatFirstWin%=33.33	FieldFirst=2	FieldFirstWins=2	FieldFirstWin%=100.00
Feroz Shah Kotla	Delhi Capitals	Rajasthan Royals	Matches=6	Wins=3	Losses=3	Win%=50.00	TossWins=2	TossLosses=4	TossWinMatchWins=2	TossWinMatchLosses=0	TossConversion%=100.00	BatFirst=2	BatFirstWins=2	BatFirstWin%=100.00	FieldFirst=0	FieldFirstWins=0	FieldFirstWin%=0.00
Feroz Shah Kotla	Delhi Capitals	Rising Pune Supergiants	Matches=2	Wins=1	Losses=1	Win%=50.00	TossWins=1	TossLosses=1	TossWinMatchWins=1	TossWinMatchLosses=0	TossConversion%=100.00	BatFirst=1	BatFirstWins=1	BatFirstWin%=100.00	FieldFirst=0	FieldFirstWins=0	FieldFirstWin%=0.00
Feroz Shah Kotla	Delhi Capitals	Royal Challengers Bengaluru	Matches=7	Wins=2	Losses=5	Win%=28.57	TossWins=3	TossLosses=4	TossWinMatchWins=1	TossWinMatchLosses=2	TossConversion%=33.33	BatFirst=1	BatFirstWins=1	BatFirstWin%=100.00	FieldFirst=2	FieldFirstWins=0	FieldFirstWin%=0.00
Feroz Shah Kotla	Delhi Capitals	Sunrisers Hyderabad	Matches=3	Wins=1	Losses=2	Win%=33.33	TossWins=2	TossLosses=1	TossWinMatchWins=1	TossWinMatchLosses=1	TossConversion%=50.00	BatFirst=1	BatFirstWins=0	BatFirstWin%=0.00	FieldFirst=1	FieldFirstWins=1	FieldFirstWin%=100.00
Feroz Shah Kotla	Gujarat Lions	Delhi Capitals	Matches=2	Wins=1	Losses=1	Win%=50.00	TossWins=0	TossLosses=2	TossWinMatchWins=0	TossWinMatchLosses=0	TossConversion%=0.00	BatFirst=0	BatFirstWins=0	BatFirstWin%=0.00	FieldFirst=0	FieldFirstWins=0	FieldFirstWin%=0.00
Feroz Shah Kotla	Gujarat Lions	Sunrisers Hyderabad	Matches=1	Wins=0	Losses=1	Win%=0.00	TossWins=0	TossLosses=1	TossWinMatchWins=0	TossWinMatchLosses=0	TossConversion%=0.00	BatFirst=0	BatFirstWins=0	BatFirstWin%=0.00	FieldFirst=0	FieldFirstWins=0	FieldFirstWin%=0.00
Feroz Shah Kotla	Kochi Tuskers Kerala	Delhi Capitals	Matches=1	Wins=1	Losses=0	Win%=100.00	TossWins=1	TossLosses=0	TossWinMatchWins=1	TossWinMatchLosses=0	TossConversion%=100.00	BatFirst=0	BatFirstWins=0	BatFirstWin%=0.00	FieldFirst=1	FieldFirstWins=1	FieldFirstWin%=100.00
Feroz Shah Kotla	Kolkata Knight Riders	Delhi Capitals	Matches=7	Wins=5	Losses=2	Win%=71.43	TossWins=2	TossLosses=5	TossWinMatchWins=1	TossWinMatchLosses=1	TossConversion%=50.00	BatFirst=0	BatFirstWins=0	BatFirstWin%=0.00	FieldFirst=2	FieldFirstWins=1	FieldFirstWin%=50.00
Feroz Shah Kotla	Kolkata Knight Riders	Sunrisers Hyderabad	Matches=1	Wins=0	Losses=1	Win%=0.00	TossWins=1	TossLosses=0	TossWinMatchWins=0	TossWinMatchLosses=1	TossConversion%=0.00	BatFirst=0	BatFirstWins=0	BatFirstWin%=0.00	FieldFirst=1	FieldFirstWins=0	FieldFirstWin%=0.00
Feroz Shah Kotla	Mumbai Indians	Chennai Super Kings	Matches=1	Wins=0	Losses=1	Win%=0.00	TossWins=0	TossLosses=1	TossWinMatchWins=0	TossWinMatchLosses=0	TossConversion%=0.00	BatFirst=0	BatFirstWins=0	BatFirstWin%=0.00	FieldFirst=0	FieldFirstWins=0	FieldFirstWin%=0.00
Feroz Shah Kotla	Mumbai Indians	Delhi Capitals	Matches=8	Wins=3	Losses=5	Win%=37.50	TossWins=4	TossLosses=4	TossWinMatchWins=0	TossWinMatchLosses=4	TossConversion%=0.00	BatFirst=1	BatFirstWins=0	BatFirstWin%=0.00	FieldFirst=3	FieldFirstWins=0	FieldFirstWin%=0.00
Feroz Shah Kotla	Pune Warriors	Delhi Capitals	Matches=2	Wins=1	Losses=1	Win%=50.00	TossWins=0	TossLosses=2	TossWinMatchWins=0	TossWinMatchLosses=0	TossConversion%=0.00	BatFirst=0	BatFirstWins=0	BatFirstWin%=0.00	FieldFirst=0	FieldFirstWins=0	FieldFirstWin%=0.00
Feroz Shah Kotla	Punjab Kings	Delhi Capitals	Matches=9	Wins=4	Losses=5	Win%=44.44	TossWins=4	TossLosses=5	TossWinMatchWins=2	TossWinMatchLosses=2	TossConversion%=50.00	BatFirst=1	BatFirstWins=0	BatFirstWin%=0.00	FieldFirst=3	FieldFirstWins=2	FieldFirstWin%=66.67
Feroz Shah Kotla	Rajasthan Royals	Delhi Capitals	Matches=6	Wins=3	Losses=3	Win%=50.00	TossWins=4	TossLosses=2	TossWinMatchWins=3	TossWinMatchLosses=1	TossConversion%=75.00	BatFirst=2	BatFirstWins=1	BatFirstWin%=50.00	FieldFirst=2	FieldFirstWins=2	FieldFirstWin%=100.00
Feroz Shah Kotla	Rajasthan Royals	Sunrisers Hyderabad	Matches=1	Wins=1	Losses=0	Win%=100.00	TossWins=0	TossLosses=1	TossWinMatchWins=0	TossWinMatchLosses=0	TossConversion%=0.00	BatFirst=0	BatFirstWins=0	BatFirstWin%=0.00	FieldFirst=0	FieldFirstWins=0	FieldFirstWin%=0.00
Feroz Shah Kotla	Rising Pune Supergiants	Delhi Capitals	Matches=2	Wins=1	Losses=1	Win%=50.00	TossWins=1	TossLosses=1	TossWinMatchWins=1	TossWinMatchLosses=0	TossConversion%=100.00	BatFirst=0	BatFirstWins=0	BatFirstWin%=0.00	FieldFirst=1	FieldFirstWins=1	FieldFirstWin%=100.00
Feroz Shah Kotla	Royal Challengers Bengaluru	Delhi Capitals	Matches=7	Wins=5	Losses=2	Win%=71.43	TossWins=4	TossLosses=3	TossWinMatchWins=3	TossWinMatchLosses=1	TossConversion%=75.00	BatFirst=1	BatFirstWins=1	BatFirstWin%=100.00	FieldFirst=3	FieldFirstWins=2	FieldFirstWin%=66.67
Feroz Shah Kotla	Sunrisers Hyderabad	Delhi Capitals	Matches=3	Wins=2	Losses=1	Win%=66.67	TossWins=1	TossLosses=2	TossWinMatchWins=1	TossWinMatchLosses=0	TossConversion%=100.00	BatFirst=0	BatFirstWins=0	BatFirstWin%=0.00	FieldFirst=1	FieldFirstWins=1	FieldFirstWin%=100.00
Feroz Shah Kotla	Sunrisers Hyderabad	Gujarat Lions	Matches=1	Wins=1	Losses=0	Win%=100.00	TossWins=1	TossLosses=0	TossWinMatchWins=1	TossWinMatchLosses=0	TossConversion%=100.00	BatFirst=0	BatFirstWins=0	BatFirstWin%=0.00	FieldFirst=1	FieldFirstWins=1	FieldFirstWin%=100.00
Feroz Shah Kotla	Sunrisers Hyderabad	Kolkata Knight Riders	Matches=1	Wins=1	Losses=0	Win%=100.00	TossWins=0	TossLosses=1	TossWinMatchWins=0	TossWinMatchLosses=0	TossConversion%=0.00	BatFirst=0	BatFirstWins=0	BatFirstWin%=0.00	FieldFirst=0	FieldFirstWins=0	FieldFirstWin%=0.00
Feroz Shah Kotla	Sunrisers Hyderabad	Rajasthan Royals	Matches=1	Wins=0	Losses=1	Win%=0.00	TossWins=1	TossLosses=0	TossWinMatchWins=0	TossWinMatchLosses=1	TossConversion%=0.00	BatFirst=1	BatFirstWins=0	BatFirstWin%=0.00	FieldFirst=0	FieldFirstWins=0	FieldFirstWin%=0.00
Green Park	Delhi Capitals	Gujarat Lions	Matches=1	Wins=1	Losses=0	Win%=100.00	TossWins=1	TossLosses=0	TossWinMatchWins=1	TossWinMatchLosses=0	TossConversion%=100.00	BatFirst=0	BatFirstWins=0	BatFirstWin%=0.00	FieldFirst=1	FieldFirstWins=1	FieldFirstWin%=100.00
Green Park	Gujarat Lions	Delhi Capitals	Matches=1	Wins=0	Losses=1	Win%=0.00	TossWins=0	TossLosses=1	TossWinMatchWins=0	TossWinMatchLosses=0	TossConversion%=0.00	BatFirst=0	BatFirstWins=0	BatFirstWin%=0.00	FieldFirst=0	FieldFirstWins=0	FieldFirstWin%=0.00
Green Park	Gujarat Lions	Kolkata Knight Riders	Matches=1	Wins=1	Losses=0	Win%=100.00	TossWins=1	TossLosses=0	TossWinMatchWins=1	TossWinMatchLosses=0	TossConversion%=100.00	BatFirst=0	BatFirstWins=0	BatFirstWin%=0.00	FieldFirst=1	FieldFirstWins=1	FieldFirstWin%=100.00
Green Park	Gujarat Lions	Mumbai Indians	Matches=1	Wins=1	Losses=0	Win%=100.00	TossWins=1	TossLosses=0	TossWinMatchWins=1	TossWinMatchLosses=0	TossConversion%=100.00	BatFirst=0	BatFirstWins=0	BatFirstWin%=0.00	FieldFirst=1	FieldFirstWins=1	FieldFirstWin%=100.00
Green Park	Gujarat Lions	Sunrisers Hyderabad	Matches=1	Wins=0	Losses=1	Win%=0.00	TossWins=0	TossLosses=1	TossWinMatchWins=0	TossWinMatchLosses=0	TossConversion%=0.00	BatFirst=0	BatFirstWins=0	BatFirstWin%=0.00	FieldFirst=0	FieldFirstWins=0	FieldFirstWin%=0.00
Green Park	Kolkata Knight Riders	Gujarat Lions	Matches=1	Wins=0	Losses=1	Win%=0.00	TossWins=0	TossLosses=1	TossWinMatchWins=0	TossWinMatchLosses=0	TossConversion%=0.00	BatFirst=0	BatFirstWins=0	BatFirstWin%=0.00	FieldFirst=0	FieldFirstWins=0	FieldFirstWin%=0.00
Green Park	Mumbai Indians	Gujarat Lions	Matches=1	Wins=0	Losses=1	Win%=0.00	TossWins=0	TossLosses=1	TossWinMatchWins=0	TossWinMatchLosses=0	TossConversion%=0.00	BatFirst=0	BatFirstWins=0	BatFirstWin%=0.00	FieldFirst=0	FieldFirstWins=0	FieldFirstWin%=0.00
Green Park	Sunrisers Hyderabad	Gujarat Lions	Matches=1	Wins=1	Losses=0	Win%=100.00	TossWins=1	TossLosses=0	TossWinMatchWins=1	TossWinMatchLosses=0	TossConversion%=100.00	BatFirst=0	BatFirstWins=0	BatFirstWin%=0.00	FieldFirst=1	FieldFirstWins=1	FieldFirstWin%=100.00
Himachal Pradesh Cricket Association Stadium	Chennai Super Kings	Punjab Kings	Matches=2	Wins=1	Losses=1	Win%=50.00	TossWins=1	TossLosses=1	TossWinMatchWins=1	TossWinMatchLosses=0	TossConversion%=100.00	BatFirst=0	BatFirstWins=0	BatFirstWin%=0.00	FieldFirst=1	FieldFirstWins=1	FieldFirstWin%=100.00
Himachal Pradesh Cricket Association Stadium	Deccan Chargers	Punjab Kings	Matches=2	Wins=2	Losses=0	Win%=100.00	TossWins=1	TossLosses=1	TossWinMatchWins=1	TossWinMatchLosses=0	TossConversion%=100.00	BatFirst=0	BatFirstWins=0	BatFirstWin%=0.00	FieldFirst=1	FieldFirstWins=1	FieldFirstWin%=100.00
Himachal Pradesh Cricket Association Stadium	Delhi Capitals	Punjab Kings	Matches=3	Wins=1	Losses=2	Win%=33.33	TossWins=3	TossLosses=0	TossWinMatchWins=1	TossWinMatchLosses=2	TossConversion%=33.33	BatFirst=0	BatFirstWins=0	BatFirstWin%=0.00	FieldFirst=3	FieldFirstWins=1	FieldFirstWin%=33.33
Himachal Pradesh Cricket Association Stadium	Mumbai Indians	Punjab Kings	Matches=1	Wins=0	Losses=1	Win%=0.00	TossWins=1	TossLosses=0	TossWinMatchWins=0	TossWinMatchLosses=1	TossConversion%=0.00	BatFirst=0	BatFirstWins=0	BatFirstWin%=0.00	FieldFirst=1	FieldFirstWins=0	FieldFirstWin%=0.00
Himachal Pradesh Cricket Association Stadium	Punjab Kings	Chennai Super Kings	Matches=2	Wins=1	Losses=1	Win%=50.00	TossWins=1	TossLosses=1	TossWinMatchWins=1	TossWinMatchLosses=0	TossConversion%=100.00	BatFirst=0	BatFirstWins=0	BatFirstWin%=0.00	FieldFirst=1	FieldFirstWins=1	FieldFirstWin%=100.00
Himachal Pradesh Cricket Association Stadium	Punjab Kings	Deccan Chargers	Matches=2	Wins=0	Losses=2	Win%=0.00	TossWins=1	TossLosses=1	TossWinMatchWins=0	TossWinMatchLosses=1	TossConversion%=0.00	BatFirst=0	BatFirstWins=0	BatFirstWin%=0.00	FieldFirst=1	FieldFirstWins=0	FieldFirstWin%=0.00
Himachal Pradesh Cricket Association Stadium	Punjab Kings	Delhi Capitals	Matches=3	Wins=2	Losses=1	Win%=66.67	TossWins=0	TossLosses=3	TossWinMatchWins=0	TossWinMatchLosses=0	TossConversion%=0.00	BatFirst=0	BatFirstWins=0	BatFirstWin%=0.00	FieldFirst=0	FieldFirstWins=0	FieldFirstWin%=0.00
Himachal Pradesh Cricket Association Stadium	Punjab Kings	Mumbai Indians	Matches=1	Wins=1	Losses=0	Win%=100.00	TossWins=0	TossLosses=1	TossWinMatchWins=0	TossWinMatchLosses=0	TossConversion%=0.00	BatFirst=0	BatFirstWins=0	BatFirstWin%=0.00	FieldFirst=0	FieldFirstWins=0	FieldFirstWin%=0.00
Himachal Pradesh Cricket Association Stadium	Punjab Kings	Royal Challengers Bengaluru	Matches=1	Wins=1	Losses=0	Win%=100.00	TossWins=1	TossLosses=0	TossWinMatchWins=1	TossWinMatchLosses=0	TossConversion%=100.00	BatFirst=1	BatFirstWins=1	BatFirstWin%=100.00	FieldFirst=0	FieldFirstWins=0	FieldFirstWin%=0.00
Himachal Pradesh Cricket Association Stadium	Royal Challengers Bengaluru	Punjab Kings	Matches=1	Wins=0	Losses=1	Win%=0.00	TossWins=0	TossLosses=1	TossWinMatchWins=0	TossWinMatchLosses=0	TossConversion%=0.00	BatFirst=0	BatFirstWins=0	BatFirstWin%=0.00	FieldFirst=0	FieldFirstWins=0	FieldFirstWin%=0.00
Himachal Pradesh Cricket Association Stadium, Dharamsala	Chennai Super Kings	Punjab Kings	Matches=1	Wins=1	Losses=0	Win%=100.00	TossWins=0	TossLosses=1	TossWinMatchWins=0	TossWinMatchLosses=0	TossConversion%=0.00	BatFirst=0	BatFirstWins=0	BatFirstWin%=0.00	FieldFirst=0	FieldFirstWins=0	FieldFirstWin%=0.00
Himachal Pradesh Cricket Association Stadium, Dharamsala	Delhi Capitals	Punjab Kings	Matches=1	Wins=1	Losses=0	Win%=100.00	TossWins=0	TossLosses=1	TossWinMatchWins=0	TossWinMatchLosses=0	TossConversion%=0.00	BatFirst=0	BatFirstWins=0	BatFirstWin%=0.00	FieldFirst=0	FieldFirstWins=0	FieldFirstWin%=0.00
Himachal Pradesh Cricket Association Stadium, Dharamsala	Punjab Kings	Chennai Super Kings	Matches=1	Wins=0	Losses=1	Win%=0.00	TossWins=1	TossLosses=0	TossWinMatchWins=0	TossWinMatchLosses=1	TossConversion%=0.00	BatFirst=0	BatFirstWins=0	BatFirstWin%=0.00	FieldFirst=1	FieldFirstWins=0	FieldFirstWin%=0.00
Himachal Pradesh Cricket Association Stadium, Dharamsala	Punjab Kings	Delhi Capitals	Matches=1	Wins=0	Losses=1	Win%=0.00	TossWins=1	TossLosses=0	TossWinMatchWins=0	TossWinMatchLosses=1	TossConversion%=0.00	BatFirst=0	BatFirstWins=0	BatFirstWin%=0.00	FieldFirst=1	FieldFirstWins=0	FieldFirstWin%=0.00
Himachal Pradesh Cricket Association Stadium, Dharamsala	Punjab Kings	Rajasthan Royals	Matches=1	Wins=0	Losses=1	Win%=0.00	TossWins=0	TossLosses=1	TossWinMatchWins=0	TossWinMatchLosses=0	TossConversion%=0.00	BatFirst=0	BatFirstWins=0	BatFirstWin%=0.00	FieldFirst=0	FieldFirstWins=0	FieldFirstWin%=0.00
Himachal Pradesh Cricket Association Stadium, Dharamsala	Punjab Kings	Royal Challengers Bengaluru	Matches=1	Wins=0	Losses=1	Win%=0.00	TossWins=1	TossLosses=0	TossWinMatchWins=0	TossWinMatchLosses=1	TossConversion%=0.00	BatFirst=0	BatFirstWins=0	BatFirstWin%=0.00	FieldFirst=1	FieldFirstWins=0	FieldFirstWin%=0.00
Himachal Pradesh Cricket Association Stadium, Dharamsala	Rajasthan Royals	Punjab Kings	Matches=1	Wins=1	Losses=0	Win%=100.00	TossWins=1	TossLosses=0	TossWinMatchWins=1	TossWinMatchLosses=0	TossConversion%=100.00	BatFirst=0	BatFirstWins=0	BatFirstWin%=0.00	FieldFirst=1	FieldFirstWins=1	FieldFirstWin%=100.00
Himachal Pradesh Cricket Association Stadium, Dharamsala	Royal Challengers Bengaluru	Punjab Kings	Matches=1	Wins=1	Losses=0	Win%=100.00	TossWins=0	TossLosses=1	TossWinMatchWins=0	TossWinMatchLosses=0	TossConversion%=0.00	BatFirst=0	BatFirstWins=0	BatFirstWin%=0.00	FieldFirst=0	FieldFirstWins=0	FieldFirstWin%=0.00
Holkar Cricket Stadium	Kochi Tuskers Kerala	Punjab Kings	Matches=1	Wins=0	Losses=1	Win%=0.00	TossWins=0	TossLosses=1	TossWinMatchWins=0	TossWinMatchLosses=0	TossConversion%=0.00	BatFirst=0	BatFirstWins=0	BatFirstWin%=0.00	FieldFirst=0	FieldFirstWins=0	FieldFirstWin%=0.00
Holkar Cricket Stadium	Kochi Tuskers Kerala	Rajasthan Royals	Matches=1	Wins=1	Losses=0	Win%=100.00	TossWins=1	TossLosses=0	TossWinMatchWins=1	TossWinMatchLosses=0	TossConversion%=100.00	BatFirst=0	BatFirstWins=0	BatFirstWin%=0.00	FieldFirst=1	FieldFirstWins=1	FieldFirstWin%=100.00
Holkar Cricket Stadium	Kolkata Knight Riders	Punjab Kings	Matches=1	Wins=1	Losses=0	Win%=100.00	TossWins=0	TossLosses=1	TossWinMatchWins=0	TossWinMatchLosses=0	TossConversion%=0.00	BatFirst=0	BatFirstWins=0	BatFirstWin%=0.00	FieldFirst=0	FieldFirstWins=0	FieldFirstWin%=0.00
Holkar Cricket Stadium	Mumbai Indians	Punjab Kings	Matches=2	Wins=2	Losses=0	Win%=100.00	TossWins=2	TossLosses=0	TossWinMatchWins=2	TossWinMatchLosses=0	TossConversion%=100.00	BatFirst=0	BatFirstWins=0	BatFirstWin%=0.00	FieldFirst=2	FieldFirstWins=2	FieldFirstWin%=100.00
Holkar Cricket Stadium	Punjab Kings	Kochi Tuskers Kerala	Matches=1	Wins=1	Losses=0	Win%=100.00	TossWins=1	TossLosses=0	TossWinMatchWins=1	TossWinMatchLosses=0	TossConversion%=100.00	BatFirst=0	BatFirstWins=0	BatFirstWin%=0.00	FieldFirst=1	FieldFirstWins=1	FieldFirstWin%=100.00
Holkar Cricket Stadium	Punjab Kings	Kolkata Knight Riders	Matches=1	Wins=0	Losses=1	Win%=0.00	TossWins=1	TossLosses=0	TossWinMatchWins=0	TossWinMatchLosses=1	TossConversion%=0.00	BatFirst=0	BatFirstWins=0	BatFirstWin%=0.00	FieldFirst=1	FieldFirstWins=0	FieldFirstWin%=0.00
Holkar Cricket Stadium	Punjab Kings	Mumbai Indians	Matches=2	Wins=0	Losses=2	Win%=0.00	TossWins=0	TossLosses=2	TossWinMatchWins=0	TossWinMatchLosses=0	TossConversion%=0.00	BatFirst=0	BatFirstWins=0	BatFirstWin%=0.00	FieldFirst=0	FieldFirstWins=0	FieldFirstWin%=0.00
Holkar Cricket Stadium	Punjab Kings	Rajasthan Royals	Matches=1	Wins=1	Losses=0	Win%=100.00	TossWins=1	TossLosses=0	TossWinMatchWins=1	TossWinMatchLosses=0	TossConversion%=100.00	BatFirst=0	BatFirstWins=0	BatFirstWin%=0.00	FieldFirst=1	FieldFirstWins=1	FieldFirstWin%=100.00
Holkar Cricket Stadium	Punjab Kings	Rising Pune Supergiants	Matches=1	Wins=1	Losses=0	Win%=100.00	TossWins=1	TossLosses=0	TossWinMatchWins=1	TossWinMatchLosses=0	TossConversion%=100.00	BatFirst=0	BatFirstWins=0	BatFirstWin%=0.00	FieldFirst=1	FieldFirstWins=1	FieldFirstWin%=100.00
Holkar Cricket Stadium	Punjab Kings	Royal Challengers Bengaluru	Matches=2	Wins=1	Losses=1	Win%=50.00	TossWins=0	TossLosses=2	TossWinMatchWins=0	TossWinMatchLosses=0	TossConversion%=0.00	BatFirst=0	BatFirstWins=0	BatFirstWin%=0.00	FieldFirst=0	FieldFirstWins=0	FieldFirstWin%=0.00
Holkar Cricket Stadium	Rajasthan Royals	Kochi Tuskers Kerala	Matches=1	Wins=0	Losses=1	Win%=0.00	TossWins=0	TossLosses=1	TossWinMatchWins=0	TossWinMatchLosses=0	TossConversion%=0.00	BatFirst=0	BatFirstWins=0	BatFirstWin%=0.00	FieldFirst=0	FieldFirstWins=0	FieldFirstWin%=0.00
Holkar Cricket Stadium	Rajasthan Royals	Punjab Kings	Matches=1	Wins=0	Losses=1	Win%=0.00	TossWins=0	TossLosses=1	TossWinMatchWins=0	TossWinMatchLosses=0	TossConversion%=0.00	BatFirst=0	BatFirstWins=0	BatFirstWin%=0.00	FieldFirst=0	FieldFirstWins=0	FieldFirstWin%=0.00
Holkar Cricket Stadium	Rising Pune Supergiants	Punjab Kings	Matches=1	Wins=0	Losses=1	Win%=0.00	TossWins=0	TossLosses=1	TossWinMatchWins=0	TossWinMatchLosses=0	TossConversion%=0.00	BatFirst=0	BatFirstWins=0	BatFirstWin%=0.00	FieldFirst=0	FieldFirstWins=0	FieldFirstWin%=0.00
Holkar Cricket Stadium	Royal Challengers Bengaluru	Punjab Kings	Matches=2	Wins=1	Losses=1	Win%=50.00	TossWins=2	TossLosses=0	TossWinMatchWins=1	TossWinMatchLosses=1	TossConversion%=50.00	BatFirst=1	BatFirstWins=0	BatFirstWin%=0.00	FieldFirst=1	FieldFirstWins=1	FieldFirstWin%=100.00
JSCA International Stadium Complex	Chennai Super Kings	Kolkata Knight Riders	Matches=1	Wins=1	Losses=0	Win%=100.00	TossWins=1	TossLosses=0	TossWinMatchWins=1	TossWinMatchLosses=0	TossConversion%=100.00	BatFirst=1	BatFirstWins=1	BatFirstWin%=100.00	FieldFirst=0	FieldFirstWins=0	FieldFirstWin%=0.00
JSCA International Stadium Complex	Chennai Super Kings	Rajasthan Royals	Matches=1	Wins=1	Losses=0	Win%=100.00	TossWins=0	TossLosses=1	TossWinMatchWins=0	TossWinMatchLosses=0	TossConversion%=0.00	BatFirst=0	BatFirstWins=0	BatFirstWin%=0.00	FieldFirst=0	FieldFirstWins=0	FieldFirstWin%=0.00
JSCA International Stadium Complex	Chennai Super Kings	Royal Challengers Bengaluru	Matches=2	Wins=1	Losses=1	Win%=50.00	TossWins=2	TossLosses=0	TossWinMatchWins=1	TossWinMatchLosses=1	TossConversion%=50.00	BatFirst=1	BatFirstWins=0	BatFirstWin%=0.00	FieldFirst=1	FieldFirstWins=1	FieldFirstWin%=100.00
JSCA International Stadium Complex	Chennai Super Kings	Sunrisers Hyderabad	Matches=1	Wins=0	Losses=1	Win%=0.00	TossWins=0	TossLosses=1	TossWinMatchWins=0	TossWinMatchLosses=0	TossConversion%=0.00	BatFirst=0	BatFirstWins=0	BatFirstWin%=0.00	FieldFirst=0	FieldFirstWins=0	FieldFirstWin%=0.00
JSCA International Stadium Complex	Kolkata Knight Riders	Chennai Super Kings	Matches=1	Wins=0	Losses=1	Win%=0.00	TossWins=0	TossLosses=1	TossWinMatchWins=0	TossWinMatchLosses=0	TossConversion%=0.00	BatFirst=0	BatFirstWins=0	BatFirstWin%=0.00	FieldFirst=0	FieldFirstWins=0	FieldFirstWin%=0.00
JSCA International Stadium Complex	Kolkata Knight Riders	Pune Warriors	Matches=1	Wins=0	Losses=1	Win%=0.00	TossWins=1	TossLosses=0	TossWinMatchWins=0	TossWinMatchLosses=1	TossConversion%=0.00	BatFirst=0	BatFirstWins=0	BatFirstWin%=0.00	FieldFirst=1	FieldFirstWins=0	FieldFirstWin%=0.00
JSCA International Stadium Complex	Kolkata Knight Riders	Royal Challengers Bengaluru	Matches=1	Wins=1	Losses=0	Win%=100.00	TossWins=1	TossLosses=0	TossWinMatchWins=1	TossWinMatchLosses=0	TossConversion%=100.00	BatFirst=0	BatFirstWins=0	BatFirstWin%=0.00	FieldFirst=1	FieldFirstWins=1	FieldFirstWin%=100.00
JSCA International Stadium Complex	Pune Warriors	Kolkata Knight Riders	Matches=1	Wins=1	Losses=0	Win%=100.00	TossWins=0	TossLosses=1	TossWinMatchWins=0	TossWinMatchLosses=0	TossConversion%=0.00	BatFirst=0	BatFirstWins=0	BatFirstWin%=0.00	FieldFirst=0	FieldFirstWins=0	FieldFirstWin%=0.00
JSCA International Stadium Complex	Rajasthan Royals	Chennai Super Kings	Matches=1	Wins=0	Losses=1	Win%=0.00	TossWins=1	TossLosses=0	TossWinMatchWins=0	TossWinMatchLosses=1	TossConversion%=0.00	BatFirst=1	BatFirstWins=0	BatFirstWin%=0.00	FieldFirst=0	FieldFirstWins=0	FieldFirstWin%=0.00
JSCA International Stadium Complex	Royal Challengers Bengaluru	Chennai Super Kings	Matches=2	Wins=1	Losses=1	Win%=50.00	TossWins=0	TossLosses=2	TossWinMatchWins=0	TossWinMatchLosses=0	TossConversion%=0.00	BatFirst=0	BatFirstWins=0	BatFirstWin%=0.00	FieldFirst=0	FieldFirstWins=0	FieldFirstWin%=0.00
JSCA International Stadium Complex	Royal Challengers Bengaluru	Kolkata Knight Riders	Matches=1	Wins=0	Losses=1	Win%=0.00	TossWins=0	TossLosses=1	TossWinMatchWins=0	TossWinMatchLosses=0	TossConversion%=0.00	BatFirst=0	BatFirstWins=0	BatFirstWin%=0.00	FieldFirst=0	FieldFirstWins=0	FieldFirstWin%=0.00
JSCA International Stadium Complex	Sunrisers Hyderabad	Chennai Super Kings	Matches=1	Wins=1	Losses=0	Win%=100.00	TossWins=1	TossLosses=0	TossWinMatchWins=1	TossWinMatchLosses=0	TossConversion%=100.00	BatFirst=0	BatFirstWins=0	BatFirstWin%=0.00	FieldFirst=1	FieldFirstWins=1	FieldFirstWin%=100.00
Kingsmead	Chennai Super Kings	Deccan Chargers	Matches=1	Wins=0	Losses=1	Win%=0.00	TossWins=0	TossLosses=1	TossWinMatchWins=0	TossWinMatchLosses=0	TossConversion%=0.00	BatFirst=0	BatFirstWins=0	BatFirstWin%=0.00	FieldFirst=0	FieldFirstWins=0	FieldFirstWin%=0.00
Kingsmead	Chennai Super Kings	Delhi Capitals	Matches=1	Wins=0	Losses=1	Win%=0.00	TossWins=0	TossLosses=1	TossWinMatchWins=0	TossWinMatchLosses=0	TossConversion%=0.00	BatFirst=0	BatFirstWins=0	BatFirstWin%=0.00	FieldFirst=0	FieldFirstWins=0	FieldFirstWin%=0.00
Kingsmead	Chennai Super Kings	Punjab Kings	Matches=1	Wins=1	Losses=0	Win%=100.00	TossWins=1	TossLosses=0	TossWinMatchWins=1	TossWinMatchLosses=0	TossConversion%=100.00	BatFirst=1	BatFirstWins=1	BatFirstWin%=100.00	FieldFirst=0	FieldFirstWins=0	FieldFirstWin%=0.00
Kingsmead	Chennai Super Kings	Royal Challengers Bengaluru	Matches=1	Wins=0	Losses=1	Win%=0.00	TossWins=1	TossLosses=0	TossWinMatchWins=0	TossWinMatchLosses=1	TossConversion%=0.00	BatFirst=1	BatFirstWins=0	BatFirstWin%=0.00	FieldFirst=0	FieldFirstWins=0	FieldFirstWin%=0.00
Kingsmead	Deccan Chargers	Chennai Super Kings	Matches=1	Wins=1	Losses=0	Win%=100.00	TossWins=1	TossLosses=0	TossWinMatchWins=1	TossWinMatchLosses=0	TossConversion%=100.00	BatFirst=0	BatFirstWins=0	BatFirstWin%=0.00	FieldFirst=1	FieldFirstWins=1	FieldFirstWin%=100.00
Kingsmead	Deccan Chargers	Delhi Capitals	Matches=1	Wins=0	Losses=1	Win%=0.00	TossWins=1	TossLosses=0	TossWinMatchWins=0	TossWinMatchLosses=1	TossConversion%=0.00	BatFirst=0	BatFirstWins=0	BatFirstWin%=0.00	FieldFirst=1	FieldFirstWins=0	FieldFirstWin%=0.00
Kingsmead	Deccan Chargers	Mumbai Indians	Matches=1	Wins=1	Losses=0	Win%=100.00	TossWins=1	TossLosses=0	TossWinMatchWins=1	TossWinMatchLosses=0	TossConversion%=100.00	BatFirst=1	BatFirstWins=1	BatFirstWin%=100.00	FieldFirst=0	FieldFirstWins=0	FieldFirstWin%=0.00
Kingsmead	Delhi Capitals	Chennai Super Kings	Matches=1	Wins=1	Losses=0	Win%=100.00	TossWins=1	TossLosses=0	TossWinMatchWins=1	TossWinMatchLosses=0	TossConversion%=100.00	BatFirst=1	BatFirstWins=1	BatFirstWin%=100.00	FieldFirst=0	FieldFirstWins=0	FieldFirstWin%=0.00
Kingsmead	Delhi Capitals	Deccan Chargers	Matches=1	Wins=1	Losses=0	Win%=100.00	TossWins=0	TossLosses=1	TossWinMatchWins=0	TossWinMatchLosses=0	TossConversion%=0.00	BatFirst=0	BatFirstWins=0	BatFirstWin%=0.00	FieldFirst=0	FieldFirstWins=0	FieldFirstWin%=0.00
Kingsmead	Delhi Capitals	Kolkata Knight Riders	Matches=1	Wins=1	Losses=0	Win%=100.00	TossWins=0	TossLosses=1	TossWinMatchWins=0	TossWinMatchLosses=0	TossConversion%=0.00	BatFirst=0	BatFirstWins=0	BatFirstWin%=0.00	FieldFirst=0	FieldFirstWins=0	FieldFirstWin%=0.00
Kingsmead	Kolkata Knight Riders	Delhi Capitals	Matches=1	Wins=0	Losses=1	Win%=0.00	TossWins=1	TossLosses=0	TossWinMatchWins=0	TossWinMatchLosses=1	TossConversion%=0.00	BatFirst=1	BatFirstWins=0	BatFirstWin%=0.00	FieldFirst=0	FieldFirstWins=0	FieldFirstWin%=0.00
Kingsmead	Kolkata Knight Riders	Punjab Kings	Matches=1	Wins=1	Losses=0	Win%=100.00	TossWins=1	TossLosses=0	TossWinMatchWins=1	TossWinMatchLosses=0	TossConversion%=100.00	BatFirst=0	BatFirstWins=0	BatFirstWin%=0.00	FieldFirst=1	FieldFirstWins=1	FieldFirstWin%=100.00
Kingsmead	Kolkata Knight Riders	Rajasthan Royals	Matches=1	Wins=1	Losses=0	Win%=100.00	TossWins=1	TossLosses=0	TossWinMatchWins=1	TossWinMatchLosses=0	TossConversion%=100.00	BatFirst=0	BatFirstWins=0	BatFirstWin%=0.00	FieldFirst=1	FieldFirstWins=1	FieldFirstWin%=100.00
Kingsmead	Kolkata Knight Riders	Royal Challengers Bengaluru	Matches=1	Wins=0	Losses=1	Win%=0.00	TossWins=1	TossLosses=0	TossWinMatchWins=0	TossWinMatchLosses=1	TossConversion%=0.00	BatFirst=1	BatFirstWins=0	BatFirstWin%=0.00	FieldFirst=0	FieldFirstWins=0	FieldFirstWin%=0.00
Kingsmead	Mumbai Indians	Deccan Chargers	Matches=1	Wins=0	Losses=1	Win%=0.00	TossWins=0	TossLosses=1	TossWinMatchWins=0	TossWinMatchLosses=0	TossConversion%=0.00	BatFirst=0	BatFirstWins=0	BatFirstWin%=0.00	FieldFirst=0	FieldFirstWins=0	FieldFirstWin%=0.00
Kingsmead	Mumbai Indians	Punjab Kings	Matches=1	Wins=0	Losses=1	Win%=0.00	TossWins=0	TossLosses=1	TossWinMatchWins=0	TossWinMatchLosses=0	TossConversion%=0.00	BatFirst=0	BatFirstWins=0	BatFirstWin%=0.00	FieldFirst=0	FieldFirstWins=0	FieldFirstWin%=0.00
Kingsmead	Mumbai Indians	Rajasthan Royals	Matches=1	Wins=0	Losses=1	Win%=0.00	TossWins=0	TossLosses=1	TossWinMatchWins=0	TossWinMatchLosses=0	TossConversion%=0.00	BatFirst=0	BatFirstWins=0	BatFirstWin%=0.00	FieldFirst=0	FieldFirstWins=0	FieldFirstWin%=0.00
Kingsmead	Punjab Kings	Chennai Super Kings	Matches=1	Wins=0	Losses=1	Win%=0.00	TossWins=0	TossLosses=1	TossWinMatchWins=0	TossWinMatchLosses=0	TossConversion%=0.00	BatFirst=0	BatFirstWins=0	BatFirstWin%=0.00	FieldFirst=0	FieldFirstWins=0	FieldFirstWin%=0.00
Kingsmead	Punjab Kings	Kolkata Knight Riders	Matches=1	Wins=0	Losses=1	Win%=0.00	TossWins=0	TossLosses=1	TossWinMatchWins=0	TossWinMatchLosses=0	TossConversion%=0.00	BatFirst=0	BatFirstWins=0	BatFirstWin%=0.00	FieldFirst=0	FieldFirstWins=0	FieldFirstWin%=0.00
Kingsmead	Punjab Kings	Mumbai Indians	Matches=1	Wins=1	Losses=0	Win%=100.00	TossWins=1	TossLosses=0	TossWinMatchWins=1	TossWinMatchLosses=0	TossConversion%=100.00	BatFirst=1	BatFirstWins=1	BatFirstWin%=100.00	FieldFirst=0	FieldFirstWins=0	FieldFirstWin%=0.00
Kingsmead	Punjab Kings	Rajasthan Royals	Matches=1	Wins=0	Losses=1	Win%=0.00	TossWins=1	TossLosses=0	TossWinMatchWins=0	TossWinMatchLosses=1	TossConversion%=0.00	BatFirst=0	BatFirstWins=0	BatFirstWin%=0.00	FieldFirst=1	FieldFirstWins=0	FieldFirstWin%=0.00
Kingsmead	Punjab Kings	Royal Challengers Bengaluru	Matches=2	Wins=1	Losses=1	Win%=50.00	TossWins=0	TossLosses=2	TossWinMatchWins=0	TossWinMatchLosses=0	TossConversion%=0.00	BatFirst=0	BatFirstWins=0	BatFirstWin%=0.00	FieldFirst=0	FieldFirstWins=0	FieldFirstWin%=0.00
Kingsmead	Rajasthan Royals	Kolkata Knight Riders	Matches=1	Wins=0	Losses=1	Win%=0.00	TossWins=0	TossLosses=1	TossWinMatchWins=0	TossWinMatchLosses=0	TossConversion%=0.00	BatFirst=0	BatFirstWins=0	BatFirstWin%=0.00	FieldFirst=0	FieldFirstWins=0	FieldFirstWin%=0.00
Kingsmead	Rajasthan Royals	Mumbai Indians	Matches=1	Wins=1	Losses=0	Win%=100.00	TossWins=1	TossLosses=0	TossWinMatchWins=1	TossWinMatchLosses=0	TossConversion%=100.00	BatFirst=1	BatFirstWins=1	BatFirstWin%=100.00	FieldFirst=0	FieldFirstWins=0	FieldFirstWin%=0.00
Kingsmead	Rajasthan Royals	Punjab Kings	Matches=1	Wins=1	Losses=0	Win%=100.00	TossWins=0	TossLosses=1	TossWinMatchWins=0	TossWinMatchLosses=0	TossConversion%=0.00	BatFirst=0	BatFirstWins=0	BatFirstWin%=0.00	FieldFirst=0	FieldFirstWins=0	FieldFirstWin%=0.00
Kingsmead	Royal Challengers Bengaluru	Chennai Super Kings	Matches=1	Wins=1	Losses=0	Win%=100.00	TossWins=0	TossLosses=1	TossWinMatchWins=0	TossWinMatchLosses=0	TossConversion%=0.00	BatFirst=0	BatFirstWins=0	BatFirstWin%=0.00	FieldFirst=0	FieldFirstWins=0	FieldFirstWin%=0.00
Kingsmead	Royal Challengers Bengaluru	Kolkata Knight Riders	Matches=1	Wins=1	Losses=0	Win%=100.00	TossWins=0	TossLosses=1	TossWinMatchWins=0	TossWinMatchLosses=0	TossConversion%=0.00	BatFirst=0	BatFirstWins=0	BatFirstWin%=0.00	FieldFirst=0	FieldFirstWins=0	FieldFirstWin%=0.00
Kingsmead	Royal Challengers Bengaluru	Punjab Kings	Matches=2	Wins=1	Losses=1	Win%=50.00	TossWins=2	TossLosses=0	TossWinMatchWins=1	TossWinMatchLosses=1	TossConversion%=50.00	BatFirst=2	BatFirstWins=1	BatFirstWin%=50.00	FieldFirst=0	FieldFirstWins=0	FieldFirstWin%=0.00
M Chinnaswamy Stadium	Chennai Super Kings	Mumbai Indians	Matches=1	Wins=1	Losses=0	Win%=100.00	TossWins=0	TossLosses=1	TossWinMatchWins=0	TossWinMatchLosses=0	TossConversion%=0.00	BatFirst=0	BatFirstWins=0	BatFirstWin%=0.00	FieldFirst=0	FieldFirstWins=0	FieldFirstWin%=0.00
M Chinnaswamy Stadium	Chennai Super Kings	Royal Challengers Bengaluru	Matches=6	Wins=3	Losses=3	Win%=50.00	TossWins=4	TossLosses=2	TossWinMatchWins=2	TossWinMatchLosses=2	TossConversion%=50.00	BatFirst=1	BatFirstWins=1	BatFirstWin%=100.00	FieldFirst=3	FieldFirstWins=1	FieldFirstWin%=33.33
M Chinnaswamy Stadium	Deccan Chargers	Royal Challengers Bengaluru	Matches=3	Wins=1	Losses=2	Win%=33.33	TossWins=2	TossLosses=1	TossWinMatchWins=1	TossWinMatchLosses=1	TossConversion%=50.00	BatFirst=0	BatFirstWins=0	BatFirstWin%=0.00	FieldFirst=2	FieldFirstWins=1	FieldFirstWin%=50.00
M Chinnaswamy Stadium	Delhi Capitals	Royal Challengers Bengaluru	Matches=7	Wins=3	Losses=4	Win%=42.86	TossWins=4	TossLosses=3	TossWinMatchWins=2	TossWinMatchLosses=2	TossConversion%=50.00	BatFirst=0	BatFirstWins=0	BatFirstWin%=0.00	FieldFirst=4	FieldFirstWins=2	FieldFirstWin%=50.00
M Chinnaswamy Stadium	Gujarat Lions	Royal Challengers Bengaluru	Matches=3	Wins=1	Losses=2	Win%=33.33	TossWins=2	TossLosses=1	TossWinMatchWins=1	TossWinMatchLosses=1	TossConversion%=50.00	BatFirst=0	BatFirstWins=0	BatFirstWin%=0.00	FieldFirst=2	FieldFirstWins=1	FieldFirstWin%=50.00
M Chinnaswamy Stadium	Kochi Tuskers Kerala	Royal Challengers Bengaluru	Matches=1	Wins=0	Losses=1	Win%=0.00	TossWins=1	TossLosses=0	TossWinMatchWins=0	TossWinMatchLosses=1	TossConversion%=0.00	BatFirst=1	BatFirstWins=0	BatFirstWin%=0.00	FieldFirst=0	FieldFirstWins=0	FieldFirstWin%=0.00
M Chinnaswamy Stadium	Kolkata Knight Riders	Mumbai Indians	Matches=1	Wins=0	Losses=1	Win%=0.00	TossWins=0	TossLosses=1	TossWinMatchWins=0	TossWinMatchLosses=0	TossConversion%=0.00	BatFirst=0	BatFirstWins=0	BatFirstWin%=0.00	FieldFirst=0	FieldFirstWins=0	FieldFirstWin%=0.00
M Chinnaswamy Stadium	Kolkata Knight Riders	Punjab Kings	Matches=1	Wins=1	Losses=0	Win%=100.00	TossWins=1	TossLosses=0	TossWinMatchWins=1	TossWinMatchLosses=0	TossConversion%=100.00	BatFirst=0	BatFirstWins=0	BatFirstWin%=0.00	FieldFirst=1	FieldFirstWins=1	FieldFirstWin%=100.00
M Chinnaswamy Stadium	Kolkata Knight Riders	Royal Challengers Bengaluru	Matches=8	Wins=4	Losses=4	Win%=50.00	TossWins=2	TossLosses=6	TossWinMatchWins=2	TossWinMatchLosses=0	TossConversion%=100.00	BatFirst=0	BatFirstWins=0	BatFirstWin%=0.00	FieldFirst=2	FieldFirstWins=2	FieldFirstWin%=100.00
M Chinnaswamy Stadium	Kolkata Knight Riders	Sunrisers Hyderabad	Matches=1	Wins=1	Losses=0	Win%=100.00	TossWins=1	TossLosses=0	TossWinMatchWins=1	TossWinMatchLosses=0	TossConversion%=100.00	BatFirst=0	BatFirstWins=0	BatFirstWin%=0.00	FieldFirst=1	FieldFirstWins=1	FieldFirstWin%=100.00
M Chinnaswamy Stadium	Mumbai Indians	Chennai Super Kings	Matches=1	Wins=0	Losses=1	Win%=0.00	TossWins=1	TossLosses=0	TossWinMatchWins=0	TossWinMatchLosses=1	TossConversion%=0.00	BatFirst=0	BatFirstWins=0	BatFirstWin%=0.00	FieldFirst=1	FieldFirstWins=0	FieldFirstWin%=0.00
M Chinnaswamy Stadium	Mumbai Indians	Kolkata Knight Riders	Matches=1	Wins=1	Losses=0	Win%=100.00	TossWins=1	TossLosses=0	TossWinMatchWins=1	TossWinMatchLosses=0	TossConversion%=100.00	BatFirst=0	BatFirstWins=0	BatFirstWin%=0.00	FieldFirst=1	FieldFirstWins=1	FieldFirstWin%=100.00
M Chinnaswamy Stadium	Mumbai Indians	Royal Challengers Bengaluru	Matches=8	Wins=7	Losses=1	Win%=87.50	TossWins=6	TossLosses=2	TossWinMatchWins=5	TossWinMatchLosses=1	TossConversion%=83.33	BatFirst=0	BatFirstWins=0	BatFirstWin%=0.00	FieldFirst=6	FieldFirstWins=5	FieldFirstWin%=83.33
M Chinnaswamy Stadium	Pune Warriors	Royal Challengers Bengaluru	Matches=3	Wins=0	Losses=3	Win%=0.00	TossWins=3	TossLosses=0	TossWinMatchWins=0	TossWinMatchLosses=3	TossConversion%=0.00	BatFirst=1	BatFirstWins=0	BatFirstWin%=0.00	FieldFirst=2	FieldFirstWins=0	FieldFirstWin%=0.00
M Chinnaswamy Stadium	Punjab Kings	Kolkata Knight Riders	Matches=1	Wins=0	Losses=1	Win%=0.00	TossWins=0	TossLosses=1	TossWinMatchWins=0	TossWinMatchLosses=0	TossConversion%=0.00	BatFirst=0	BatFirstWins=0	BatFirstWin%=0.00	FieldFirst=0	FieldFirstWins=0	FieldFirstWin%=0.00
M Chinnaswamy Stadium	Punjab Kings	Royal Challengers Bengaluru	Matches=9	Wins=5	Losses=4	Win%=55.56	TossWins=7	TossLosses=2	TossWinMatchWins=3	TossWinMatchLosses=4	TossConversion%=42.86	BatFirst=1	BatFirstWins=0	BatFirstWin%=0.00	FieldFirst=6	FieldFirstWins=3	FieldFirstWin%=50.00
M Chinnaswamy Stadium	Rajasthan Royals	Royal Challengers Bengaluru	Matches=6	Wins=3	Losses=3	Win%=50.00	TossWins=3	TossLosses=3	TossWinMatchWins=2	TossWinMatchLosses=1	TossConversion%=66.67	BatFirst=1	BatFirstWins=1	BatFirstWin%=100.00	FieldFirst=2	FieldFirstWins=1	FieldFirstWin%=50.00
M Chinnaswamy Stadium	Rising Pune Supergiants	Royal Challengers Bengaluru	Matches=2	Wins=1	Losses=1	Win%=50.00	TossWins=0	TossLosses=2	TossWinMatchWins=0	TossWinMatchLosses=0	TossConversion%=0.00	BatFirst=0	BatFirstWins=0	BatFirstWin%=0.00	FieldFirst=0	FieldFirstWins=0	FieldFirstWin%=0.00
M Chinnaswamy Stadium	Royal Challengers Bengaluru	Chennai Super Kings	Matches=6	Wins=3	Losses=3	Win%=50.00	TossWins=2	TossLosses=4	TossWinMatchWins=1	TossWinMatchLosses=1	TossConversion%=50.00	BatFirst=0	BatFirstWins=0	BatFirstWin%=0.00	FieldFirst=2	FieldFirstWins=1	FieldFirstWin%=50.00
M Chinnaswamy Stadium	Royal Challengers Bengaluru	Deccan Chargers	Matches=3	Wins=2	Losses=1	Win%=66.67	TossWins=1	TossLosses=2	TossWinMatchWins=1	TossWinMatchLosses=0	TossConversion%=100.00	BatFirst=0	BatFirstWins=0	BatFirstWin%=0.00	FieldFirst=1	FieldFirstWins=1	FieldFirstWin%=100.00
M Chinnaswamy Stadium	Royal Challengers Bengaluru	Delhi Capitals	Matches=7	Wins=3	Losses=4	Win%=42.86	TossWins=3	TossLosses=4	TossWinMatchWins=1	TossWinMatchLosses=2	TossConversion%=33.33	BatFirst=0	BatFirstWins=0	BatFirstWin%=0.00	FieldFirst=3	FieldFirstWins=1	FieldFirstWin%=33.33
M Chinnaswamy Stadium	Royal Challengers Bengaluru	Gujarat Lions	Matches=3	Wins=2	Losses=1	Win%=66.67	TossWins=1	TossLosses=2	TossWinMatchWins=1	TossWinMatchLosses=0	TossConversion%=100.00	BatFirst=0	BatFirstWins=0	BatFirstWin%=0.00	FieldFirst=1	FieldFirstWins=1	FieldFirstWin%=100.00
M Chinnaswamy Stadium	Royal Challengers Bengaluru	Kochi Tuskers Kerala	Matches=1	Wins=1	Losses=0	Win%=100.00	TossWins=0	TossLosses=1	TossWinMatchWins=0	TossWinMatchLosses=0	TossConversion%=0.00	BatFirst=0	BatFirstWins=0	BatFirstWin%=0.00	FieldFirst=0	FieldFirstWins=0	FieldFirstWin%=0.00
M Chinnaswamy Stadium	Royal Challengers Bengaluru	Kolkata Knight Riders	Matches=8	Wins=4	Losses=4	Win%=50.00	TossWins=6	TossLosses=2	TossWinMatchWins=4	TossWinMatchLosses=2	TossConversion%=66.67	BatFirst=0	BatFirstWins=0	BatFirstWin%=0.00	FieldFirst=6	FieldFirstWins=4	FieldFirstWin%=66.67
M Chinnaswamy Stadium	Royal Challengers Bengaluru	Mumbai Indians	Matches=8	Wins=1	Losses=7	Win%=12.50	TossWins=2	TossLosses=6	TossWinMatchWins=0	TossWinMatchLosses=2	TossConversion%=0.00	BatFirst=0	BatFirstWins=0	BatFirstWin%=0.00	FieldFirst=2	FieldFirstWins=0	FieldFirstWin%=0.00
M Chinnaswamy Stadium	Royal Challengers Bengaluru	Pune Warriors	Matches=3	Wins=3	Losses=0	Win%=100.00	TossWins=0	TossLosses=3	TossWinMatchWins=0	TossWinMatchLosses=0	TossConversion%=0.00	BatFirst=0	BatFirstWins=0	BatFirstWin%=0.00	FieldFirst=0	FieldFirstWins=0	FieldFirstWin%=0.00
M Chinnaswamy Stadium	Royal Challengers Bengaluru	Punjab Kings	Matches=9	Wins=4	Losses=5	Win%=44.44	TossWins=2	TossLosses=7	TossWinMatchWins=0	TossWinMatchLosses=2	TossConversion%=0.00	BatFirst=0	BatFirstWins=0	BatFirstWin%=0.00	FieldFirst=2	FieldFirstWins=0	FieldFirstWin%=0.00
M Chinnaswamy Stadium	Royal Challengers Bengaluru	Rajasthan Royals	Matches=6	Wins=2	Losses=4	Win%=33.33	TossWins=3	TossLosses=3	TossWinMatchWins=2	TossWinMatchLosses=1	TossConversion%=66.67	BatFirst=1	BatFirstWins=0	BatFirstWin%=0.00	FieldFirst=2	FieldFirstWins=2	FieldFirstWin%=100.00
M Chinnaswamy Stadium	Royal Challengers Bengaluru	Rising Pune Supergiants	Matches=2	Wins=1	Losses=1	Win%=50.00	TossWins=2	TossLosses=0	TossWinMatchWins=1	TossWinMatchLosses=1	TossConversion%=50.00	BatFirst=0	BatFirstWins=0	BatFirstWin%=0.00	FieldFirst=2	FieldFirstWins=1	FieldFirstWin%=50.00
M Chinnaswamy Stadium	Royal Challengers Bengaluru	Sunrisers Hyderabad	Matches=5	Wins=3	Losses=2	Win%=60.00	TossWins=1	TossLosses=4	TossWinMatchWins=1	TossWinMatchLosses=0	TossConversion%=100.00	BatFirst=0	BatFirstWins=0	BatFirstWin%=0.00	FieldFirst=1	FieldFirstWins=1	FieldFirstWin%=100.00
M Chinnaswamy Stadium	Sunrisers Hyderabad	Kolkata Knight Riders	Matches=1	Wins=0	Losses=1	Win%=0.00	TossWins=0	TossLosses=1	TossWinMatchWins=0	TossWinMatchLosses=0	TossConversion%=0.00	BatFirst=0	BatFirstWins=0	BatFirstWin%=0.00	FieldFirst=0	FieldFirstWins=0	FieldFirstWin%=0.00
M Chinnaswamy Stadium	Sunrisers Hyderabad	Royal Challengers Bengaluru	Matches=5	Wins=2	Losses=3	Win%=40.00	TossWins=4	TossLosses=1	TossWinMatchWins=2	TossWinMatchLosses=2	TossConversion%=50.00	BatFirst=2	BatFirstWins=1	BatFirstWin%=50.00	FieldFirst=2	FieldFirstWins=1	FieldFirstWin%=50.00
M Chinnaswamy Stadium, Bengaluru	Chennai Super Kings	Royal Challengers Bengaluru	Matches=2	Wins=1	Losses=1	Win%=50.00	TossWins=1	TossLosses=1	TossWinMatchWins=0	TossWinMatchLosses=1	TossConversion%=0.00	BatFirst=0	BatFirstWins=0	BatFirstWin%=0.00	FieldFirst=1	FieldFirstWins=0	FieldFirstWin%=0.00
M Chinnaswamy Stadium, Bengaluru	Delhi Capitals	Royal Challengers Bengaluru	Matches=2	Wins=0	Losses=2	Win%=0.00	TossWins=2	TossLosses=0	TossWinMatchWins=0	TossWinMatchLosses=2	TossConversion%=0.00	BatFirst=0	BatFirstWins=0	BatFirstWin%=0.00	FieldFirst=2	FieldFirstWins=0	FieldFirstWin%=0.00
M Chinnaswamy Stadium, Bengaluru	Gujarat Titans	Royal Challengers Bengaluru	Matches=2	Wins=1	Losses=1	Win%=50.00	TossWins=1	TossLosses=1	TossWinMatchWins=1	TossWinMatchLosses=0	TossConversion%=100.00	BatFirst=0	BatFirstWins=0	BatFirstWin%=0.00	FieldFirst=1	FieldFirstWins=1	FieldFirstWin%=100.00
M Chinnaswamy Stadium, Bengaluru	Kolkata Knight Riders	Royal Challengers Bengaluru	Matches=2	Wins=2	Losses=0	Win%=100.00	TossWins=1	TossLosses=1	TossWinMatchWins=1	TossWinMatchLosses=0	TossConversion%=100.00	BatFirst=0	BatFirstWins=0	BatFirstWin%=0.00	FieldFirst=1	FieldFirstWins=1	FieldFirstWin%=100.00
M Chinnaswamy Stadium, Bengaluru	Lucknow Super Giants	Royal Challengers Bengaluru	Matches=2	Wins=2	Losses=0	Win%=100.00	TossWins=1	TossLosses=1	TossWinMatchWins=1	TossWinMatchLosses=0	TossConversion%=100.00	BatFirst=0	BatFirstWins=0	BatFirstWin%=0.00	FieldFirst=1	FieldFirstWins=1	FieldFirstWin%=100.00
M Chinnaswamy Stadium, Bengaluru	Mumbai Indians	Royal Challengers Bengaluru	Matches=1	Wins=0	Losses=1	Win%=0.00	TossWins=0	TossLosses=1	TossWinMatchWins=0	TossWinMatchLosses=0	TossConversion%=0.00	BatFirst=0	BatFirstWins=0	BatFirstWin%=0.00	FieldFirst=0	FieldFirstWins=0	FieldFirstWin%=0.00
M Chinnaswamy Stadium, Bengaluru	Punjab Kings	Royal Challengers Bengaluru	Matches=1	Wins=0	Losses=1	Win%=0.00	TossWins=0	TossLosses=1	TossWinMatchWins=0	TossWinMatchLosses=0	TossConversion%=0.00	BatFirst=0	BatFirstWins=0	BatFirstWin%=0.00	FieldFirst=0	FieldFirstWins=0	FieldFirstWin%=0.00
M Chinnaswamy Stadium, Bengaluru	Rajasthan Royals	Royal Challengers Bengaluru	Matches=1	Wins=0	Losses=1	Win%=0.00	TossWins=1	TossLosses=0	TossWinMatchWins=0	TossWinMatchLosses=1	TossConversion%=0.00	BatFirst=0	BatFirstWins=0	BatFirstWin%=0.00	FieldFirst=1	FieldFirstWins=0	FieldFirstWin%=0.00
M Chinnaswamy Stadium, Bengaluru	Royal Challengers Bengaluru	Chennai Super Kings	Matches=2	Wins=1	Losses=1	Win%=50.00	TossWins=1	TossLosses=1	TossWinMatchWins=0	TossWinMatchLosses=1	TossConversion%=0.00	BatFirst=0	BatFirstWins=0	BatFirstWin%=0.00	FieldFirst=1	FieldFirstWins=0	FieldFirstWin%=0.00
M Chinnaswamy Stadium, Bengaluru	Royal Challengers Bengaluru	Delhi Capitals	Matches=2	Wins=2	Losses=0	Win%=100.00	TossWins=0	TossLosses=2	TossWinMatchWins=0	TossWinMatchLosses=0	TossConversion%=0.00	BatFirst=0	BatFirstWins=0	BatFirstWin%=0.00	FieldFirst=0	FieldFirstWins=0	FieldFirstWin%=0.00
M Chinnaswamy Stadium, Bengaluru	Royal Challengers Bengaluru	Gujarat Titans	Matches=2	Wins=1	Losses=1	Win%=50.00	TossWins=1	TossLosses=1	TossWinMatchWins=1	TossWinMatchLosses=0	TossConversion%=100.00	BatFirst=0	BatFirstWins=0	BatFirstWin%=0.00	FieldFirst=1	FieldFirstWins=1	FieldFirstWin%=100.00
M Chinnaswamy Stadium, Bengaluru	Royal Challengers Bengaluru	Kolkata Knight Riders	Matches=2	Wins=0	Losses=2	Win%=0.00	TossWins=1	TossLosses=1	TossWinMatchWins=0	TossWinMatchLosses=1	TossConversion%=0.00	BatFirst=0	BatFirstWins=0	BatFirstWin%=0.00	FieldFirst=1	FieldFirstWins=0	FieldFirstWin%=0.00
M Chinnaswamy Stadium, Bengaluru	Royal Challengers Bengaluru	Lucknow Super Giants	Matches=2	Wins=0	Losses=2	Win%=0.00	TossWins=1	TossLosses=1	TossWinMatchWins=0	TossWinMatchLosses=1	TossConversion%=0.00	BatFirst=0	BatFirstWins=0	BatFirstWin%=0.00	FieldFirst=1	FieldFirstWins=0	FieldFirstWin%=0.00
M Chinnaswamy Stadium, Bengaluru	Royal Challengers Bengaluru	Mumbai Indians	Matches=1	Wins=1	Losses=0	Win%=100.00	TossWins=1	TossLosses=0	TossWinMatchWins=1	TossWinMatchLosses=0	TossConversion%=100.00	BatFirst=0	BatFirstWins=0	BatFirstWin%=0.00	FieldFirst=1	FieldFirstWins=1	FieldFirstWin%=100.00
M Chinnaswamy Stadium, Bengaluru	Royal Challengers Bengaluru	Punjab Kings	Matches=1	Wins=1	Losses=0	Win%=100.00	TossWins=1	TossLosses=0	TossWinMatchWins=1	TossWinMatchLosses=0	TossConversion%=100.00	BatFirst=0	BatFirstWins=0	BatFirstWin%=0.00	FieldFirst=1	FieldFirstWins=1	FieldFirstWin%=100.00
M Chinnaswamy Stadium, Bengaluru	Royal Challengers Bengaluru	Rajasthan Royals	Matches=1	Wins=1	Losses=0	Win%=100.00	TossWins=0	TossLosses=1	TossWinMatchWins=0	TossWinMatchLosses=0	TossConversion%=0.00	BatFirst=0	BatFirstWins=0	BatFirstWin%=0.00	FieldFirst=0	FieldFirstWins=0	FieldFirstWin%=0.00
M Chinnaswamy Stadium, Bengaluru	Royal Challengers Bengaluru	Sunrisers Hyderabad	Matches=1	Wins=0	Losses=1	Win%=0.00	TossWins=1	TossLosses=0	TossWinMatchWins=0	TossWinMatchLosses=1	TossConversion%=0.00	BatFirst=0	BatFirstWins=0	BatFirstWin%=0.00	FieldFirst=1	FieldFirstWins=0	FieldFirstWin%=0.00
M Chinnaswamy Stadium, Bengaluru	Sunrisers Hyderabad	Royal Challengers Bengaluru	Matches=1	Wins=1	Losses=0	Win%=100.00	TossWins=0	TossLosses=1	TossWinMatchWins=0	TossWinMatchLosses=0	TossConversion%=0.00	BatFirst=0	BatFirstWins=0	BatFirstWin%=0.00	FieldFirst=0	FieldFirstWins=0	FieldFirstWin%=0.00
M.Chinnaswamy Stadium	Chennai Super Kings	Royal Challengers Bengaluru	Matches=2	Wins=1	Losses=1	Win%=50.00	TossWins=2	TossLosses=0	TossWinMatchWins=1	TossWinMatchLosses=1	TossConversion%=50.00	BatFirst=0	BatFirstWins=0	BatFirstWin%=0.00	FieldFirst=2	FieldFirstWins=1	FieldFirstWin%=50.00
M.Chinnaswamy Stadium	Delhi Capitals	Royal Challengers Bengaluru	Matches=3	Wins=1	Losses=2	Win%=33.33	TossWins=1	TossLosses=2	TossWinMatchWins=1	TossWinMatchLosses=0	TossConversion%=100.00	BatFirst=0	BatFirstWins=0	BatFirstWin%=0.00	FieldFirst=1	FieldFirstWins=1	FieldFirstWin%=100.00
M.Chinnaswamy Stadium	Kolkata Knight Riders	Royal Challengers Bengaluru	Matches=2	Wins=2	Losses=0	Win%=100.00	TossWins=2	TossLosses=0	TossWinMatchWins=2	TossWinMatchLosses=0	TossConversion%=100.00	BatFirst=0	BatFirstWins=0	BatFirstWin%=0.00	FieldFirst=2	FieldFirstWins=2	FieldFirstWin%=100.00
M.Chinnaswamy Stadium	Mumbai Indians	Royal Challengers Bengaluru	Matches=2	Wins=1	Losses=1	Win%=50.00	TossWins=1	TossLosses=1	TossWinMatchWins=0	TossWinMatchLosses=1	TossConversion%=0.00	BatFirst=0	BatFirstWins=0	BatFirstWin%=0.00	FieldFirst=1	FieldFirstWins=0	FieldFirstWin%=0.00
M.Chinnaswamy Stadium	Punjab Kings	Royal Challengers Bengaluru	Matches=2	Wins=0	Losses=2	Win%=0.00	TossWins=1	TossLosses=1	TossWinMatchWins=0	TossWinMatchLosses=1	TossConversion%=0.00	BatFirst=0	BatFirstWins=0	BatFirstWin%=0.00	FieldFirst=1	FieldFirstWins=0	FieldFirstWin%=0.00
M.Chinnaswamy Stadium	Rajasthan Royals	Royal Challengers Bengaluru	Matches=2	Wins=1	Losses=1	Win%=50.00	TossWins=1	TossLosses=1	TossWinMatchWins=0	TossWinMatchLosses=1	TossConversion%=0.00	BatFirst=0	BatFirstWins=0	BatFirstWin%=0.00	FieldFirst=1	FieldFirstWins=0	FieldFirstWin%=0.00
M.Chinnaswamy Stadium	Royal Challengers Bengaluru	Chennai Super Kings	Matches=2	Wins=1	Losses=1	Win%=50.00	TossWins=0	TossLosses=2	TossWinMatchWins=0	TossWinMatchLosses=0	TossConversion%=0.00	BatFirst=0	BatFirstWins=0	BatFirstWin%=0.00	FieldFirst=0	FieldFirstWins=0	FieldFirstWin%=0.00
M.Chinnaswamy Stadium	Royal Challengers Bengaluru	Delhi Capitals	Matches=3	Wins=2	Losses=1	Win%=66.67	TossWins=2	TossLosses=1	TossWinMatchWins=2	TossWinMatchLosses=0	TossConversion%=100.00	BatFirst=1	BatFirstWins=1	BatFirstWin%=100.00	FieldFirst=1	FieldFirstWins=1	FieldFirstWin%=100.00
M.Chinnaswamy Stadium	Royal Challengers Bengaluru	Kolkata Knight Riders	Matches=2	Wins=0	Losses=2	Win%=0.00	TossWins=0	TossLosses=2	TossWinMatchWins=0	TossWinMatchLosses=0	TossConversion%=0.00	BatFirst=0	BatFirstWins=0	BatFirstWin%=0.00	FieldFirst=0	FieldFirstWins=0	FieldFirstWin%=0.00
M.Chinnaswamy Stadium	Royal Challengers Bengaluru	Mumbai Indians	Matches=2	Wins=1	Losses=1	Win%=50.00	TossWins=1	TossLosses=1	TossWinMatchWins=0	TossWinMatchLosses=1	TossConversion%=0.00	BatFirst=0	BatFirstWins=0	BatFirstWin%=0.00	FieldFirst=1	FieldFirstWins=0	FieldFirstWin%=0.00
M.Chinnaswamy Stadium	Royal Challengers Bengaluru	Punjab Kings	Matches=2	Wins=2	Losses=0	Win%=100.00	TossWins=1	TossLosses=1	TossWinMatchWins=1	TossWinMatchLosses=0	TossConversion%=100.00	BatFirst=0	BatFirstWins=0	BatFirstWin%=0.00	FieldFirst=1	FieldFirstWins=1	FieldFirstWin%=100.00
M.Chinnaswamy Stadium	Royal Challengers Bengaluru	Rajasthan Royals	Matches=2	Wins=0	Losses=2	Win%=0.00	TossWins=1	TossLosses=1	TossWinMatchWins=0	TossWinMatchLosses=1	TossConversion%=0.00	BatFirst=0	BatFirstWins=0	BatFirstWin%=0.00	FieldFirst=1	FieldFirstWins=0	FieldFirstWin%=0.00
M.Chinnaswamy Stadium	Royal Challengers Bengaluru	Sunrisers Hyderabad	Matches=2	Wins=2	Losses=0	Win%=100.00	TossWins=1	TossLosses=1	TossWinMatchWins=1	TossWinMatchLosses=0	TossConversion%=100.00	BatFirst=0	BatFirstWins=0	BatFirstWin%=0.00	FieldFirst=1	FieldFirstWins=1	FieldFirstWin%=100.00
M.Chinnaswamy Stadium	Sunrisers Hyderabad	Royal Challengers Bengaluru	Matches=2	Wins=0	Losses=2	Win%=0.00	TossWins=1	TossLosses=1	TossWinMatchWins=0	TossWinMatchLosses=1	TossConversion%=0.00	BatFirst=0	BatFirstWins=0	BatFirstWin%=0.00	FieldFirst=1	FieldFirstWins=0	FieldFirstWin%=0.00
MA Chidambaram Stadium	Chennai Super Kings	Delhi Capitals	Matches=1	Wins=1	Losses=0	Win%=100.00	TossWins=0	TossLosses=1	TossWinMatchWins=0	TossWinMatchLosses=0	TossConversion%=0.00	BatFirst=0	BatFirstWins=0	BatFirstWin%=0.00	FieldFirst=0	FieldFirstWins=0	FieldFirstWin%=0.00
MA Chidambaram Stadium	Chennai Super Kings	Kolkata Knight Riders	Matches=2	Wins=2	Losses=0	Win%=100.00	TossWins=2	TossLosses=0	TossWinMatchWins=2	TossWinMatchLosses=0	TossConversion%=100.00	BatFirst=0	BatFirstWins=0	BatFirstWin%=0.00	FieldFirst=2	FieldFirstWins=2	FieldFirstWin%=100.00
MA Chidambaram Stadium	Chennai Super Kings	Mumbai Indians	Matches=2	Wins=0	Losses=2	Win%=0.00	TossWins=2	TossLosses=0	TossWinMatchWins=0	TossWinMatchLosses=2	TossConversion%=0.00	BatFirst=1	BatFirstWins=0	BatFirstWin%=0.00	FieldFirst=1	FieldFirstWins=0	FieldFirstWin%=0.00
MA Chidambaram Stadium	Chennai Super Kings	Punjab Kings	Matches=1	Wins=1	Losses=0	Win%=100.00	TossWins=1	TossLosses=0	TossWinMatchWins=1	TossWinMatchLosses=0	TossConversion%=100.00	BatFirst=1	BatFirstWins=1	BatFirstWin%=100.00	FieldFirst=0	FieldFirstWins=0	FieldFirstWin%=0.00
MA Chidambaram Stadium	Chennai Super Kings	Rajasthan Royals	Matches=1	Wins=1	Losses=0	Win%=100.00	TossWins=0	TossLosses=1	TossWinMatchWins=0	TossWinMatchLosses=0	TossConversion%=0.00	BatFirst=0	BatFirstWins=0	BatFirstWin%=0.00	FieldFirst=0	FieldFirstWins=0	FieldFirstWin%=0.00
MA Chidambaram Stadium	Chennai Super Kings	Royal Challengers Bengaluru	Matches=1	Wins=1	Losses=0	Win%=100.00	TossWins=1	TossLosses=0	TossWinMatchWins=1	TossWinMatchLosses=0	TossConversion%=100.00	BatFirst=0	BatFirstWins=0	BatFirstWin%=0.00	FieldFirst=1	FieldFirstWins=1	FieldFirstWin%=100.00
MA Chidambaram Stadium	Chennai Super Kings	Sunrisers Hyderabad	Matches=1	Wins=1	Losses=0	Win%=100.00	TossWins=1	TossLosses=0	TossWinMatchWins=1	TossWinMatchLosses=0	TossConversion%=100.00	BatFirst=0	BatFirstWins=0	BatFirstWin%=0.00	FieldFirst=1	FieldFirstWins=1	FieldFirstWin%=100.00
MA Chidambaram Stadium	Delhi Capitals	Chennai Super Kings	Matches=1	Wins=0	Losses=1	Win%=0.00	TossWins=1	TossLosses=0	TossWinMatchWins=0	TossWinMatchLosses=1	TossConversion%=0.00	BatFirst=0	BatFirstWins=0	BatFirstWin%=0.00	FieldFirst=1	FieldFirstWins=0	FieldFirstWin%=0.00
MA Chidambaram Stadium	Kolkata Knight Riders	Chennai Super Kings	Matches=2	Wins=0	Losses=2	Win%=0.00	TossWins=0	TossLosses=2	TossWinMatchWins=0	TossWinMatchLosses=0	TossConversion%=0.00	BatFirst=0	BatFirstWins=0	BatFirstWin%=0.00	FieldFirst=0	FieldFirstWins=0	FieldFirstWin%=0.00
MA Chidambaram Stadium	Mumbai Indians	Chennai Super Kings	Matches=2	Wins=2	Losses=0	Win%=100.00	TossWins=0	TossLosses=2	TossWinMatchWins=0	TossWinMatchLosses=0	TossConversion%=0.00	BatFirst=0	BatFirstWins=0	BatFirstWin%=0.00	FieldFirst=0	FieldFirstWins=0	FieldFirstWin%=0.00
MA Chidambaram Stadium	Punjab Kings	Chennai Super Kings	Matches=1	Wins=0	Losses=1	Win%=0.00	TossWins=0	TossLosses=1	TossWinMatchWins=0	TossWinMatchLosses=0	TossConversion%=0.00	BatFirst=0	BatFirstWins=0	BatFirstWin%=0.00	FieldFirst=0	FieldFirstWins=0	FieldFirstWin%=0.00
MA Chidambaram Stadium	Rajasthan Royals	Chennai Super Kings	Matches=1	Wins=0	Losses=1	Win%=0.00	TossWins=1	TossLosses=0	TossWinMatchWins=0	TossWinMatchLosses=1	TossConversion%=0.00	BatFirst=0	BatFirstWins=0	BatFirstWin%=0.00	FieldFirst=1	FieldFirstWins=0	FieldFirstWin%=0.00
MA Chidambaram Stadium	Royal Challengers Bengaluru	Chennai Super Kings	Matches=1	Wins=0	Losses=1	Win%=0.00	TossWins=0	TossLosses=1	TossWinMatchWins=0	TossWinMatchLosses=0	TossConversion%=0.00	BatFirst=0	BatFirstWins=0	BatFirstWin%=0.00	FieldFirst=0	FieldFirstWins=0	FieldFirstWin%=0.00
MA Chidambaram Stadium	Sunrisers Hyderabad	Chennai Super Kings	Matches=1	Wins=0	Losses=1	Win%=0.00	TossWins=0	TossLosses=1	TossWinMatchWins=0	TossWinMatchLosses=0	TossConversion%=0.00	BatFirst=0	BatFirstWins=0	BatFirstWin%=0.00	FieldFirst=0	FieldFirstWins=0	FieldFirstWin%=0.00
MA Chidambaram Stadium, Chepauk	Chennai Super Kings	Deccan Chargers	Matches=4	Wins=2	Losses=2	Win%=50.00	TossWins=2	TossLosses=2	TossWinMatchWins=2	TossWinMatchLosses=0	TossConversion%=100.00	BatFirst=2	BatFirstWins=2	BatFirstWin%=100.00	FieldFirst=0	FieldFirstWins=0	FieldFirstWin%=0.00
MA Chidambaram Stadium, Chepauk	Chennai Super Kings	Delhi Capitals	Matches=7	Wins=5	Losses=2	Win%=71.43	TossWins=5	TossLosses=2	TossWinMatchWins=3	TossWinMatchLosses=2	TossConversion%=60.00	BatFirst=4	BatFirstWins=2	BatFirstWin%=50.00	FieldFirst=1	FieldFirstWins=1	FieldFirstWin%=100.00
MA Chidambaram Stadium, Chepauk	Chennai Super Kings	Kochi Tuskers Kerala	Matches=1	Wins=1	Losses=0	Win%=100.00	TossWins=1	TossLosses=0	TossWinMatchWins=1	TossWinMatchLosses=0	TossConversion%=100.00	BatFirst=1	BatFirstWins=1	BatFirstWin%=100.00	FieldFirst=0	FieldFirstWins=0	FieldFirstWin%=0.00
MA Chidambaram Stadium, Chepauk	Chennai Super Kings	Kolkata Knight Riders	Matches=7	Wins=5	Losses=2	Win%=71.43	TossWins=3	TossLosses=4	TossWinMatchWins=1	TossWinMatchLosses=2	TossConversion%=33.33	BatFirst=3	BatFirstWins=1	BatFirstWin%=33.33	FieldFirst=0	FieldFirstWins=0	FieldFirstWin%=0.00
MA Chidambaram Stadium, Chepauk	Chennai Super Kings	Mumbai Indians	Matches=5	Wins=2	Losses=3	Win%=40.00	TossWins=2	TossLosses=3	TossWinMatchWins=1	TossWinMatchLosses=1	TossConversion%=50.00	BatFirst=2	BatFirstWins=1	BatFirstWin%=50.00	FieldFirst=0	FieldFirstWins=0	FieldFirstWin%=0.00
MA Chidambaram Stadium, Chepauk	Chennai Super Kings	Pune Warriors	Matches=3	Wins=2	Losses=1	Win%=66.67	TossWins=0	TossLosses=3	TossWinMatchWins=0	TossWinMatchLosses=0	TossConversion%=0.00	BatFirst=0	BatFirstWins=0	BatFirstWin%=0.00	FieldFirst=0	FieldFirstWins=0	FieldFirstWin%=0.00
MA Chidambaram Stadium, Chepauk	Chennai Super Kings	Punjab Kings	Matches=5	Wins=3	Losses=2	Win%=60.00	TossWins=3	TossLosses=2	TossWinMatchWins=2	TossWinMatchLosses=1	TossConversion%=66.67	BatFirst=2	BatFirstWins=2	BatFirstWin%=100.00	FieldFirst=1	FieldFirstWins=0	FieldFirstWin%=0.00
MA Chidambaram Stadium, Chepauk	Chennai Super Kings	Rajasthan Royals	Matches=6	Wins=5	Losses=1	Win%=83.33	TossWins=2	TossLosses=4	TossWinMatchWins=2	TossWinMatchLosses=0	TossConversion%=100.00	BatFirst=2	BatFirstWins=2	BatFirstWin%=100.00	FieldFirst=0	FieldFirstWins=0	FieldFirstWin%=0.00
MA Chidambaram Stadium, Chepauk	Chennai Super Kings	Royal Challengers Bengaluru	Matches=7	Wins=6	Losses=1	Win%=85.71	TossWins=4	TossLosses=3	TossWinMatchWins=4	TossWinMatchLosses=0	TossConversion%=100.00	BatFirst=3	BatFirstWins=3	BatFirstWin%=100.00	FieldFirst=1	FieldFirstWins=1	FieldFirstWin%=100.00
MA Chidambaram Stadium, Chepauk	Chennai Super Kings	Sunrisers Hyderabad	Matches=2	Wins=2	Losses=0	Win%=100.00	TossWins=1	TossLosses=1	TossWinMatchWins=1	TossWinMatchLosses=0	TossConversion%=100.00	BatFirst=1	BatFirstWins=1	BatFirstWin%=100.00	FieldFirst=0	FieldFirstWins=0	FieldFirstWin%=0.00
MA Chidambaram Stadium, Chepauk	Deccan Chargers	Chennai Super Kings	Matches=4	Wins=2	Losses=2	Win%=50.00	TossWins=2	TossLosses=2	TossWinMatchWins=2	TossWinMatchLosses=0	TossConversion%=100.00	BatFirst=1	BatFirstWins=1	BatFirstWin%=100.00	FieldFirst=1	FieldFirstWins=1	FieldFirstWin%=100.00
MA Chidambaram Stadium, Chepauk	Delhi Capitals	Chennai Super Kings	Matches=7	Wins=2	Losses=5	Win%=28.57	TossWins=2	TossLosses=5	TossWinMatchWins=0	TossWinMatchLosses=2	TossConversion%=0.00	BatFirst=0	BatFirstWins=0	BatFirstWin%=0.00	FieldFirst=2	FieldFirstWins=0	FieldFirstWin%=0.00
MA Chidambaram Stadium, Chepauk	Kochi Tuskers Kerala	Chennai Super Kings	Matches=1	Wins=0	Losses=1	Win%=0.00	TossWins=0	TossLosses=1	TossWinMatchWins=0	TossWinMatchLosses=0	TossConversion%=0.00	BatFirst=0	BatFirstWins=0	BatFirstWin%=0.00	FieldFirst=0	FieldFirstWins=0	FieldFirstWin%=0.00
MA Chidambaram Stadium, Chepauk	Kolkata Knight Riders	Chennai Super Kings	Matches=7	Wins=2	Losses=5	Win%=28.57	TossWins=4	TossLosses=3	TossWinMatchWins=0	TossWinMatchLosses=4	TossConversion%=0.00	BatFirst=2	BatFirstWins=0	BatFirstWin%=0.00	FieldFirst=2	FieldFirstWins=0	FieldFirstWin%=0.00
MA Chidambaram Stadium, Chepauk	Mumbai Indians	Chennai Super Kings	Matches=5	Wins=3	Losses=2	Win%=60.00	TossWins=3	TossLosses=2	TossWinMatchWins=2	TossWinMatchLosses=1	TossConversion%=66.67	BatFirst=1	BatFirstWins=1	BatFirstWin%=100.00	FieldFirst=2	FieldFirstWins=1	FieldFirstWin%=50.00
MA Chidambaram Stadium, Chepauk	Mumbai Indians	Royal Challengers Bengaluru	Matches=1	Wins=0	Losses=1	Win%=0.00	TossWins=1	TossLosses=0	TossWinMatchWins=0	TossWinMatchLosses=1	TossConversion%=0.00	BatFirst=0	BatFirstWins=0	BatFirstWin%=0.00	FieldFirst=1	FieldFirstWins=0	FieldFirstWin%=0.00
MA Chidambaram Stadium, Chepauk	Pune Warriors	Chennai Super Kings	Matches=3	Wins=1	Losses=2	Win%=33.33	TossWins=3	TossLosses=0	TossWinMatchWins=1	TossWinMatchLosses=2	TossConversion%=33.33	BatFirst=1	BatFirstWins=1	BatFirstWin%=100.00	FieldFirst=2	FieldFirstWins=0	FieldFirstWin%=0.00
MA Chidambaram Stadium, Chepauk	Punjab Kings	Chennai Super Kings	Matches=5	Wins=2	Losses=3	Win%=40.00	TossWins=2	TossLosses=3	TossWinMatchWins=1	TossWinMatchLosses=1	TossConversion%=50.00	BatFirst=1	BatFirstWins=1	BatFirstWin%=100.00	FieldFirst=1	FieldFirstWins=0	FieldFirstWin%=0.00
MA Chidambaram Stadium, Chepauk	Rajasthan Royals	Chennai Super Kings	Matches=6	Wins=1	Losses=5	Win%=16.67	TossWins=4	TossLosses=2	TossWinMatchWins=1	TossWinMatchLosses=3	TossConversion%=25.00	BatFirst=4	BatFirstWins=1	BatFirstWin%=25.00	FieldFirst=0	FieldFirstWins=0	FieldFirstWin%=0.00
MA Chidambaram Stadium, Chepauk	Royal Challengers Bengaluru	Chennai Super Kings	Matches=7	Wins=1	Losses=6	Win%=14.29	TossWins=3	TossLosses=4	TossWinMatchWins=1	TossWinMatchLosses=2	TossConversion%=33.33	BatFirst=3	BatFirstWins=1	BatFirstWin%=33.33	FieldFirst=0	FieldFirstWins=0	FieldFirstWin%=0.00
MA Chidambaram Stadium, Chepauk	Royal Challengers Bengaluru	Mumbai Indians	Matches=1	Wins=1	Losses=0	Win%=100.00	TossWins=0	TossLosses=1	TossWinMatchWins=0	TossWinMatchLosses=0	TossConversion%=0.00	BatFirst=0	BatFirstWins=0	BatFirstWin%=0.00	FieldFirst=0	FieldFirstWins=0	FieldFirstWin%=0.00
MA Chidambaram Stadium, Chepauk	Sunrisers Hyderabad	Chennai Super Kings	Matches=2	Wins=0	Losses=2	Win%=0.00	TossWins=1	TossLosses=1	TossWinMatchWins=0	TossWinMatchLosses=1	TossConversion%=0.00	BatFirst=1	BatFirstWins=0	BatFirstWin%=0.00	FieldFirst=0	FieldFirstWins=0	FieldFirstWin%=0.00
MA Chidambaram Stadium, Chepauk, Chennai	Chennai Super Kings	Delhi Capitals	Matches=1	Wins=1	Losses=0	Win%=100.00	TossWins=1	TossLosses=0	TossWinMatchWins=1	TossWinMatchLosses=0	TossConversion%=100.00	BatFirst=1	BatFirstWins=1	BatFirstWin%=100.00	FieldFirst=0	FieldFirstWins=0	FieldFirstWin%=0.00
MA Chidambaram Stadium, Chepauk, Chennai	Chennai Super Kings	Gujarat Titans	Matches=2	Wins=2	Losses=0	Win%=100.00	TossWins=0	TossLosses=2	TossWinMatchWins=0	TossWinMatchLosses=0	TossConversion%=0.00	BatFirst=0	BatFirstWins=0	BatFirstWin%=0.00	FieldFirst=0	FieldFirstWins=0	FieldFirstWin%=0.00
MA Chidambaram Stadium, Chepauk, Chennai	Chennai Super Kings	Kolkata Knight Riders	Matches=2	Wins=1	Losses=1	Win%=50.00	TossWins=2	TossLosses=0	TossWinMatchWins=1	TossWinMatchLosses=1	TossConversion%=50.00	BatFirst=1	BatFirstWins=0	BatFirstWin%=0.00	FieldFirst=1	FieldFirstWins=1	FieldFirstWin%=100.00
MA Chidambaram Stadium, Chepauk, Chennai	Chennai Super Kings	Lucknow Super Giants	Matches=2	Wins=1	Losses=1	Win%=50.00	TossWins=0	TossLosses=2	TossWinMatchWins=0	TossWinMatchLosses=0	TossConversion%=0.00	BatFirst=0	BatFirstWins=0	BatFirstWin%=0.00	FieldFirst=0	FieldFirstWins=0	FieldFirstWin%=0.00
MA Chidambaram Stadium, Chepauk, Chennai	Chennai Super Kings	Mumbai Indians	Matches=1	Wins=1	Losses=0	Win%=100.00	TossWins=1	TossLosses=0	TossWinMatchWins=1	TossWinMatchLosses=0	TossConversion%=100.00	BatFirst=0	BatFirstWins=0	BatFirstWin%=0.00	FieldFirst=1	FieldFirstWins=1	FieldFirstWin%=100.00
MA Chidambaram Stadium, Chepauk, Chennai	Chennai Super Kings	Punjab Kings	Matches=2	Wins=0	Losses=2	Win%=0.00	TossWins=1	TossLosses=1	TossWinMatchWins=0	TossWinMatchLosses=1	TossConversion%=0.00	BatFirst=1	BatFirstWins=0	BatFirstWin%=0.00	FieldFirst=0	FieldFirstWins=0	FieldFirstWin%=0.00
MA Chidambaram Stadium, Chepauk, Chennai	Chennai Super Kings	Rajasthan Royals	Matches=2	Wins=1	Losses=1	Win%=50.00	TossWins=1	TossLosses=1	TossWinMatchWins=0	TossWinMatchLosses=1	TossConversion%=0.00	BatFirst=0	BatFirstWins=0	BatFirstWin%=0.00	FieldFirst=1	FieldFirstWins=0	FieldFirstWin%=0.00
MA Chidambaram Stadium, Chepauk, Chennai	Chennai Super Kings	Royal Challengers Bengaluru	Matches=1	Wins=1	Losses=0	Win%=100.00	TossWins=0	TossLosses=1	TossWinMatchWins=0	TossWinMatchLosses=0	TossConversion%=0.00	BatFirst=0	BatFirstWins=0	BatFirstWin%=0.00	FieldFirst=0	FieldFirstWins=0	FieldFirstWin%=0.00
MA Chidambaram Stadium, Chepauk, Chennai	Chennai Super Kings	Sunrisers Hyderabad	Matches=2	Wins=2	Losses=0	Win%=100.00	TossWins=1	TossLosses=1	TossWinMatchWins=1	TossWinMatchLosses=0	TossConversion%=100.00	BatFirst=0	BatFirstWins=0	BatFirstWin%=0.00	FieldFirst=1	FieldFirstWins=1	FieldFirstWin%=100.00
MA Chidambaram Stadium, Chepauk, Chennai	Delhi Capitals	Chennai Super Kings	Matches=1	Wins=0	Losses=1	Win%=0.00	TossWins=0	TossLosses=1	TossWinMatchWins=0	TossWinMatchLosses=0	TossConversion%=0.00	BatFirst=0	BatFirstWins=0	BatFirstWin%=0.00	FieldFirst=0	FieldFirstWins=0	FieldFirstWin%=0.00
MA Chidambaram Stadium, Chepauk, Chennai	Delhi Capitals	Mumbai Indians	Matches=1	Wins=1	Losses=0	Win%=100.00	TossWins=0	TossLosses=1	TossWinMatchWins=0	TossWinMatchLosses=0	TossConversion%=0.00	BatFirst=0	BatFirstWins=0	BatFirstWin%=0.00	FieldFirst=0	FieldFirstWins=0	FieldFirstWin%=0.00
MA Chidambaram Stadium, Chepauk, Chennai	Delhi Capitals	Sunrisers Hyderabad	Matches=1	Wins=1	Losses=0	Win%=100.00	TossWins=1	TossLosses=0	TossWinMatchWins=1	TossWinMatchLosses=0	TossConversion%=100.00	BatFirst=1	BatFirstWins=1	BatFirstWin%=100.00	FieldFirst=0	FieldFirstWins=0	FieldFirstWin%=0.00
MA Chidambaram Stadium, Chepauk, Chennai	Gujarat Titans	Chennai Super Kings	Matches=2	Wins=0	Losses=2	Win%=0.00	TossWins=2	TossLosses=0	TossWinMatchWins=0	TossWinMatchLosses=2	TossConversion%=0.00	BatFirst=0	BatFirstWins=0	BatFirstWin%=0.00	FieldFirst=2	FieldFirstWins=0	FieldFirstWin%=0.00
MA Chidambaram Stadium, Chepauk, Chennai	Kolkata Knight Riders	Chennai Super Kings	Matches=2	Wins=1	Losses=1	Win%=50.00	TossWins=0	TossLosses=2	TossWinMatchWins=0	TossWinMatchLosses=0	TossConversion%=0.00	BatFirst=0	BatFirstWins=0	BatFirstWin%=0.00	FieldFirst=0	FieldFirstWins=0	FieldFirstWin%=0.00
MA Chidambaram Stadium, Chepauk, Chennai	Kolkata Knight Riders	Mumbai Indians	Matches=1	Wins=0	Losses=1	Win%=0.00	TossWins=1	TossLosses=0	TossWinMatchWins=0	TossWinMatchLosses=1	TossConversion%=0.00	BatFirst=0	BatFirstWins=0	BatFirstWin%=0.00	FieldFirst=1	FieldFirstWins=0	FieldFirstWin%=0.00
MA Chidambaram Stadium, Chepauk, Chennai	Kolkata Knight Riders	Royal Challengers Bengaluru	Matches=1	Wins=0	Losses=1	Win%=0.00	TossWins=0	TossLosses=1	TossWinMatchWins=0	TossWinMatchLosses=0	TossConversion%=0.00	BatFirst=0	BatFirstWins=0	BatFirstWin%=0.00	FieldFirst=0	FieldFirstWins=0	FieldFirstWin%=0.00
MA Chidambaram Stadium, Chepauk, Chennai	Kolkata Knight Riders	Sunrisers Hyderabad	Matches=2	Wins=2	Losses=0	Win%=100.00	TossWins=0	TossLosses=2	TossWinMatchWins=0	TossWinMatchLosses=0	TossConversion%=0.00	BatFirst=0	BatFirstWins=0	BatFirstWin%=0.00	FieldFirst=0	FieldFirstWins=0	FieldFirstWin%=0.00
MA Chidambaram Stadium, Chepauk, Chennai	Lucknow Super Giants	Chennai Super Kings	Matches=2	Wins=1	Losses=1	Win%=50.00	TossWins=2	TossLosses=0	TossWinMatchWins=1	TossWinMatchLosses=1	TossConversion%=50.00	BatFirst=0	BatFirstWins=0	BatFirstWin%=0.00	FieldFirst=2	FieldFirstWins=1	FieldFirstWin%=50.00
MA Chidambaram Stadium, Chepauk, Chennai	Lucknow Super Giants	Mumbai Indians	Matches=1	Wins=0	Losses=1	Win%=0.00	TossWins=0	TossLosses=1	TossWinMatchWins=0	TossWinMatchLosses=0	TossConversion%=0.00	BatFirst=0	BatFirstWins=0	BatFirstWin%=0.00	FieldFirst=0	FieldFirstWins=0	FieldFirstWin%=0.00
MA Chidambaram Stadium, Chepauk, Chennai	Mumbai Indians	Chennai Super Kings	Matches=1	Wins=0	Losses=1	Win%=0.00	TossWins=0	TossLosses=1	TossWinMatchWins=0	TossWinMatchLosses=0	TossConversion%=0.00	BatFirst=0	BatFirstWins=0	BatFirstWin%=0.00	FieldFirst=0	FieldFirstWins=0	FieldFirstWin%=0.00
MA Chidambaram Stadium, Chepauk, Chennai	Mumbai Indians	Delhi Capitals	Matches=1	Wins=0	Losses=1	Win%=0.00	TossWins=1	TossLosses=0	TossWinMatchWins=0	TossWinMatchLosses=1	TossConversion%=0.00	BatFirst=1	BatFirstWins=0	BatFirstWin%=0.00	FieldFirst=0	FieldFirstWins=0	FieldFirstWin%=0.00
MA Chidambaram Stadium, Chepauk, Chennai	Mumbai Indians	Kolkata Knight Riders	Matches=1	Wins=1	Losses=0	Win%=100.00	TossWins=0	TossLosses=1	TossWinMatchWins=0	TossWinMatchLosses=0	TossConversion%=0.00	BatFirst=0	BatFirstWins=0	BatFirstWin%=0.00	FieldFirst=0	FieldFirstWins=0	FieldFirstWin%=0.00
MA Chidambaram Stadium, Chepauk, Chennai	Mumbai Indians	Lucknow Super Giants	Matches=1	Wins=1	Losses=0	Win%=100.00	TossWins=1	TossLosses=0	TossWinMatchWins=1	TossWinMatchLosses=0	TossConversion%=100.00	BatFirst=1	BatFirstWins=1	BatFirstWin%=100.00	FieldFirst=0	FieldFirstWins=0	FieldFirstWin%=0.00
MA Chidambaram Stadium, Chepauk, Chennai	Mumbai Indians	Punjab Kings	Matches=1	Wins=0	Losses=1	Win%=0.00	TossWins=0	TossLosses=1	TossWinMatchWins=0	TossWinMatchLosses=0	TossConversion%=0.00	BatFirst=0	BatFirstWins=0	BatFirstWin%=0.00	FieldFirst=0	FieldFirstWins=0	FieldFirstWin%=0.00
MA Chidambaram Stadium, Chepauk, Chennai	Mumbai Indians	Royal Challengers Bengaluru	Matches=1	Wins=0	Losses=1	Win%=0.00	TossWins=0	TossLosses=1	TossWinMatchWins=0	TossWinMatchLosses=0	TossConversion%=0.00	BatFirst=0	BatFirstWins=0	BatFirstWin%=0.00	FieldFirst=0	FieldFirstWins=0	FieldFirstWin%=0.00
MA Chidambaram Stadium, Chepauk, Chennai	Mumbai Indians	Sunrisers Hyderabad	Matches=1	Wins=1	Losses=0	Win%=100.00	TossWins=1	TossLosses=0	TossWinMatchWins=1	TossWinMatchLosses=0	TossConversion%=100.00	BatFirst=1	BatFirstWins=1	BatFirstWin%=100.00	FieldFirst=0	FieldFirstWins=0	FieldFirstWin%=0.00
MA Chidambaram Stadium, Chepauk, Chennai	Punjab Kings	Chennai Super Kings	Matches=2	Wins=2	Losses=0	Win%=100.00	TossWins=1	TossLosses=1	TossWinMatchWins=1	TossWinMatchLosses=0	TossConversion%=100.00	BatFirst=0	BatFirstWins=0	BatFirstWin%=0.00	FieldFirst=1	FieldFirstWins=1	FieldFirstWin%=100.00
MA Chidambaram Stadium, Chepauk, Chennai	Punjab Kings	Mumbai Indians	Matches=1	Wins=1	Losses=0	Win%=100.00	TossWins=1	TossLosses=0	TossWinMatchWins=1	TossWinMatchLosses=0	TossConversion%=100.00	BatFirst=0	BatFirstWins=0	BatFirstWin%=0.00	FieldFirst=1	FieldFirstWins=1	FieldFirstWin%=100.00
MA Chidambaram Stadium, Chepauk, Chennai	Punjab Kings	Sunrisers Hyderabad	Matches=1	Wins=0	Losses=1	Win%=0.00	TossWins=1	TossLosses=0	TossWinMatchWins=0	TossWinMatchLosses=1	TossConversion%=0.00	BatFirst=1	BatFirstWins=0	BatFirstWin%=0.00	FieldFirst=0	FieldFirstWins=0	FieldFirstWin%=0.00
MA Chidambaram Stadium, Chepauk, Chennai	Rajasthan Royals	Chennai Super Kings	Matches=2	Wins=1	Losses=1	Win%=50.00	TossWins=1	TossLosses=1	TossWinMatchWins=0	TossWinMatchLosses=1	TossConversion%=0.00	BatFirst=1	BatFirstWins=0	BatFirstWin%=0.00	FieldFirst=0	FieldFirstWins=0	FieldFirstWin%=0.00
MA Chidambaram Stadium, Chepauk, Chennai	Rajasthan Royals	Sunrisers Hyderabad	Matches=1	Wins=0	Losses=1	Win%=0.00	TossWins=1	TossLosses=0	TossWinMatchWins=0	TossWinMatchLosses=1	TossConversion%=0.00	BatFirst=0	BatFirstWins=0	BatFirstWin%=0.00	FieldFirst=1	FieldFirstWins=0	FieldFirstWin%=0.00
MA Chidambaram Stadium, Chepauk, Chennai	Royal Challengers Bengaluru	Chennai Super Kings	Matches=1	Wins=0	Losses=1	Win%=0.00	TossWins=1	TossLosses=0	TossWinMatchWins=0	TossWinMatchLosses=1	TossConversion%=0.00	BatFirst=1	BatFirstWins=0	BatFirstWin%=0.00	FieldFirst=0	FieldFirstWins=0	FieldFirstWin%=0.00
MA Chidambaram Stadium, Chepauk, Chennai	Royal Challengers Bengaluru	Kolkata Knight Riders	Matches=1	Wins=1	Losses=0	Win%=100.00	TossWins=1	TossLosses=0	TossWinMatchWins=1	TossWinMatchLosses=0	TossConversion%=100.00	BatFirst=1	BatFirstWins=1	BatFirstWin%=100.00	FieldFirst=0	FieldFirstWins=0	FieldFirstWin%=0.00
MA Chidambaram Stadium, Chepauk, Chennai	Royal Challengers Bengaluru	Mumbai Indians	Matches=1	Wins=1	Losses=0	Win%=100.00	TossWins=1	TossLosses=0	TossWinMatchWins=1	TossWinMatchLosses=0	TossConversion%=100.00	BatFirst=0	BatFirstWins=0	BatFirstWin%=0.00	FieldFirst=1	FieldFirstWins=1	FieldFirstWin%=100.00
MA Chidambaram Stadium, Chepauk, Chennai	Royal Challengers Bengaluru	Sunrisers Hyderabad	Matches=1	Wins=1	Losses=0	Win%=100.00	TossWins=0	TossLosses=1	TossWinMatchWins=0	TossWinMatchLosses=0	TossConversion%=0.00	BatFirst=0	BatFirstWins=0	BatFirstWin%=0.00	FieldFirst=0	FieldFirstWins=0	FieldFirstWin%=0.00
MA Chidambaram Stadium, Chepauk, Chennai	Sunrisers Hyderabad	Chennai Super Kings	Matches=2	Wins=0	Losses=2	Win%=0.00	TossWins=1	TossLosses=1	TossWinMatchWins=0	TossWinMatchLosses=1	TossConversion%=0.00	BatFirst=0	BatFirstWins=0	BatFirstWin%=0.00	FieldFirst=1	FieldFirstWins=0	FieldFirstWin%=0.00
MA Chidambaram Stadium, Chepauk, Chennai	Sunrisers Hyderabad	Delhi Capitals	Matches=1	Wins=0	Losses=1	Win%=0.00	TossWins=0	TossLosses=1	TossWinMatchWins=0	TossWinMatchLosses=0	TossConversion%=0.00	BatFirst=0	BatFirstWins=0	BatFirstWin%=0.00	FieldFirst=0	FieldFirstWins=0	FieldFirstWin%=0.00
MA Chidambaram Stadium, Chepauk, Chennai	Sunrisers Hyderabad	Kolkata Knight Riders	Matches=2	Wins=0	Losses=2	Win%=0.00	TossWins=2	TossLosses=0	TossWinMatchWins=0	TossWinMatchLosses=2	TossConversion%=0.00	BatFirst=1	BatFirstWins=0	BatFirstWin%=0.00	FieldFirst=1	FieldFirstWins=0	FieldFirstWin%=0.00
MA Chidambaram Stadium, Chepauk, Chennai	Sunrisers Hyderabad	Mumbai Indians	Matches=1	Wins=0	Losses=1	Win%=0.00	TossWins=0	TossLosses=1	TossWinMatchWins=0	TossWinMatchLosses=0	TossConversion%=0.00	BatFirst=0	BatFirstWins=0	BatFirstWin%=0.00	FieldFirst=0	FieldFirstWins=0	FieldFirstWin%=0.00
MA Chidambaram Stadium, Chepauk, Chennai	Sunrisers Hyderabad	Punjab Kings	Matches=1	Wins=1	Losses=0	Win%=100.00	TossWins=0	TossLosses=1	TossWinMatchWins=0	TossWinMatchLosses=0	TossConversion%=0.00	BatFirst=0	BatFirstWins=0	BatFirstWin%=0.00	FieldFirst=0	FieldFirstWins=0	FieldFirstWin%=0.00
MA Chidambaram Stadium, Chepauk, Chennai	Sunrisers Hyderabad	Rajasthan Royals	Matches=1	Wins=1	Losses=0	Win%=100.00	TossWins=0	TossLosses=1	TossWinMatchWins=0	TossWinMatchLosses=0	TossConversion%=0.00	BatFirst=0	BatFirstWins=0	BatFirstWin%=0.00	FieldFirst=0	FieldFirstWins=0	FieldFirstWin%=0.00
MA Chidambaram Stadium, Chepauk, Chennai	Sunrisers Hyderabad	Royal Challengers Bengaluru	Matches=1	Wins=0	Losses=1	Win%=0.00	TossWins=1	TossLosses=0	TossWinMatchWins=0	TossWinMatchLosses=1	TossConversion%=0.00	BatFirst=0	BatFirstWins=0	BatFirstWin%=0.00	FieldFirst=1	FieldFirstWins=0	FieldFirstWin%=0.00
Maharaja Yadavindra Singh International Cricket Stadium, Mullanpur	Delhi Capitals	Punjab Kings	Matches=1	Wins=0	Losses=1	Win%=0.00	TossWins=0	TossLosses=1	TossWinMatchWins=0	TossWinMatchLosses=0	TossConversion%=0.00	BatFirst=0	BatFirstWins=0	BatFirstWin%=0.00	FieldFirst=0	FieldFirstWins=0	FieldFirstWin%=0.00
Maharaja Yadavindra Singh International Cricket Stadium, Mullanpur	Gujarat Titans	Punjab Kings	Matches=1	Wins=1	Losses=0	Win%=100.00	TossWins=0	TossLosses=1	TossWinMatchWins=0	TossWinMatchLosses=0	TossConversion%=0.00	BatFirst=0	BatFirstWins=0	BatFirstWin%=0.00	FieldFirst=0	FieldFirstWins=0	FieldFirstWin%=0.00
Maharaja Yadavindra Singh International Cricket Stadium, Mullanpur	Mumbai Indians	Punjab Kings	Matches=1	Wins=1	Losses=0	Win%=100.00	TossWins=0	TossLosses=1	TossWinMatchWins=0	TossWinMatchLosses=0	TossConversion%=0.00	BatFirst=0	BatFirstWins=0	BatFirstWin%=0.00	FieldFirst=0	FieldFirstWins=0	FieldFirstWin%=0.00
Maharaja Yadavindra Singh International Cricket Stadium, Mullanpur	Punjab Kings	Delhi Capitals	Matches=1	Wins=1	Losses=0	Win%=100.00	TossWins=1	TossLosses=0	TossWinMatchWins=1	TossWinMatchLosses=0	TossConversion%=100.00	BatFirst=0	BatFirstWins=0	BatFirstWin%=0.00	FieldFirst=1	FieldFirstWins=1	FieldFirstWin%=100.00
Maharaja Yadavindra Singh International Cricket Stadium, Mullanpur	Punjab Kings	Gujarat Titans	Matches=1	Wins=0	Losses=1	Win%=0.00	TossWins=1	TossLosses=0	TossWinMatchWins=0	TossWinMatchLosses=1	TossConversion%=0.00	BatFirst=1	BatFirstWins=0	BatFirstWin%=0.00	FieldFirst=0	FieldFirstWins=0	FieldFirstWin%=0.00
Maharaja Yadavindra Singh International Cricket Stadium, Mullanpur	Punjab Kings	Mumbai Indians	Matches=1	Wins=0	Losses=1	Win%=0.00	TossWins=1	TossLosses=0	TossWinMatchWins=0	TossWinMatchLosses=1	TossConversion%=0.00	BatFirst=0	BatFirstWins=0	BatFirstWin%=0.00	FieldFirst=1	FieldFirstWins=0	FieldFirstWin%=0.00
Maharaja Yadavindra Singh International Cricket Stadium, Mullanpur	Punjab Kings	Rajasthan Royals	Matches=1	Wins=0	Losses=1	Win%=0.00	TossWins=0	TossLosses=1	TossWinMatchWins=0	TossWinMatchLosses=0	TossConversion%=0.00	BatFirst=0	BatFirstWins=0	BatFirstWin%=0.00	FieldFirst=0	FieldFirstWins=0	FieldFirstWin%=0.00
Maharaja Yadavindra Singh International Cricket Stadium, Mullanpur	Punjab Kings	Sunrisers Hyderabad	Matches=1	Wins=0	Losses=1	Win%=0.00	TossWins=1	TossLosses=0	TossWinMatchWins=0	TossWinMatchLosses=1	TossConversion%=0.00	BatFirst=0	BatFirstWins=0	BatFirstWin%=0.00	FieldFirst=1	FieldFirstWins=0	FieldFirstWin%=0.00
Maharaja Yadavindra Singh International Cricket Stadium, Mullanpur	Rajasthan Royals	Punjab Kings	Matches=1	Wins=1	Losses=0	Win%=100.00	TossWins=1	TossLosses=0	TossWinMatchWins=1	TossWinMatchLosses=0	TossConversion%=100.00	BatFirst=0	BatFirstWins=0	BatFirstWin%=0.00	FieldFirst=1	FieldFirstWins=1	FieldFirstWin%=100.00
Maharaja Yadavindra Singh International Cricket Stadium, Mullanpur	Sunrisers Hyderabad	Punjab Kings	Matches=1	Wins=1	Losses=0	Win%=100.00	TossWins=0	TossLosses=1	TossWinMatchWins=0	TossWinMatchLosses=0	TossConversion%=0.00	BatFirst=0	BatFirstWins=0	BatFirstWin%=0.00	FieldFirst=0	FieldFirstWins=0	FieldFirstWin%=0.00
Maharashtra Cricket Association Stadium	Chennai Super Kings	Delhi Capitals	Matches=1	Wins=1	Losses=0	Win%=100.00	TossWins=0	TossLosses=1	TossWinMatchWins=0	TossWinMatchLosses=0	TossConversion%=0.00	BatFirst=0	BatFirstWins=0	BatFirstWin%=0.00	FieldFirst=0	FieldFirstWins=0	FieldFirstWin%=0.00
Maharashtra Cricket Association Stadium	Chennai Super Kings	Mumbai Indians	Matches=1	Wins=0	Losses=1	Win%=0.00	TossWins=0	TossLosses=1	TossWinMatchWins=0	TossWinMatchLosses=0	TossConversion%=0.00	BatFirst=0	BatFirstWins=0	BatFirstWin%=0.00	FieldFirst=0	FieldFirstWins=0	FieldFirstWin%=0.00
Maharashtra Cricket Association Stadium	Chennai Super Kings	Punjab Kings	Matches=1	Wins=1	Losses=0	Win%=100.00	TossWins=1	TossLosses=0	TossWinMatchWins=1	TossWinMatchLosses=0	TossConversion%=100.00	BatFirst=0	BatFirstWins=0	BatFirstWin%=0.00	FieldFirst=1	FieldFirstWins=1	FieldFirstWin%=100.00
Maharashtra Cricket Association Stadium	Chennai Super Kings	Rajasthan Royals	Matches=1	Wins=1	Losses=0	Win%=100.00	TossWins=0	TossLosses=1	TossWinMatchWins=0	TossWinMatchLosses=0	TossConversion%=0.00	BatFirst=0	BatFirstWins=0	BatFirstWin%=0.00	FieldFirst=0	FieldFirstWins=0	FieldFirstWin%=0.00
Maharashtra Cricket Association Stadium	Chennai Super Kings	Royal Challengers Bengaluru	Matches=1	Wins=1	Losses=0	Win%=100.00	TossWins=1	TossLosses=0	TossWinMatchWins=1	TossWinMatchLosses=0	TossConversion%=100.00	BatFirst=0	BatFirstWins=0	BatFirstWin%=0.00	FieldFirst=1	FieldFirstWins=1	FieldFirstWin%=100.00
Maharashtra Cricket Association Stadium	Chennai Super Kings	Sunrisers Hyderabad	Matches=1	Wins=1	Losses=0	Win%=100.00	TossWins=1	TossLosses=0	TossWinMatchWins=1	TossWinMatchLosses=0	TossConversion%=100.00	BatFirst=0	BatFirstWins=0	BatFirstWin%=0.00	FieldFirst=1	FieldFirstWins=1	FieldFirstWin%=100.00
Maharashtra Cricket Association Stadium	Delhi Capitals	Chennai Super Kings	Matches=1	Wins=0	Losses=1	Win%=0.00	TossWins=1	TossLosses=0	TossWinMatchWins=0	TossWinMatchLosses=1	TossConversion%=0.00	BatFirst=0	BatFirstWins=0	BatFirstWin%=0.00	FieldFirst=1	FieldFirstWins=0	FieldFirstWin%=0.00
Maharashtra Cricket Association Stadium	Delhi Capitals	Punjab Kings	Matches=1	Wins=1	Losses=0	Win%=100.00	TossWins=0	TossLosses=1	TossWinMatchWins=0	TossWinMatchLosses=0	TossConversion%=0.00	BatFirst=0	BatFirstWins=0	BatFirstWin%=0.00	FieldFirst=0	FieldFirstWins=0	FieldFirstWin%=0.00
Maharashtra Cricket Association Stadium	Delhi Capitals	Rising Pune Supergiants	Matches=1	Wins=1	Losses=0	Win%=100.00	TossWins=0	TossLosses=1	TossWinMatchWins=0	TossWinMatchLosses=0	TossConversion%=0.00	BatFirst=0	BatFirstWins=0	BatFirstWin%=0.00	FieldFirst=0	FieldFirstWins=0	FieldFirstWin%=0.00
Maharashtra Cricket Association Stadium	Gujarat Lions	Rising Pune Supergiants	Matches=2	Wins=1	Losses=1	Win%=50.00	TossWins=1	TossLosses=1	TossWinMatchWins=1	TossWinMatchLosses=0	TossConversion%=100.00	BatFirst=0	BatFirstWins=0	BatFirstWin%=0.00	FieldFirst=1	FieldFirstWins=1	FieldFirstWin%=100.00
Maharashtra Cricket Association Stadium	Kolkata Knight Riders	Punjab Kings	Matches=1	Wins=1	Losses=0	Win%=100.00	TossWins=1	TossLosses=0	TossWinMatchWins=1	TossWinMatchLosses=0	TossConversion%=100.00	BatFirst=0	BatFirstWins=0	BatFirstWin%=0.00	FieldFirst=1	FieldFirstWins=1	FieldFirstWin%=100.00
Maharashtra Cricket Association Stadium	Kolkata Knight Riders	Rising Pune Supergiants	Matches=2	Wins=2	Losses=0	Win%=100.00	TossWins=2	TossLosses=0	TossWinMatchWins=2	TossWinMatchLosses=0	TossConversion%=100.00	BatFirst=0	BatFirstWins=0	BatFirstWin%=0.00	FieldFirst=2	FieldFirstWins=2	FieldFirstWin%=100.00
Maharashtra Cricket Association Stadium	Mumbai Indians	Chennai Super Kings	Matches=1	Wins=1	Losses=0	Win%=100.00	TossWins=1	TossLosses=0	TossWinMatchWins=1	TossWinMatchLosses=0	TossConversion%=100.00	BatFirst=0	BatFirstWins=0	BatFirstWin%=0.00	FieldFirst=1	FieldFirstWins=1	FieldFirstWin%=100.00
Maharashtra Cricket Association Stadium	Mumbai Indians	Rising Pune Supergiants	Matches=2	Wins=1	Losses=1	Win%=50.00	TossWins=1	TossLosses=1	TossWinMatchWins=1	TossWinMatchLosses=0	TossConversion%=100.00	BatFirst=0	BatFirstWins=0	BatFirstWin%=0.00	FieldFirst=1	FieldFirstWins=1	FieldFirstWin%=100.00
Maharashtra Cricket Association Stadium	Pune Warriors	Sunrisers Hyderabad	Matches=1	Wins=0	Losses=1	Win%=0.00	TossWins=1	TossLosses=0	TossWinMatchWins=0	TossWinMatchLosses=1	TossConversion%=0.00	BatFirst=0	BatFirstWins=0	BatFirstWin%=0.00	FieldFirst=1	FieldFirstWins=0	FieldFirstWin%=0.00
Maharashtra Cricket Association Stadium	Punjab Kings	Chennai Super Kings	Matches=1	Wins=0	Losses=1	Win%=0.00	TossWins=0	TossLosses=1	TossWinMatchWins=0	TossWinMatchLosses=0	TossConversion%=0.00	BatFirst=0	BatFirstWins=0	BatFirstWin%=0.00	FieldFirst=0	FieldFirstWins=0	FieldFirstWin%=0.00
Maharashtra Cricket Association Stadium	Punjab Kings	Delhi Capitals	Matches=1	Wins=0	Losses=1	Win%=0.00	TossWins=1	TossLosses=0	TossWinMatchWins=0	TossWinMatchLosses=1	TossConversion%=0.00	BatFirst=1	BatFirstWins=0	BatFirstWin%=0.00	FieldFirst=0	FieldFirstWins=0	FieldFirstWin%=0.00
Maharashtra Cricket Association Stadium	Punjab Kings	Kolkata Knight Riders	Matches=1	Wins=0	Losses=1	Win%=0.00	TossWins=0	TossLosses=1	TossWinMatchWins=0	TossWinMatchLosses=0	TossConversion%=0.00	BatFirst=0	BatFirstWins=0	BatFirstWin%=0.00	FieldFirst=0	FieldFirstWins=0	FieldFirstWin%=0.00
Maharashtra Cricket Association Stadium	Punjab Kings	Rajasthan Royals	Matches=1	Wins=0	Losses=1	Win%=0.00	TossWins=1	TossLosses=0	TossWinMatchWins=0	TossWinMatchLosses=1	TossConversion%=0.00	BatFirst=0	BatFirstWins=0	BatFirstWin%=0.00	FieldFirst=1	FieldFirstWins=0	FieldFirstWin%=0.00
Maharashtra Cricket Association Stadium	Punjab Kings	Rising Pune Supergiants	Matches=1	Wins=0	Losses=1	Win%=0.00	TossWins=0	TossLosses=1	TossWinMatchWins=0	TossWinMatchLosses=0	TossConversion%=0.00	BatFirst=0	BatFirstWins=0	BatFirstWin%=0.00	FieldFirst=0	FieldFirstWins=0	FieldFirstWin%=0.00
Maharashtra Cricket Association Stadium	Rajasthan Royals	Chennai Super Kings	Matches=1	Wins=0	Losses=1	Win%=0.00	TossWins=1	TossLosses=0	TossWinMatchWins=0	TossWinMatchLosses=1	TossConversion%=0.00	BatFirst=0	BatFirstWins=0	BatFirstWin%=0.00	FieldFirst=1	FieldFirstWins=0	FieldFirstWin%=0.00
Maharashtra Cricket Association Stadium	Rajasthan Royals	Punjab Kings	Matches=1	Wins=1	Losses=0	Win%=100.00	TossWins=0	TossLosses=1	TossWinMatchWins=0	TossWinMatchLosses=0	TossConversion%=0.00	BatFirst=0	BatFirstWins=0	BatFirstWin%=0.00	FieldFirst=0	FieldFirstWins=0	FieldFirstWin%=0.00
Maharashtra Cricket Association Stadium	Rajasthan Royals	Royal Challengers Bengaluru	Matches=1	Wins=0	Losses=1	Win%=0.00	TossWins=0	TossLosses=1	TossWinMatchWins=0	TossWinMatchLosses=0	TossConversion%=0.00	BatFirst=0	BatFirstWins=0	BatFirstWin%=0.00	FieldFirst=0	FieldFirstWins=0	FieldFirstWin%=0.00
Maharashtra Cricket Association Stadium	Rising Pune Supergiants	Delhi Capitals	Matches=1	Wins=0	Losses=1	Win%=0.00	TossWins=1	TossLosses=0	TossWinMatchWins=0	TossWinMatchLosses=1	TossConversion%=0.00	BatFirst=0	BatFirstWins=0	BatFirstWin%=0.00	FieldFirst=1	FieldFirstWins=0	FieldFirstWin%=0.00
Maharashtra Cricket Association Stadium	Rising Pune Supergiants	Gujarat Lions	Matches=2	Wins=1	Losses=1	Win%=50.00	TossWins=1	TossLosses=1	TossWinMatchWins=1	TossWinMatchLosses=0	TossConversion%=100.00	BatFirst=0	BatFirstWins=0	BatFirstWin%=0.00	FieldFirst=1	FieldFirstWins=1	FieldFirstWin%=100.00
Maharashtra Cricket Association Stadium	Rising Pune Supergiants	Kolkata Knight Riders	Matches=2	Wins=0	Losses=2	Win%=0.00	TossWins=0	TossLosses=2	TossWinMatchWins=0	TossWinMatchLosses=0	TossConversion%=0.00	BatFirst=0	BatFirstWins=0	BatFirstWin%=0.00	FieldFirst=0	FieldFirstWins=0	FieldFirstWin%=0.00
Maharashtra Cricket Association Stadium	Rising Pune Supergiants	Mumbai Indians	Matches=2	Wins=1	Losses=1	Win%=50.00	TossWins=1	TossLosses=1	TossWinMatchWins=1	TossWinMatchLosses=0	TossConversion%=100.00	BatFirst=0	BatFirstWins=0	BatFirstWin%=0.00	FieldFirst=1	FieldFirstWins=1	FieldFirstWin%=100.00
Maharashtra Cricket Association Stadium	Rising Pune Supergiants	Punjab Kings	Matches=1	Wins=1	Losses=0	Win%=100.00	TossWins=1	TossLosses=0	TossWinMatchWins=1	TossWinMatchLosses=0	TossConversion%=100.00	BatFirst=0	BatFirstWins=0	BatFirstWin%=0.00	FieldFirst=1	FieldFirstWins=1	FieldFirstWin%=100.00
Maharashtra Cricket Association Stadium	Rising Pune Supergiants	Royal Challengers Bengaluru	Matches=2	Wins=1	Losses=1	Win%=50.00	TossWins=1	TossLosses=1	TossWinMatchWins=0	TossWinMatchLosses=1	TossConversion%=0.00	BatFirst=0	BatFirstWins=0	BatFirstWin%=0.00	FieldFirst=1	FieldFirstWins=0	FieldFirstWin%=0.00
Maharashtra Cricket Association Stadium	Rising Pune Supergiants	Sunrisers Hyderabad	Matches=1	Wins=1	Losses=0	Win%=100.00	TossWins=1	TossLosses=0	TossWinMatchWins=1	TossWinMatchLosses=0	TossConversion%=100.00	BatFirst=0	BatFirstWins=0	BatFirstWin%=0.00	FieldFirst=1	FieldFirstWins=1	FieldFirstWin%=100.00
Maharashtra Cricket Association Stadium	Royal Challengers Bengaluru	Chennai Super Kings	Matches=1	Wins=0	Losses=1	Win%=0.00	TossWins=0	TossLosses=1	TossWinMatchWins=0	TossWinMatchLosses=0	TossConversion%=0.00	BatFirst=0	BatFirstWins=0	BatFirstWin%=0.00	FieldFirst=0	FieldFirstWins=0	FieldFirstWin%=0.00
Maharashtra Cricket Association Stadium	Royal Challengers Bengaluru	Rajasthan Royals	Matches=1	Wins=1	Losses=0	Win%=100.00	TossWins=1	TossLosses=0	TossWinMatchWins=1	TossWinMatchLosses=0	TossConversion%=100.00	BatFirst=1	BatFirstWins=1	BatFirstWin%=100.00	FieldFirst=0	FieldFirstWins=0	FieldFirstWin%=0.00
Maharashtra Cricket Association Stadium	Royal Challengers Bengaluru	Rising Pune Supergiants	Matches=2	Wins=1	Losses=1	Win%=50.00	TossWins=1	TossLosses=1	TossWinMatchWins=0	TossWinMatchLosses=1	TossConversion%=0.00	BatFirst=0	BatFirstWins=0	BatFirstWin%=0.00	FieldFirst=1	FieldFirstWins=0	FieldFirstWin%=0.00
Maharashtra Cricket Association Stadium	Sunrisers Hyderabad	Chennai Super Kings	Matches=1	Wins=0	Losses=1	Win%=0.00	TossWins=0	TossLosses=1	TossWinMatchWins=0	TossWinMatchLosses=0	TossConversion%=0.00	BatFirst=0	BatFirstWins=0	BatFirstWin%=0.00	FieldFirst=0	FieldFirstWins=0	FieldFirstWin%=0.00
Maharashtra Cricket Association Stadium	Sunrisers Hyderabad	Pune Warriors	Matches=1	Wins=1	Losses=0	Win%=100.00	TossWins=0	TossLosses=1	TossWinMatchWins=0	TossWinMatchLosses=0	TossConversion%=0.00	BatFirst=0	BatFirstWins=0	BatFirstWin%=0.00	FieldFirst=0	FieldFirstWins=0	FieldFirstWin%=0.00
Maharashtra Cricket Association Stadium	Sunrisers Hyderabad	Rising Pune Supergiants	Matches=1	Wins=0	Losses=1	Win%=0.00	TossWins=0	TossLosses=1	TossWinMatchWins=0	TossWinMatchLosses=0	TossConversion%=0.00	BatFirst=0	BatFirstWins=0	BatFirstWin%=0.00	FieldFirst=0	FieldFirstWins=0	FieldFirstWin%=0.00
Maharashtra Cricket Association Stadium, Pune	Chennai Super Kings	Gujarat Titans	Matches=1	Wins=0	Losses=1	Win%=0.00	TossWins=0	TossLosses=1	TossWinMatchWins=0	TossWinMatchLosses=0	TossConversion%=0.00	BatFirst=0	BatFirstWins=0	BatFirstWin%=0.00	FieldFirst=0	FieldFirstWins=0	FieldFirstWin%=0.00
Maharashtra Cricket Association Stadium, Pune	Chennai Super Kings	Royal Challengers Bengaluru	Matches=1	Wins=0	Losses=1	Win%=0.00	TossWins=1	TossLosses=0	TossWinMatchWins=0	TossWinMatchLosses=1	TossConversion%=0.00	BatFirst=0	BatFirstWins=0	BatFirstWin%=0.00	FieldFirst=1	FieldFirstWins=0	FieldFirstWin%=0.00
Maharashtra Cricket Association Stadium, Pune	Chennai Super Kings	Sunrisers Hyderabad	Matches=1	Wins=1	Losses=0	Win%=100.00	TossWins=0	TossLosses=1	TossWinMatchWins=0	TossWinMatchLosses=0	TossConversion%=0.00	BatFirst=0	BatFirstWins=0	BatFirstWin%=0.00	FieldFirst=0	FieldFirstWins=0	FieldFirstWin%=0.00
Maharashtra Cricket Association Stadium, Pune	Delhi Capitals	Gujarat Titans	Matches=1	Wins=0	Losses=1	Win%=0.00	TossWins=1	TossLosses=0	TossWinMatchWins=0	TossWinMatchLosses=1	TossConversion%=0.00	BatFirst=0	BatFirstWins=0	BatFirstWin%=0.00	FieldFirst=1	FieldFirstWins=0	FieldFirstWin%=0.00
Maharashtra Cricket Association Stadium, Pune	Gujarat Titans	Chennai Super Kings	Matches=1	Wins=1	Losses=0	Win%=100.00	TossWins=1	TossLosses=0	TossWinMatchWins=1	TossWinMatchLosses=0	TossConversion%=100.00	BatFirst=0	BatFirstWins=0	BatFirstWin%=0.00	FieldFirst=1	FieldFirstWins=1	FieldFirstWin%=100.00
Maharashtra Cricket Association Stadium, Pune	Gujarat Titans	Delhi Capitals	Matches=1	Wins=1	Losses=0	Win%=100.00	TossWins=0	TossLosses=1	TossWinMatchWins=0	TossWinMatchLosses=0	TossConversion%=0.00	BatFirst=0	BatFirstWins=0	BatFirstWin%=0.00	FieldFirst=0	FieldFirstWins=0	FieldFirstWin%=0.00
Maharashtra Cricket Association Stadium, Pune	Gujarat Titans	Lucknow Super Giants	Matches=1	Wins=1	Losses=0	Win%=100.00	TossWins=1	TossLosses=0	TossWinMatchWins=1	TossWinMatchLosses=0	TossConversion%=100.00	BatFirst=1	BatFirstWins=1	BatFirstWin%=100.00	FieldFirst=0	FieldFirstWins=0	FieldFirstWin%=0.00
Maharashtra Cricket Association Stadium, Pune	Kolkata Knight Riders	Lucknow Super Giants	Matches=1	Wins=0	Losses=1	Win%=0.00	TossWins=1	TossLosses=0	TossWinMatchWins=0	TossWinMatchLosses=1	TossConversion%=0.00	BatFirst=0	BatFirstWins=0	BatFirstWin%=0.00	FieldFirst=1	FieldFirstWins=0	FieldFirstWin%=0.00
Maharashtra Cricket Association Stadium, Pune	Kolkata Knight Riders	Mumbai Indians	Matches=1	Wins=1	Losses=0	Win%=100.00	TossWins=1	TossLosses=0	TossWinMatchWins=1	TossWinMatchLosses=0	TossConversion%=100.00	BatFirst=0	BatFirstWins=0	BatFirstWin%=0.00	FieldFirst=1	FieldFirstWins=1	FieldFirstWin%=100.00
Maharashtra Cricket Association Stadium, Pune	Kolkata Knight Riders	Sunrisers Hyderabad	Matches=1	Wins=1	Losses=0	Win%=100.00	TossWins=1	TossLosses=0	TossWinMatchWins=1	TossWinMatchLosses=0	TossConversion%=100.00	BatFirst=1	BatFirstWins=1	BatFirstWin%=100.00	FieldFirst=0	FieldFirstWins=0	FieldFirstWin%=0.00
Maharashtra Cricket Association Stadium, Pune	Lucknow Super Giants	Gujarat Titans	Matches=1	Wins=0	Losses=1	Win%=0.00	TossWins=0	TossLosses=1	TossWinMatchWins=0	TossWinMatchLosses=0	TossConversion%=0.00	BatFirst=0	BatFirstWins=0	BatFirstWin%=0.00	FieldFirst=0	FieldFirstWins=0	FieldFirstWin%=0.00
Maharashtra Cricket Association Stadium, Pune	Lucknow Super Giants	Kolkata Knight Riders	Matches=1	Wins=1	Losses=0	Win%=100.00	TossWins=0	TossLosses=1	TossWinMatchWins=0	TossWinMatchLosses=0	TossConversion%=0.00	BatFirst=0	BatFirstWins=0	BatFirstWin%=0.00	FieldFirst=0	FieldFirstWins=0	FieldFirstWin%=0.00
Maharashtra Cricket Association Stadium, Pune	Lucknow Super Giants	Punjab Kings	Matches=1	Wins=1	Losses=0	Win%=100.00	TossWins=0	TossLosses=1	TossWinMatchWins=0	TossWinMatchLosses=0	TossConversion%=0.00	BatFirst=0	BatFirstWins=0	BatFirstWin%=0.00	FieldFirst=0	FieldFirstWins=0	FieldFirstWin%=0.00
Maharashtra Cricket Association Stadium, Pune	Mumbai Indians	Kolkata Knight Riders	Matches=1	Wins=0	Losses=1	Win%=0.00	TossWins=0	TossLosses=1	TossWinMatchWins=0	TossWinMatchLosses=0	TossConversion%=0.00	BatFirst=0	BatFirstWins=0	BatFirstWin%=0.00	FieldFirst=0	FieldFirstWins=0	FieldFirstWin%=0.00
Maharashtra Cricket Association Stadium, Pune	Mumbai Indians	Punjab Kings	Matches=1	Wins=0	Losses=1	Win%=0.00	TossWins=1	TossLosses=0	TossWinMatchWins=0	TossWinMatchLosses=1	TossConversion%=0.00	BatFirst=0	BatFirstWins=0	BatFirstWin%=0.00	FieldFirst=1	FieldFirstWins=0	FieldFirstWin%=0.00
Maharashtra Cricket Association Stadium, Pune	Mumbai Indians	Royal Challengers Bengaluru	Matches=1	Wins=0	Losses=1	Win%=0.00	TossWins=0	TossLosses=1	TossWinMatchWins=0	TossWinMatchLosses=0	TossConversion%=0.00	BatFirst=0	BatFirstWins=0	BatFirstWin%=0.00	FieldFirst=0	FieldFirstWins=0	FieldFirstWin%=0.00
Maharashtra Cricket Association Stadium, Pune	Punjab Kings	Lucknow Super Giants	Matches=1	Wins=0	Losses=1	Win%=0.00	TossWins=1	TossLosses=0	TossWinMatchWins=0	TossWinMatchLosses=1	TossConversion%=0.00	BatFirst=0	BatFirstWins=0	BatFirstWin%=0.00	FieldFirst=1	FieldFirstWins=0	FieldFirstWin%=0.00
Maharashtra Cricket Association Stadium, Pune	Punjab Kings	Mumbai Indians	Matches=1	Wins=1	Losses=0	Win%=100.00	TossWins=0	TossLosses=1	TossWinMatchWins=0	TossWinMatchLosses=0	TossConversion%=0.00	BatFirst=0	BatFirstWins=0	BatFirstWin%=0.00	FieldFirst=0	FieldFirstWins=0	FieldFirstWin%=0.00
Maharashtra Cricket Association Stadium, Pune	Rajasthan Royals	Royal Challengers Bengaluru	Matches=1	Wins=1	Losses=0	Win%=100.00	TossWins=0	TossLosses=1	TossWinMatchWins=0	TossWinMatchLosses=0	TossConversion%=0.00	BatFirst=0	BatFirstWins=0	BatFirstWin%=0.00	FieldFirst=0	FieldFirstWins=0	FieldFirstWin%=0.00
Maharashtra Cricket Association Stadium, Pune	Rajasthan Royals	Sunrisers Hyderabad	Matches=1	Wins=1	Losses=0	Win%=100.00	TossWins=0	TossLosses=1	TossWinMatchWins=0	TossWinMatchLosses=0	TossConversion%=0.00	BatFirst=0	BatFirstWins=0	BatFirstWin%=0.00	FieldFirst=0	FieldFirstWins=0	FieldFirstWin%=0.00
Maharashtra Cricket Association Stadium, Pune	Royal Challengers Bengaluru	Chennai Super Kings	Matches=1	Wins=1	Losses=0	Win%=100.00	TossWins=0	TossLosses=1	TossWinMatchWins=0	TossWinMatchLosses=0	TossConversion%=0.00	BatFirst=0	BatFirstWins=0	BatFirstWin%=0.00	FieldFirst=0	FieldFirstWins=0	FieldFirstWin%=0.00
Maharashtra Cricket Association Stadium, Pune	Royal Challengers Bengaluru	Mumbai Indians	Matches=1	Wins=1	Losses=0	Win%=100.00	TossWins=1	TossLosses=0	TossWinMatchWins=1	TossWinMatchLosses=0	TossConversion%=100.00	BatFirst=0	BatFirstWins=0	BatFirstWin%=0.00	FieldFirst=1	FieldFirstWins=1	FieldFirstWin%=100.00
Maharashtra Cricket Association Stadium, Pune	Royal Challengers Bengaluru	Rajasthan Royals	Matches=1	Wins=0	Losses=1	Win%=0.00	TossWins=1	TossLosses=0	TossWinMatchWins=0	TossWinMatchLosses=1	TossConversion%=0.00	BatFirst=0	BatFirstWins=0	BatFirstWin%=0.00	FieldFirst=1	FieldFirstWins=0	FieldFirstWin%=0.00
Maharashtra Cricket Association Stadium, Pune	Sunrisers Hyderabad	Chennai Super Kings	Matches=1	Wins=0	Losses=1	Win%=0.00	TossWins=1	TossLosses=0	TossWinMatchWins=0	TossWinMatchLosses=1	TossConversion%=0.00	BatFirst=0	BatFirstWins=0	BatFirstWin%=0.00	FieldFirst=1	FieldFirstWins=0	FieldFirstWin%=0.00
Maharashtra Cricket Association Stadium, Pune	Sunrisers Hyderabad	Kolkata Knight Riders	Matches=1	Wins=0	Losses=1	Win%=0.00	TossWins=0	TossLosses=1	TossWinMatchWins=0	TossWinMatchLosses=0	TossConversion%=0.00	BatFirst=0	BatFirstWins=0	BatFirstWin%=0.00	FieldFirst=0	FieldFirstWins=0	FieldFirstWin%=0.00
Maharashtra Cricket Association Stadium, Pune	Sunrisers Hyderabad	Rajasthan Royals	Matches=1	Wins=0	Losses=1	Win%=0.00	TossWins=1	TossLosses=0	TossWinMatchWins=0	TossWinMatchLosses=1	TossConversion%=0.00	BatFirst=0	BatFirstWins=0	BatFirstWin%=0.00	FieldFirst=1	FieldFirstWins=0	FieldFirstWin%=0.00
Narendra Modi Stadium, Ahmedabad	Chennai Super Kings	Gujarat Titans	Matches=3	Wins=1	Losses=2	Win%=33.33	TossWins=2	TossLosses=1	TossWinMatchWins=1	TossWinMatchLosses=1	TossConversion%=50.00	BatFirst=0	BatFirstWins=0	BatFirstWin%=0.00	FieldFirst=2	FieldFirstWins=1	FieldFirstWin%=50.00
Narendra Modi Stadium, Ahmedabad	Delhi Capitals	Gujarat Titans	Matches=2	Wins=2	Losses=0	Win%=100.00	TossWins=2	TossLosses=0	TossWinMatchWins=2	TossWinMatchLosses=0	TossConversion%=100.00	BatFirst=1	BatFirstWins=1	BatFirstWin%=100.00	FieldFirst=1	FieldFirstWins=1	FieldFirstWin%=100.00
Narendra Modi Stadium, Ahmedabad	Delhi Capitals	Kolkata Knight Riders	Matches=1	Wins=1	Losses=0	Win%=100.00	TossWins=1	TossLosses=0	TossWinMatchWins=1	TossWinMatchLosses=0	TossConversion%=100.00	BatFirst=0	BatFirstWins=0	BatFirstWin%=0.00	FieldFirst=1	FieldFirstWins=1	FieldFirstWin%=100.00
Narendra Modi Stadium, Ahmedabad	Delhi Capitals	Punjab Kings	Matches=1	Wins=1	Losses=0	Win%=100.00	TossWins=1	TossLosses=0	TossWinMatchWins=1	TossWinMatchLosses=0	TossConversion%=100.00	BatFirst=0	BatFirstWins=0	BatFirstWin%=0.00	FieldFirst=1	FieldFirstWins=1	FieldFirstWin%=100.00
Narendra Modi Stadium, Ahmedabad	Delhi Capitals	Royal Challengers Bengaluru	Matches=1	Wins=0	Losses=1	Win%=0.00	TossWins=1	TossLosses=0	TossWinMatchWins=0	TossWinMatchLosses=1	TossConversion%=0.00	BatFirst=0	BatFirstWins=0	BatFirstWin%=0.00	FieldFirst=1	FieldFirstWins=0	FieldFirstWin%=0.00
Narendra Modi Stadium, Ahmedabad	Gujarat Titans	Chennai Super Kings	Matches=3	Wins=2	Losses=1	Win%=66.67	TossWins=1	TossLosses=2	TossWinMatchWins=1	TossWinMatchLosses=0	TossConversion%=100.00	BatFirst=0	BatFirstWins=0	BatFirstWin%=0.00	FieldFirst=1	FieldFirstWins=1	FieldFirstWin%=100.00
Narendra Modi Stadium, Ahmedabad	Gujarat Titans	Delhi Capitals	Matches=2	Wins=0	Losses=2	Win%=0.00	TossWins=0	TossLosses=2	TossWinMatchWins=0	TossWinMatchLosses=0	TossConversion%=0.00	BatFirst=0	BatFirstWins=0	BatFirstWin%=0.00	FieldFirst=0	FieldFirstWins=0	FieldFirstWin%=0.00
Narendra Modi Stadium, Ahmedabad	Gujarat Titans	Kolkata Knight Riders	Matches=1	Wins=0	Losses=1	Win%=0.00	TossWins=1	TossLosses=0	TossWinMatchWins=0	TossWinMatchLosses=1	TossConversion%=0.00	BatFirst=1	BatFirstWins=0	BatFirstWin%=0.00	FieldFirst=0	FieldFirstWins=0	FieldFirstWin%=0.00
Narendra Modi Stadium, Ahmedabad	Gujarat Titans	Lucknow Super Giants	Matches=1	Wins=1	Losses=0	Win%=100.00	TossWins=0	TossLosses=1	TossWinMatchWins=0	TossWinMatchLosses=0	TossConversion%=0.00	BatFirst=0	BatFirstWins=0	BatFirstWin%=0.00	FieldFirst=0	FieldFirstWins=0	FieldFirstWin%=0.00
Narendra Modi Stadium, Ahmedabad	Gujarat Titans	Mumbai Indians	Matches=3	Wins=3	Losses=0	Win%=100.00	TossWins=0	TossLosses=3	TossWinMatchWins=0	TossWinMatchLosses=0	TossConversion%=0.00	BatFirst=0	BatFirstWins=0	BatFirstWin%=0.00	FieldFirst=0	FieldFirstWins=0	FieldFirstWin%=0.00
Narendra Modi Stadium, Ahmedabad	Gujarat Titans	Punjab Kings	Matches=1	Wins=0	Losses=1	Win%=0.00	TossWins=0	TossLosses=1	TossWinMatchWins=0	TossWinMatchLosses=0	TossConversion%=0.00	BatFirst=0	BatFirstWins=0	BatFirstWin%=0.00	FieldFirst=0	FieldFirstWins=0	FieldFirstWin%=0.00
Narendra Modi Stadium, Ahmedabad	Gujarat Titans	Rajasthan Royals	Matches=2	Wins=1	Losses=1	Win%=50.00	TossWins=0	TossLosses=2	TossWinMatchWins=0	TossWinMatchLosses=0	TossConversion%=0.00	BatFirst=0	BatFirstWins=0	BatFirstWin%=0.00	FieldFirst=0	FieldFirstWins=0	FieldFirstWin%=0.00
Narendra Modi Stadium, Ahmedabad	Gujarat Titans	Royal Challengers Bengaluru	Matches=1	Wins=0	Losses=1	Win%=0.00	TossWins=0	TossLosses=1	TossWinMatchWins=0	TossWinMatchLosses=0	TossConversion%=0.00	BatFirst=0	BatFirstWins=0	BatFirstWin%=0.00	FieldFirst=0	FieldFirstWins=0	FieldFirstWin%=0.00
Narendra Modi Stadium, Ahmedabad	Gujarat Titans	Sunrisers Hyderabad	Matches=2	Wins=2	Losses=0	Win%=100.00	TossWins=0	TossLosses=2	TossWinMatchWins=0	TossWinMatchLosses=0	TossConversion%=0.00	BatFirst=0	BatFirstWins=0	BatFirstWin%=0.00	FieldFirst=0	FieldFirstWins=0	FieldFirstWin%=0.00
Narendra Modi Stadium, Ahmedabad	Kolkata Knight Riders	Delhi Capitals	Matches=1	Wins=0	Losses=1	Win%=0.00	TossWins=0	TossLosses=1	TossWinMatchWins=0	TossWinMatchLosses=0	TossConversion%=0.00	BatFirst=0	BatFirstWins=0	BatFirstWin%=0.00	FieldFirst=0	FieldFirstWins=0	FieldFirstWin%=0.00
Narendra Modi Stadium, Ahmedabad	Kolkata Knight Riders	Gujarat Titans	Matches=1	Wins=1	Losses=0	Win%=100.00	TossWins=0	TossLosses=1	TossWinMatchWins=0	TossWinMatchLosses=0	TossConversion%=0.00	BatFirst=0	BatFirstWins=0	BatFirstWin%=0.00	FieldFirst=0	FieldFirstWins=0	FieldFirstWin%=0.00
Narendra Modi Stadium, Ahmedabad	Kolkata Knight Riders	Punjab Kings	Matches=1	Wins=1	Losses=0	Win%=100.00	TossWins=1	TossLosses=0	TossWinMatchWins=1	TossWinMatchLosses=0	TossConversion%=100.00	BatFirst=0	BatFirstWins=0	BatFirstWin%=0.00	FieldFirst=1	FieldFirstWins=1	FieldFirstWin%=100.00
Narendra Modi Stadium, Ahmedabad	Kolkata Knight Riders	Sunrisers Hyderabad	Matches=1	Wins=1	Losses=0	Win%=100.00	TossWins=0	TossLosses=1	TossWinMatchWins=0	TossWinMatchLosses=0	TossConversion%=0.00	BatFirst=0	BatFirstWins=0	BatFirstWin%=0.00	FieldFirst=0	FieldFirstWins=0	FieldFirstWin%=0.00
Narendra Modi Stadium, Ahmedabad	Lucknow Super Giants	Gujarat Titans	Matches=1	Wins=0	Losses=1	Win%=0.00	TossWins=1	TossLosses=0	TossWinMatchWins=0	TossWinMatchLosses=1	TossConversion%=0.00	BatFirst=0	BatFirstWins=0	BatFirstWin%=0.00	FieldFirst=1	FieldFirstWins=0	FieldFirstWin%=0.00
Narendra Modi Stadium, Ahmedabad	Mumbai Indians	Gujarat Titans	Matches=3	Wins=0	Losses=3	Win%=0.00	TossWins=3	TossLosses=0	TossWinMatchWins=0	TossWinMatchLosses=3	TossConversion%=0.00	BatFirst=0	BatFirstWins=0	BatFirstWin%=0.00	FieldFirst=3	FieldFirstWins=0	FieldFirstWin%=0.00
Narendra Modi Stadium, Ahmedabad	Punjab Kings	Delhi Capitals	Matches=1	Wins=0	Losses=1	Win%=0.00	TossWins=0	TossLosses=1	TossWinMatchWins=0	TossWinMatchLosses=0	TossConversion%=0.00	BatFirst=0	BatFirstWins=0	BatFirstWin%=0.00	FieldFirst=0	FieldFirstWins=0	FieldFirstWin%=0.00
Narendra Modi Stadium, Ahmedabad	Punjab Kings	Gujarat Titans	Matches=1	Wins=1	Losses=0	Win%=100.00	TossWins=1	TossLosses=0	TossWinMatchWins=1	TossWinMatchLosses=0	TossConversion%=100.00	BatFirst=0	BatFirstWins=0	BatFirstWin%=0.00	FieldFirst=1	FieldFirstWins=1	FieldFirstWin%=100.00
Narendra Modi Stadium, Ahmedabad	Punjab Kings	Kolkata Knight Riders	Matches=1	Wins=0	Losses=1	Win%=0.00	TossWins=0	TossLosses=1	TossWinMatchWins=0	TossWinMatchLosses=0	TossConversion%=0.00	BatFirst=0	BatFirstWins=0	BatFirstWin%=0.00	FieldFirst=0	FieldFirstWins=0	FieldFirstWin%=0.00
Narendra Modi Stadium, Ahmedabad	Punjab Kings	Royal Challengers Bengaluru	Matches=1	Wins=1	Losses=0	Win%=100.00	TossWins=0	TossLosses=1	TossWinMatchWins=0	TossWinMatchLosses=0	TossConversion%=0.00	BatFirst=0	BatFirstWins=0	BatFirstWin%=0.00	FieldFirst=0	FieldFirstWins=0	FieldFirstWin%=0.00
Narendra Modi Stadium, Ahmedabad	Rajasthan Royals	Gujarat Titans	Matches=2	Wins=1	Losses=1	Win%=50.00	TossWins=2	TossLosses=0	TossWinMatchWins=1	TossWinMatchLosses=1	TossConversion%=50.00	BatFirst=1	BatFirstWins=0	BatFirstWin%=0.00	FieldFirst=1	FieldFirstWins=1	FieldFirstWin%=100.00
Narendra Modi Stadium, Ahmedabad	Rajasthan Royals	Royal Challengers Bengaluru	Matches=2	Wins=2	Losses=0	Win%=100.00	TossWins=2	TossLosses=0	TossWinMatchWins=2	TossWinMatchLosses=0	TossConversion%=100.00	BatFirst=0	BatFirstWins=0	BatFirstWin%=0.00	FieldFirst=2	FieldFirstWins=2	FieldFirstWin%=100.00
Narendra Modi Stadium, Ahmedabad	Royal Challengers Bengaluru	Delhi Capitals	Matches=1	Wins=1	Losses=0	Win%=100.00	TossWins=0	TossLosses=1	TossWinMatchWins=0	TossWinMatchLosses=0	TossConversion%=0.00	BatFirst=0	BatFirstWins=0	BatFirstWin%=0.00	FieldFirst=0	FieldFirstWins=0	FieldFirstWin%=0.00
Narendra Modi Stadium, Ahmedabad	Royal Challengers Bengaluru	Gujarat Titans	Matches=1	Wins=1	Losses=0	Win%=100.00	TossWins=1	TossLosses=0	TossWinMatchWins=1	TossWinMatchLosses=0	TossConversion%=100.00	BatFirst=0	BatFirstWins=0	BatFirstWin%=0.00	FieldFirst=1	FieldFirstWins=1	FieldFirstWin%=100.00
Narendra Modi Stadium, Ahmedabad	Royal Challengers Bengaluru	Punjab Kings	Matches=1	Wins=0	Losses=1	Win%=0.00	TossWins=1	TossLosses=0	TossWinMatchWins=0	TossWinMatchLosses=1	TossConversion%=0.00	BatFirst=0	BatFirstWins=0	BatFirstWin%=0.00	FieldFirst=1	FieldFirstWins=0	FieldFirstWin%=0.00
Narendra Modi Stadium, Ahmedabad	Royal Challengers Bengaluru	Rajasthan Royals	Matches=2	Wins=0	Losses=2	Win%=0.00	TossWins=0	TossLosses=2	TossWinMatchWins=0	TossWinMatchLosses=0	TossConversion%=0.00	BatFirst=0	BatFirstWins=0	BatFirstWin%=0.00	FieldFirst=0	FieldFirstWins=0	FieldFirstWin%=0.00
Narendra Modi Stadium, Ahmedabad	Sunrisers Hyderabad	Gujarat Titans	Matches=2	Wins=0	Losses=2	Win%=0.00	TossWins=2	TossLosses=0	TossWinMatchWins=0	TossWinMatchLosses=2	TossConversion%=0.00	BatFirst=1	BatFirstWins=0	BatFirstWin%=0.00	FieldFirst=1	FieldFirstWins=0	FieldFirstWin%=0.00
Narendra Modi Stadium, Ahmedabad	Sunrisers Hyderabad	Kolkata Knight Riders	Matches=1	Wins=0	Losses=1	Win%=0.00	TossWins=1	TossLosses=0	TossWinMatchWins=0	TossWinMatchLosses=1	TossConversion%=0.00	BatFirst=1	BatFirstWins=0	BatFirstWin%=0.00	FieldFirst=0	FieldFirstWins=0	FieldFirstWin%=0.00
Nehru Stadium	Chennai Super Kings	Kochi Tuskers Kerala	Matches=1	Wins=0	Losses=1	Win%=0.00	TossWins=0	TossLosses=1	TossWinMatchWins=0	TossWinMatchLosses=0	TossConversion%=0.00	BatFirst=0	BatFirstWins=0	BatFirstWin%=0.00	FieldFirst=0	FieldFirstWins=0	FieldFirstWin%=0.00
Nehru Stadium	Deccan Chargers	Kochi Tuskers Kerala	Matches=1	Wins=1	Losses=0	Win%=100.00	TossWins=0	TossLosses=1	TossWinMatchWins=0	TossWinMatchLosses=0	TossConversion%=0.00	BatFirst=0	BatFirstWins=0	BatFirstWin%=0.00	FieldFirst=0	FieldFirstWins=0	FieldFirstWin%=0.00
Nehru Stadium	Delhi Capitals	Kochi Tuskers Kerala	Matches=1	Wins=1	Losses=0	Win%=100.00	TossWins=1	TossLosses=0	TossWinMatchWins=1	TossWinMatchLosses=0	TossConversion%=100.00	BatFirst=1	BatFirstWins=1	BatFirstWin%=100.00	FieldFirst=0	FieldFirstWins=0	FieldFirstWin%=0.00
Nehru Stadium	Kochi Tuskers Kerala	Chennai Super Kings	Matches=1	Wins=1	Losses=0	Win%=100.00	TossWins=1	TossLosses=0	TossWinMatchWins=1	TossWinMatchLosses=0	TossConversion%=100.00	BatFirst=0	BatFirstWins=0	BatFirstWin%=0.00	FieldFirst=1	FieldFirstWins=1	FieldFirstWin%=100.00
Nehru Stadium	Kochi Tuskers Kerala	Deccan Chargers	Matches=1	Wins=0	Losses=1	Win%=0.00	TossWins=1	TossLosses=0	TossWinMatchWins=0	TossWinMatchLosses=1	TossConversion%=0.00	BatFirst=0	BatFirstWins=0	BatFirstWin%=0.00	FieldFirst=1	FieldFirstWins=0	FieldFirstWin%=0.00
Nehru Stadium	Kochi Tuskers Kerala	Delhi Capitals	Matches=1	Wins=0	Losses=1	Win%=0.00	TossWins=0	TossLosses=1	TossWinMatchWins=0	TossWinMatchLosses=0	TossConversion%=0.00	BatFirst=0	BatFirstWins=0	BatFirstWin%=0.00	FieldFirst=0	FieldFirstWins=0	FieldFirstWin%=0.00
Nehru Stadium	Kochi Tuskers Kerala	Kolkata Knight Riders	Matches=1	Wins=1	Losses=0	Win%=100.00	TossWins=0	TossLosses=1	TossWinMatchWins=0	TossWinMatchLosses=0	TossConversion%=0.00	BatFirst=0	BatFirstWins=0	BatFirstWin%=0.00	FieldFirst=0	FieldFirstWins=0	FieldFirstWin%=0.00
Nehru Stadium	Kochi Tuskers Kerala	Royal Challengers Bengaluru	Matches=1	Wins=0	Losses=1	Win%=0.00	TossWins=1	TossLosses=0	TossWinMatchWins=0	TossWinMatchLosses=1	TossConversion%=0.00	BatFirst=1	BatFirstWins=0	BatFirstWin%=0.00	FieldFirst=0	FieldFirstWins=0	FieldFirstWin%=0.00
Nehru Stadium	Kolkata Knight Riders	Kochi Tuskers Kerala	Matches=1	Wins=0	Losses=1	Win%=0.00	TossWins=1	TossLosses=0	TossWinMatchWins=0	TossWinMatchLosses=1	TossConversion%=0.00	BatFirst=0	BatFirstWins=0	BatFirstWin%=0.00	FieldFirst=1	FieldFirstWins=0	FieldFirstWin%=0.00
Nehru Stadium	Royal Challengers Bengaluru	Kochi Tuskers Kerala	Matches=1	Wins=1	Losses=0	Win%=100.00	TossWins=0	TossLosses=1	TossWinMatchWins=0	TossWinMatchLosses=0	TossConversion%=0.00	BatFirst=0	BatFirstWins=0	BatFirstWin%=0.00	FieldFirst=0	FieldFirstWins=0	FieldFirstWin%=0.00
New Wanderers Stadium	Chennai Super Kings	Delhi Capitals	Matches=1	Wins=1	Losses=0	Win%=100.00	TossWins=0	TossLosses=1	TossWinMatchWins=0	TossWinMatchLosses=0	TossConversion%=0.00	BatFirst=0	BatFirstWins=0	BatFirstWin%=0.00	FieldFirst=0	FieldFirstWins=0	FieldFirstWin%=0.00
New Wanderers Stadium	Chennai Super Kings	Royal Challengers Bengaluru	Matches=1	Wins=0	Losses=1	Win%=0.00	TossWins=0	TossLosses=1	TossWinMatchWins=0	TossWinMatchLosses=0	TossConversion%=0.00	BatFirst=0	BatFirstWins=0	BatFirstWin%=0.00	FieldFirst=0	FieldFirstWins=0	FieldFirstWin%=0.00
New Wanderers Stadium	Deccan Chargers	Kolkata Knight Riders	Matches=1	Wins=1	Losses=0	Win%=100.00	TossWins=1	TossLosses=0	TossWinMatchWins=1	TossWinMatchLosses=0	TossConversion%=100.00	BatFirst=0	BatFirstWins=0	BatFirstWin%=0.00	FieldFirst=1	FieldFirstWins=1	FieldFirstWin%=100.00
New Wanderers Stadium	Deccan Chargers	Punjab Kings	Matches=1	Wins=0	Losses=1	Win%=0.00	TossWins=1	TossLosses=0	TossWinMatchWins=0	TossWinMatchLosses=1	TossConversion%=0.00	BatFirst=0	BatFirstWins=0	BatFirstWin%=0.00	FieldFirst=1	FieldFirstWins=0	FieldFirstWin%=0.00
New Wanderers Stadium	Deccan Chargers	Royal Challengers Bengaluru	Matches=1	Wins=1	Losses=0	Win%=100.00	TossWins=0	TossLosses=1	TossWinMatchWins=0	TossWinMatchLosses=0	TossConversion%=0.00	BatFirst=0	BatFirstWins=0	BatFirstWin%=0.00	FieldFirst=0	FieldFirstWins=0	FieldFirstWin%=0.00
New Wanderers Stadium	Delhi Capitals	Chennai Super Kings	Matches=1	Wins=0	Losses=1	Win%=0.00	TossWins=1	TossLosses=0	TossWinMatchWins=0	TossWinMatchLosses=1	TossConversion%=0.00	BatFirst=0	BatFirstWins=0	BatFirstWin%=0.00	FieldFirst=1	FieldFirstWins=0	FieldFirstWin%=0.00
New Wanderers Stadium	Delhi Capitals	Kolkata Knight Riders	Matches=1	Wins=1	Losses=0	Win%=100.00	TossWins=1	TossLosses=0	TossWinMatchWins=1	TossWinMatchLosses=0	TossConversion%=100.00	BatFirst=0	BatFirstWins=0	BatFirstWin%=0.00	FieldFirst=1	FieldFirstWins=1	FieldFirstWin%=100.00
New Wanderers Stadium	Delhi Capitals	Royal Challengers Bengaluru	Matches=1	Wins=0	Losses=1	Win%=0.00	TossWins=1	TossLosses=0	TossWinMatchWins=0	TossWinMatchLosses=1	TossConversion%=0.00	BatFirst=1	BatFirstWins=0	BatFirstWin%=0.00	FieldFirst=0	FieldFirstWins=0	FieldFirstWin%=0.00
New Wanderers Stadium	Kolkata Knight Riders	Deccan Chargers	Matches=1	Wins=0	Losses=1	Win%=0.00	TossWins=0	TossLosses=1	TossWinMatchWins=0	TossWinMatchLosses=0	TossConversion%=0.00	BatFirst=0	BatFirstWins=0	BatFirstWin%=0.00	FieldFirst=0	FieldFirstWins=0	FieldFirstWin%=0.00
New Wanderers Stadium	Kolkata Knight Riders	Delhi Capitals	Matches=1	Wins=0	Losses=1	Win%=0.00	TossWins=0	TossLosses=1	TossWinMatchWins=0	TossWinMatchLosses=0	TossConversion%=0.00	BatFirst=0	BatFirstWins=0	BatFirstWin%=0.00	FieldFirst=0	FieldFirstWins=0	FieldFirstWin%=0.00
New Wanderers Stadium	Mumbai Indians	Royal Challengers Bengaluru	Matches=1	Wins=0	Losses=1	Win%=0.00	TossWins=1	TossLosses=0	TossWinMatchWins=0	TossWinMatchLosses=1	TossConversion%=0.00	BatFirst=1	BatFirstWins=0	BatFirstWin%=0.00	FieldFirst=0	FieldFirstWins=0	FieldFirstWin%=0.00
New Wanderers Stadium	Punjab Kings	Deccan Chargers	Matches=1	Wins=1	Losses=0	Win%=100.00	TossWins=0	TossLosses=1	TossWinMatchWins=0	TossWinMatchLosses=0	TossConversion%=0.00	BatFirst=0	BatFirstWins=0	BatFirstWin%=0.00	FieldFirst=0	FieldFirstWins=0	FieldFirstWin%=0.00
New Wanderers Stadium	Royal Challengers Bengaluru	Chennai Super Kings	Matches=1	Wins=1	Losses=0	Win%=100.00	TossWins=1	TossLosses=0	TossWinMatchWins=1	TossWinMatchLosses=0	TossConversion%=100.00	BatFirst=0	BatFirstWins=0	BatFirstWin%=0.00	FieldFirst=1	FieldFirstWins=1	FieldFirstWin%=100.00
New Wanderers Stadium	Royal Challengers Bengaluru	Deccan Chargers	Matches=1	Wins=0	Losses=1	Win%=0.00	TossWins=1	TossLosses=0	TossWinMatchWins=0	TossWinMatchLosses=1	TossConversion%=0.00	BatFirst=0	BatFirstWins=0	BatFirstWin%=0.00	FieldFirst=1	FieldFirstWins=0	FieldFirstWin%=0.00
New Wanderers Stadium	Royal Challengers Bengaluru	Delhi Capitals	Matches=1	Wins=1	Losses=0	Win%=100.00	TossWins=0	TossLosses=1	TossWinMatchWins=0	TossWinMatchLosses=0	TossConversion%=0.00	BatFirst=0	BatFirstWins=0	BatFirstWin%=0.00	FieldFirst=0	FieldFirstWins=0	FieldFirstWin%=0.00
New Wanderers Stadium	Royal Challengers Bengaluru	Mumbai Indians	Matches=1	Wins=1	Losses=0	Win%=100.00	TossWins=0	TossLosses=1	TossWinMatchWins=0	TossWinMatchLosses=0	TossConversion%=0.00	BatFirst=0	BatFirstWins=0	BatFirstWin%=0.00	FieldFirst=0	FieldFirstWins=0	FieldFirstWin%=0.00
Newlands	Chennai Super Kings	Mumbai Indians	Matches=1	Wins=0	Losses=1	Win%=0.00	TossWins=1	TossLosses=0	TossWinMatchWins=0	TossWinMatchLosses=1	TossConversion%=0.00	BatFirst=0	BatFirstWins=0	BatFirstWin%=0.00	FieldFirst=1	FieldFirstWins=0	FieldFirstWin%=0.00
Newlands	Deccan Chargers	Kolkata Knight Riders	Matches=1	Wins=1	Losses=0	Win%=100.00	TossWins=0	TossLosses=1	TossWinMatchWins=0	TossWinMatchLosses=0	TossConversion%=0.00	BatFirst=0	BatFirstWins=0	BatFirstWin%=0.00	FieldFirst=0	FieldFirstWins=0	FieldFirstWin%=0.00
Newlands	Deccan Chargers	Royal Challengers Bengaluru	Matches=1	Wins=1	Losses=0	Win%=100.00	TossWins=1	TossLosses=0	TossWinMatchWins=1	TossWinMatchLosses=0	TossConversion%=100.00	BatFirst=1	BatFirstWins=1	BatFirstWin%=100.00	FieldFirst=0	FieldFirstWins=0	FieldFirstWin%=0.00
Newlands	Delhi Capitals	Punjab Kings	Matches=1	Wins=1	Losses=0	Win%=100.00	TossWins=1	TossLosses=0	TossWinMatchWins=1	TossWinMatchLosses=0	TossConversion%=100.00	BatFirst=0	BatFirstWins=0	BatFirstWin%=0.00	FieldFirst=1	FieldFirstWins=1	FieldFirstWin%=100.00
Newlands	Kolkata Knight Riders	Deccan Chargers	Matches=1	Wins=0	Losses=1	Win%=0.00	TossWins=1	TossLosses=0	TossWinMatchWins=0	TossWinMatchLosses=1	TossConversion%=0.00	BatFirst=1	BatFirstWins=0	BatFirstWin%=0.00	FieldFirst=0	FieldFirstWins=0	FieldFirstWin%=0.00
Newlands	Kolkata Knight Riders	Rajasthan Royals	Matches=1	Wins=0	Losses=1	Win%=0.00	TossWins=1	TossLosses=0	TossWinMatchWins=0	TossWinMatchLosses=1	TossConversion%=0.00	BatFirst=0	BatFirstWins=0	BatFirstWin%=0.00	FieldFirst=1	FieldFirstWins=0	FieldFirstWin%=0.00
Newlands	Mumbai Indians	Chennai Super Kings	Matches=1	Wins=1	Losses=0	Win%=100.00	TossWins=0	TossLosses=1	TossWinMatchWins=0	TossWinMatchLosses=0	TossConversion%=0.00	BatFirst=0	BatFirstWins=0	BatFirstWin%=0.00	FieldFirst=0	FieldFirstWins=0	FieldFirstWin%=0.00
Newlands	Punjab Kings	Delhi Capitals	Matches=1	Wins=0	Losses=1	Win%=0.00	TossWins=0	TossLosses=1	TossWinMatchWins=0	TossWinMatchLosses=0	TossConversion%=0.00	BatFirst=0	BatFirstWins=0	BatFirstWin%=0.00	FieldFirst=0	FieldFirstWins=0	FieldFirstWin%=0.00
Newlands	Punjab Kings	Rajasthan Royals	Matches=1	Wins=1	Losses=0	Win%=100.00	TossWins=1	TossLosses=0	TossWinMatchWins=1	TossWinMatchLosses=0	TossConversion%=100.00	BatFirst=1	BatFirstWins=1	BatFirstWin%=100.00	FieldFirst=0	FieldFirstWins=0	FieldFirstWin%=0.00
Newlands	Rajasthan Royals	Kolkata Knight Riders	Matches=1	Wins=1	Losses=0	Win%=100.00	TossWins=0	TossLosses=1	TossWinMatchWins=0	TossWinMatchLosses=0	TossConversion%=0.00	BatFirst=0	BatFirstWins=0	BatFirstWin%=0.00	FieldFirst=0	FieldFirstWins=0	FieldFirstWin%=0.00
Newlands	Rajasthan Royals	Punjab Kings	Matches=1	Wins=0	Losses=1	Win%=0.00	TossWins=0	TossLosses=1	TossWinMatchWins=0	TossWinMatchLosses=0	TossConversion%=0.00	BatFirst=0	BatFirstWins=0	BatFirstWin%=0.00	FieldFirst=0	FieldFirstWins=0	FieldFirstWin%=0.00
Newlands	Rajasthan Royals	Royal Challengers Bengaluru	Matches=1	Wins=0	Losses=1	Win%=0.00	TossWins=0	TossLosses=1	TossWinMatchWins=0	TossWinMatchLosses=0	TossConversion%=0.00	BatFirst=0	BatFirstWins=0	BatFirstWin%=0.00	FieldFirst=0	FieldFirstWins=0	FieldFirstWin%=0.00
Newlands	Royal Challengers Bengaluru	Deccan Chargers	Matches=1	Wins=0	Losses=1	Win%=0.00	TossWins=0	TossLosses=1	TossWinMatchWins=0	TossWinMatchLosses=0	TossConversion%=0.00	BatFirst=0	BatFirstWins=0	BatFirstWin%=0.00	FieldFirst=0	FieldFirstWins=0	FieldFirstWin%=0.00
Newlands	Royal Challengers Bengaluru	Rajasthan Royals	Matches=1	Wins=1	Losses=0	Win%=100.00	TossWins=1	TossLosses=0	TossWinMatchWins=1	TossWinMatchLosses=0	TossConversion%=100.00	BatFirst=1	BatFirstWins=1	BatFirstWin%=100.00	FieldFirst=0	FieldFirstWins=0	FieldFirstWin%=0.00
OUTsurance Oval	Delhi Capitals	Punjab Kings	Matches=1	Wins=0	Losses=1	Win%=0.00	TossWins=0	TossLosses=1	TossWinMatchWins=0	TossWinMatchLosses=0	TossConversion%=0.00	BatFirst=0	BatFirstWins=0	BatFirstWin%=0.00	FieldFirst=0	FieldFirstWins=0	FieldFirstWin%=0.00
OUTsurance Oval	Delhi Capitals	Rajasthan Royals	Matches=1	Wins=1	Losses=0	Win%=100.00	TossWins=1	TossLosses=0	TossWinMatchWins=1	TossWinMatchLosses=0	TossConversion%=100.00	BatFirst=1	BatFirstWins=1	BatFirstWin%=100.00	FieldFirst=0	FieldFirstWins=0	FieldFirstWin%=0.00
OUTsurance Oval	Punjab Kings	Delhi Capitals	Matches=1	Wins=1	Losses=0	Win%=100.00	TossWins=1	TossLosses=0	TossWinMatchWins=1	TossWinMatchLosses=0	TossConversion%=100.00	BatFirst=0	BatFirstWins=0	BatFirstWin%=0.00	FieldFirst=1	FieldFirstWins=1	FieldFirstWin%=100.00
OUTsurance Oval	Rajasthan Royals	Delhi Capitals	Matches=1	Wins=0	Losses=1	Win%=0.00	TossWins=0	TossLosses=1	TossWinMatchWins=0	TossWinMatchLosses=0	TossConversion%=0.00	BatFirst=0	BatFirstWins=0	BatFirstWin%=0.00	FieldFirst=0	FieldFirstWins=0	FieldFirstWin%=0.00
Punjab Cricket Association IS Bindra Stadium	Chennai Super Kings	Punjab Kings	Matches=2	Wins=0	Losses=2	Win%=0.00	TossWins=1	TossLosses=1	TossWinMatchWins=0	TossWinMatchLosses=1	TossConversion%=0.00	BatFirst=0	BatFirstWins=0	BatFirstWin%=0.00	FieldFirst=1	FieldFirstWins=0	FieldFirstWin%=0.00
Punjab Cricket Association IS Bindra Stadium	Delhi Capitals	Punjab Kings	Matches=2	Wins=0	Losses=2	Win%=0.00	TossWins=1	TossLosses=1	TossWinMatchWins=0	TossWinMatchLosses=1	TossConversion%=0.00	BatFirst=0	BatFirstWins=0	BatFirstWin%=0.00	FieldFirst=1	FieldFirstWins=0	FieldFirstWin%=0.00
Punjab Cricket Association IS Bindra Stadium	Kolkata Knight Riders	Punjab Kings	Matches=1	Wins=1	Losses=0	Win%=100.00	TossWins=1	TossLosses=0	TossWinMatchWins=1	TossWinMatchLosses=0	TossConversion%=100.00	BatFirst=0	BatFirstWins=0	BatFirstWin%=0.00	FieldFirst=1	FieldFirstWins=1	FieldFirstWin%=100.00
Punjab Cricket Association IS Bindra Stadium	Mumbai Indians	Punjab Kings	Matches=1	Wins=0	Losses=1	Win%=0.00	TossWins=0	TossLosses=1	TossWinMatchWins=0	TossWinMatchLosses=0	TossConversion%=0.00	BatFirst=0	BatFirstWins=0	BatFirstWin%=0.00	FieldFirst=0	FieldFirstWins=0	FieldFirstWin%=0.00
Punjab Cricket Association IS Bindra Stadium	Punjab Kings	Chennai Super Kings	Matches=2	Wins=2	Losses=0	Win%=100.00	TossWins=1	TossLosses=1	TossWinMatchWins=1	TossWinMatchLosses=0	TossConversion%=100.00	BatFirst=0	BatFirstWins=0	BatFirstWin%=0.00	FieldFirst=1	FieldFirstWins=1	FieldFirstWin%=100.00
Punjab Cricket Association IS Bindra Stadium	Punjab Kings	Delhi Capitals	Matches=2	Wins=2	Losses=0	Win%=100.00	TossWins=1	TossLosses=1	TossWinMatchWins=1	TossWinMatchLosses=0	TossConversion%=100.00	BatFirst=0	BatFirstWins=0	BatFirstWin%=0.00	FieldFirst=1	FieldFirstWins=1	FieldFirstWin%=100.00
Punjab Cricket Association IS Bindra Stadium	Punjab Kings	Kolkata Knight Riders	Matches=1	Wins=0	Losses=1	Win%=0.00	TossWins=0	TossLosses=1	TossWinMatchWins=0	TossWinMatchLosses=0	TossConversion%=0.00	BatFirst=0	BatFirstWins=0	BatFirstWin%=0.00	FieldFirst=0	FieldFirstWins=0	FieldFirstWin%=0.00
Punjab Cricket Association IS Bindra Stadium	Punjab Kings	Mumbai Indians	Matches=1	Wins=1	Losses=0	Win%=100.00	TossWins=1	TossLosses=0	TossWinMatchWins=1	TossWinMatchLosses=0	TossConversion%=100.00	BatFirst=0	BatFirstWins=0	BatFirstWin%=0.00	FieldFirst=1	FieldFirstWins=1	FieldFirstWin%=100.00
Punjab Cricket Association IS Bindra Stadium	Punjab Kings	Rajasthan Royals	Matches=1	Wins=1	Losses=0	Win%=100.00	TossWins=0	TossLosses=1	TossWinMatchWins=0	TossWinMatchLosses=0	TossConversion%=0.00	BatFirst=0	BatFirstWins=0	BatFirstWin%=0.00	FieldFirst=0	FieldFirstWins=0	FieldFirstWin%=0.00
Punjab Cricket Association IS Bindra Stadium	Punjab Kings	Royal Challengers Bengaluru	Matches=1	Wins=0	Losses=1	Win%=0.00	TossWins=0	TossLosses=1	TossWinMatchWins=0	TossWinMatchLosses=0	TossConversion%=0.00	BatFirst=0	BatFirstWins=0	BatFirstWin%=0.00	FieldFirst=0	FieldFirstWins=0	FieldFirstWin%=0.00
Punjab Cricket Association IS Bindra Stadium	Punjab Kings	Sunrisers Hyderabad	Matches=2	Wins=2	Losses=0	Win%=100.00	TossWins=2	TossLosses=0	TossWinMatchWins=2	TossWinMatchLosses=0	TossConversion%=100.00	BatFirst=1	BatFirstWins=1	BatFirstWin%=100.00	FieldFirst=1	FieldFirstWins=1	FieldFirstWin%=100.00
Punjab Cricket Association IS Bindra Stadium	Rajasthan Royals	Punjab Kings	Matches=1	Wins=0	Losses=1	Win%=0.00	TossWins=1	TossLosses=0	TossWinMatchWins=0	TossWinMatchLosses=1	TossConversion%=0.00	BatFirst=0	BatFirstWins=0	BatFirstWin%=0.00	FieldFirst=1	FieldFirstWins=0	FieldFirstWin%=0.00
Punjab Cricket Association IS Bindra Stadium	Royal Challengers Bengaluru	Punjab Kings	Matches=1	Wins=1	Losses=0	Win%=100.00	TossWins=1	TossLosses=0	TossWinMatchWins=1	TossWinMatchLosses=0	TossConversion%=100.00	BatFirst=0	BatFirstWins=0	BatFirstWin%=0.00	FieldFirst=1	FieldFirstWins=1	FieldFirstWin%=100.00
Punjab Cricket Association IS Bindra Stadium	Sunrisers Hyderabad	Punjab Kings	Matches=2	Wins=0	Losses=2	Win%=0.00	TossWins=0	TossLosses=2	TossWinMatchWins=0	TossWinMatchLosses=0	TossConversion%=0.00	BatFirst=0	BatFirstWins=0	BatFirstWin%=0.00	FieldFirst=0	FieldFirstWins=0	FieldFirstWin%=0.00
Punjab Cricket Association IS Bindra Stadium, Mohali	Delhi Capitals	Punjab Kings	Matches=2	Wins=0	Losses=2	Win%=0.00	TossWins=1	TossLosses=1	TossWinMatchWins=0	TossWinMatchLosses=1	TossConversion%=0.00	BatFirst=0	BatFirstWins=0	BatFirstWin%=0.00	FieldFirst=1	FieldFirstWins=0	FieldFirstWin%=0.00
Punjab Cricket Association IS Bindra Stadium, Mohali	Gujarat Lions	Punjab Kings	Matches=2	Wins=2	Losses=0	Win%=100.00	TossWins=2	TossLosses=0	TossWinMatchWins=2	TossWinMatchLosses=0	TossConversion%=100.00	BatFirst=0	BatFirstWins=0	BatFirstWin%=0.00	FieldFirst=2	FieldFirstWins=2	FieldFirstWin%=100.00
Punjab Cricket Association IS Bindra Stadium, Mohali	Kolkata Knight Riders	Punjab Kings	Matches=2	Wins=1	Losses=1	Win%=50.00	TossWins=2	TossLosses=0	TossWinMatchWins=1	TossWinMatchLosses=1	TossConversion%=50.00	BatFirst=0	BatFirstWins=0	BatFirstWin%=0.00	FieldFirst=2	FieldFirstWins=1	FieldFirstWin%=50.00
Punjab Cricket Association IS Bindra Stadium, Mohali	Mumbai Indians	Punjab Kings	Matches=1	Wins=1	Losses=0	Win%=100.00	TossWins=0	TossLosses=1	TossWinMatchWins=0	TossWinMatchLosses=0	TossConversion%=0.00	BatFirst=0	BatFirstWins=0	BatFirstWin%=0.00	FieldFirst=0	FieldFirstWins=0	FieldFirstWin%=0.00
Punjab Cricket Association IS Bindra Stadium, Mohali	Punjab Kings	Delhi Capitals	Matches=2	Wins=2	Losses=0	Win%=100.00	TossWins=1	TossLosses=1	TossWinMatchWins=1	TossWinMatchLosses=0	TossConversion%=100.00	BatFirst=0	BatFirstWins=0	BatFirstWin%=0.00	FieldFirst=1	FieldFirstWins=1	FieldFirstWin%=100.00
Punjab Cricket Association IS Bindra Stadium, Mohali	Punjab Kings	Gujarat Lions	Matches=2	Wins=0	Losses=2	Win%=0.00	TossWins=0	TossLosses=2	TossWinMatchWins=0	TossWinMatchLosses=0	TossConversion%=0.00	BatFirst=0	BatFirstWins=0	BatFirstWin%=0.00	FieldFirst=0	FieldFirstWins=0	FieldFirstWin%=0.00
Punjab Cricket Association IS Bindra Stadium, Mohali	Punjab Kings	Kolkata Knight Riders	Matches=2	Wins=1	Losses=1	Win%=50.00	TossWins=0	TossLosses=2	TossWinMatchWins=0	TossWinMatchLosses=0	TossConversion%=0.00	BatFirst=0	BatFirstWins=0	BatFirstWin%=0.00	FieldFirst=0	FieldFirstWins=0	FieldFirstWin%=0.00
Punjab Cricket Association IS Bindra Stadium, Mohali	Punjab Kings	Mumbai Indians	Matches=1	Wins=0	Losses=1	Win%=0.00	TossWins=1	TossLosses=0	TossWinMatchWins=0	TossWinMatchLosses=1	TossConversion%=0.00	BatFirst=0	BatFirstWins=0	BatFirstWin%=0.00	FieldFirst=1	FieldFirstWins=0	FieldFirstWin%=0.00
Punjab Cricket Association IS Bindra Stadium, Mohali	Punjab Kings	Rising Pune Supergiants	Matches=1	Wins=1	Losses=0	Win%=100.00	TossWins=0	TossLosses=1	TossWinMatchWins=0	TossWinMatchLosses=0	TossConversion%=0.00	BatFirst=0	BatFirstWins=0	BatFirstWin%=0.00	FieldFirst=0	FieldFirstWins=0	FieldFirstWin%=0.00
Punjab Cricket Association IS Bindra Stadium, Mohali	Punjab Kings	Royal Challengers Bengaluru	Matches=1	Wins=0	Losses=1	Win%=0.00	TossWins=1	TossLosses=0	TossWinMatchWins=0	TossWinMatchLosses=1	TossConversion%=0.00	BatFirst=0	BatFirstWins=0	BatFirstWin%=0.00	FieldFirst=1	FieldFirstWins=0	FieldFirstWin%=0.00
Punjab Cricket Association IS Bindra Stadium, Mohali	Punjab Kings	Sunrisers Hyderabad	Matches=2	Wins=0	Losses=2	Win%=0.00	TossWins=2	TossLosses=0	TossWinMatchWins=0	TossWinMatchLosses=2	TossConversion%=0.00	BatFirst=1	BatFirstWins=0	BatFirstWin%=0.00	FieldFirst=1	FieldFirstWins=0	FieldFirstWin%=0.00
Punjab Cricket Association IS Bindra Stadium, Mohali	Rising Pune Supergiants	Punjab Kings	Matches=1	Wins=0	Losses=1	Win%=0.00	TossWins=1	TossLosses=0	TossWinMatchWins=0	TossWinMatchLosses=1	TossConversion%=0.00	BatFirst=1	BatFirstWins=0	BatFirstWin%=0.00	FieldFirst=0	FieldFirstWins=0	FieldFirstWin%=0.00
Punjab Cricket Association IS Bindra Stadium, Mohali	Royal Challengers Bengaluru	Punjab Kings	Matches=1	Wins=1	Losses=0	Win%=100.00	TossWins=0	TossLosses=1	TossWinMatchWins=0	TossWinMatchLosses=0	TossConversion%=0.00	BatFirst=0	BatFirstWins=0	BatFirstWin%=0.00	FieldFirst=0	FieldFirstWins=0	FieldFirstWin%=0.00
Punjab Cricket Association IS Bindra Stadium, Mohali	Sunrisers Hyderabad	Punjab Kings	Matches=2	Wins=2	Losses=0	Win%=100.00	TossWins=0	TossLosses=2	TossWinMatchWins=0	TossWinMatchLosses=0	TossConversion%=0.00	BatFirst=0	BatFirstWins=0	BatFirstWin%=0.00	FieldFirst=0	FieldFirstWins=0	FieldFirstWin%=0.00
Punjab Cricket Association IS Bindra Stadium, Mohali, Chandigarh	Gujarat Titans	Punjab Kings	Matches=1	Wins=1	Losses=0	Win%=100.00	TossWins=1	TossLosses=0	TossWinMatchWins=1	TossWinMatchLosses=0	TossConversion%=100.00	BatFirst=0	BatFirstWins=0	BatFirstWin%=0.00	FieldFirst=1	FieldFirstWins=1	FieldFirstWin%=100.00
Punjab Cricket Association IS Bindra Stadium, Mohali, Chandigarh	Kolkata Knight Riders	Punjab Kings	Matches=1	Wins=0	Losses=1	Win%=0.00	TossWins=1	TossLosses=0	TossWinMatchWins=0	TossWinMatchLosses=1	TossConversion%=0.00	BatFirst=0	BatFirstWins=0	BatFirstWin%=0.00	FieldFirst=1	FieldFirstWins=0	FieldFirstWin%=0.00
Punjab Cricket Association IS Bindra Stadium, Mohali, Chandigarh	Lucknow Super Giants	Punjab Kings	Matches=1	Wins=1	Losses=0	Win%=100.00	TossWins=0	TossLosses=1	TossWinMatchWins=0	TossWinMatchLosses=0	TossConversion%=0.00	BatFirst=0	BatFirstWins=0	BatFirstWin%=0.00	FieldFirst=0	FieldFirstWins=0	FieldFirstWin%=0.00
Punjab Cricket Association IS Bindra Stadium, Mohali, Chandigarh	Mumbai Indians	Punjab Kings	Matches=1	Wins=1	Losses=0	Win%=100.00	TossWins=1	TossLosses=0	TossWinMatchWins=1	TossWinMatchLosses=0	TossConversion%=100.00	BatFirst=0	BatFirstWins=0	BatFirstWin%=0.00	FieldFirst=1	FieldFirstWins=1	FieldFirstWin%=100.00
Punjab Cricket Association IS Bindra Stadium, Mohali, Chandigarh	Punjab Kings	Gujarat Titans	Matches=1	Wins=0	Losses=1	Win%=0.00	TossWins=0	TossLosses=1	TossWinMatchWins=0	TossWinMatchLosses=0	TossConversion%=0.00	BatFirst=0	BatFirstWins=0	BatFirstWin%=0.00	FieldFirst=0	FieldFirstWins=0	FieldFirstWin%=0.00
Punjab Cricket Association IS Bindra Stadium, Mohali, Chandigarh	Punjab Kings	Kolkata Knight Riders	Matches=1	Wins=1	Losses=0	Win%=100.00	TossWins=0	TossLosses=1	TossWinMatchWins=0	TossWinMatchLosses=0	TossConversion%=0.00	BatFirst=0	BatFirstWins=0	BatFirstWin%=0.00	FieldFirst=0	FieldFirstWins=0	FieldFirstWin%=0.00
Punjab Cricket Association IS Bindra Stadium, Mohali, Chandigarh	Punjab Kings	Lucknow Super Giants	Matches=1	Wins=0	Losses=1	Win%=0.00	TossWins=1	TossLosses=0	TossWinMatchWins=0	TossWinMatchLosses=1	TossConversion%=0.00	BatFirst=0	BatFirstWins=0	BatFirstWin%=0.00	FieldFirst=1	FieldFirstWins=0	FieldFirstWin%=0.00
Punjab Cricket Association IS Bindra Stadium, Mohali, Chandigarh	Punjab Kings	Mumbai Indians	Matches=1	Wins=0	Losses=1	Win%=0.00	TossWins=0	TossLosses=1	TossWinMatchWins=0	TossWinMatchLosses=0	TossConversion%=0.00	BatFirst=0	BatFirstWins=0	BatFirstWin%=0.00	FieldFirst=0	FieldFirstWins=0	FieldFirstWin%=0.00
Punjab Cricket Association IS Bindra Stadium, Mohali, Chandigarh	Punjab Kings	Royal Challengers Bengaluru	Matches=1	Wins=0	Losses=1	Win%=0.00	TossWins=1	TossLosses=0	TossWinMatchWins=0	TossWinMatchLosses=1	TossConversion%=0.00	BatFirst=0	BatFirstWins=0	BatFirstWin%=0.00	FieldFirst=1	FieldFirstWins=0	FieldFirstWin%=0.00
Punjab Cricket Association IS Bindra Stadium, Mohali, Chandigarh	Royal Challengers Bengaluru	Punjab Kings	Matches=1	Wins=1	Losses=0	Win%=100.00	TossWins=0	TossLosses=1	TossWinMatchWins=0	TossWinMatchLosses=0	TossConversion%=0.00	BatFirst=0	BatFirstWins=0	BatFirstWin%=0.00	FieldFirst=0	FieldFirstWins=0	FieldFirstWin%=0.00
Punjab Cricket Association Stadium, Mohali	Chennai Super Kings	Punjab Kings	Matches=4	Wins=3	Losses=1	Win%=75.00	TossWins=2	TossLosses=2	TossWinMatchWins=2	TossWinMatchLosses=0	TossConversion%=100.00	BatFirst=1	BatFirstWins=1	BatFirstWin%=100.00	FieldFirst=1	FieldFirstWins=1	FieldFirstWin%=100.00
Punjab Cricket Association Stadium, Mohali	Deccan Chargers	Punjab Kings	Matches=2	Wins=0	Losses=2	Win%=0.00	TossWins=1	TossLosses=1	TossWinMatchWins=0	TossWinMatchLosses=1	TossConversion%=0.00	BatFirst=1	BatFirstWins=0	BatFirstWin%=0.00	FieldFirst=0	FieldFirstWins=0	FieldFirstWin%=0.00
Punjab Cricket Association Stadium, Mohali	Delhi Capitals	Punjab Kings	Matches=3	Wins=1	Losses=2	Win%=33.33	TossWins=2	TossLosses=1	TossWinMatchWins=1	TossWinMatchLosses=1	TossConversion%=50.00	BatFirst=1	BatFirstWins=0	BatFirstWin%=0.00	FieldFirst=1	FieldFirstWins=1	FieldFirstWin%=100.00
Punjab Cricket Association Stadium, Mohali	Kolkata Knight Riders	Punjab Kings	Matches=4	Wins=2	Losses=2	Win%=50.00	TossWins=2	TossLosses=2	TossWinMatchWins=1	TossWinMatchLosses=1	TossConversion%=50.00	BatFirst=1	BatFirstWins=1	BatFirstWin%=100.00	FieldFirst=1	FieldFirstWins=0	FieldFirstWin%=0.00
Punjab Cricket Association Stadium, Mohali	Mumbai Indians	Punjab Kings	Matches=6	Wins=3	Losses=3	Win%=50.00	TossWins=5	TossLosses=1	TossWinMatchWins=2	TossWinMatchLosses=3	TossConversion%=40.00	BatFirst=2	BatFirstWins=1	BatFirstWin%=50.00	FieldFirst=3	FieldFirstWins=1	FieldFirstWin%=33.33
Punjab Cricket Association Stadium, Mohali	Pune Warriors	Punjab Kings	Matches=3	Wins=1	Losses=2	Win%=33.33	TossWins=0	TossLosses=3	TossWinMatchWins=0	TossWinMatchLosses=0	TossConversion%=0.00	BatFirst=0	BatFirstWins=0	BatFirstWin%=0.00	FieldFirst=0	FieldFirstWins=0	FieldFirstWin%=0.00
Punjab Cricket Association Stadium, Mohali	Punjab Kings	Chennai Super Kings	Matches=4	Wins=1	Losses=3	Win%=25.00	TossWins=2	TossLosses=2	TossWinMatchWins=1	TossWinMatchLosses=1	TossConversion%=50.00	BatFirst=1	BatFirstWins=0	BatFirstWin%=0.00	FieldFirst=1	FieldFirstWins=1	FieldFirstWin%=100.00
Punjab Cricket Association Stadium, Mohali	Punjab Kings	Deccan Chargers	Matches=2	Wins=2	Losses=0	Win%=100.00	TossWins=1	TossLosses=1	TossWinMatchWins=1	TossWinMatchLosses=0	TossConversion%=100.00	BatFirst=0	BatFirstWins=0	BatFirstWin%=0.00	FieldFirst=1	FieldFirstWins=1	FieldFirstWin%=100.00
Punjab Cricket Association Stadium, Mohali	Punjab Kings	Delhi Capitals	Matches=3	Wins=2	Losses=1	Win%=66.67	TossWins=1	TossLosses=2	TossWinMatchWins=1	TossWinMatchLosses=0	TossConversion%=100.00	BatFirst=0	BatFirstWins=0	BatFirstWin%=0.00	FieldFirst=1	FieldFirstWins=1	FieldFirstWin%=100.00
Punjab Cricket Association Stadium, Mohali	Punjab Kings	Kolkata Knight Riders	Matches=4	Wins=2	Losses=2	Win%=50.00	TossWins=2	TossLosses=2	TossWinMatchWins=1	TossWinMatchLosses=1	TossConversion%=50.00	BatFirst=2	BatFirstWins=1	BatFirstWin%=50.00	FieldFirst=0	FieldFirstWins=0	FieldFirstWin%=0.00
Punjab Cricket Association Stadium, Mohali	Punjab Kings	Mumbai Indians	Matches=6	Wins=3	Losses=3	Win%=50.00	TossWins=1	TossLosses=5	TossWinMatchWins=0	TossWinMatchLosses=1	TossConversion%=0.00	BatFirst=1	BatFirstWins=0	BatFirstWin%=0.00	FieldFirst=0	FieldFirstWins=0	FieldFirstWin%=0.00
Punjab Cricket Association Stadium, Mohali	Punjab Kings	Pune Warriors	Matches=3	Wins=2	Losses=1	Win%=66.67	TossWins=3	TossLosses=0	TossWinMatchWins=2	TossWinMatchLosses=1	TossConversion%=66.67	BatFirst=1	BatFirstWins=0	BatFirstWin%=0.00	FieldFirst=2	FieldFirstWins=2	FieldFirstWin%=100.00
Punjab Cricket Association Stadium, Mohali	Punjab Kings	Rajasthan Royals	Matches=6	Wins=3	Losses=3	Win%=50.00	TossWins=1	TossLosses=5	TossWinMatchWins=0	TossWinMatchLosses=1	TossConversion%=0.00	BatFirst=0	BatFirstWins=0	BatFirstWin%=0.00	FieldFirst=1	FieldFirstWins=0	FieldFirstWin%=0.00
Punjab Cricket Association Stadium, Mohali	Punjab Kings	Royal Challengers Bengaluru	Matches=5	Wins=3	Losses=2	Win%=60.00	TossWins=2	TossLosses=3	TossWinMatchWins=1	TossWinMatchLosses=1	TossConversion%=50.00	BatFirst=1	BatFirstWins=0	BatFirstWin%=0.00	FieldFirst=1	FieldFirstWins=1	FieldFirstWin%=100.00
Punjab Cricket Association Stadium, Mohali	Punjab Kings	Sunrisers Hyderabad	Matches=2	Wins=0	Losses=2	Win%=0.00	TossWins=2	TossLosses=0	TossWinMatchWins=0	TossWinMatchLosses=2	TossConversion%=0.00	BatFirst=0	BatFirstWins=0	BatFirstWin%=0.00	FieldFirst=2	FieldFirstWins=0	FieldFirstWin%=0.00
Punjab Cricket Association Stadium, Mohali	Rajasthan Royals	Punjab Kings	Matches=6	Wins=3	Losses=3	Win%=50.00	TossWins=5	TossLosses=1	TossWinMatchWins=2	TossWinMatchLosses=3	TossConversion%=40.00	BatFirst=1	BatFirstWins=1	BatFirstWin%=100.00	FieldFirst=4	FieldFirstWins=1	FieldFirstWin%=25.00
Punjab Cricket Association Stadium, Mohali	Royal Challengers Bengaluru	Punjab Kings	Matches=5	Wins=2	Losses=3	Win%=40.00	TossWins=3	TossLosses=2	TossWinMatchWins=1	TossWinMatchLosses=2	TossConversion%=33.33	BatFirst=1	BatFirstWins=0	BatFirstWin%=0.00	FieldFirst=2	FieldFirstWins=1	FieldFirstWin%=50.00
Punjab Cricket Association Stadium, Mohali	Sunrisers Hyderabad	Punjab Kings	Matches=2	Wins=2	Losses=0	Win%=100.00	TossWins=0	TossLosses=2	TossWinMatchWins=0	TossWinMatchLosses=0	TossConversion%=0.00	BatFirst=0	BatFirstWins=0	BatFirstWin%=0.00	FieldFirst=0	FieldFirstWins=0	FieldFirstWin%=0.00
Rajiv Gandhi International Stadium	Chennai Super Kings	Mumbai Indians	Matches=1	Wins=0	Losses=1	Win%=0.00	TossWins=0	TossLosses=1	TossWinMatchWins=0	TossWinMatchLosses=0	TossConversion%=0.00	BatFirst=0	BatFirstWins=0	BatFirstWin%=0.00	FieldFirst=0	FieldFirstWins=0	FieldFirstWin%=0.00
Rajiv Gandhi International Stadium	Chennai Super Kings	Sunrisers Hyderabad	Matches=2	Wins=1	Losses=1	Win%=50.00	TossWins=1	TossLosses=1	TossWinMatchWins=0	TossWinMatchLosses=1	TossConversion%=0.00	BatFirst=1	BatFirstWins=0	BatFirstWin%=0.00	FieldFirst=0	FieldFirstWins=0	FieldFirstWin%=0.00
Rajiv Gandhi International Stadium	Delhi Capitals	Sunrisers Hyderabad	Matches=2	Wins=1	Losses=1	Win%=50.00	TossWins=1	TossLosses=1	TossWinMatchWins=0	TossWinMatchLosses=1	TossConversion%=0.00	BatFirst=1	BatFirstWins=0	BatFirstWin%=0.00	FieldFirst=0	FieldFirstWins=0	FieldFirstWin%=0.00
Rajiv Gandhi International Stadium	Kolkata Knight Riders	Sunrisers Hyderabad	Matches=2	Wins=1	Losses=1	Win%=50.00	TossWins=0	TossLosses=2	TossWinMatchWins=0	TossWinMatchLosses=0	TossConversion%=0.00	BatFirst=0	BatFirstWins=0	BatFirstWin%=0.00	FieldFirst=0	FieldFirstWins=0	FieldFirstWin%=0.00
Rajiv Gandhi International Stadium	Mumbai Indians	Chennai Super Kings	Matches=1	Wins=1	Losses=0	Win%=100.00	TossWins=1	TossLosses=0	TossWinMatchWins=1	TossWinMatchLosses=0	TossConversion%=100.00	BatFirst=1	BatFirstWins=1	BatFirstWin%=100.00	FieldFirst=0	FieldFirstWins=0	FieldFirstWin%=0.00
Rajiv Gandhi International Stadium	Mumbai Indians	Sunrisers Hyderabad	Matches=2	Wins=1	Losses=1	Win%=50.00	TossWins=0	TossLosses=2	TossWinMatchWins=0	TossWinMatchLosses=0	TossConversion%=0.00	BatFirst=0	BatFirstWins=0	BatFirstWin%=0.00	FieldFirst=0	FieldFirstWins=0	FieldFirstWin%=0.00
Rajiv Gandhi International Stadium	Punjab Kings	Sunrisers Hyderabad	Matches=2	Wins=0	Losses=2	Win%=0.00	TossWins=2	TossLosses=0	TossWinMatchWins=0	TossWinMatchLosses=2	TossConversion%=0.00	BatFirst=0	BatFirstWins=0	BatFirstWin%=0.00	FieldFirst=2	FieldFirstWins=0	FieldFirstWin%=0.00
Rajiv Gandhi International Stadium	Rajasthan Royals	Sunrisers Hyderabad	Matches=2	Wins=0	Losses=2	Win%=0.00	TossWins=1	TossLosses=1	TossWinMatchWins=0	TossWinMatchLosses=1	TossConversion%=0.00	BatFirst=1	BatFirstWins=0	BatFirstWin%=0.00	FieldFirst=0	FieldFirstWins=0	FieldFirstWin%=0.00
Rajiv Gandhi International Stadium	Royal Challengers Bengaluru	Sunrisers Hyderabad	Matches=2	Wins=0	Losses=2	Win%=0.00	TossWins=2	TossLosses=0	TossWinMatchWins=0	TossWinMatchLosses=2	TossConversion%=0.00	BatFirst=0	BatFirstWins=0	BatFirstWin%=0.00	FieldFirst=2	FieldFirstWins=0	FieldFirstWin%=0.00
Rajiv Gandhi International Stadium	Sunrisers Hyderabad	Chennai Super Kings	Matches=2	Wins=1	Losses=1	Win%=50.00	TossWins=1	TossLosses=1	TossWinMatchWins=0	TossWinMatchLosses=1	TossConversion%=0.00	BatFirst=0	BatFirstWins=0	BatFirstWin%=0.00	FieldFirst=1	FieldFirstWins=0	FieldFirstWin%=0.00
Rajiv Gandhi International Stadium	Sunrisers Hyderabad	Delhi Capitals	Matches=2	Wins=1	Losses=1	Win%=50.00	TossWins=1	TossLosses=1	TossWinMatchWins=0	TossWinMatchLosses=1	TossConversion%=0.00	BatFirst=0	BatFirstWins=0	BatFirstWin%=0.00	FieldFirst=1	FieldFirstWins=0	FieldFirstWin%=0.00
Rajiv Gandhi International Stadium	Sunrisers Hyderabad	Kolkata Knight Riders	Matches=2	Wins=1	Losses=1	Win%=50.00	TossWins=2	TossLosses=0	TossWinMatchWins=1	TossWinMatchLosses=1	TossConversion%=50.00	BatFirst=1	BatFirstWins=0	BatFirstWin%=0.00	FieldFirst=1	FieldFirstWins=1	FieldFirstWin%=100.00
Rajiv Gandhi International Stadium	Sunrisers Hyderabad	Mumbai Indians	Matches=2	Wins=1	Losses=1	Win%=50.00	TossWins=2	TossLosses=0	TossWinMatchWins=1	TossWinMatchLosses=1	TossConversion%=50.00	BatFirst=0	BatFirstWins=0	BatFirstWin%=0.00	FieldFirst=2	FieldFirstWins=1	FieldFirstWin%=50.00
Rajiv Gandhi International Stadium	Sunrisers Hyderabad	Punjab Kings	Matches=2	Wins=2	Losses=0	Win%=100.00	TossWins=0	TossLosses=2	TossWinMatchWins=0	TossWinMatchLosses=0	TossConversion%=0.00	BatFirst=0	BatFirstWins=0	BatFirstWin%=0.00	FieldFirst=0	FieldFirstWins=0	FieldFirstWin%=0.00
Rajiv Gandhi International Stadium	Sunrisers Hyderabad	Rajasthan Royals	Matches=2	Wins=2	Losses=0	Win%=100.00	TossWins=1	TossLosses=1	TossWinMatchWins=1	TossWinMatchLosses=0	TossConversion%=100.00	BatFirst=0	BatFirstWins=0	BatFirstWin%=0.00	FieldFirst=1	FieldFirstWins=1	FieldFirstWin%=100.00
Rajiv Gandhi International Stadium	Sunrisers Hyderabad	Royal Challengers Bengaluru	Matches=2	Wins=2	Losses=0	Win%=100.00	TossWins=0	TossLosses=2	TossWinMatchWins=0	TossWinMatchLosses=0	TossConversion%=0.00	BatFirst=0	BatFirstWins=0	BatFirstWin%=0.00	FieldFirst=0	FieldFirstWins=0	FieldFirstWin%=0.00
Rajiv Gandhi International Stadium, Uppal	Chennai Super Kings	Deccan Chargers	Matches=1	Wins=1	Losses=0	Win%=100.00	TossWins=0	TossLosses=1	TossWinMatchWins=0	TossWinMatchLosses=0	TossConversion%=0.00	BatFirst=0	BatFirstWins=0	BatFirstWin%=0.00	FieldFirst=0	FieldFirstWins=0	FieldFirstWin%=0.00
Rajiv Gandhi International Stadium, Uppal	Chennai Super Kings	Sunrisers Hyderabad	Matches=2	Wins=1	Losses=1	Win%=50.00	TossWins=1	TossLosses=1	TossWinMatchWins=0	TossWinMatchLosses=1	TossConversion%=0.00	BatFirst=0	BatFirstWins=0	BatFirstWin%=0.00	FieldFirst=1	FieldFirstWins=0	FieldFirstWin%=0.00
Rajiv Gandhi International Stadium, Uppal	Deccan Chargers	Chennai Super Kings	Matches=1	Wins=0	Losses=1	Win%=0.00	TossWins=1	TossLosses=0	TossWinMatchWins=0	TossWinMatchLosses=1	TossConversion%=0.00	BatFirst=1	BatFirstWins=0	BatFirstWin%=0.00	FieldFirst=0	FieldFirstWins=0	FieldFirstWin%=0.00
Rajiv Gandhi International Stadium, Uppal	Deccan Chargers	Delhi Capitals	Matches=3	Wins=0	Losses=3	Win%=0.00	TossWins=2	TossLosses=1	TossWinMatchWins=0	TossWinMatchLosses=2	TossConversion%=0.00	BatFirst=2	BatFirstWins=0	BatFirstWin%=0.00	FieldFirst=0	FieldFirstWins=0	FieldFirstWin%=0.00
Rajiv Gandhi International Stadium, Uppal	Deccan Chargers	Kolkata Knight Riders	Matches=2	Wins=0	Losses=2	Win%=0.00	TossWins=1	TossLosses=1	TossWinMatchWins=0	TossWinMatchLosses=1	TossConversion%=0.00	BatFirst=0	BatFirstWins=0	BatFirstWin%=0.00	FieldFirst=1	FieldFirstWins=0	FieldFirstWin%=0.00
Rajiv Gandhi International Stadium, Uppal	Deccan Chargers	Mumbai Indians	Matches=2	Wins=0	Losses=2	Win%=0.00	TossWins=2	TossLosses=0	TossWinMatchWins=0	TossWinMatchLosses=2	TossConversion%=0.00	BatFirst=0	BatFirstWins=0	BatFirstWin%=0.00	FieldFirst=2	FieldFirstWins=0	FieldFirstWin%=0.00
Rajiv Gandhi International Stadium, Uppal	Deccan Chargers	Pune Warriors	Matches=1	Wins=0	Losses=1	Win%=0.00	TossWins=1	TossLosses=0	TossWinMatchWins=0	TossWinMatchLosses=1	TossConversion%=0.00	BatFirst=1	BatFirstWins=0	BatFirstWin%=0.00	FieldFirst=0	FieldFirstWins=0	FieldFirstWin%=0.00
Rajiv Gandhi International Stadium, Uppal	Deccan Chargers	Punjab Kings	Matches=3	Wins=0	Losses=3	Win%=0.00	TossWins=1	TossLosses=2	TossWinMatchWins=0	TossWinMatchLosses=1	TossConversion%=0.00	BatFirst=0	BatFirstWins=0	BatFirstWin%=0.00	FieldFirst=1	FieldFirstWins=0	FieldFirstWin%=0.00
Rajiv Gandhi International Stadium, Uppal	Deccan Chargers	Rajasthan Royals	Matches=3	Wins=1	Losses=2	Win%=33.33	TossWins=0	TossLosses=3	TossWinMatchWins=0	TossWinMatchLosses=0	TossConversion%=0.00	BatFirst=0	BatFirstWins=0	BatFirstWin%=0.00	FieldFirst=0	FieldFirstWins=0	FieldFirstWin%=0.00
Rajiv Gandhi International Stadium, Uppal	Deccan Chargers	Royal Challengers Bengaluru	Matches=3	Wins=2	Losses=1	Win%=66.67	TossWins=1	TossLosses=2	TossWinMatchWins=0	TossWinMatchLosses=1	TossConversion%=0.00	BatFirst=1	BatFirstWins=0	BatFirstWin%=0.00	FieldFirst=0	FieldFirstWins=0	FieldFirstWin%=0.00
Rajiv Gandhi International Stadium, Uppal	Delhi Capitals	Deccan Chargers	Matches=3	Wins=3	Losses=0	Win%=100.00	TossWins=1	TossLosses=2	TossWinMatchWins=1	TossWinMatchLosses=0	TossConversion%=100.00	BatFirst=0	BatFirstWins=0	BatFirstWin%=0.00	FieldFirst=1	FieldFirstWins=1	FieldFirstWin%=100.00
Rajiv Gandhi International Stadium, Uppal	Delhi Capitals	Sunrisers Hyderabad	Matches=3	Wins=1	Losses=2	Win%=33.33	TossWins=2	TossLosses=1	TossWinMatchWins=1	TossWinMatchLosses=1	TossConversion%=50.00	BatFirst=1	BatFirstWins=0	BatFirstWin%=0.00	FieldFirst=1	FieldFirstWins=1	FieldFirstWin%=100.00
Rajiv Gandhi International Stadium, Uppal	Gujarat Lions	Sunrisers Hyderabad	Matches=2	Wins=0	Losses=2	Win%=0.00	TossWins=0	TossLosses=2	TossWinMatchWins=0	TossWinMatchLosses=0	TossConversion%=0.00	BatFirst=0	BatFirstWins=0	BatFirstWin%=0.00	FieldFirst=0	FieldFirstWins=0	FieldFirstWin%=0.00
Rajiv Gandhi International Stadium, Uppal	Kolkata Knight Riders	Deccan Chargers	Matches=2	Wins=2	Losses=0	Win%=100.00	TossWins=1	TossLosses=1	TossWinMatchWins=1	TossWinMatchLosses=0	TossConversion%=100.00	BatFirst=1	BatFirstWins=1	BatFirstWin%=100.00	FieldFirst=0	FieldFirstWins=0	FieldFirstWin%=0.00
Rajiv Gandhi International Stadium, Uppal	Kolkata Knight Riders	Sunrisers Hyderabad	Matches=4	Wins=2	Losses=2	Win%=50.00	TossWins=2	TossLosses=2	TossWinMatchWins=0	TossWinMatchLosses=2	TossConversion%=0.00	BatFirst=1	BatFirstWins=0	BatFirstWin%=0.00	FieldFirst=1	FieldFirstWins=0	FieldFirstWin%=0.00
Rajiv Gandhi International Stadium, Uppal	Mumbai Indians	Deccan Chargers	Matches=2	Wins=2	Losses=0	Win%=100.00	TossWins=0	TossLosses=2	TossWinMatchWins=0	TossWinMatchLosses=0	TossConversion%=0.00	BatFirst=0	BatFirstWins=0	BatFirstWin%=0.00	FieldFirst=0	FieldFirstWins=0	FieldFirstWin%=0.00
Rajiv Gandhi International Stadium, Uppal	Mumbai Indians	Rising Pune Supergiants	Matches=1	Wins=1	Losses=0	Win%=100.00	TossWins=1	TossLosses=0	TossWinMatchWins=1	TossWinMatchLosses=0	TossConversion%=100.00	BatFirst=1	BatFirstWins=1	BatFirstWin%=100.00	FieldFirst=0	FieldFirstWins=0	FieldFirstWin%=0.00
Rajiv Gandhi International Stadium, Uppal	Mumbai Indians	Sunrisers Hyderabad	Matches=5	Wins=2	Losses=3	Win%=40.00	TossWins=2	TossLosses=3	TossWinMatchWins=0	TossWinMatchLosses=2	TossConversion%=0.00	BatFirst=2	BatFirstWins=0	BatFirstWin%=0.00	FieldFirst=0	FieldFirstWins=0	FieldFirstWin%=0.00
Rajiv Gandhi International Stadium, Uppal	Pune Warriors	Deccan Chargers	Matches=1	Wins=1	Losses=0	Win%=100.00	TossWins=0	TossLosses=1	TossWinMatchWins=0	TossWinMatchLosses=0	TossConversion%=0.00	BatFirst=0	BatFirstWins=0	BatFirstWin%=0.00	FieldFirst=0	FieldFirstWins=0	FieldFirstWin%=0.00
Rajiv Gandhi International Stadium, Uppal	Pune Warriors	Sunrisers Hyderabad	Matches=1	Wins=0	Losses=1	Win%=0.00	TossWins=1	TossLosses=0	TossWinMatchWins=0	TossWinMatchLosses=1	TossConversion%=0.00	BatFirst=0	BatFirstWins=0	BatFirstWin%=0.00	FieldFirst=1	FieldFirstWins=0	FieldFirstWin%=0.00
Rajiv Gandhi International Stadium, Uppal	Punjab Kings	Deccan Chargers	Matches=3	Wins=3	Losses=0	Win%=100.00	TossWins=2	TossLosses=1	TossWinMatchWins=2	TossWinMatchLosses=0	TossConversion%=100.00	BatFirst=0	BatFirstWins=0	BatFirstWin%=0.00	FieldFirst=2	FieldFirstWins=2	FieldFirstWin%=100.00
Rajiv Gandhi International Stadium, Uppal	Punjab Kings	Sunrisers Hyderabad	Matches=5	Wins=1	Losses=4	Win%=20.00	TossWins=3	TossLosses=2	TossWinMatchWins=1	TossWinMatchLosses=2	TossConversion%=33.33	BatFirst=1	BatFirstWins=0	BatFirstWin%=0.00	FieldFirst=2	FieldFirstWins=1	FieldFirstWin%=50.00
Rajiv Gandhi International Stadium, Uppal	Rajasthan Royals	Deccan Chargers	Matches=3	Wins=2	Losses=1	Win%=66.67	TossWins=3	TossLosses=0	TossWinMatchWins=2	TossWinMatchLosses=1	TossConversion%=66.67	BatFirst=1	BatFirstWins=0	BatFirstWin%=0.00	FieldFirst=2	FieldFirstWins=2	FieldFirstWin%=100.00
Rajiv Gandhi International Stadium, Uppal	Rajasthan Royals	Sunrisers Hyderabad	Matches=1	Wins=0	Losses=1	Win%=0.00	TossWins=0	TossLosses=1	TossWinMatchWins=0	TossWinMatchLosses=0	TossConversion%=0.00	BatFirst=0	BatFirstWins=0	BatFirstWin%=0.00	FieldFirst=0	FieldFirstWins=0	FieldFirstWin%=0.00
Rajiv Gandhi International Stadium, Uppal	Rising Pune Supergiants	Mumbai Indians	Matches=1	Wins=0	Losses=1	Win%=0.00	TossWins=0	TossLosses=1	TossWinMatchWins=0	TossWinMatchLosses=0	TossConversion%=0.00	BatFirst=0	BatFirstWins=0	BatFirstWin%=0.00	FieldFirst=0	FieldFirstWins=0	FieldFirstWin%=0.00
Rajiv Gandhi International Stadium, Uppal	Rising Pune Supergiants	Sunrisers Hyderabad	Matches=2	Wins=2	Losses=0	Win%=100.00	TossWins=1	TossLosses=1	TossWinMatchWins=1	TossWinMatchLosses=0	TossConversion%=100.00	BatFirst=0	BatFirstWins=0	BatFirstWin%=0.00	FieldFirst=1	FieldFirstWins=1	FieldFirstWin%=100.00
Rajiv Gandhi International Stadium, Uppal	Royal Challengers Bengaluru	Deccan Chargers	Matches=3	Wins=1	Losses=2	Win%=33.33	TossWins=2	TossLosses=1	TossWinMatchWins=0	TossWinMatchLosses=2	TossConversion%=0.00	BatFirst=0	BatFirstWins=0	BatFirstWin%=0.00	FieldFirst=2	FieldFirstWins=0	FieldFirstWin%=0.00
Rajiv Gandhi International Stadium, Uppal	Royal Challengers Bengaluru	Sunrisers Hyderabad	Matches=5	Wins=1	Losses=4	Win%=20.00	TossWins=4	TossLosses=1	TossWinMatchWins=0	TossWinMatchLosses=4	TossConversion%=0.00	BatFirst=2	BatFirstWins=0	BatFirstWin%=0.00	FieldFirst=2	FieldFirstWins=0	FieldFirstWin%=0.00
Rajiv Gandhi International Stadium, Uppal	Sunrisers Hyderabad	Chennai Super Kings	Matches=2	Wins=1	Losses=1	Win%=50.00	TossWins=1	TossLosses=1	TossWinMatchWins=0	TossWinMatchLosses=1	TossConversion%=0.00	BatFirst=0	BatFirstWins=0	BatFirstWin%=0.00	FieldFirst=1	FieldFirstWins=0	FieldFirstWin%=0.00
Rajiv Gandhi International Stadium, Uppal	Sunrisers Hyderabad	Delhi Capitals	Matches=3	Wins=2	Losses=1	Win%=66.67	TossWins=1	TossLosses=2	TossWinMatchWins=1	TossWinMatchLosses=0	TossConversion%=100.00	BatFirst=1	BatFirstWins=1	BatFirstWin%=100.00	FieldFirst=0	FieldFirstWins=0	FieldFirstWin%=0.00
Rajiv Gandhi International Stadium, Uppal	Sunrisers Hyderabad	Gujarat Lions	Matches=2	Wins=2	Losses=0	Win%=100.00	TossWins=2	TossLosses=0	TossWinMatchWins=2	TossWinMatchLosses=0	TossConversion%=100.00	BatFirst=0	BatFirstWins=0	BatFirstWin%=0.00	FieldFirst=2	FieldFirstWins=2	FieldFirstWin%=100.00
Rajiv Gandhi International Stadium, Uppal	Sunrisers Hyderabad	Kolkata Knight Riders	Matches=4	Wins=2	Losses=2	Win%=50.00	TossWins=2	TossLosses=2	TossWinMatchWins=0	TossWinMatchLosses=2	TossConversion%=0.00	BatFirst=2	BatFirstWins=0	BatFirstWin%=0.00	FieldFirst=0	FieldFirstWins=0	FieldFirstWin%=0.00
Rajiv Gandhi International Stadium, Uppal	Sunrisers Hyderabad	Mumbai Indians	Matches=5	Wins=3	Losses=2	Win%=60.00	TossWins=3	TossLosses=2	TossWinMatchWins=1	TossWinMatchLosses=2	TossConversion%=33.33	BatFirst=2	BatFirstWins=0	BatFirstWin%=0.00	FieldFirst=1	FieldFirstWins=1	FieldFirstWin%=100.00
Rajiv Gandhi International Stadium, Uppal	Sunrisers Hyderabad	Pune Warriors	Matches=1	Wins=1	Losses=0	Win%=100.00	TossWins=0	TossLosses=1	TossWinMatchWins=0	TossWinMatchLosses=0	TossConversion%=0.00	BatFirst=0	BatFirstWins=0	BatFirstWin%=0.00	FieldFirst=0	FieldFirstWins=0	FieldFirstWin%=0.00
Rajiv Gandhi International Stadium, Uppal	Sunrisers Hyderabad	Punjab Kings	Matches=5	Wins=4	Losses=1	Win%=80.00	TossWins=2	TossLosses=3	TossWinMatchWins=2	TossWinMatchLosses=0	TossConversion%=100.00	BatFirst=1	BatFirstWins=1	BatFirstWin%=100.00	FieldFirst=1	FieldFirstWins=1	FieldFirstWin%=100.00
Rajiv Gandhi International Stadium, Uppal	Sunrisers Hyderabad	Rajasthan Royals	Matches=1	Wins=1	Losses=0	Win%=100.00	TossWins=1	TossLosses=0	TossWinMatchWins=1	TossWinMatchLosses=0	TossConversion%=100.00	BatFirst=1	BatFirstWins=1	BatFirstWin%=100.00	FieldFirst=0	FieldFirstWins=0	FieldFirstWin%=0.00
Rajiv Gandhi International Stadium, Uppal	Sunrisers Hyderabad	Rising Pune Supergiants	Matches=2	Wins=0	Losses=2	Win%=0.00	TossWins=1	TossLosses=1	TossWinMatchWins=0	TossWinMatchLosses=1	TossConversion%=0.00	BatFirst=0	BatFirstWins=0	BatFirstWin%=0.00	FieldFirst=1	FieldFirstWins=0	FieldFirstWin%=0.00
Rajiv Gandhi International Stadium, Uppal	Sunrisers Hyderabad	Royal Challengers Bengaluru	Matches=5	Wins=4	Losses=1	Win%=80.00	TossWins=1	TossLosses=4	TossWinMatchWins=0	TossWinMatchLosses=1	TossConversion%=0.00	BatFirst=1	BatFirstWins=0	BatFirstWin%=0.00	FieldFirst=0	FieldFirstWins=0	FieldFirstWin%=0.00
Rajiv Gandhi International Stadium, Uppal, Hyderabad	Chennai Super Kings	Sunrisers Hyderabad	Matches=1	Wins=0	Losses=1	Win%=0.00	TossWins=0	TossLosses=1	TossWinMatchWins=0	TossWinMatchLosses=0	TossConversion%=0.00	BatFirst=0	BatFirstWins=0	BatFirstWin%=0.00	FieldFirst=0	FieldFirstWins=0	FieldFirstWin%=0.00
Rajiv Gandhi International Stadium, Uppal, Hyderabad	Delhi Capitals	Sunrisers Hyderabad	Matches=1	Wins=1	Losses=0	Win%=100.00	TossWins=1	TossLosses=0	TossWinMatchWins=1	TossWinMatchLosses=0	TossConversion%=100.00	BatFirst=1	BatFirstWins=1	BatFirstWin%=100.00	FieldFirst=0	FieldFirstWins=0	FieldFirstWin%=0.00
Rajiv Gandhi International Stadium, Uppal, Hyderabad	Kolkata Knight Riders	Sunrisers Hyderabad	Matches=1	Wins=1	Losses=0	Win%=100.00	TossWins=1	TossLosses=0	TossWinMatchWins=1	TossWinMatchLosses=0	TossConversion%=100.00	BatFirst=1	BatFirstWins=1	BatFirstWin%=100.00	FieldFirst=0	FieldFirstWins=0	FieldFirstWin%=0.00
Rajiv Gandhi International Stadium, Uppal, Hyderabad	Lucknow Super Giants	Sunrisers Hyderabad	Matches=2	Wins=1	Losses=1	Win%=50.00	TossWins=1	TossLosses=1	TossWinMatchWins=0	TossWinMatchLosses=1	TossConversion%=0.00	BatFirst=1	BatFirstWins=0	BatFirstWin%=0.00	FieldFirst=0	FieldFirstWins=0	FieldFirstWin%=0.00
Rajiv Gandhi International Stadium, Uppal, Hyderabad	Mumbai Indians	Sunrisers Hyderabad	Matches=2	Wins=1	Losses=1	Win%=50.00	TossWins=1	TossLosses=1	TossWinMatchWins=0	TossWinMatchLosses=1	TossConversion%=0.00	BatFirst=0	BatFirstWins=0	BatFirstWin%=0.00	FieldFirst=1	FieldFirstWins=0	FieldFirstWin%=0.00
Rajiv Gandhi International Stadium, Uppal, Hyderabad	Punjab Kings	Sunrisers Hyderabad	Matches=2	Wins=0	Losses=2	Win%=0.00	TossWins=1	TossLosses=1	TossWinMatchWins=0	TossWinMatchLosses=1	TossConversion%=0.00	BatFirst=1	BatFirstWins=0	BatFirstWin%=0.00	FieldFirst=0	FieldFirstWins=0	FieldFirstWin%=0.00
Rajiv Gandhi International Stadium, Uppal, Hyderabad	Rajasthan Royals	Sunrisers Hyderabad	Matches=2	Wins=1	Losses=1	Win%=50.00	TossWins=0	TossLosses=2	TossWinMatchWins=0	TossWinMatchLosses=0	TossConversion%=0.00	BatFirst=0	BatFirstWins=0	BatFirstWin%=0.00	FieldFirst=0	FieldFirstWins=0	FieldFirstWin%=0.00
Rajiv Gandhi International Stadium, Uppal, Hyderabad	Royal Challengers Bengaluru	Sunrisers Hyderabad	Matches=2	Wins=2	Losses=0	Win%=100.00	TossWins=2	TossLosses=0	TossWinMatchWins=2	TossWinMatchLosses=0	TossConversion%=100.00	BatFirst=1	BatFirstWins=1	BatFirstWin%=100.00	FieldFirst=1	FieldFirstWins=1	FieldFirstWin%=100.00
Rajiv Gandhi International Stadium, Uppal, Hyderabad	Sunrisers Hyderabad	Chennai Super Kings	Matches=1	Wins=1	Losses=0	Win%=100.00	TossWins=1	TossLosses=0	TossWinMatchWins=1	TossWinMatchLosses=0	TossConversion%=100.00	BatFirst=0	BatFirstWins=0	BatFirstWin%=0.00	FieldFirst=1	FieldFirstWins=1	FieldFirstWin%=100.00
Rajiv Gandhi International Stadium, Uppal, Hyderabad	Sunrisers Hyderabad	Delhi Capitals	Matches=1	Wins=0	Losses=1	Win%=0.00	TossWins=0	TossLosses=1	TossWinMatchWins=0	TossWinMatchLosses=0	TossConversion%=0.00	BatFirst=0	BatFirstWins=0	BatFirstWin%=0.00	FieldFirst=0	FieldFirstWins=0	FieldFirstWin%=0.00
Rajiv Gandhi International Stadium, Uppal, Hyderabad	Sunrisers Hyderabad	Kolkata Knight Riders	Matches=1	Wins=0	Losses=1	Win%=0.00	TossWins=0	TossLosses=1	TossWinMatchWins=0	TossWinMatchLosses=0	TossConversion%=0.00	BatFirst=0	BatFirstWins=0	BatFirstWin%=0.00	FieldFirst=0	FieldFirstWins=0	FieldFirstWin%=0.00
Rajiv Gandhi International Stadium, Uppal, Hyderabad	Sunrisers Hyderabad	Lucknow Super Giants	Matches=2	Wins=1	Losses=1	Win%=50.00	TossWins=1	TossLosses=1	TossWinMatchWins=0	TossWinMatchLosses=1	TossConversion%=0.00	BatFirst=1	BatFirstWins=0	BatFirstWin%=0.00	FieldFirst=0	FieldFirstWins=0	FieldFirstWin%=0.00
Rajiv Gandhi International Stadium, Uppal, Hyderabad	Sunrisers Hyderabad	Mumbai Indians	Matches=2	Wins=1	Losses=1	Win%=50.00	TossWins=1	TossLosses=1	TossWinMatchWins=0	TossWinMatchLosses=1	TossConversion%=0.00	BatFirst=0	BatFirstWins=0	BatFirstWin%=0.00	FieldFirst=1	FieldFirstWins=0	FieldFirstWin%=0.00
Rajiv Gandhi International Stadium, Uppal, Hyderabad	Sunrisers Hyderabad	Punjab Kings	Matches=2	Wins=2	Losses=0	Win%=100.00	TossWins=1	TossLosses=1	TossWinMatchWins=1	TossWinMatchLosses=0	TossConversion%=100.00	BatFirst=0	BatFirstWins=0	BatFirstWin%=0.00	FieldFirst=1	FieldFirstWins=1	FieldFirstWin%=100.00
Rajiv Gandhi International Stadium, Uppal, Hyderabad	Sunrisers Hyderabad	Rajasthan Royals	Matches=2	Wins=1	Losses=1	Win%=50.00	TossWins=2	TossLosses=0	TossWinMatchWins=1	TossWinMatchLosses=1	TossConversion%=50.00	BatFirst=1	BatFirstWins=1	BatFirstWin%=100.00	FieldFirst=1	FieldFirstWins=0	FieldFirstWin%=0.00
Rajiv Gandhi International Stadium, Uppal, Hyderabad	Sunrisers Hyderabad	Royal Challengers Bengaluru	Matches=2	Wins=0	Losses=2	Win%=0.00	TossWins=0	TossLosses=2	TossWinMatchWins=0	TossWinMatchLosses=0	TossConversion%=0.00	BatFirst=0	BatFirstWins=0	BatFirstWin%=0.00	FieldFirst=0	FieldFirstWins=0	FieldFirstWin%=0.00
Sardar Patel Stadium, Motera	Chennai Super Kings	Rajasthan Royals	Matches=2	Wins=0	Losses=2	Win%=0.00	TossWins=1	TossLosses=1	TossWinMatchWins=0	TossWinMatchLosses=1	TossConversion%=0.00	BatFirst=1	BatFirstWins=0	BatFirstWin%=0.00	FieldFirst=0	FieldFirstWins=0	FieldFirstWin%=0.00
Sardar Patel Stadium, Motera	Deccan Chargers	Rajasthan Royals	Matches=1	Wins=0	Losses=1	Win%=0.00	TossWins=1	TossLosses=0	TossWinMatchWins=0	TossWinMatchLosses=1	TossConversion%=0.00	BatFirst=1	BatFirstWins=0	BatFirstWin%=0.00	FieldFirst=0	FieldFirstWins=0	FieldFirstWin%=0.00
Sardar Patel Stadium, Motera	Delhi Capitals	Rajasthan Royals	Matches=2	Wins=1	Losses=1	Win%=50.00	TossWins=2	TossLosses=0	TossWinMatchWins=1	TossWinMatchLosses=1	TossConversion%=50.00	BatFirst=0	BatFirstWins=0	BatFirstWin%=0.00	FieldFirst=2	FieldFirstWins=1	FieldFirstWin%=50.00
Sardar Patel Stadium, Motera	Kolkata Knight Riders	Rajasthan Royals	Matches=2	Wins=0	Losses=2	Win%=0.00	TossWins=1	TossLosses=1	TossWinMatchWins=0	TossWinMatchLosses=1	TossConversion%=0.00	BatFirst=0	BatFirstWins=0	BatFirstWin%=0.00	FieldFirst=1	FieldFirstWins=0	FieldFirstWin%=0.00
Sardar Patel Stadium, Motera	Mumbai Indians	Rajasthan Royals	Matches=2	Wins=1	Losses=1	Win%=50.00	TossWins=2	TossLosses=0	TossWinMatchWins=1	TossWinMatchLosses=1	TossConversion%=50.00	BatFirst=2	BatFirstWins=1	BatFirstWin%=50.00	FieldFirst=0	FieldFirstWins=0	FieldFirstWin%=0.00
Sardar Patel Stadium, Motera	Punjab Kings	Rajasthan Royals	Matches=1	Wins=1	Losses=0	Win%=100.00	TossWins=1	TossLosses=0	TossWinMatchWins=1	TossWinMatchLosses=0	TossConversion%=100.00	BatFirst=0	BatFirstWins=0	BatFirstWin%=0.00	FieldFirst=1	FieldFirstWins=1	FieldFirstWin%=100.00
Sardar Patel Stadium, Motera	Rajasthan Royals	Chennai Super Kings	Matches=2	Wins=2	Losses=0	Win%=100.00	TossWins=1	TossLosses=1	TossWinMatchWins=1	TossWinMatchLosses=0	TossConversion%=100.00	BatFirst=1	BatFirstWins=1	BatFirstWin%=100.00	FieldFirst=0	FieldFirstWins=0	FieldFirstWin%=0.00
Sardar Patel Stadium, Motera	Rajasthan Royals	Deccan Chargers	Matches=1	Wins=1	Losses=0	Win%=100.00	TossWins=0	TossLosses=1	TossWinMatchWins=0	TossWinMatchLosses=0	TossConversion%=0.00	BatFirst=0	BatFirstWins=0	BatFirstWin%=0.00	FieldFirst=0	FieldFirstWins=0	FieldFirstWin%=0.00
Sardar Patel Stadium, Motera	Rajasthan Royals	Delhi Capitals	Matches=2	Wins=1	Losses=1	Win%=50.00	TossWins=0	TossLosses=2	TossWinMatchWins=0	TossWinMatchLosses=0	TossConversion%=0.00	BatFirst=0	BatFirstWins=0	BatFirstWin%=0.00	FieldFirst=0	FieldFirstWins=0	FieldFirstWin%=0.00
Sardar Patel Stadium, Motera	Rajasthan Royals	Kolkata Knight Riders	Matches=2	Wins=2	Losses=0	Win%=100.00	TossWins=1	TossLosses=1	TossWinMatchWins=1	TossWinMatchLosses=0	TossConversion%=100.00	BatFirst=1	BatFirstWins=1	BatFirstWin%=100.00	FieldFirst=0	FieldFirstWins=0	FieldFirstWin%=0.00
Sardar Patel Stadium, Motera	Rajasthan Royals	Mumbai Indians	Matches=2	Wins=1	Losses=1	Win%=50.00	TossWins=0	TossLosses=2	TossWinMatchWins=0	TossWinMatchLosses=0	TossConversion%=0.00	BatFirst=0	BatFirstWins=0	BatFirstWin%=0.00	FieldFirst=0	FieldFirstWins=0	FieldFirstWin%=0.00
Sardar Patel Stadium, Motera	Rajasthan Royals	Punjab Kings	Matches=1	Wins=0	Losses=1	Win%=0.00	TossWins=0	TossLosses=1	TossWinMatchWins=0	TossWinMatchLosses=0	TossConversion%=0.00	BatFirst=0	BatFirstWins=0	BatFirstWin%=0.00	FieldFirst=0	FieldFirstWins=0	FieldFirstWin%=0.00
Sardar Patel Stadium, Motera	Rajasthan Royals	Royal Challengers Bengaluru	Matches=1	Wins=0	Losses=1	Win%=0.00	TossWins=0	TossLosses=1	TossWinMatchWins=0	TossWinMatchLosses=0	TossConversion%=0.00	BatFirst=0	BatFirstWins=0	BatFirstWin%=0.00	FieldFirst=0	FieldFirstWins=0	FieldFirstWin%=0.00
Sardar Patel Stadium, Motera	Rajasthan Royals	Sunrisers Hyderabad	Matches=1	Wins=0	Losses=1	Win%=0.00	TossWins=1	TossLosses=0	TossWinMatchWins=0	TossWinMatchLosses=1	TossConversion%=0.00	BatFirst=0	BatFirstWins=0	BatFirstWin%=0.00	FieldFirst=1	FieldFirstWins=0	FieldFirstWin%=0.00
Sardar Patel Stadium, Motera	Royal Challengers Bengaluru	Rajasthan Royals	Matches=1	Wins=1	Losses=0	Win%=100.00	TossWins=1	TossLosses=0	TossWinMatchWins=1	TossWinMatchLosses=0	TossConversion%=100.00	BatFirst=0	BatFirstWins=0	BatFirstWin%=0.00	FieldFirst=1	FieldFirstWins=1	FieldFirstWin%=100.00
Sardar Patel Stadium, Motera	Sunrisers Hyderabad	Rajasthan Royals	Matches=1	Wins=1	Losses=0	Win%=100.00	TossWins=0	TossLosses=1	TossWinMatchWins=0	TossWinMatchLosses=0	TossConversion%=0.00	BatFirst=0	BatFirstWins=0	BatFirstWin%=0.00	FieldFirst=0	FieldFirstWins=0	FieldFirstWin%=0.00
Saurashtra Cricket Association Stadium	Delhi Capitals	Gujarat Lions	Matches=1	Wins=1	Losses=0	Win%=100.00	TossWins=1	TossLosses=0	TossWinMatchWins=1	TossWinMatchLosses=0	TossConversion%=100.00	BatFirst=0	BatFirstWins=0	BatFirstWin%=0.00	FieldFirst=1	FieldFirstWins=1	FieldFirstWin%=100.00
Saurashtra Cricket Association Stadium	Gujarat Lions	Delhi Capitals	Matches=1	Wins=0	Losses=1	Win%=0.00	TossWins=0	TossLosses=1	TossWinMatchWins=0	TossWinMatchLosses=0	TossConversion%=0.00	BatFirst=0	BatFirstWins=0	BatFirstWin%=0.00	FieldFirst=0	FieldFirstWins=0	FieldFirstWin%=0.00
Saurashtra Cricket Association Stadium	Gujarat Lions	Kolkata Knight Riders	Matches=1	Wins=0	Losses=1	Win%=0.00	TossWins=0	TossLosses=1	TossWinMatchWins=0	TossWinMatchLosses=0	TossConversion%=0.00	BatFirst=0	BatFirstWins=0	BatFirstWin%=0.00	FieldFirst=0	FieldFirstWins=0	FieldFirstWin%=0.00
Saurashtra Cricket Association Stadium	Gujarat Lions	Mumbai Indians	Matches=1	Wins=0	Losses=1	Win%=0.00	TossWins=1	TossLosses=0	TossWinMatchWins=0	TossWinMatchLosses=1	TossConversion%=0.00	BatFirst=1	BatFirstWins=0	BatFirstWin%=0.00	FieldFirst=0	FieldFirstWins=0	FieldFirstWin%=0.00
Saurashtra Cricket Association Stadium	Gujarat Lions	Punjab Kings	Matches=2	Wins=0	Losses=2	Win%=0.00	TossWins=2	TossLosses=0	TossWinMatchWins=0	TossWinMatchLosses=2	TossConversion%=0.00	BatFirst=0	BatFirstWins=0	BatFirstWin%=0.00	FieldFirst=2	FieldFirstWins=0	FieldFirstWin%=0.00
Saurashtra Cricket Association Stadium	Gujarat Lions	Rising Pune Supergiants	Matches=2	Wins=2	Losses=0	Win%=100.00	TossWins=1	TossLosses=1	TossWinMatchWins=1	TossWinMatchLosses=0	TossConversion%=100.00	BatFirst=0	BatFirstWins=0	BatFirstWin%=0.00	FieldFirst=1	FieldFirstWins=1	FieldFirstWin%=100.00
Saurashtra Cricket Association Stadium	Gujarat Lions	Royal Challengers Bengaluru	Matches=2	Wins=1	Losses=1	Win%=50.00	TossWins=1	TossLosses=1	TossWinMatchWins=0	TossWinMatchLosses=1	TossConversion%=0.00	BatFirst=0	BatFirstWins=0	BatFirstWin%=0.00	FieldFirst=1	FieldFirstWins=0	FieldFirstWin%=0.00
Saurashtra Cricket Association Stadium	Gujarat Lions	Sunrisers Hyderabad	Matches=1	Wins=0	Losses=1	Win%=0.00	TossWins=0	TossLosses=1	TossWinMatchWins=0	TossWinMatchLosses=0	TossConversion%=0.00	BatFirst=0	BatFirstWins=0	BatFirstWin%=0.00	FieldFirst=0	FieldFirstWins=0	FieldFirstWin%=0.00
Saurashtra Cricket Association Stadium	Kolkata Knight Riders	Gujarat Lions	Matches=1	Wins=1	Losses=0	Win%=100.00	TossWins=1	TossLosses=0	TossWinMatchWins=1	TossWinMatchLosses=0	TossConversion%=100.00	BatFirst=0	BatFirstWins=0	BatFirstWin%=0.00	FieldFirst=1	FieldFirstWins=1	FieldFirstWin%=100.00
Saurashtra Cricket Association Stadium	Mumbai Indians	Gujarat Lions	Matches=1	Wins=1	Losses=0	Win%=100.00	TossWins=0	TossLosses=1	TossWinMatchWins=0	TossWinMatchLosses=0	TossConversion%=0.00	BatFirst=0	BatFirstWins=0	BatFirstWin%=0.00	FieldFirst=0	FieldFirstWins=0	FieldFirstWin%=0.00
Saurashtra Cricket Association Stadium	Punjab Kings	Gujarat Lions	Matches=2	Wins=2	Losses=0	Win%=100.00	TossWins=0	TossLosses=2	TossWinMatchWins=0	TossWinMatchLosses=0	TossConversion%=0.00	BatFirst=0	BatFirstWins=0	BatFirstWin%=0.00	FieldFirst=0	FieldFirstWins=0	FieldFirstWin%=0.00
Saurashtra Cricket Association Stadium	Rising Pune Supergiants	Gujarat Lions	Matches=2	Wins=0	Losses=2	Win%=0.00	TossWins=1	TossLosses=1	TossWinMatchWins=0	TossWinMatchLosses=1	TossConversion%=0.00	BatFirst=1	BatFirstWins=0	BatFirstWin%=0.00	FieldFirst=0	FieldFirstWins=0	FieldFirstWin%=0.00
Saurashtra Cricket Association Stadium	Royal Challengers Bengaluru	Gujarat Lions	Matches=2	Wins=1	Losses=1	Win%=50.00	TossWins=1	TossLosses=1	TossWinMatchWins=0	TossWinMatchLosses=1	TossConversion%=0.00	BatFirst=1	BatFirstWins=0	BatFirstWin%=0.00	FieldFirst=0	FieldFirstWins=0	FieldFirstWin%=0.00
Saurashtra Cricket Association Stadium	Sunrisers Hyderabad	Gujarat Lions	Matches=1	Wins=1	Losses=0	Win%=100.00	TossWins=1	TossLosses=0	TossWinMatchWins=1	TossWinMatchLosses=0	TossConversion%=100.00	BatFirst=0	BatFirstWins=0	BatFirstWin%=0.00	FieldFirst=1	FieldFirstWins=1	FieldFirstWin%=100.00
Sawai Mansingh Stadium	Chennai Super Kings	Rajasthan Royals	Matches=6	Wins=3	Losses=3	Win%=50.00	TossWins=4	TossLosses=2	TossWinMatchWins=2	TossWinMatchLosses=2	TossConversion%=50.00	BatFirst=2	BatFirstWins=0	BatFirstWin%=0.00	FieldFirst=2	FieldFirstWins=2	FieldFirstWin%=100.00
Sawai Mansingh Stadium	Deccan Chargers	Rajasthan Royals	Matches=2	Wins=0	Losses=2	Win%=0.00	TossWins=1	TossLosses=1	TossWinMatchWins=0	TossWinMatchLosses=1	TossConversion%=0.00	BatFirst=1	BatFirstWins=0	BatFirstWin%=0.00	FieldFirst=0	FieldFirstWins=0	FieldFirstWin%=0.00
Sawai Mansingh Stadium	Delhi Capitals	Rajasthan Royals	Matches=6	Wins=2	Losses=4	Win%=33.33	TossWins=4	TossLosses=2	TossWinMatchWins=1	TossWinMatchLosses=3	TossConversion%=25.00	BatFirst=2	BatFirstWins=0	BatFirstWin%=0.00	FieldFirst=2	FieldFirstWins=1	FieldFirstWin%=50.00
Sawai Mansingh Stadium	Kochi Tuskers Kerala	Rajasthan Royals	Matches=1	Wins=0	Losses=1	Win%=0.00	TossWins=0	TossLosses=1	TossWinMatchWins=0	TossWinMatchLosses=0	TossConversion%=0.00	BatFirst=0	BatFirstWins=0	BatFirstWin%=0.00	FieldFirst=0	FieldFirstWins=0	FieldFirstWin%=0.00
Sawai Mansingh Stadium	Kolkata Knight Riders	Rajasthan Royals	Matches=6	Wins=3	Losses=3	Win%=50.00	TossWins=5	TossLosses=1	TossWinMatchWins=3	TossWinMatchLosses=2	TossConversion%=60.00	BatFirst=0	BatFirstWins=0	BatFirstWin%=0.00	FieldFirst=5	FieldFirstWins=3	FieldFirstWin%=60.00
Sawai Mansingh Stadium	Mumbai Indians	Rajasthan Royals	Matches=7	Wins=2	Losses=5	Win%=28.57	TossWins=1	TossLosses=6	TossWinMatchWins=0	TossWinMatchLosses=1	TossConversion%=0.00	BatFirst=1	BatFirstWins=0	BatFirstWin%=0.00	FieldFirst=0	FieldFirstWins=0	FieldFirstWin%=0.00
Sawai Mansingh Stadium	Pune Warriors	Rajasthan Royals	Matches=3	Wins=0	Losses=3	Win%=0.00	TossWins=1	TossLosses=2	TossWinMatchWins=0	TossWinMatchLosses=1	TossConversion%=0.00	BatFirst=1	BatFirstWins=0	BatFirstWin%=0.00	FieldFirst=0	FieldFirstWins=0	FieldFirstWin%=0.00
Sawai Mansingh Stadium	Punjab Kings	Rajasthan Royals	Matches=6	Wins=1	Losses=5	Win%=16.67	TossWins=3	TossLosses=3	TossWinMatchWins=0	TossWinMatchLosses=3	TossConversion%=0.00	BatFirst=2	BatFirstWins=0	BatFirstWin%=0.00	FieldFirst=1	FieldFirstWins=0	FieldFirstWin%=0.00
Sawai Mansingh Stadium	Rajasthan Royals	Chennai Super Kings	Matches=6	Wins=3	Losses=3	Win%=50.00	TossWins=2	TossLosses=4	TossWinMatchWins=1	TossWinMatchLosses=1	TossConversion%=50.00	BatFirst=0	BatFirstWins=0	BatFirstWin%=0.00	FieldFirst=2	FieldFirstWins=1	FieldFirstWin%=50.00
Sawai Mansingh Stadium	Rajasthan Royals	Deccan Chargers	Matches=2	Wins=2	Losses=0	Win%=100.00	TossWins=1	TossLosses=1	TossWinMatchWins=1	TossWinMatchLosses=0	TossConversion%=100.00	BatFirst=0	BatFirstWins=0	BatFirstWin%=0.00	FieldFirst=1	FieldFirstWins=1	FieldFirstWin%=100.00
Sawai Mansingh Stadium	Rajasthan Royals	Delhi Capitals	Matches=6	Wins=4	Losses=2	Win%=66.67	TossWins=2	TossLosses=4	TossWinMatchWins=1	TossWinMatchLosses=1	TossConversion%=50.00	BatFirst=1	BatFirstWins=0	BatFirstWin%=0.00	FieldFirst=1	FieldFirstWins=1	FieldFirstWin%=100.00
Sawai Mansingh Stadium	Rajasthan Royals	Kochi Tuskers Kerala	Matches=1	Wins=1	Losses=0	Win%=100.00	TossWins=1	TossLosses=0	TossWinMatchWins=1	TossWinMatchLosses=0	TossConversion%=100.00	BatFirst=0	BatFirstWins=0	BatFirstWin%=0.00	FieldFirst=1	FieldFirstWins=1	FieldFirstWin%=100.00
Sawai Mansingh Stadium	Rajasthan Royals	Kolkata Knight Riders	Matches=6	Wins=3	Losses=3	Win%=50.00	TossWins=1	TossLosses=5	TossWinMatchWins=1	TossWinMatchLosses=0	TossConversion%=100.00	BatFirst=1	BatFirstWins=1	BatFirstWin%=100.00	FieldFirst=0	FieldFirstWins=0	FieldFirstWin%=0.00
Sawai Mansingh Stadium	Rajasthan Royals	Mumbai Indians	Matches=7	Wins=5	Losses=2	Win%=71.43	TossWins=6	TossLosses=1	TossWinMatchWins=4	TossWinMatchLosses=2	TossConversion%=66.67	BatFirst=2	BatFirstWins=1	BatFirstWin%=50.00	FieldFirst=4	FieldFirstWins=3	FieldFirstWin%=75.00
Sawai Mansingh Stadium	Rajasthan Royals	Pune Warriors	Matches=3	Wins=3	Losses=0	Win%=100.00	TossWins=2	TossLosses=1	TossWinMatchWins=2	TossWinMatchLosses=0	TossConversion%=100.00	BatFirst=1	BatFirstWins=1	BatFirstWin%=100.00	FieldFirst=1	FieldFirstWins=1	FieldFirstWin%=100.00
Sawai Mansingh Stadium	Rajasthan Royals	Punjab Kings	Matches=6	Wins=5	Losses=1	Win%=83.33	TossWins=3	TossLosses=3	TossWinMatchWins=2	TossWinMatchLosses=1	TossConversion%=66.67	BatFirst=1	BatFirstWins=1	BatFirstWin%=100.00	FieldFirst=2	FieldFirstWins=1	FieldFirstWin%=50.00
Sawai Mansingh Stadium	Rajasthan Royals	Royal Challengers Bengaluru	Matches=7	Wins=4	Losses=3	Win%=57.14	TossWins=5	TossLosses=2	TossWinMatchWins=3	TossWinMatchLosses=2	TossConversion%=60.00	BatFirst=2	BatFirstWins=1	BatFirstWin%=50.00	FieldFirst=3	FieldFirstWins=2	FieldFirstWin%=66.67
Sawai Mansingh Stadium	Rajasthan Royals	Sunrisers Hyderabad	Matches=3	Wins=2	Losses=1	Win%=66.67	TossWins=1	TossLosses=2	TossWinMatchWins=1	TossWinMatchLosses=0	TossConversion%=100.00	BatFirst=0	BatFirstWins=0	BatFirstWin%=0.00	FieldFirst=1	FieldFirstWins=1	FieldFirstWin%=100.00
Sawai Mansingh Stadium	Royal Challengers Bengaluru	Rajasthan Royals	Matches=7	Wins=3	Losses=4	Win%=42.86	TossWins=2	TossLosses=5	TossWinMatchWins=1	TossWinMatchLosses=1	TossConversion%=50.00	BatFirst=0	BatFirstWins=0	BatFirstWin%=0.00	FieldFirst=2	FieldFirstWins=1	FieldFirstWin%=50.00
Sawai Mansingh Stadium	Sunrisers Hyderabad	Rajasthan Royals	Matches=3	Wins=1	Losses=2	Win%=33.33	TossWins=2	TossLosses=1	TossWinMatchWins=1	TossWinMatchLosses=1	TossConversion%=50.00	BatFirst=2	BatFirstWins=1	BatFirstWin%=50.00	FieldFirst=0	FieldFirstWins=0	FieldFirstWin%=0.00
Sawai Mansingh Stadium, Jaipur	Chennai Super Kings	Rajasthan Royals	Matches=1	Wins=0	Losses=1	Win%=0.00	TossWins=0	TossLosses=1	TossWinMatchWins=0	TossWinMatchLosses=0	TossConversion%=0.00	BatFirst=0	BatFirstWins=0	BatFirstWin%=0.00	FieldFirst=0	FieldFirstWins=0	FieldFirstWin%=0.00
Sawai Mansingh Stadium, Jaipur	Delhi Capitals	Rajasthan Royals	Matches=1	Wins=0	Losses=1	Win%=0.00	TossWins=1	TossLosses=0	TossWinMatchWins=0	TossWinMatchLosses=1	TossConversion%=0.00	BatFirst=0	BatFirstWins=0	BatFirstWin%=0.00	FieldFirst=1	FieldFirstWins=0	FieldFirstWin%=0.00
Sawai Mansingh Stadium, Jaipur	Gujarat Titans	Rajasthan Royals	Matches=2	Wins=2	Losses=0	Win%=100.00	TossWins=1	TossLosses=1	TossWinMatchWins=1	TossWinMatchLosses=0	TossConversion%=100.00	BatFirst=0	BatFirstWins=0	BatFirstWin%=0.00	FieldFirst=1	FieldFirstWins=1	FieldFirstWin%=100.00
Sawai Mansingh Stadium, Jaipur	Lucknow Super Giants	Rajasthan Royals	Matches=2	Wins=1	Losses=1	Win%=50.00	TossWins=0	TossLosses=2	TossWinMatchWins=0	TossWinMatchLosses=0	TossConversion%=0.00	BatFirst=0	BatFirstWins=0	BatFirstWin%=0.00	FieldFirst=0	FieldFirstWins=0	FieldFirstWin%=0.00
Sawai Mansingh Stadium, Jaipur	Mumbai Indians	Rajasthan Royals	Matches=1	Wins=0	Losses=1	Win%=0.00	TossWins=1	TossLosses=0	TossWinMatchWins=0	TossWinMatchLosses=1	TossConversion%=0.00	BatFirst=1	BatFirstWins=0	BatFirstWin%=0.00	FieldFirst=0	FieldFirstWins=0	FieldFirstWin%=0.00
Sawai Mansingh Stadium, Jaipur	Rajasthan Royals	Chennai Super Kings	Matches=1	Wins=1	Losses=0	Win%=100.00	TossWins=1	TossLosses=0	TossWinMatchWins=1	TossWinMatchLosses=0	TossConversion%=100.00	BatFirst=1	BatFirstWins=1	BatFirstWin%=100.00	FieldFirst=0	FieldFirstWins=0	FieldFirstWin%=0.00
Sawai Mansingh Stadium, Jaipur	Rajasthan Royals	Delhi Capitals	Matches=1	Wins=1	Losses=0	Win%=100.00	TossWins=0	TossLosses=1	TossWinMatchWins=0	TossWinMatchLosses=0	TossConversion%=0.00	BatFirst=0	BatFirstWins=0	BatFirstWin%=0.00	FieldFirst=0	FieldFirstWins=0	FieldFirstWin%=0.00
Sawai Mansingh Stadium, Jaipur	Rajasthan Royals	Gujarat Titans	Matches=2	Wins=0	Losses=2	Win%=0.00	TossWins=1	TossLosses=1	TossWinMatchWins=0	TossWinMatchLosses=1	TossConversion%=0.00	BatFirst=1	BatFirstWins=0	BatFirstWin%=0.00	FieldFirst=0	FieldFirstWins=0	FieldFirstWin%=0.00
Sawai Mansingh Stadium, Jaipur	Rajasthan Royals	Lucknow Super Giants	Matches=2	Wins=1	Losses=1	Win%=50.00	TossWins=2	TossLosses=0	TossWinMatchWins=1	TossWinMatchLosses=1	TossConversion%=50.00	BatFirst=1	BatFirstWins=1	BatFirstWin%=100.00	FieldFirst=1	FieldFirstWins=0	FieldFirstWin%=0.00
Sawai Mansingh Stadium, Jaipur	Rajasthan Royals	Mumbai Indians	Matches=1	Wins=1	Losses=0	Win%=100.00	TossWins=0	TossLosses=1	TossWinMatchWins=0	TossWinMatchLosses=0	TossConversion%=0.00	BatFirst=0	BatFirstWins=0	BatFirstWin%=0.00	FieldFirst=0	FieldFirstWins=0	FieldFirstWin%=0.00
Sawai Mansingh Stadium, Jaipur	Rajasthan Royals	Royal Challengers Bengaluru	Matches=2	Wins=1	Losses=1	Win%=50.00	TossWins=1	TossLosses=1	TossWinMatchWins=1	TossWinMatchLosses=0	TossConversion%=100.00	BatFirst=0	BatFirstWins=0	BatFirstWin%=0.00	FieldFirst=1	FieldFirstWins=1	FieldFirstWin%=100.00
Sawai Mansingh Stadium, Jaipur	Rajasthan Royals	Sunrisers Hyderabad	Matches=1	Wins=0	Losses=1	Win%=0.00	TossWins=1	TossLosses=0	TossWinMatchWins=0	TossWinMatchLosses=1	TossConversion%=0.00	BatFirst=1	BatFirstWins=0	BatFirstWin%=0.00	FieldFirst=0	FieldFirstWins=0	FieldFirstWin%=0.00
Sawai Mansingh Stadium, Jaipur	Royal Challengers Bengaluru	Rajasthan Royals	Matches=2	Wins=1	Losses=1	Win%=50.00	TossWins=1	TossLosses=1	TossWinMatchWins=1	TossWinMatchLosses=0	TossConversion%=100.00	BatFirst=1	BatFirstWins=1	BatFirstWin%=100.00	FieldFirst=0	FieldFirstWins=0	FieldFirstWin%=0.00
Sawai Mansingh Stadium, Jaipur	Sunrisers Hyderabad	Rajasthan Royals	Matches=1	Wins=1	Losses=0	Win%=100.00	TossWins=0	TossLosses=1	TossWinMatchWins=0	TossWinMatchLosses=0	TossConversion%=0.00	BatFirst=0	BatFirstWins=0	BatFirstWin%=0.00	FieldFirst=0	FieldFirstWins=0	FieldFirstWin%=0.00
Shaheed Veer Narayan Singh International Stadium	Chennai Super Kings	Delhi Capitals	Matches=1	Wins=0	Losses=1	Win%=0.00	TossWins=1	TossLosses=0	TossWinMatchWins=0	TossWinMatchLosses=1	TossConversion%=0.00	BatFirst=1	BatFirstWins=0	BatFirstWin%=0.00	FieldFirst=0	FieldFirstWins=0	FieldFirstWin%=0.00
Shaheed Veer Narayan Singh International Stadium	Delhi Capitals	Chennai Super Kings	Matches=1	Wins=1	Losses=0	Win%=100.00	TossWins=0	TossLosses=1	TossWinMatchWins=0	TossWinMatchLosses=0	TossConversion%=0.00	BatFirst=0	BatFirstWins=0	BatFirstWin%=0.00	FieldFirst=0	FieldFirstWins=0	FieldFirstWin%=0.00
Shaheed Veer Narayan Singh International Stadium	Delhi Capitals	Kolkata Knight Riders	Matches=1	Wins=1	Losses=0	Win%=100.00	TossWins=0	TossLosses=1	TossWinMatchWins=0	TossWinMatchLosses=0	TossConversion%=0.00	BatFirst=0	BatFirstWins=0	BatFirstWin%=0.00	FieldFirst=0	FieldFirstWins=0	FieldFirstWin%=0.00
Shaheed Veer Narayan Singh International Stadium	Delhi Capitals	Pune Warriors	Matches=1	Wins=1	Losses=0	Win%=100.00	TossWins=0	TossLosses=1	TossWinMatchWins=0	TossWinMatchLosses=0	TossConversion%=0.00	BatFirst=0	BatFirstWins=0	BatFirstWin%=0.00	FieldFirst=0	FieldFirstWins=0	FieldFirstWin%=0.00
Shaheed Veer Narayan Singh International Stadium	Delhi Capitals	Royal Challengers Bengaluru	Matches=1	Wins=0	Losses=1	Win%=0.00	TossWins=0	TossLosses=1	TossWinMatchWins=0	TossWinMatchLosses=0	TossConversion%=0.00	BatFirst=0	BatFirstWins=0	BatFirstWin%=0.00	FieldFirst=0	FieldFirstWins=0	FieldFirstWin%=0.00
Shaheed Veer Narayan Singh International Stadium	Delhi Capitals	Sunrisers Hyderabad	Matches=2	Wins=1	Losses=1	Win%=50.00	TossWins=1	TossLosses=1	TossWinMatchWins=1	TossWinMatchLosses=0	TossConversion%=100.00	BatFirst=0	BatFirstWins=0	BatFirstWin%=0.00	FieldFirst=1	FieldFirstWins=1	FieldFirstWin%=100.00
Shaheed Veer Narayan Singh International Stadium	Kolkata Knight Riders	Delhi Capitals	Matches=1	Wins=0	Losses=1	Win%=0.00	TossWins=1	TossLosses=0	TossWinMatchWins=0	TossWinMatchLosses=1	TossConversion%=0.00	BatFirst=1	BatFirstWins=0	BatFirstWin%=0.00	FieldFirst=0	FieldFirstWins=0	FieldFirstWin%=0.00
Shaheed Veer Narayan Singh International Stadium	Pune Warriors	Delhi Capitals	Matches=1	Wins=0	Losses=1	Win%=0.00	TossWins=1	TossLosses=0	TossWinMatchWins=0	TossWinMatchLosses=1	TossConversion%=0.00	BatFirst=0	BatFirstWins=0	BatFirstWin%=0.00	FieldFirst=1	FieldFirstWins=0	FieldFirstWin%=0.00
Shaheed Veer Narayan Singh International Stadium	Royal Challengers Bengaluru	Delhi Capitals	Matches=1	Wins=1	Losses=0	Win%=100.00	TossWins=1	TossLosses=0	TossWinMatchWins=1	TossWinMatchLosses=0	TossConversion%=100.00	BatFirst=0	BatFirstWins=0	BatFirstWin%=0.00	FieldFirst=1	FieldFirstWins=1	FieldFirstWin%=100.00
Shaheed Veer Narayan Singh International Stadium	Sunrisers Hyderabad	Delhi Capitals	Matches=2	Wins=1	Losses=1	Win%=50.00	TossWins=1	TossLosses=1	TossWinMatchWins=1	TossWinMatchLosses=0	TossConversion%=100.00	BatFirst=1	BatFirstWins=1	BatFirstWin%=100.00	FieldFirst=0	FieldFirstWins=0	FieldFirstWin%=0.00
Sharjah Cricket Stadium	Chennai Super Kings	Delhi Capitals	Matches=1	Wins=0	Losses=1	Win%=0.00	TossWins=1	TossLosses=0	TossWinMatchWins=0	TossWinMatchLosses=1	TossConversion%=0.00	BatFirst=1	BatFirstWins=0	BatFirstWin%=0.00	FieldFirst=0	FieldFirstWins=0	FieldFirstWin%=0.00
Sharjah Cricket Stadium	Chennai Super Kings	Mumbai Indians	Matches=1	Wins=0	Losses=1	Win%=0.00	TossWins=0	TossLosses=1	TossWinMatchWins=0	TossWinMatchLosses=0	TossConversion%=0.00	BatFirst=0	BatFirstWins=0	BatFirstWin%=0.00	FieldFirst=0	FieldFirstWins=0	FieldFirstWin%=0.00
Sharjah Cricket Stadium	Chennai Super Kings	Rajasthan Royals	Matches=1	Wins=0	Losses=1	Win%=0.00	TossWins=1	TossLosses=0	TossWinMatchWins=0	TossWinMatchLosses=1	TossConversion%=0.00	BatFirst=0	BatFirstWins=0	BatFirstWin%=0.00	FieldFirst=1	FieldFirstWins=0	FieldFirstWin%=0.00
Sharjah Cricket Stadium	Chennai Super Kings	Royal Challengers Bengaluru	Matches=1	Wins=1	Losses=0	Win%=100.00	TossWins=1	TossLosses=0	TossWinMatchWins=1	TossWinMatchLosses=0	TossConversion%=100.00	BatFirst=0	BatFirstWins=0	BatFirstWin%=0.00	FieldFirst=1	FieldFirstWins=1	FieldFirstWin%=100.00
Sharjah Cricket Stadium	Chennai Super Kings	Sunrisers Hyderabad	Matches=2	Wins=2	Losses=0	Win%=100.00	TossWins=1	TossLosses=1	TossWinMatchWins=1	TossWinMatchLosses=0	TossConversion%=100.00	BatFirst=0	BatFirstWins=0	BatFirstWin%=0.00	FieldFirst=1	FieldFirstWins=1	FieldFirstWin%=100.00
Sharjah Cricket Stadium	Delhi Capitals	Chennai Super Kings	Matches=1	Wins=1	Losses=0	Win%=100.00	TossWins=0	TossLosses=1	TossWinMatchWins=0	TossWinMatchLosses=0	TossConversion%=0.00	BatFirst=0	BatFirstWins=0	BatFirstWin%=0.00	FieldFirst=0	FieldFirstWins=0	FieldFirstWin%=0.00
Sharjah Cricket Stadium	Delhi Capitals	Kolkata Knight Riders	Matches=3	Wins=1	Losses=2	Win%=33.33	TossWins=0	TossLosses=3	TossWinMatchWins=0	TossWinMatchLosses=0	TossConversion%=0.00	BatFirst=0	BatFirstWins=0	BatFirstWin%=0.00	FieldFirst=0	FieldFirstWins=0	FieldFirstWin%=0.00
Sharjah Cricket Stadium	Delhi Capitals	Mumbai Indians	Matches=2	Wins=2	Losses=0	Win%=100.00	TossWins=1	TossLosses=1	TossWinMatchWins=1	TossWinMatchLosses=0	TossConversion%=100.00	BatFirst=0	BatFirstWins=0	BatFirstWin%=0.00	FieldFirst=1	FieldFirstWins=1	FieldFirstWin%=100.00
Sharjah Cricket Stadium	Delhi Capitals	Rajasthan Royals	Matches=1	Wins=1	Losses=0	Win%=100.00	TossWins=0	TossLosses=1	TossWinMatchWins=0	TossWinMatchLosses=0	TossConversion%=0.00	BatFirst=0	BatFirstWins=0	BatFirstWin%=0.00	FieldFirst=0	FieldFirstWins=0	FieldFirstWin%=0.00
Sharjah Cricket Stadium	Delhi Capitals	Royal Challengers Bengaluru	Matches=1	Wins=0	Losses=1	Win%=0.00	TossWins=0	TossLosses=1	TossWinMatchWins=0	TossWinMatchLosses=0	TossConversion%=0.00	BatFirst=0	BatFirstWins=0	BatFirstWin%=0.00	FieldFirst=0	FieldFirstWins=0	FieldFirstWin%=0.00
Sharjah Cricket Stadium	Kolkata Knight Riders	Delhi Capitals	Matches=3	Wins=2	Losses=1	Win%=66.67	TossWins=3	TossLosses=0	TossWinMatchWins=2	TossWinMatchLosses=1	TossConversion%=66.67	BatFirst=0	BatFirstWins=0	BatFirstWin%=0.00	FieldFirst=3	FieldFirstWins=2	FieldFirstWin%=66.67
Sharjah Cricket Stadium	Kolkata Knight Riders	Punjab Kings	Matches=1	Wins=0	Losses=1	Win%=0.00	TossWins=0	TossLosses=1	TossWinMatchWins=0	TossWinMatchLosses=0	TossConversion%=0.00	BatFirst=0	BatFirstWins=0	BatFirstWin%=0.00	FieldFirst=0	FieldFirstWins=0	FieldFirstWin%=0.00
Sharjah Cricket Stadium	Kolkata Knight Riders	Rajasthan Royals	Matches=1	Wins=1	Losses=0	Win%=100.00	TossWins=0	TossLosses=1	TossWinMatchWins=0	TossWinMatchLosses=0	TossConversion%=0.00	BatFirst=0	BatFirstWins=0	BatFirstWin%=0.00	FieldFirst=0	FieldFirstWins=0	FieldFirstWin%=0.00
Sharjah Cricket Stadium	Kolkata Knight Riders	Royal Challengers Bengaluru	Matches=3	Wins=2	Losses=1	Win%=66.67	TossWins=0	TossLosses=3	TossWinMatchWins=0	TossWinMatchLosses=0	TossConversion%=0.00	BatFirst=0	BatFirstWins=0	BatFirstWin%=0.00	FieldFirst=0	FieldFirstWins=0	FieldFirstWin%=0.00
Sharjah Cricket Stadium	Mumbai Indians	Chennai Super Kings	Matches=1	Wins=1	Losses=0	Win%=100.00	TossWins=1	TossLosses=0	TossWinMatchWins=1	TossWinMatchLosses=0	TossConversion%=100.00	BatFirst=0	BatFirstWins=0	BatFirstWin%=0.00	FieldFirst=1	FieldFirstWins=1	FieldFirstWin%=100.00
Sharjah Cricket Stadium	Mumbai Indians	Delhi Capitals	Matches=2	Wins=0	Losses=2	Win%=0.00	TossWins=1	TossLosses=1	TossWinMatchWins=0	TossWinMatchLosses=1	TossConversion%=0.00	BatFirst=1	BatFirstWins=0	BatFirstWin%=0.00	FieldFirst=0	FieldFirstWins=0	FieldFirstWin%=0.00
Sharjah Cricket Stadium	Mumbai Indians	Rajasthan Royals	Matches=1	Wins=1	Losses=0	Win%=100.00	TossWins=1	TossLosses=0	TossWinMatchWins=1	TossWinMatchLosses=0	TossConversion%=100.00	BatFirst=0	BatFirstWins=0	BatFirstWin%=0.00	FieldFirst=1	FieldFirstWins=1	FieldFirstWin%=100.00
Sharjah Cricket Stadium	Mumbai Indians	Sunrisers Hyderabad	Matches=2	Wins=1	Losses=1	Win%=50.00	TossWins=1	TossLosses=1	TossWinMatchWins=1	TossWinMatchLosses=0	TossConversion%=100.00	BatFirst=1	BatFirstWins=1	BatFirstWin%=100.00	FieldFirst=0	FieldFirstWins=0	FieldFirstWin%=0.00
Sharjah Cricket Stadium	Punjab Kings	Kolkata Knight Riders	Matches=1	Wins=1	Losses=0	Win%=100.00	TossWins=1	TossLosses=0	TossWinMatchWins=1	TossWinMatchLosses=0	TossConversion%=100.00	BatFirst=0	BatFirstWins=0	BatFirstWin%=0.00	FieldFirst=1	FieldFirstWins=1	FieldFirstWin%=100.00
Sharjah Cricket Stadium	Punjab Kings	Rajasthan Royals	Matches=2	Wins=1	Losses=1	Win%=50.00	TossWins=1	TossLosses=1	TossWinMatchWins=1	TossWinMatchLosses=0	TossConversion%=100.00	BatFirst=0	BatFirstWins=0	BatFirstWin%=0.00	FieldFirst=1	FieldFirstWins=1	FieldFirstWin%=100.00
Sharjah Cricket Stadium	Punjab Kings	Royal Challengers Bengaluru	Matches=2	Wins=1	Losses=1	Win%=50.00	TossWins=0	TossLosses=2	TossWinMatchWins=0	TossWinMatchLosses=0	TossConversion%=0.00	BatFirst=0	BatFirstWins=0	BatFirstWin%=0.00	FieldFirst=0	FieldFirstWins=0	FieldFirstWin%=0.00
Sharjah Cricket Stadium	Punjab Kings	Sunrisers Hyderabad	Matches=2	Wins=2	Losses=0	Win%=100.00	TossWins=0	TossLosses=2	TossWinMatchWins=0	TossWinMatchLosses=0	TossConversion%=0.00	BatFirst=0	BatFirstWins=0	BatFirstWin%=0.00	FieldFirst=0	FieldFirstWins=0	FieldFirstWin%=0.00
Sharjah Cricket Stadium	Rajasthan Royals	Chennai Super Kings	Matches=1	Wins=1	Losses=0	Win%=100.00	TossWins=0	TossLosses=1	TossWinMatchWins=0	TossWinMatchLosses=0	TossConversion%=0.00	BatFirst=0	BatFirstWins=0	BatFirstWin%=0.00	FieldFirst=0	FieldFirstWins=0	FieldFirstWin%=0.00
Sharjah Cricket Stadium	Rajasthan Royals	Delhi Capitals	Matches=1	Wins=0	Losses=1	Win%=0.00	TossWins=1	TossLosses=0	TossWinMatchWins=0	TossWinMatchLosses=1	TossConversion%=0.00	BatFirst=0	BatFirstWins=0	BatFirstWin%=0.00	FieldFirst=1	FieldFirstWins=0	FieldFirstWin%=0.00
Sharjah Cricket Stadium	Rajasthan Royals	Kolkata Knight Riders	Matches=1	Wins=0	Losses=1	Win%=0.00	TossWins=1	TossLosses=0	TossWinMatchWins=0	TossWinMatchLosses=1	TossConversion%=0.00	BatFirst=0	BatFirstWins=0	BatFirstWin%=0.00	FieldFirst=1	FieldFirstWins=0	FieldFirstWin%=0.00
Sharjah Cricket Stadium	Rajasthan Royals	Mumbai Indians	Matches=1	Wins=0	Losses=1	Win%=0.00	TossWins=0	TossLosses=1	TossWinMatchWins=0	TossWinMatchLosses=0	TossConversion%=0.00	BatFirst=0	BatFirstWins=0	BatFirstWin%=0.00	FieldFirst=0	FieldFirstWins=0	FieldFirstWin%=0.00
Sharjah Cricket Stadium	Rajasthan Royals	Punjab Kings	Matches=2	Wins=1	Losses=1	Win%=50.00	TossWins=1	TossLosses=1	TossWinMatchWins=1	TossWinMatchLosses=0	TossConversion%=100.00	BatFirst=0	BatFirstWins=0	BatFirstWin%=0.00	FieldFirst=1	FieldFirstWins=1	FieldFirstWin%=100.00
Sharjah Cricket Stadium	Royal Challengers Bengaluru	Chennai Super Kings	Matches=1	Wins=0	Losses=1	Win%=0.00	TossWins=0	TossLosses=1	TossWinMatchWins=0	TossWinMatchLosses=0	TossConversion%=0.00	BatFirst=0	BatFirstWins=0	BatFirstWin%=0.00	FieldFirst=0	FieldFirstWins=0	FieldFirstWin%=0.00
Sharjah Cricket Stadium	Royal Challengers Bengaluru	Delhi Capitals	Matches=1	Wins=1	Losses=0	Win%=100.00	TossWins=1	TossLosses=0	TossWinMatchWins=1	TossWinMatchLosses=0	TossConversion%=100.00	BatFirst=0	BatFirstWins=0	BatFirstWin%=0.00	FieldFirst=1	FieldFirstWins=1	FieldFirstWin%=100.00
Sharjah Cricket Stadium	Royal Challengers Bengaluru	Kolkata Knight Riders	Matches=3	Wins=1	Losses=2	Win%=33.33	TossWins=3	TossLosses=0	TossWinMatchWins=1	TossWinMatchLosses=2	TossConversion%=33.33	BatFirst=2	BatFirstWins=1	BatFirstWin%=50.00	FieldFirst=1	FieldFirstWins=0	FieldFirstWin%=0.00
Sharjah Cricket Stadium	Royal Challengers Bengaluru	Punjab Kings	Matches=2	Wins=1	Losses=1	Win%=50.00	TossWins=2	TossLosses=0	TossWinMatchWins=1	TossWinMatchLosses=1	TossConversion%=50.00	BatFirst=2	BatFirstWins=1	BatFirstWin%=50.00	FieldFirst=0	FieldFirstWins=0	FieldFirstWin%=0.00
Sharjah Cricket Stadium	Royal Challengers Bengaluru	Sunrisers Hyderabad	Matches=1	Wins=0	Losses=1	Win%=0.00	TossWins=0	TossLosses=1	TossWinMatchWins=0	TossWinMatchLosses=0	TossConversion%=0.00	BatFirst=0	BatFirstWins=0	BatFirstWin%=0.00	FieldFirst=0	FieldFirstWins=0	FieldFirstWin%=0.00
Sharjah Cricket Stadium	Sunrisers Hyderabad	Chennai Super Kings	Matches=2	Wins=0	Losses=2	Win%=0.00	TossWins=1	TossLosses=1	TossWinMatchWins=0	TossWinMatchLosses=1	TossConversion%=0.00	BatFirst=1	BatFirstWins=0	BatFirstWin%=0.00	FieldFirst=0	FieldFirstWins=0	FieldFirstWin%=0.00
Sharjah Cricket Stadium	Sunrisers Hyderabad	Mumbai Indians	Matches=2	Wins=1	Losses=1	Win%=50.00	TossWins=1	TossLosses=1	TossWinMatchWins=1	TossWinMatchLosses=0	TossConversion%=100.00	BatFirst=0	BatFirstWins=0	BatFirstWin%=0.00	FieldFirst=1	FieldFirstWins=1	FieldFirstWin%=100.00
Sharjah Cricket Stadium	Sunrisers Hyderabad	Punjab Kings	Matches=2	Wins=0	Losses=2	Win%=0.00	TossWins=2	TossLosses=0	TossWinMatchWins=0	TossWinMatchLosses=2	TossConversion%=0.00	BatFirst=0	BatFirstWins=0	BatFirstWin%=0.00	FieldFirst=2	FieldFirstWins=0	FieldFirstWin%=0.00
Sharjah Cricket Stadium	Sunrisers Hyderabad	Royal Challengers Bengaluru	Matches=1	Wins=1	Losses=0	Win%=100.00	TossWins=1	TossLosses=0	TossWinMatchWins=1	TossWinMatchLosses=0	TossConversion%=100.00	BatFirst=0	BatFirstWins=0	BatFirstWin%=0.00	FieldFirst=1	FieldFirstWins=1	FieldFirstWin%=100.00
Sheikh Zayed Stadium	Chennai Super Kings	Delhi Capitals	Matches=1	Wins=1	Losses=0	Win%=100.00	TossWins=1	TossLosses=0	TossWinMatchWins=1	TossWinMatchLosses=0	TossConversion%=100.00	BatFirst=1	BatFirstWins=1	BatFirstWin%=100.00	FieldFirst=0	FieldFirstWins=0	FieldFirstWin%=0.00
Sheikh Zayed Stadium	Chennai Super Kings	Kolkata Knight Riders	Matches=1	Wins=0	Losses=1	Win%=0.00	TossWins=0	TossLosses=1	TossWinMatchWins=0	TossWinMatchLosses=0	TossConversion%=0.00	BatFirst=0	BatFirstWins=0	BatFirstWin%=0.00	FieldFirst=0	FieldFirstWins=0	FieldFirstWin%=0.00
Sheikh Zayed Stadium	Chennai Super Kings	Mumbai Indians	Matches=1	Wins=1	Losses=0	Win%=100.00	TossWins=1	TossLosses=0	TossWinMatchWins=1	TossWinMatchLosses=0	TossConversion%=100.00	BatFirst=0	BatFirstWins=0	BatFirstWin%=0.00	FieldFirst=1	FieldFirstWins=1	FieldFirstWin%=100.00
Sheikh Zayed Stadium	Chennai Super Kings	Punjab Kings	Matches=2	Wins=1	Losses=1	Win%=50.00	TossWins=2	TossLosses=0	TossWinMatchWins=1	TossWinMatchLosses=1	TossConversion%=50.00	BatFirst=1	BatFirstWins=0	BatFirstWin%=0.00	FieldFirst=1	FieldFirstWins=1	FieldFirstWin%=100.00
Sheikh Zayed Stadium	Chennai Super Kings	Rajasthan Royals	Matches=1	Wins=0	Losses=1	Win%=0.00	TossWins=1	TossLosses=0	TossWinMatchWins=0	TossWinMatchLosses=1	TossConversion%=0.00	BatFirst=1	BatFirstWins=0	BatFirstWin%=0.00	FieldFirst=0	FieldFirstWins=0	FieldFirstWin%=0.00
Sheikh Zayed Stadium	Delhi Capitals	Chennai Super Kings	Matches=1	Wins=0	Losses=1	Win%=0.00	TossWins=0	TossLosses=1	TossWinMatchWins=0	TossWinMatchLosses=0	TossConversion%=0.00	BatFirst=0	BatFirstWins=0	BatFirstWin%=0.00	FieldFirst=0	FieldFirstWins=0	FieldFirstWin%=0.00
Sheikh Zayed Stadium	Delhi Capitals	Kolkata Knight Riders	Matches=1	Wins=0	Losses=1	Win%=0.00	TossWins=1	TossLosses=0	TossWinMatchWins=0	TossWinMatchLosses=1	TossConversion%=0.00	BatFirst=0	BatFirstWins=0	BatFirstWin%=0.00	FieldFirst=1	FieldFirstWins=0	FieldFirstWin%=0.00
Sheikh Zayed Stadium	Delhi Capitals	Mumbai Indians	Matches=1	Wins=0	Losses=1	Win%=0.00	TossWins=1	TossLosses=0	TossWinMatchWins=0	TossWinMatchLosses=1	TossConversion%=0.00	BatFirst=1	BatFirstWins=0	BatFirstWin%=0.00	FieldFirst=0	FieldFirstWins=0	FieldFirstWin%=0.00
Sheikh Zayed Stadium	Delhi Capitals	Royal Challengers Bengaluru	Matches=1	Wins=1	Losses=0	Win%=100.00	TossWins=1	TossLosses=0	TossWinMatchWins=1	TossWinMatchLosses=0	TossConversion%=100.00	BatFirst=0	BatFirstWins=0	BatFirstWin%=0.00	FieldFirst=1	FieldFirstWins=1	FieldFirstWin%=100.00
Sheikh Zayed Stadium	Delhi Capitals	Sunrisers Hyderabad	Matches=2	Wins=1	Losses=1	Win%=50.00	TossWins=2	TossLosses=0	TossWinMatchWins=1	TossWinMatchLosses=1	TossConversion%=50.00	BatFirst=1	BatFirstWins=1	BatFirstWin%=100.00	FieldFirst=1	FieldFirstWins=0	FieldFirstWin%=0.00
Sheikh Zayed Stadium	Kolkata Knight Riders	Chennai Super Kings	Matches=1	Wins=1	Losses=0	Win%=100.00	TossWins=1	TossLosses=0	TossWinMatchWins=1	TossWinMatchLosses=0	TossConversion%=100.00	BatFirst=1	BatFirstWins=1	BatFirstWin%=100.00	FieldFirst=0	FieldFirstWins=0	FieldFirstWin%=0.00
Sheikh Zayed Stadium	Kolkata Knight Riders	Delhi Capitals	Matches=1	Wins=1	Losses=0	Win%=100.00	TossWins=0	TossLosses=1	TossWinMatchWins=0	TossWinMatchLosses=0	TossConversion%=0.00	BatFirst=0	BatFirstWins=0	BatFirstWin%=0.00	FieldFirst=0	FieldFirstWins=0	FieldFirstWin%=0.00
Sheikh Zayed Stadium	Kolkata Knight Riders	Mumbai Indians	Matches=3	Wins=1	Losses=2	Win%=33.33	TossWins=3	TossLosses=0	TossWinMatchWins=1	TossWinMatchLosses=2	TossConversion%=33.33	BatFirst=2	BatFirstWins=1	BatFirstWin%=50.00	FieldFirst=1	FieldFirstWins=0	FieldFirstWin%=0.00
Sheikh Zayed Stadium	Kolkata Knight Riders	Punjab Kings	Matches=2	Wins=1	Losses=1	Win%=50.00	TossWins=2	TossLosses=0	TossWinMatchWins=1	TossWinMatchLosses=1	TossConversion%=50.00	BatFirst=1	BatFirstWins=1	BatFirstWin%=100.00	FieldFirst=1	FieldFirstWins=0	FieldFirstWin%=0.00
Sheikh Zayed Stadium	Kolkata Knight Riders	Rajasthan Royals	Matches=1	Wins=0	Losses=1	Win%=0.00	TossWins=0	TossLosses=1	TossWinMatchWins=0	TossWinMatchLosses=0	TossConversion%=0.00	BatFirst=0	BatFirstWins=0	BatFirstWin%=0.00	FieldFirst=0	FieldFirstWins=0	FieldFirstWin%=0.00
Sheikh Zayed Stadium	Kolkata Knight Riders	Royal Challengers Bengaluru	Matches=1	Wins=0	Losses=1	Win%=0.00	TossWins=1	TossLosses=0	TossWinMatchWins=0	TossWinMatchLosses=1	TossConversion%=0.00	BatFirst=1	BatFirstWins=0	BatFirstWin%=0.00	FieldFirst=0	FieldFirstWins=0	FieldFirstWin%=0.00
Sheikh Zayed Stadium	Kolkata Knight Riders	Sunrisers Hyderabad	Matches=2	Wins=2	Losses=0	Win%=100.00	TossWins=0	TossLosses=2	TossWinMatchWins=0	TossWinMatchLosses=0	TossConversion%=0.00	BatFirst=0	BatFirstWins=0	BatFirstWin%=0.00	FieldFirst=0	FieldFirstWins=0	FieldFirstWin%=0.00
Sheikh Zayed Stadium	Mumbai Indians	Chennai Super Kings	Matches=1	Wins=0	Losses=1	Win%=0.00	TossWins=0	TossLosses=1	TossWinMatchWins=0	TossWinMatchLosses=0	TossConversion%=0.00	BatFirst=0	BatFirstWins=0	BatFirstWin%=0.00	FieldFirst=0	FieldFirstWins=0	FieldFirstWin%=0.00
Sheikh Zayed Stadium	Mumbai Indians	Delhi Capitals	Matches=1	Wins=1	Losses=0	Win%=100.00	TossWins=0	TossLosses=1	TossWinMatchWins=0	TossWinMatchLosses=0	TossConversion%=0.00	BatFirst=0	BatFirstWins=0	BatFirstWin%=0.00	FieldFirst=0	FieldFirstWins=0	FieldFirstWin%=0.00
Sheikh Zayed Stadium	Mumbai Indians	Kolkata Knight Riders	Matches=3	Wins=2	Losses=1	Win%=66.67	TossWins=0	TossLosses=3	TossWinMatchWins=0	TossWinMatchLosses=0	TossConversion%=0.00	BatFirst=0	BatFirstWins=0	BatFirstWin%=0.00	FieldFirst=0	FieldFirstWins=0	FieldFirstWin%=0.00
Sheikh Zayed Stadium	Mumbai Indians	Punjab Kings	Matches=1	Wins=1	Losses=0	Win%=100.00	TossWins=0	TossLosses=1	TossWinMatchWins=0	TossWinMatchLosses=0	TossConversion%=0.00	BatFirst=0	BatFirstWins=0	BatFirstWin%=0.00	FieldFirst=0	FieldFirstWins=0	FieldFirstWin%=0.00
Sheikh Zayed Stadium	Mumbai Indians	Rajasthan Royals	Matches=2	Wins=1	Losses=1	Win%=50.00	TossWins=2	TossLosses=0	TossWinMatchWins=1	TossWinMatchLosses=1	TossConversion%=50.00	BatFirst=2	BatFirstWins=1	BatFirstWin%=50.00	FieldFirst=0	FieldFirstWins=0	FieldFirstWin%=0.00
Sheikh Zayed Stadium	Mumbai Indians	Royal Challengers Bengaluru	Matches=1	Wins=1	Losses=0	Win%=100.00	TossWins=1	TossLosses=0	TossWinMatchWins=1	TossWinMatchLosses=0	TossConversion%=100.00	BatFirst=0	BatFirstWins=0	BatFirstWin%=0.00	FieldFirst=1	FieldFirstWins=1	FieldFirstWin%=100.00
Sheikh Zayed Stadium	Punjab Kings	Chennai Super Kings	Matches=2	Wins=1	Losses=1	Win%=50.00	TossWins=0	TossLosses=2	TossWinMatchWins=0	TossWinMatchLosses=0	TossConversion%=0.00	BatFirst=0	BatFirstWins=0	BatFirstWin%=0.00	FieldFirst=0	FieldFirstWins=0	FieldFirstWin%=0.00
Sheikh Zayed Stadium	Punjab Kings	Kolkata Knight Riders	Matches=2	Wins=1	Losses=1	Win%=50.00	TossWins=0	TossLosses=2	TossWinMatchWins=0	TossWinMatchLosses=0	TossConversion%=0.00	BatFirst=0	BatFirstWins=0	BatFirstWin%=0.00	FieldFirst=0	FieldFirstWins=0	FieldFirstWin%=0.00
Sheikh Zayed Stadium	Punjab Kings	Mumbai Indians	Matches=1	Wins=0	Losses=1	Win%=0.00	TossWins=1	TossLosses=0	TossWinMatchWins=0	TossWinMatchLosses=1	TossConversion%=0.00	BatFirst=0	BatFirstWins=0	BatFirstWin%=0.00	FieldFirst=1	FieldFirstWins=0	FieldFirstWin%=0.00
Sheikh Zayed Stadium	Punjab Kings	Rajasthan Royals	Matches=1	Wins=0	Losses=1	Win%=0.00	TossWins=0	TossLosses=1	TossWinMatchWins=0	TossWinMatchLosses=0	TossConversion%=0.00	BatFirst=0	BatFirstWins=0	BatFirstWin%=0.00	FieldFirst=0	FieldFirstWins=0	FieldFirstWin%=0.00
Sheikh Zayed Stadium	Rajasthan Royals	Chennai Super Kings	Matches=1	Wins=1	Losses=0	Win%=100.00	TossWins=0	TossLosses=1	TossWinMatchWins=0	TossWinMatchLosses=0	TossConversion%=0.00	BatFirst=0	BatFirstWins=0	BatFirstWin%=0.00	FieldFirst=0	FieldFirstWins=0	FieldFirstWin%=0.00
Sheikh Zayed Stadium	Rajasthan Royals	Kolkata Knight Riders	Matches=1	Wins=1	Losses=0	Win%=100.00	TossWins=1	TossLosses=0	TossWinMatchWins=1	TossWinMatchLosses=0	TossConversion%=100.00	BatFirst=1	BatFirstWins=1	BatFirstWin%=100.00	FieldFirst=0	FieldFirstWins=0	FieldFirstWin%=0.00
Sheikh Zayed Stadium	Rajasthan Royals	Mumbai Indians	Matches=2	Wins=1	Losses=1	Win%=50.00	TossWins=0	TossLosses=2	TossWinMatchWins=0	TossWinMatchLosses=0	TossConversion%=0.00	BatFirst=0	BatFirstWins=0	BatFirstWin%=0.00	FieldFirst=0	FieldFirstWins=0	FieldFirstWin%=0.00
Sheikh Zayed Stadium	Rajasthan Royals	Punjab Kings	Matches=1	Wins=1	Losses=0	Win%=100.00	TossWins=1	TossLosses=0	TossWinMatchWins=1	TossWinMatchLosses=0	TossConversion%=100.00	BatFirst=0	BatFirstWins=0	BatFirstWin%=0.00	FieldFirst=1	FieldFirstWins=1	FieldFirstWin%=100.00
Sheikh Zayed Stadium	Rajasthan Royals	Royal Challengers Bengaluru	Matches=2	Wins=1	Losses=1	Win%=50.00	TossWins=2	TossLosses=0	TossWinMatchWins=1	TossWinMatchLosses=1	TossConversion%=50.00	BatFirst=1	BatFirstWins=0	BatFirstWin%=0.00	FieldFirst=1	FieldFirstWins=1	FieldFirstWin%=100.00
Sheikh Zayed Stadium	Rajasthan Royals	Sunrisers Hyderabad	Matches=1	Wins=1	Losses=0	Win%=100.00	TossWins=1	TossLosses=0	TossWinMatchWins=1	TossWinMatchLosses=0	TossConversion%=100.00	BatFirst=0	BatFirstWins=0	BatFirstWin%=0.00	FieldFirst=1	FieldFirstWins=1	FieldFirstWin%=100.00
Sheikh Zayed Stadium	Royal Challengers Bengaluru	Delhi Capitals	Matches=1	Wins=0	Losses=1	Win%=0.00	TossWins=0	TossLosses=1	TossWinMatchWins=0	TossWinMatchLosses=0	TossConversion%=0.00	BatFirst=0	BatFirstWins=0	BatFirstWin%=0.00	FieldFirst=0	FieldFirstWins=0	FieldFirstWin%=0.00
Sheikh Zayed Stadium	Royal Challengers Bengaluru	Kolkata Knight Riders	Matches=1	Wins=1	Losses=0	Win%=100.00	TossWins=0	TossLosses=1	TossWinMatchWins=0	TossWinMatchLosses=0	TossConversion%=0.00	BatFirst=0	BatFirstWins=0	BatFirstWin%=0.00	FieldFirst=0	FieldFirstWins=0	FieldFirstWin%=0.00
Sheikh Zayed Stadium	Royal Challengers Bengaluru	Mumbai Indians	Matches=1	Wins=0	Losses=1	Win%=0.00	TossWins=0	TossLosses=1	TossWinMatchWins=0	TossWinMatchLosses=0	TossConversion%=0.00	BatFirst=0	BatFirstWins=0	BatFirstWin%=0.00	FieldFirst=0	FieldFirstWins=0	FieldFirstWin%=0.00
Sheikh Zayed Stadium	Royal Challengers Bengaluru	Rajasthan Royals	Matches=2	Wins=1	Losses=1	Win%=50.00	TossWins=0	TossLosses=2	TossWinMatchWins=0	TossWinMatchLosses=0	TossConversion%=0.00	BatFirst=0	BatFirstWins=0	BatFirstWin%=0.00	FieldFirst=0	FieldFirstWins=0	FieldFirstWin%=0.00
Sheikh Zayed Stadium	Royal Challengers Bengaluru	Sunrisers Hyderabad	Matches=1	Wins=0	Losses=1	Win%=0.00	TossWins=0	TossLosses=1	TossWinMatchWins=0	TossWinMatchLosses=0	TossConversion%=0.00	BatFirst=0	BatFirstWins=0	BatFirstWin%=0.00	FieldFirst=0	FieldFirstWins=0	FieldFirstWin%=0.00
Sheikh Zayed Stadium	Sunrisers Hyderabad	Delhi Capitals	Matches=2	Wins=1	Losses=1	Win%=50.00	TossWins=0	TossLosses=2	TossWinMatchWins=0	TossWinMatchLosses=0	TossConversion%=0.00	BatFirst=0	BatFirstWins=0	BatFirstWin%=0.00	FieldFirst=0	FieldFirstWins=0	FieldFirstWin%=0.00
Sheikh Zayed Stadium	Sunrisers Hyderabad	Kolkata Knight Riders	Matches=2	Wins=0	Losses=2	Win%=0.00	TossWins=2	TossLosses=0	TossWinMatchWins=0	TossWinMatchLosses=2	TossConversion%=0.00	BatFirst=1	BatFirstWins=0	BatFirstWin%=0.00	FieldFirst=1	FieldFirstWins=0	FieldFirstWin%=0.00
Sheikh Zayed Stadium	Sunrisers Hyderabad	Rajasthan Royals	Matches=1	Wins=0	Losses=1	Win%=0.00	TossWins=0	TossLosses=1	TossWinMatchWins=0	TossWinMatchLosses=0	TossConversion%=0.00	BatFirst=0	BatFirstWins=0	BatFirstWin%=0.00	FieldFirst=0	FieldFirstWins=0	FieldFirstWin%=0.00
Sheikh Zayed Stadium	Sunrisers Hyderabad	Royal Challengers Bengaluru	Matches=1	Wins=1	Losses=0	Win%=100.00	TossWins=1	TossLosses=0	TossWinMatchWins=1	TossWinMatchLosses=0	TossConversion%=100.00	BatFirst=0	BatFirstWins=0	BatFirstWin%=0.00	FieldFirst=1	FieldFirstWins=1	FieldFirstWin%=100.00
St George's Park	Chennai Super Kings	Mumbai Indians	Matches=1	Wins=1	Losses=0	Win%=100.00	TossWins=0	TossLosses=1	TossWinMatchWins=0	TossWinMatchLosses=0	TossConversion%=0.00	BatFirst=0	BatFirstWins=0	BatFirstWin%=0.00	FieldFirst=0	FieldFirstWins=0	FieldFirstWin%=0.00
St George's Park	Chennai Super Kings	Royal Challengers Bengaluru	Matches=1	Wins=1	Losses=0	Win%=100.00	TossWins=1	TossLosses=0	TossWinMatchWins=1	TossWinMatchLosses=0	TossConversion%=100.00	BatFirst=1	BatFirstWins=1	BatFirstWin%=100.00	FieldFirst=0	FieldFirstWins=0	FieldFirstWin%=0.00
St George's Park	Deccan Chargers	Rajasthan Royals	Matches=1	Wins=0	Losses=1	Win%=0.00	TossWins=1	TossLosses=0	TossWinMatchWins=0	TossWinMatchLosses=1	TossConversion%=0.00	BatFirst=1	BatFirstWins=0	BatFirstWin%=0.00	FieldFirst=0	FieldFirstWins=0	FieldFirstWin%=0.00
St George's Park	Delhi Capitals	Royal Challengers Bengaluru	Matches=1	Wins=1	Losses=0	Win%=100.00	TossWins=0	TossLosses=1	TossWinMatchWins=0	TossWinMatchLosses=0	TossConversion%=0.00	BatFirst=0	BatFirstWins=0	BatFirstWin%=0.00	FieldFirst=0	FieldFirstWins=0	FieldFirstWin%=0.00
St George's Park	Kolkata Knight Riders	Mumbai Indians	Matches=1	Wins=0	Losses=1	Win%=0.00	TossWins=0	TossLosses=1	TossWinMatchWins=0	TossWinMatchLosses=0	TossConversion%=0.00	BatFirst=0	BatFirstWins=0	BatFirstWin%=0.00	FieldFirst=0	FieldFirstWins=0	FieldFirstWin%=0.00
St George's Park	Kolkata Knight Riders	Punjab Kings	Matches=1	Wins=0	Losses=1	Win%=0.00	TossWins=1	TossLosses=0	TossWinMatchWins=0	TossWinMatchLosses=1	TossConversion%=0.00	BatFirst=1	BatFirstWins=0	BatFirstWin%=0.00	FieldFirst=0	FieldFirstWins=0	FieldFirstWin%=0.00
St George's Park	Mumbai Indians	Chennai Super Kings	Matches=1	Wins=0	Losses=1	Win%=0.00	TossWins=1	TossLosses=0	TossWinMatchWins=0	TossWinMatchLosses=1	TossConversion%=0.00	BatFirst=1	BatFirstWins=0	BatFirstWin%=0.00	FieldFirst=0	FieldFirstWins=0	FieldFirstWin%=0.00
St George's Park	Mumbai Indians	Kolkata Knight Riders	Matches=1	Wins=1	Losses=0	Win%=100.00	TossWins=1	TossLosses=0	TossWinMatchWins=1	TossWinMatchLosses=0	TossConversion%=100.00	BatFirst=1	BatFirstWins=1	BatFirstWin%=100.00	FieldFirst=0	FieldFirstWins=0	FieldFirstWin%=0.00
St George's Park	Mumbai Indians	Royal Challengers Bengaluru	Matches=1	Wins=1	Losses=0	Win%=100.00	TossWins=1	TossLosses=0	TossWinMatchWins=1	TossWinMatchLosses=0	TossConversion%=100.00	BatFirst=1	BatFirstWins=1	BatFirstWin%=100.00	FieldFirst=0	FieldFirstWins=0	FieldFirstWin%=0.00
St George's Park	Punjab Kings	Kolkata Knight Riders	Matches=1	Wins=1	Losses=0	Win%=100.00	TossWins=0	TossLosses=1	TossWinMatchWins=0	TossWinMatchLosses=0	TossConversion%=0.00	BatFirst=0	BatFirstWins=0	BatFirstWin%=0.00	FieldFirst=0	FieldFirstWins=0	FieldFirstWin%=0.00
St George's Park	Rajasthan Royals	Deccan Chargers	Matches=1	Wins=1	Losses=0	Win%=100.00	TossWins=0	TossLosses=1	TossWinMatchWins=0	TossWinMatchLosses=0	TossConversion%=0.00	BatFirst=0	BatFirstWins=0	BatFirstWin%=0.00	FieldFirst=0	FieldFirstWins=0	FieldFirstWin%=0.00
St George's Park	Royal Challengers Bengaluru	Chennai Super Kings	Matches=1	Wins=0	Losses=1	Win%=0.00	TossWins=0	TossLosses=1	TossWinMatchWins=0	TossWinMatchLosses=0	TossConversion%=0.00	BatFirst=0	BatFirstWins=0	BatFirstWin%=0.00	FieldFirst=0	FieldFirstWins=0	FieldFirstWin%=0.00
St George's Park	Royal Challengers Bengaluru	Delhi Capitals	Matches=1	Wins=0	Losses=1	Win%=0.00	TossWins=1	TossLosses=0	TossWinMatchWins=0	TossWinMatchLosses=1	TossConversion%=0.00	BatFirst=1	BatFirstWins=0	BatFirstWin%=0.00	FieldFirst=0	FieldFirstWins=0	FieldFirstWin%=0.00
St George's Park	Royal Challengers Bengaluru	Mumbai Indians	Matches=1	Wins=0	Losses=1	Win%=0.00	TossWins=0	TossLosses=1	TossWinMatchWins=0	TossWinMatchLosses=0	TossConversion%=0.00	BatFirst=0	BatFirstWins=0	BatFirstWin%=0.00	FieldFirst=0	FieldFirstWins=0	FieldFirstWin%=0.00
Subrata Roy Sahara Stadium	Chennai Super Kings	Pune Warriors	Matches=2	Wins=1	Losses=1	Win%=50.00	TossWins=2	TossLosses=0	TossWinMatchWins=1	TossWinMatchLosses=1	TossConversion%=50.00	BatFirst=2	BatFirstWins=1	BatFirstWin%=50.00	FieldFirst=0	FieldFirstWins=0	FieldFirstWin%=0.00
Subrata Roy Sahara Stadium	Deccan Chargers	Pune Warriors	Matches=1	Wins=1	Losses=0	Win%=100.00	TossWins=1	TossLosses=0	TossWinMatchWins=1	TossWinMatchLosses=0	TossConversion%=100.00	BatFirst=1	BatFirstWins=1	BatFirstWin%=100.00	FieldFirst=0	FieldFirstWins=0	FieldFirstWin%=0.00
Subrata Roy Sahara Stadium	Delhi Capitals	Kolkata Knight Riders	Matches=1	Wins=0	Losses=1	Win%=0.00	TossWins=0	TossLosses=1	TossWinMatchWins=0	TossWinMatchLosses=0	TossConversion%=0.00	BatFirst=0	BatFirstWins=0	BatFirstWin%=0.00	FieldFirst=0	FieldFirstWins=0	FieldFirstWin%=0.00
Subrata Roy Sahara Stadium	Delhi Capitals	Pune Warriors	Matches=2	Wins=1	Losses=1	Win%=50.00	TossWins=0	TossLosses=2	TossWinMatchWins=0	TossWinMatchLosses=0	TossConversion%=0.00	BatFirst=0	BatFirstWins=0	BatFirstWin%=0.00	FieldFirst=0	FieldFirstWins=0	FieldFirstWin%=0.00
Subrata Roy Sahara Stadium	Kolkata Knight Riders	Delhi Capitals	Matches=1	Wins=1	Losses=0	Win%=100.00	TossWins=1	TossLosses=0	TossWinMatchWins=1	TossWinMatchLosses=0	TossConversion%=100.00	BatFirst=1	BatFirstWins=1	BatFirstWin%=100.00	FieldFirst=0	FieldFirstWins=0	FieldFirstWin%=0.00
Subrata Roy Sahara Stadium	Kolkata Knight Riders	Pune Warriors	Matches=2	Wins=2	Losses=0	Win%=100.00	TossWins=2	TossLosses=0	TossWinMatchWins=2	TossWinMatchLosses=0	TossConversion%=100.00	BatFirst=2	BatFirstWins=2	BatFirstWin%=100.00	FieldFirst=0	FieldFirstWins=0	FieldFirstWin%=0.00
Subrata Roy Sahara Stadium	Mumbai Indians	Pune Warriors	Matches=2	Wins=2	Losses=0	Win%=100.00	TossWins=1	TossLosses=1	TossWinMatchWins=1	TossWinMatchLosses=0	TossConversion%=100.00	BatFirst=1	BatFirstWins=1	BatFirstWin%=100.00	FieldFirst=0	FieldFirstWins=0	FieldFirstWin%=0.00
Subrata Roy Sahara Stadium	Pune Warriors	Chennai Super Kings	Matches=2	Wins=1	Losses=1	Win%=50.00	TossWins=0	TossLosses=2	TossWinMatchWins=0	TossWinMatchLosses=0	TossConversion%=0.00	BatFirst=0	BatFirstWins=0	BatFirstWin%=0.00	FieldFirst=0	FieldFirstWins=0	FieldFirstWin%=0.00
Subrata Roy Sahara Stadium	Pune Warriors	Deccan Chargers	Matches=1	Wins=0	Losses=1	Win%=0.00	TossWins=0	TossLosses=1	TossWinMatchWins=0	TossWinMatchLosses=0	TossConversion%=0.00	BatFirst=0	BatFirstWins=0	BatFirstWin%=0.00	FieldFirst=0	FieldFirstWins=0	FieldFirstWin%=0.00
Subrata Roy Sahara Stadium	Pune Warriors	Delhi Capitals	Matches=2	Wins=1	Losses=1	Win%=50.00	TossWins=2	TossLosses=0	TossWinMatchWins=1	TossWinMatchLosses=1	TossConversion%=50.00	BatFirst=2	BatFirstWins=1	BatFirstWin%=50.00	FieldFirst=0	FieldFirstWins=0	FieldFirstWin%=0.00
Subrata Roy Sahara Stadium	Pune Warriors	Kolkata Knight Riders	Matches=2	Wins=0	Losses=2	Win%=0.00	TossWins=0	TossLosses=2	TossWinMatchWins=0	TossWinMatchLosses=0	TossConversion%=0.00	BatFirst=0	BatFirstWins=0	BatFirstWin%=0.00	FieldFirst=0	FieldFirstWins=0	FieldFirstWin%=0.00
Subrata Roy Sahara Stadium	Pune Warriors	Mumbai Indians	Matches=2	Wins=0	Losses=2	Win%=0.00	TossWins=1	TossLosses=1	TossWinMatchWins=0	TossWinMatchLosses=1	TossConversion%=0.00	BatFirst=1	BatFirstWins=0	BatFirstWin%=0.00	FieldFirst=0	FieldFirstWins=0	FieldFirstWin%=0.00
Subrata Roy Sahara Stadium	Pune Warriors	Punjab Kings	Matches=2	Wins=1	Losses=1	Win%=50.00	TossWins=2	TossLosses=0	TossWinMatchWins=1	TossWinMatchLosses=1	TossConversion%=50.00	BatFirst=2	BatFirstWins=1	BatFirstWin%=50.00	FieldFirst=0	FieldFirstWins=0	FieldFirstWin%=0.00
Subrata Roy Sahara Stadium	Pune Warriors	Rajasthan Royals	Matches=2	Wins=1	Losses=1	Win%=50.00	TossWins=1	TossLosses=1	TossWinMatchWins=0	TossWinMatchLosses=1	TossConversion%=0.00	BatFirst=1	BatFirstWins=0	BatFirstWin%=0.00	FieldFirst=0	FieldFirstWins=0	FieldFirstWin%=0.00
Subrata Roy Sahara Stadium	Pune Warriors	Royal Challengers Bengaluru	Matches=2	Wins=0	Losses=2	Win%=0.00	TossWins=1	TossLosses=1	TossWinMatchWins=0	TossWinMatchLosses=1	TossConversion%=0.00	BatFirst=0	BatFirstWins=0	BatFirstWin%=0.00	FieldFirst=1	FieldFirstWins=0	FieldFirstWin%=0.00
Subrata Roy Sahara Stadium	Punjab Kings	Pune Warriors	Matches=2	Wins=1	Losses=1	Win%=50.00	TossWins=0	TossLosses=2	TossWinMatchWins=0	TossWinMatchLosses=0	TossConversion%=0.00	BatFirst=0	BatFirstWins=0	BatFirstWin%=0.00	FieldFirst=0	FieldFirstWins=0	FieldFirstWin%=0.00
Subrata Roy Sahara Stadium	Rajasthan Royals	Pune Warriors	Matches=2	Wins=1	Losses=1	Win%=50.00	TossWins=1	TossLosses=1	TossWinMatchWins=0	TossWinMatchLosses=1	TossConversion%=0.00	BatFirst=1	BatFirstWins=0	BatFirstWin%=0.00	FieldFirst=0	FieldFirstWins=0	FieldFirstWin%=0.00
Subrata Roy Sahara Stadium	Royal Challengers Bengaluru	Pune Warriors	Matches=2	Wins=2	Losses=0	Win%=100.00	TossWins=1	TossLosses=1	TossWinMatchWins=1	TossWinMatchLosses=0	TossConversion%=100.00	BatFirst=1	BatFirstWins=1	BatFirstWin%=100.00	FieldFirst=0	FieldFirstWins=0	FieldFirstWin%=0.00
SuperSport Park	Chennai Super Kings	Kolkata Knight Riders	Matches=1	Wins=0	Losses=1	Win%=0.00	TossWins=1	TossLosses=0	TossWinMatchWins=0	TossWinMatchLosses=1	TossConversion%=0.00	BatFirst=1	BatFirstWins=0	BatFirstWin%=0.00	FieldFirst=0	FieldFirstWins=0	FieldFirstWin%=0.00
SuperSport Park	Chennai Super Kings	Punjab Kings	Matches=1	Wins=1	Losses=0	Win%=100.00	TossWins=1	TossLosses=0	TossWinMatchWins=1	TossWinMatchLosses=0	TossConversion%=100.00	BatFirst=1	BatFirstWins=1	BatFirstWin%=100.00	FieldFirst=0	FieldFirstWins=0	FieldFirstWin%=0.00
SuperSport Park	Chennai Super Kings	Rajasthan Royals	Matches=1	Wins=1	Losses=0	Win%=100.00	TossWins=0	TossLosses=1	TossWinMatchWins=0	TossWinMatchLosses=0	TossConversion%=0.00	BatFirst=0	BatFirstWins=0	BatFirstWin%=0.00	FieldFirst=0	FieldFirstWins=0	FieldFirstWin%=0.00
SuperSport Park	Deccan Chargers	Delhi Capitals	Matches=2	Wins=1	Losses=1	Win%=50.00	TossWins=1	TossLosses=1	TossWinMatchWins=1	TossWinMatchLosses=0	TossConversion%=100.00	BatFirst=0	BatFirstWins=0	BatFirstWin%=0.00	FieldFirst=1	FieldFirstWins=1	FieldFirstWin%=100.00
SuperSport Park	Deccan Chargers	Mumbai Indians	Matches=1	Wins=1	Losses=0	Win%=100.00	TossWins=1	TossLosses=0	TossWinMatchWins=1	TossWinMatchLosses=0	TossConversion%=100.00	BatFirst=1	BatFirstWins=1	BatFirstWin%=100.00	FieldFirst=0	FieldFirstWins=0	FieldFirstWin%=0.00
SuperSport Park	Deccan Chargers	Royal Challengers Bengaluru	Matches=1	Wins=0	Losses=1	Win%=0.00	TossWins=0	TossLosses=1	TossWinMatchWins=0	TossWinMatchLosses=0	TossConversion%=0.00	BatFirst=0	BatFirstWins=0	BatFirstWin%=0.00	FieldFirst=0	FieldFirstWins=0	FieldFirstWin%=0.00
SuperSport Park	Delhi Capitals	Deccan Chargers	Matches=2	Wins=1	Losses=1	Win%=50.00	TossWins=1	TossLosses=1	TossWinMatchWins=1	TossWinMatchLosses=0	TossConversion%=100.00	BatFirst=0	BatFirstWins=0	BatFirstWin%=0.00	FieldFirst=1	FieldFirstWins=1	FieldFirstWin%=100.00
SuperSport Park	Delhi Capitals	Mumbai Indians	Matches=1	Wins=1	Losses=0	Win%=100.00	TossWins=1	TossLosses=0	TossWinMatchWins=1	TossWinMatchLosses=0	TossConversion%=100.00	BatFirst=0	BatFirstWins=0	BatFirstWin%=0.00	FieldFirst=1	FieldFirstWins=1	FieldFirstWin%=100.00
SuperSport Park	Delhi Capitals	Rajasthan Royals	Matches=1	Wins=0	Losses=1	Win%=0.00	TossWins=1	TossLosses=0	TossWinMatchWins=0	TossWinMatchLosses=1	TossConversion%=0.00	BatFirst=1	BatFirstWins=0	BatFirstWin%=0.00	FieldFirst=0	FieldFirstWins=0	FieldFirstWin%=0.00
SuperSport Park	Kolkata Knight Riders	Chennai Super Kings	Matches=1	Wins=1	Losses=0	Win%=100.00	TossWins=0	TossLosses=1	TossWinMatchWins=0	TossWinMatchLosses=0	TossConversion%=0.00	BatFirst=0	BatFirstWins=0	BatFirstWin%=0.00	FieldFirst=0	FieldFirstWins=0	FieldFirstWin%=0.00
SuperSport Park	Kolkata Knight Riders	Royal Challengers Bengaluru	Matches=1	Wins=0	Losses=1	Win%=0.00	TossWins=0	TossLosses=1	TossWinMatchWins=0	TossWinMatchLosses=0	TossConversion%=0.00	BatFirst=0	BatFirstWins=0	BatFirstWin%=0.00	FieldFirst=0	FieldFirstWins=0	FieldFirstWin%=0.00
SuperSport Park	Mumbai Indians	Deccan Chargers	Matches=1	Wins=0	Losses=1	Win%=0.00	TossWins=0	TossLosses=1	TossWinMatchWins=0	TossWinMatchLosses=0	TossConversion%=0.00	BatFirst=0	BatFirstWins=0	BatFirstWin%=0.00	FieldFirst=0	FieldFirstWins=0	FieldFirstWin%=0.00
SuperSport Park	Mumbai Indians	Delhi Capitals	Matches=1	Wins=0	Losses=1	Win%=0.00	TossWins=0	TossLosses=1	TossWinMatchWins=0	TossWinMatchLosses=0	TossConversion%=0.00	BatFirst=0	BatFirstWins=0	BatFirstWin%=0.00	FieldFirst=0	FieldFirstWins=0	FieldFirstWin%=0.00
SuperSport Park	Mumbai Indians	Punjab Kings	Matches=1	Wins=1	Losses=0	Win%=100.00	TossWins=0	TossLosses=1	TossWinMatchWins=0	TossWinMatchLosses=0	TossConversion%=0.00	BatFirst=0	BatFirstWins=0	BatFirstWin%=0.00	FieldFirst=0	FieldFirstWins=0	FieldFirstWin%=0.00
SuperSport Park	Punjab Kings	Chennai Super Kings	Matches=1	Wins=0	Losses=1	Win%=0.00	TossWins=0	TossLosses=1	TossWinMatchWins=0	TossWinMatchLosses=0	TossConversion%=0.00	BatFirst=0	BatFirstWins=0	BatFirstWin%=0.00	FieldFirst=0	FieldFirstWins=0	FieldFirstWin%=0.00
SuperSport Park	Punjab Kings	Mumbai Indians	Matches=1	Wins=0	Losses=1	Win%=0.00	TossWins=1	TossLosses=0	TossWinMatchWins=0	TossWinMatchLosses=1	TossConversion%=0.00	BatFirst=1	BatFirstWins=0	BatFirstWin%=0.00	FieldFirst=0	FieldFirstWins=0	FieldFirstWin%=0.00
SuperSport Park	Rajasthan Royals	Chennai Super Kings	Matches=1	Wins=0	Losses=1	Win%=0.00	TossWins=1	TossLosses=0	TossWinMatchWins=0	TossWinMatchLosses=1	TossConversion%=0.00	BatFirst=0	BatFirstWins=0	BatFirstWin%=0.00	FieldFirst=1	FieldFirstWins=0	FieldFirstWin%=0.00
SuperSport Park	Rajasthan Royals	Delhi Capitals	Matches=1	Wins=1	Losses=0	Win%=100.00	TossWins=0	TossLosses=1	TossWinMatchWins=0	TossWinMatchLosses=0	TossConversion%=0.00	BatFirst=0	BatFirstWins=0	BatFirstWin%=0.00	FieldFirst=0	FieldFirstWins=0	FieldFirstWin%=0.00
SuperSport Park	Rajasthan Royals	Royal Challengers Bengaluru	Matches=1	Wins=1	Losses=0	Win%=100.00	TossWins=1	TossLosses=0	TossWinMatchWins=1	TossWinMatchLosses=0	TossConversion%=100.00	BatFirst=0	BatFirstWins=0	BatFirstWin%=0.00	FieldFirst=1	FieldFirstWins=1	FieldFirstWin%=100.00
SuperSport Park	Royal Challengers Bengaluru	Deccan Chargers	Matches=1	Wins=1	Losses=0	Win%=100.00	TossWins=1	TossLosses=0	TossWinMatchWins=1	TossWinMatchLosses=0	TossConversion%=100.00	BatFirst=1	BatFirstWins=1	BatFirstWin%=100.00	FieldFirst=0	FieldFirstWins=0	FieldFirstWin%=0.00
SuperSport Park	Royal Challengers Bengaluru	Kolkata Knight Riders	Matches=1	Wins=1	Losses=0	Win%=100.00	TossWins=1	TossLosses=0	TossWinMatchWins=1	TossWinMatchLosses=0	TossConversion%=100.00	BatFirst=0	BatFirstWins=0	BatFirstWin%=0.00	FieldFirst=1	FieldFirstWins=1	FieldFirstWin%=100.00
SuperSport Park	Royal Challengers Bengaluru	Rajasthan Royals	Matches=1	Wins=0	Losses=1	Win%=0.00	TossWins=0	TossLosses=1	TossWinMatchWins=0	TossWinMatchLosses=0	TossConversion%=0.00	BatFirst=0	BatFirstWins=0	BatFirstWin%=0.00	FieldFirst=0	FieldFirstWins=0	FieldFirstWin%=0.00
Vidarbha Cricket Association Stadium, Jamtha	Chennai Super Kings	Deccan Chargers	Matches=1	Wins=0	Losses=1	Win%=0.00	TossWins=1	TossLosses=0	TossWinMatchWins=0	TossWinMatchLosses=1	TossConversion%=0.00	BatFirst=1	BatFirstWins=0	BatFirstWin%=0.00	FieldFirst=0	FieldFirstWins=0	FieldFirstWin%=0.00
Vidarbha Cricket Association Stadium, Jamtha	Deccan Chargers	Chennai Super Kings	Matches=1	Wins=1	Losses=0	Win%=100.00	TossWins=0	TossLosses=1	TossWinMatchWins=0	TossWinMatchLosses=0	TossConversion%=0.00	BatFirst=0	BatFirstWins=0	BatFirstWin%=0.00	FieldFirst=0	FieldFirstWins=0	FieldFirstWin%=0.00
Vidarbha Cricket Association Stadium, Jamtha	Deccan Chargers	Rajasthan Royals	Matches=1	Wins=0	Losses=1	Win%=0.00	TossWins=0	TossLosses=1	TossWinMatchWins=0	TossWinMatchLosses=0	TossConversion%=0.00	BatFirst=0	BatFirstWins=0	BatFirstWin%=0.00	FieldFirst=0	FieldFirstWins=0	FieldFirstWin%=0.00
Vidarbha Cricket Association Stadium, Jamtha	Deccan Chargers	Royal Challengers Bengaluru	Matches=1	Wins=1	Losses=0	Win%=100.00	TossWins=0	TossLosses=1	TossWinMatchWins=0	TossWinMatchLosses=0	TossConversion%=0.00	BatFirst=0	BatFirstWins=0	BatFirstWin%=0.00	FieldFirst=0	FieldFirstWins=0	FieldFirstWin%=0.00
Vidarbha Cricket Association Stadium, Jamtha	Rajasthan Royals	Deccan Chargers	Matches=1	Wins=1	Losses=0	Win%=100.00	TossWins=1	TossLosses=0	TossWinMatchWins=1	TossWinMatchLosses=0	TossConversion%=100.00	BatFirst=1	BatFirstWins=1	BatFirstWin%=100.00	FieldFirst=0	FieldFirstWins=0	FieldFirstWin%=0.00
Vidarbha Cricket Association Stadium, Jamtha	Royal Challengers Bengaluru	Deccan Chargers	Matches=1	Wins=0	Losses=1	Win%=0.00	TossWins=1	TossLosses=0	TossWinMatchWins=0	TossWinMatchLosses=1	TossConversion%=0.00	BatFirst=0	BatFirstWins=0	BatFirstWin%=0.00	FieldFirst=1	FieldFirstWins=0	FieldFirstWin%=0.00
Wankhede Stadium	Chennai Super Kings	Mumbai Indians	Matches=9	Wins=3	Losses=6	Win%=33.33	TossWins=4	TossLosses=5	TossWinMatchWins=2	TossWinMatchLosses=2	TossConversion%=50.00	BatFirst=0	BatFirstWins=0	BatFirstWin%=0.00	FieldFirst=4	FieldFirstWins=2	FieldFirstWin%=50.00
Wankhede Stadium	Chennai Super Kings	Punjab Kings	Matches=2	Wins=1	Losses=1	Win%=50.00	TossWins=1	TossLosses=1	TossWinMatchWins=0	TossWinMatchLosses=1	TossConversion%=0.00	BatFirst=0	BatFirstWins=0	BatFirstWin%=0.00	FieldFirst=1	FieldFirstWins=0	FieldFirstWin%=0.00
Wankhede Stadium	Chennai Super Kings	Royal Challengers Bengaluru	Matches=1	Wins=1	Losses=0	Win%=100.00	TossWins=1	TossLosses=0	TossWinMatchWins=1	TossWinMatchLosses=0	TossConversion%=100.00	BatFirst=0	BatFirstWins=0	BatFirstWin%=0.00	FieldFirst=1	FieldFirstWins=1	FieldFirstWin%=100.00
Wankhede Stadium	Chennai Super Kings	Sunrisers Hyderabad	Matches=2	Wins=2	Losses=0	Win%=100.00	TossWins=2	TossLosses=0	TossWinMatchWins=2	TossWinMatchLosses=0	TossConversion%=100.00	BatFirst=0	BatFirstWins=0	BatFirstWin%=0.00	FieldFirst=2	FieldFirstWins=2	FieldFirstWin%=100.00
Wankhede Stadium	Deccan Chargers	Mumbai Indians	Matches=2	Wins=1	Losses=1	Win%=50.00	TossWins=1	TossLosses=1	TossWinMatchWins=1	TossWinMatchLosses=0	TossConversion%=100.00	BatFirst=1	BatFirstWins=1	BatFirstWin%=100.00	FieldFirst=0	FieldFirstWins=0	FieldFirstWin%=0.00
Wankhede Stadium	Delhi Capitals	Mumbai Indians	Matches=8	Wins=3	Losses=5	Win%=37.50	TossWins=6	TossLosses=2	TossWinMatchWins=2	TossWinMatchLosses=4	TossConversion%=33.33	BatFirst=1	BatFirstWins=0	BatFirstWin%=0.00	FieldFirst=5	FieldFirstWins=2	FieldFirstWin%=40.00
Wankhede Stadium	Delhi Capitals	Rajasthan Royals	Matches=1	Wins=0	Losses=1	Win%=0.00	TossWins=1	TossLosses=0	TossWinMatchWins=0	TossWinMatchLosses=1	TossConversion%=0.00	BatFirst=0	BatFirstWins=0	BatFirstWin%=0.00	FieldFirst=1	FieldFirstWins=0	FieldFirstWin%=0.00
Wankhede Stadium	Gujarat Lions	Mumbai Indians	Matches=2	Wins=1	Losses=1	Win%=50.00	TossWins=1	TossLosses=1	TossWinMatchWins=1	TossWinMatchLosses=0	TossConversion%=100.00	BatFirst=0	BatFirstWins=0	BatFirstWin%=0.00	FieldFirst=1	FieldFirstWins=1	FieldFirstWin%=100.00
Wankhede Stadium	Kochi Tuskers Kerala	Mumbai Indians	Matches=1	Wins=1	Losses=0	Win%=100.00	TossWins=1	TossLosses=0	TossWinMatchWins=1	TossWinMatchLosses=0	TossConversion%=100.00	BatFirst=0	BatFirstWins=0	BatFirstWin%=0.00	FieldFirst=1	FieldFirstWins=1	FieldFirstWin%=100.00
Wankhede Stadium	Kolkata Knight Riders	Mumbai Indians	Matches=9	Wins=1	Losses=8	Win%=11.11	TossWins=2	TossLosses=7	TossWinMatchWins=0	TossWinMatchLosses=2	TossConversion%=0.00	BatFirst=0	BatFirstWins=0	BatFirstWin%=0.00	FieldFirst=2	FieldFirstWins=0	FieldFirstWin%=0.00
Wankhede Stadium	Mumbai Indians	Chennai Super Kings	Matches=9	Wins=6	Losses=3	Win%=66.67	TossWins=5	TossLosses=4	TossWinMatchWins=4	TossWinMatchLosses=1	TossConversion%=80.00	BatFirst=3	BatFirstWins=2	BatFirstWin%=66.67	FieldFirst=2	FieldFirstWins=2	FieldFirstWin%=100.00
Wankhede Stadium	Mumbai Indians	Deccan Chargers	Matches=2	Wins=1	Losses=1	Win%=50.00	TossWins=1	TossLosses=1	TossWinMatchWins=1	TossWinMatchLosses=0	TossConversion%=100.00	BatFirst=0	BatFirstWins=0	BatFirstWin%=0.00	FieldFirst=1	FieldFirstWins=1	FieldFirstWin%=100.00
Wankhede Stadium	Mumbai Indians	Delhi Capitals	Matches=8	Wins=5	Losses=3	Win%=62.50	TossWins=2	TossLosses=6	TossWinMatchWins=1	TossWinMatchLosses=1	TossConversion%=50.00	BatFirst=1	BatFirstWins=1	BatFirstWin%=100.00	FieldFirst=1	FieldFirstWins=0	FieldFirstWin%=0.00
Wankhede Stadium	Mumbai Indians	Gujarat Lions	Matches=2	Wins=1	Losses=1	Win%=50.00	TossWins=1	TossLosses=1	TossWinMatchWins=1	TossWinMatchLosses=0	TossConversion%=100.00	BatFirst=0	BatFirstWins=0	BatFirstWin%=0.00	FieldFirst=1	FieldFirstWins=1	FieldFirstWin%=100.00
Wankhede Stadium	Mumbai Indians	Kochi Tuskers Kerala	Matches=1	Wins=0	Losses=1	Win%=0.00	TossWins=0	TossLosses=1	TossWinMatchWins=0	TossWinMatchLosses=0	TossConversion%=0.00	BatFirst=0	BatFirstWins=0	BatFirstWin%=0.00	FieldFirst=0	FieldFirstWins=0	FieldFirstWin%=0.00
Wankhede Stadium	Mumbai Indians	Kolkata Knight Riders	Matches=9	Wins=8	Losses=1	Win%=88.89	TossWins=7	TossLosses=2	TossWinMatchWins=6	TossWinMatchLosses=1	TossConversion%=85.71	BatFirst=1	BatFirstWins=1	BatFirstWin%=100.00	FieldFirst=6	FieldFirstWins=5	FieldFirstWin%=83.33
Wankhede Stadium	Mumbai Indians	Pune Warriors	Matches=3	Wins=2	Losses=1	Win%=66.67	TossWins=2	TossLosses=1	TossWinMatchWins=1	TossWinMatchLosses=1	TossConversion%=50.00	BatFirst=1	BatFirstWins=1	BatFirstWin%=100.00	FieldFirst=1	FieldFirstWins=0	FieldFirstWin%=0.00
Wankhede Stadium	Mumbai Indians	Punjab Kings	Matches=9	Wins=5	Losses=4	Win%=55.56	TossWins=6	TossLosses=3	TossWinMatchWins=2	TossWinMatchLosses=4	TossConversion%=33.33	BatFirst=2	BatFirstWins=1	BatFirstWin%=50.00	FieldFirst=4	FieldFirstWins=1	FieldFirstWin%=25.00
Wankhede Stadium	Mumbai Indians	Rajasthan Royals	Matches=7	Wins=4	Losses=3	Win%=57.14	TossWins=2	TossLosses=5	TossWinMatchWins=1	TossWinMatchLosses=1	TossConversion%=50.00	BatFirst=1	BatFirstWins=0	BatFirstWin%=0.00	FieldFirst=1	FieldFirstWins=1	FieldFirstWin%=100.00
Wankhede Stadium	Mumbai Indians	Rising Pune Supergiants	Matches=3	Wins=0	Losses=3	Win%=0.00	TossWins=3	TossLosses=0	TossWinMatchWins=0	TossWinMatchLosses=3	TossConversion%=0.00	BatFirst=1	BatFirstWins=0	BatFirstWin%=0.00	FieldFirst=2	FieldFirstWins=0	FieldFirstWin%=0.00
Wankhede Stadium	Mumbai Indians	Royal Challengers Bengaluru	Matches=9	Wins=6	Losses=3	Win%=66.67	TossWins=4	TossLosses=5	TossWinMatchWins=3	TossWinMatchLosses=1	TossConversion%=75.00	BatFirst=2	BatFirstWins=1	BatFirstWin%=50.00	FieldFirst=2	FieldFirstWins=2	FieldFirstWin%=100.00
Wankhede Stadium	Mumbai Indians	Sunrisers Hyderabad	Matches=5	Wins=4	Losses=1	Win%=80.00	TossWins=4	TossLosses=1	TossWinMatchWins=3	TossWinMatchLosses=1	TossConversion%=75.00	BatFirst=2	BatFirstWins=2	BatFirstWin%=100.00	FieldFirst=2	FieldFirstWins=1	FieldFirstWin%=50.00
Wankhede Stadium	Pune Warriors	Mumbai Indians	Matches=3	Wins=1	Losses=2	Win%=33.33	TossWins=1	TossLosses=2	TossWinMatchWins=0	TossWinMatchLosses=1	TossConversion%=0.00	BatFirst=1	BatFirstWins=0	BatFirstWin%=0.00	FieldFirst=0	FieldFirstWins=0	FieldFirstWin%=0.00
Wankhede Stadium	Punjab Kings	Chennai Super Kings	Matches=2	Wins=1	Losses=1	Win%=50.00	TossWins=1	TossLosses=1	TossWinMatchWins=0	TossWinMatchLosses=1	TossConversion%=0.00	BatFirst=1	BatFirstWins=0	BatFirstWin%=0.00	FieldFirst=0	FieldFirstWins=0	FieldFirstWin%=0.00
Wankhede Stadium	Punjab Kings	Mumbai Indians	Matches=9	Wins=4	Losses=5	Win%=44.44	TossWins=3	TossLosses=6	TossWinMatchWins=0	TossWinMatchLosses=3	TossConversion%=0.00	BatFirst=1	BatFirstWins=0	BatFirstWin%=0.00	FieldFirst=2	FieldFirstWins=0	FieldFirstWin%=0.00
Wankhede Stadium	Rajasthan Royals	Delhi Capitals	Matches=1	Wins=1	Losses=0	Win%=100.00	TossWins=0	TossLosses=1	TossWinMatchWins=0	TossWinMatchLosses=0	TossConversion%=0.00	BatFirst=0	BatFirstWins=0	BatFirstWin%=0.00	FieldFirst=0	FieldFirstWins=0	FieldFirstWin%=0.00
Wankhede Stadium	Rajasthan Royals	Mumbai Indians	Matches=7	Wins=3	Losses=4	Win%=42.86	TossWins=5	TossLosses=2	TossWinMatchWins=2	TossWinMatchLosses=3	TossConversion%=40.00	BatFirst=0	BatFirstWins=0	BatFirstWin%=0.00	FieldFirst=5	FieldFirstWins=2	FieldFirstWin%=40.00
Wankhede Stadium	Rising Pune Supergiants	Mumbai Indians	Matches=3	Wins=3	Losses=0	Win%=100.00	TossWins=0	TossLosses=3	TossWinMatchWins=0	TossWinMatchLosses=0	TossConversion%=0.00	BatFirst=0	BatFirstWins=0	BatFirstWin%=0.00	FieldFirst=0	FieldFirstWins=0	FieldFirstWin%=0.00
Wankhede Stadium	Royal Challengers Bengaluru	Chennai Super Kings	Matches=1	Wins=0	Losses=1	Win%=0.00	TossWins=0	TossLosses=1	TossWinMatchWins=0	TossWinMatchLosses=0	TossConversion%=0.00	BatFirst=0	BatFirstWins=0	BatFirstWin%=0.00	FieldFirst=0	FieldFirstWins=0	FieldFirstWin%=0.00
Wankhede Stadium	Royal Challengers Bengaluru	Mumbai Indians	Matches=9	Wins=3	Losses=6	Win%=33.33	TossWins=5	TossLosses=4	TossWinMatchWins=2	TossWinMatchLosses=3	TossConversion%=40.00	BatFirst=2	BatFirstWins=1	BatFirstWin%=50.00	FieldFirst=3	FieldFirstWins=1	FieldFirstWin%=33.33
Wankhede Stadium	Sunrisers Hyderabad	Chennai Super Kings	Matches=2	Wins=0	Losses=2	Win%=0.00	TossWins=0	TossLosses=2	TossWinMatchWins=0	TossWinMatchLosses=0	TossConversion%=0.00	BatFirst=0	BatFirstWins=0	BatFirstWin%=0.00	FieldFirst=0	FieldFirstWins=0	FieldFirstWin%=0.00
Wankhede Stadium	Sunrisers Hyderabad	Mumbai Indians	Matches=5	Wins=1	Losses=4	Win%=20.00	TossWins=1	TossLosses=4	TossWinMatchWins=0	TossWinMatchLosses=1	TossConversion%=0.00	BatFirst=1	BatFirstWins=0	BatFirstWin%=0.00	FieldFirst=0	FieldFirstWins=0	FieldFirstWin%=0.00
Wankhede Stadium, Mumbai	Chennai Super Kings	Delhi Capitals	Matches=1	Wins=0	Losses=1	Win%=0.00	TossWins=0	TossLosses=1	TossWinMatchWins=0	TossWinMatchLosses=0	TossConversion%=0.00	BatFirst=0	BatFirstWins=0	BatFirstWin%=0.00	FieldFirst=0	FieldFirstWins=0	FieldFirstWin%=0.00
Wankhede Stadium, Mumbai	Chennai Super Kings	Gujarat Titans	Matches=1	Wins=0	Losses=1	Win%=0.00	TossWins=1	TossLosses=0	TossWinMatchWins=0	TossWinMatchLosses=1	TossConversion%=0.00	BatFirst=1	BatFirstWins=0	BatFirstWin%=0.00	FieldFirst=0	FieldFirstWins=0	FieldFirstWin%=0.00
Wankhede Stadium, Mumbai	Chennai Super Kings	Kolkata Knight Riders	Matches=2	Wins=1	Losses=1	Win%=50.00	TossWins=0	TossLosses=2	TossWinMatchWins=0	TossWinMatchLosses=0	TossConversion%=0.00	BatFirst=0	BatFirstWins=0	BatFirstWin%=0.00	FieldFirst=0	FieldFirstWins=0	FieldFirstWin%=0.00
Wankhede Stadium, Mumbai	Chennai Super Kings	Mumbai Indians	Matches=3	Wins=2	Losses=1	Win%=66.67	TossWins=1	TossLosses=2	TossWinMatchWins=1	TossWinMatchLosses=0	TossConversion%=100.00	BatFirst=0	BatFirstWins=0	BatFirstWin%=0.00	FieldFirst=1	FieldFirstWins=1	FieldFirstWin%=100.00
Wankhede Stadium, Mumbai	Chennai Super Kings	Punjab Kings	Matches=2	Wins=1	Losses=1	Win%=50.00	TossWins=2	TossLosses=0	TossWinMatchWins=1	TossWinMatchLosses=1	TossConversion%=50.00	BatFirst=0	BatFirstWins=0	BatFirstWin%=0.00	FieldFirst=2	FieldFirstWins=1	FieldFirstWin%=50.00
Wankhede Stadium, Mumbai	Chennai Super Kings	Rajasthan Royals	Matches=1	Wins=1	Losses=0	Win%=100.00	TossWins=0	TossLosses=1	TossWinMatchWins=0	TossWinMatchLosses=0	TossConversion%=0.00	BatFirst=0	BatFirstWins=0	BatFirstWin%=0.00	FieldFirst=0	FieldFirstWins=0	FieldFirstWin%=0.00
Wankhede Stadium, Mumbai	Chennai Super Kings	Royal Challengers Bengaluru	Matches=1	Wins=1	Losses=0	Win%=100.00	TossWins=1	TossLosses=0	TossWinMatchWins=1	TossWinMatchLosses=0	TossConversion%=100.00	BatFirst=1	BatFirstWins=1	BatFirstWin%=100.00	FieldFirst=0	FieldFirstWins=0	FieldFirstWin%=0.00
Wankhede Stadium, Mumbai	Delhi Capitals	Chennai Super Kings	Matches=1	Wins=1	Losses=0	Win%=100.00	TossWins=1	TossLosses=0	TossWinMatchWins=1	TossWinMatchLosses=0	TossConversion%=100.00	BatFirst=0	BatFirstWins=0	BatFirstWin%=0.00	FieldFirst=1	FieldFirstWins=1	FieldFirstWin%=100.00
Wankhede Stadium, Mumbai	Delhi Capitals	Kolkata Knight Riders	Matches=1	Wins=1	Losses=0	Win%=100.00	TossWins=1	TossLosses=0	TossWinMatchWins=1	TossWinMatchLosses=0	TossConversion%=100.00	BatFirst=0	BatFirstWins=0	BatFirstWin%=0.00	FieldFirst=1	FieldFirstWins=1	FieldFirstWin%=100.00
Wankhede Stadium, Mumbai	Delhi Capitals	Lucknow Super Giants	Matches=1	Wins=0	Losses=1	Win%=0.00	TossWins=0	TossLosses=1	TossWinMatchWins=0	TossWinMatchLosses=0	TossConversion%=0.00	BatFirst=0	BatFirstWins=0	BatFirstWin%=0.00	FieldFirst=0	FieldFirstWins=0	FieldFirstWin%=0.00
Wankhede Stadium, Mumbai	Delhi Capitals	Mumbai Indians	Matches=2	Wins=0	Losses=2	Win%=0.00	TossWins=1	TossLosses=1	TossWinMatchWins=0	TossWinMatchLosses=1	TossConversion%=0.00	BatFirst=0	BatFirstWins=0	BatFirstWin%=0.00	FieldFirst=1	FieldFirstWins=0	FieldFirstWin%=0.00
Wankhede Stadium, Mumbai	Delhi Capitals	Punjab Kings	Matches=1	Wins=1	Losses=0	Win%=100.00	TossWins=1	TossLosses=0	TossWinMatchWins=1	TossWinMatchLosses=0	TossConversion%=100.00	BatFirst=0	BatFirstWins=0	BatFirstWin%=0.00	FieldFirst=1	FieldFirstWins=1	FieldFirstWin%=100.00
Wankhede Stadium, Mumbai	Delhi Capitals	Rajasthan Royals	Matches=2	Wins=0	Losses=2	Win%=0.00	TossWins=1	TossLosses=1	TossWinMatchWins=0	TossWinMatchLosses=1	TossConversion%=0.00	BatFirst=0	BatFirstWins=0	BatFirstWin%=0.00	FieldFirst=1	FieldFirstWins=0	FieldFirstWin%=0.00
Wankhede Stadium, Mumbai	Delhi Capitals	Royal Challengers Bengaluru	Matches=1	Wins=0	Losses=1	Win%=0.00	TossWins=1	TossLosses=0	TossWinMatchWins=0	TossWinMatchLosses=1	TossConversion%=0.00	BatFirst=0	BatFirstWins=0	BatFirstWin%=0.00	FieldFirst=1	FieldFirstWins=0	FieldFirstWin%=0.00
Wankhede Stadium, Mumbai	Gujarat Titans	Chennai Super Kings	Matches=1	Wins=1	Losses=0	Win%=100.00	TossWins=0	TossLosses=1	TossWinMatchWins=0	TossWinMatchLosses=0	TossConversion%=0.00	BatFirst=0	BatFirstWins=0	BatFirstWin%=0.00	FieldFirst=0	FieldFirstWins=0	FieldFirstWin%=0.00
Wankhede Stadium, Mumbai	Gujarat Titans	Lucknow Super Giants	Matches=1	Wins=1	Losses=0	Win%=100.00	TossWins=1	TossLosses=0	TossWinMatchWins=1	TossWinMatchLosses=0	TossConversion%=100.00	BatFirst=0	BatFirstWins=0	BatFirstWin%=0.00	FieldFirst=1	FieldFirstWins=1	FieldFirstWin%=100.00
Wankhede Stadium, Mumbai	Gujarat Titans	Mumbai Indians	Matches=1	Wins=0	Losses=1	Win%=0.00	TossWins=1	TossLosses=0	TossWinMatchWins=0	TossWinMatchLosses=1	TossConversion%=0.00	BatFirst=0	BatFirstWins=0	BatFirstWin%=0.00	FieldFirst=1	FieldFirstWins=0	FieldFirstWin%=0.00
Wankhede Stadium, Mumbai	Gujarat Titans	Royal Challengers Bengaluru	Matches=1	Wins=0	Losses=1	Win%=0.00	TossWins=1	TossLosses=0	TossWinMatchWins=0	TossWinMatchLosses=1	TossConversion%=0.00	BatFirst=1	BatFirstWins=0	BatFirstWin%=0.00	FieldFirst=0	FieldFirstWins=0	FieldFirstWin%=0.00
Wankhede Stadium, Mumbai	Gujarat Titans	Sunrisers Hyderabad	Matches=1	Wins=1	Losses=0	Win%=100.00	TossWins=1	TossLosses=0	TossWinMatchWins=1	TossWinMatchLosses=0	TossConversion%=100.00	BatFirst=0	BatFirstWins=0	BatFirstWin%=0.00	FieldFirst=1	FieldFirstWins=1	FieldFirstWin%=100.00
Wankhede Stadium, Mumbai	Kolkata Knight Riders	Chennai Super Kings	Matches=2	Wins=1	Losses=1	Win%=50.00	TossWins=2	TossLosses=0	TossWinMatchWins=1	TossWinMatchLosses=1	TossConversion%=50.00	BatFirst=0	BatFirstWins=0	BatFirstWin%=0.00	FieldFirst=2	FieldFirstWins=1	FieldFirstWin%=50.00
Wankhede Stadium, Mumbai	Kolkata Knight Riders	Delhi Capitals	Matches=1	Wins=0	Losses=1	Win%=0.00	TossWins=0	TossLosses=1	TossWinMatchWins=0	TossWinMatchLosses=0	TossConversion%=0.00	BatFirst=0	BatFirstWins=0	BatFirstWin%=0.00	FieldFirst=0	FieldFirstWins=0	FieldFirstWin%=0.00
Wankhede Stadium, Mumbai	Kolkata Knight Riders	Mumbai Indians	Matches=2	Wins=1	Losses=1	Win%=50.00	TossWins=0	TossLosses=2	TossWinMatchWins=0	TossWinMatchLosses=0	TossConversion%=0.00	BatFirst=0	BatFirstWins=0	BatFirstWin%=0.00	FieldFirst=0	FieldFirstWins=0	FieldFirstWin%=0.00
Wankhede Stadium, Mumbai	Kolkata Knight Riders	Punjab Kings	Matches=1	Wins=1	Losses=0	Win%=100.00	TossWins=1	TossLosses=0	TossWinMatchWins=1	TossWinMatchLosses=0	TossConversion%=100.00	BatFirst=0	BatFirstWins=0	BatFirstWin%=0.00	FieldFirst=1	FieldFirstWins=1	FieldFirstWin%=100.00
Wankhede Stadium, Mumbai	Kolkata Knight Riders	Rajasthan Royals	Matches=2	Wins=1	Losses=1	Win%=50.00	TossWins=1	TossLosses=1	TossWinMatchWins=1	TossWinMatchLosses=0	TossConversion%=100.00	BatFirst=0	BatFirstWins=0	BatFirstWin%=0.00	FieldFirst=1	FieldFirstWins=1	FieldFirstWin%=100.00
Wankhede Stadium, Mumbai	Lucknow Super Giants	Delhi Capitals	Matches=1	Wins=1	Losses=0	Win%=100.00	TossWins=1	TossLosses=0	TossWinMatchWins=1	TossWinMatchLosses=0	TossConversion%=100.00	BatFirst=1	BatFirstWins=1	BatFirstWin%=100.00	FieldFirst=0	FieldFirstWins=0	FieldFirstWin%=0.00
Wankhede Stadium, Mumbai	Lucknow Super Giants	Gujarat Titans	Matches=1	Wins=0	Losses=1	Win%=0.00	TossWins=0	TossLosses=1	TossWinMatchWins=0	TossWinMatchLosses=0	TossConversion%=0.00	BatFirst=0	BatFirstWins=0	BatFirstWin%=0.00	FieldFirst=0	FieldFirstWins=0	FieldFirstWin%=0.00
Wankhede Stadium, Mumbai	Lucknow Super Giants	Mumbai Indians	Matches=2	Wins=2	Losses=0	Win%=100.00	TossWins=0	TossLosses=2	TossWinMatchWins=0	TossWinMatchLosses=0	TossConversion%=0.00	BatFirst=0	BatFirstWins=0	BatFirstWin%=0.00	FieldFirst=0	FieldFirstWins=0	FieldFirstWin%=0.00
Wankhede Stadium, Mumbai	Lucknow Super Giants	Rajasthan Royals	Matches=1	Wins=0	Losses=1	Win%=0.00	TossWins=1	TossLosses=0	TossWinMatchWins=0	TossWinMatchLosses=1	TossConversion%=0.00	BatFirst=0	BatFirstWins=0	BatFirstWin%=0.00	FieldFirst=1	FieldFirstWins=0	FieldFirstWin%=0.00
Wankhede Stadium, Mumbai	Mumbai Indians	Chennai Super Kings	Matches=3	Wins=1	Losses=2	Win%=33.33	TossWins=2	TossLosses=1	TossWinMatchWins=1	TossWinMatchLosses=1	TossConversion%=50.00	BatFirst=0	BatFirstWins=0	BatFirstWin%=0.00	FieldFirst=2	FieldFirstWins=1	FieldFirstWin%=50.00
Wankhede Stadium, Mumbai	Mumbai Indians	Delhi Capitals	Matches=2	Wins=2	Losses=0	Win%=100.00	TossWins=1	TossLosses=1	TossWinMatchWins=1	TossWinMatchLosses=0	TossConversion%=100.00	BatFirst=0	BatFirstWins=0	BatFirstWin%=0.00	FieldFirst=1	FieldFirstWins=1	FieldFirstWin%=100.00
Wankhede Stadium, Mumbai	Mumbai Indians	Gujarat Titans	Matches=1	Wins=1	Losses=0	Win%=100.00	TossWins=0	TossLosses=1	TossWinMatchWins=0	TossWinMatchLosses=0	TossConversion%=0.00	BatFirst=0	BatFirstWins=0	BatFirstWin%=0.00	FieldFirst=0	FieldFirstWins=0	FieldFirstWin%=0.00
Wankhede Stadium, Mumbai	Mumbai Indians	Kolkata Knight Riders	Matches=2	Wins=1	Losses=1	Win%=50.00	TossWins=2	TossLosses=0	TossWinMatchWins=1	TossWinMatchLosses=1	TossConversion%=50.00	BatFirst=0	BatFirstWins=0	BatFirstWin%=0.00	FieldFirst=2	FieldFirstWins=1	FieldFirstWin%=50.00
Wankhede Stadium, Mumbai	Mumbai Indians	Lucknow Super Giants	Matches=2	Wins=0	Losses=2	Win%=0.00	TossWins=2	TossLosses=0	TossWinMatchWins=0	TossWinMatchLosses=2	TossConversion%=0.00	BatFirst=0	BatFirstWins=0	BatFirstWin%=0.00	FieldFirst=2	FieldFirstWins=0	FieldFirstWin%=0.00
Wankhede Stadium, Mumbai	Mumbai Indians	Punjab Kings	Matches=1	Wins=0	Losses=1	Win%=0.00	TossWins=1	TossLosses=0	TossWinMatchWins=0	TossWinMatchLosses=1	TossConversion%=0.00	BatFirst=0	BatFirstWins=0	BatFirstWin%=0.00	FieldFirst=1	FieldFirstWins=0	FieldFirstWin%=0.00
Wankhede Stadium, Mumbai	Mumbai Indians	Rajasthan Royals	Matches=2	Wins=1	Losses=1	Win%=50.00	TossWins=0	TossLosses=2	TossWinMatchWins=0	TossWinMatchLosses=0	TossConversion%=0.00	BatFirst=0	BatFirstWins=0	BatFirstWin%=0.00	FieldFirst=0	FieldFirstWins=0	FieldFirstWin%=0.00
Wankhede Stadium, Mumbai	Mumbai Indians	Royal Challengers Bengaluru	Matches=2	Wins=2	Losses=0	Win%=100.00	TossWins=2	TossLosses=0	TossWinMatchWins=2	TossWinMatchLosses=0	TossConversion%=100.00	BatFirst=0	BatFirstWins=0	BatFirstWin%=0.00	FieldFirst=2	FieldFirstWins=2	FieldFirstWin%=100.00
Wankhede Stadium, Mumbai	Mumbai Indians	Sunrisers Hyderabad	Matches=3	Wins=2	Losses=1	Win%=66.67	TossWins=3	TossLosses=0	TossWinMatchWins=2	TossWinMatchLosses=1	TossConversion%=66.67	BatFirst=0	BatFirstWins=0	BatFirstWin%=0.00	FieldFirst=3	FieldFirstWins=2	FieldFirstWin%=66.67
Wankhede Stadium, Mumbai	Punjab Kings	Chennai Super Kings	Matches=2	Wins=1	Losses=1	Win%=50.00	TossWins=0	TossLosses=2	TossWinMatchWins=0	TossWinMatchLosses=0	TossConversion%=0.00	BatFirst=0	BatFirstWins=0	BatFirstWin%=0.00	FieldFirst=0	FieldFirstWins=0	FieldFirstWin%=0.00
Wankhede Stadium, Mumbai	Punjab Kings	Delhi Capitals	Matches=1	Wins=0	Losses=1	Win%=0.00	TossWins=0	TossLosses=1	TossWinMatchWins=0	TossWinMatchLosses=0	TossConversion%=0.00	BatFirst=0	BatFirstWins=0	BatFirstWin%=0.00	FieldFirst=0	FieldFirstWins=0	FieldFirstWin%=0.00
Wankhede Stadium, Mumbai	Punjab Kings	Kolkata Knight Riders	Matches=1	Wins=0	Losses=1	Win%=0.00	TossWins=0	TossLosses=1	TossWinMatchWins=0	TossWinMatchLosses=0	TossConversion%=0.00	BatFirst=0	BatFirstWins=0	BatFirstWin%=0.00	FieldFirst=0	FieldFirstWins=0	FieldFirstWin%=0.00
Wankhede Stadium, Mumbai	Punjab Kings	Mumbai Indians	Matches=1	Wins=1	Losses=0	Win%=100.00	TossWins=0	TossLosses=1	TossWinMatchWins=0	TossWinMatchLosses=0	TossConversion%=0.00	BatFirst=0	BatFirstWins=0	BatFirstWin%=0.00	FieldFirst=0	FieldFirstWins=0	FieldFirstWin%=0.00
Wankhede Stadium, Mumbai	Punjab Kings	Rajasthan Royals	Matches=2	Wins=1	Losses=1	Win%=50.00	TossWins=1	TossLosses=1	TossWinMatchWins=0	TossWinMatchLosses=1	TossConversion%=0.00	BatFirst=1	BatFirstWins=0	BatFirstWin%=0.00	FieldFirst=0	FieldFirstWins=0	FieldFirstWin%=0.00
Wankhede Stadium, Mumbai	Punjab Kings	Sunrisers Hyderabad	Matches=1	Wins=1	Losses=0	Win%=100.00	TossWins=0	TossLosses=1	TossWinMatchWins=0	TossWinMatchLosses=0	TossConversion%=0.00	BatFirst=0	BatFirstWins=0	BatFirstWin%=0.00	FieldFirst=0	FieldFirstWins=0	FieldFirstWin%=0.00
Wankhede Stadium, Mumbai	Rajasthan Royals	Chennai Super Kings	Matches=1	Wins=0	Losses=1	Win%=0.00	TossWins=1	TossLosses=0	TossWinMatchWins=0	TossWinMatchLosses=1	TossConversion%=0.00	BatFirst=0	BatFirstWins=0	BatFirstWin%=0.00	FieldFirst=1	FieldFirstWins=0	FieldFirstWin%=0.00
Wankhede Stadium, Mumbai	Rajasthan Royals	Delhi Capitals	Matches=2	Wins=2	Losses=0	Win%=100.00	TossWins=1	TossLosses=1	TossWinMatchWins=1	TossWinMatchLosses=0	TossConversion%=100.00	BatFirst=0	BatFirstWins=0	BatFirstWin%=0.00	FieldFirst=1	FieldFirstWins=1	FieldFirstWin%=100.00
Wankhede Stadium, Mumbai	Rajasthan Royals	Kolkata Knight Riders	Matches=2	Wins=1	Losses=1	Win%=50.00	TossWins=1	TossLosses=1	TossWinMatchWins=1	TossWinMatchLosses=0	TossConversion%=100.00	BatFirst=0	BatFirstWins=0	BatFirstWin%=0.00	FieldFirst=1	FieldFirstWins=1	FieldFirstWin%=100.00
Wankhede Stadium, Mumbai	Rajasthan Royals	Lucknow Super Giants	Matches=1	Wins=1	Losses=0	Win%=100.00	TossWins=0	TossLosses=1	TossWinMatchWins=0	TossWinMatchLosses=0	TossConversion%=0.00	BatFirst=0	BatFirstWins=0	BatFirstWin%=0.00	FieldFirst=0	FieldFirstWins=0	FieldFirstWin%=0.00
Wankhede Stadium, Mumbai	Rajasthan Royals	Mumbai Indians	Matches=2	Wins=1	Losses=1	Win%=50.00	TossWins=2	TossLosses=0	TossWinMatchWins=1	TossWinMatchLosses=1	TossConversion%=50.00	BatFirst=1	BatFirstWins=0	BatFirstWin%=0.00	FieldFirst=1	FieldFirstWins=1	FieldFirstWin%=100.00
Wankhede Stadium, Mumbai	Rajasthan Royals	Punjab Kings	Matches=2	Wins=1	Losses=1	Win%=50.00	TossWins=1	TossLosses=1	TossWinMatchWins=0	TossWinMatchLosses=1	TossConversion%=0.00	BatFirst=0	BatFirstWins=0	BatFirstWin%=0.00	FieldFirst=1	FieldFirstWins=0	FieldFirstWin%=0.00
Wankhede Stadium, Mumbai	Rajasthan Royals	Royal Challengers Bengaluru	Matches=2	Wins=0	Losses=2	Win%=0.00	TossWins=0	TossLosses=2	TossWinMatchWins=0	TossWinMatchLosses=0	TossConversion%=0.00	BatFirst=0	BatFirstWins=0	BatFirstWin%=0.00	FieldFirst=0	FieldFirstWins=0	FieldFirstWin%=0.00
Wankhede Stadium, Mumbai	Royal Challengers Bengaluru	Chennai Super Kings	Matches=1	Wins=0	Losses=1	Win%=0.00	TossWins=0	TossLosses=1	TossWinMatchWins=0	TossWinMatchLosses=0	TossConversion%=0.00	BatFirst=0	BatFirstWins=0	BatFirstWin%=0.00	FieldFirst=0	FieldFirstWins=0	FieldFirstWin%=0.00
Wankhede Stadium, Mumbai	Royal Challengers Bengaluru	Delhi Capitals	Matches=1	Wins=1	Losses=0	Win%=100.00	TossWins=0	TossLosses=1	TossWinMatchWins=0	TossWinMatchLosses=0	TossConversion%=0.00	BatFirst=0	BatFirstWins=0	BatFirstWin%=0.00	FieldFirst=0	FieldFirstWins=0	FieldFirstWin%=0.00
Wankhede Stadium, Mumbai	Royal Challengers Bengaluru	Gujarat Titans	Matches=1	Wins=1	Losses=0	Win%=100.00	TossWins=0	TossLosses=1	TossWinMatchWins=0	TossWinMatchLosses=0	TossConversion%=0.00	BatFirst=0	BatFirstWins=0	BatFirstWin%=0.00	FieldFirst=0	FieldFirstWins=0	FieldFirstWin%=0.00
Wankhede Stadium, Mumbai	Royal Challengers Bengaluru	Mumbai Indians	Matches=2	Wins=0	Losses=2	Win%=0.00	TossWins=0	TossLosses=2	TossWinMatchWins=0	TossWinMatchLosses=0	TossConversion%=0.00	BatFirst=0	BatFirstWins=0	BatFirstWin%=0.00	FieldFirst=0	FieldFirstWins=0	FieldFirstWin%=0.00
Wankhede Stadium, Mumbai	Royal Challengers Bengaluru	Rajasthan Royals	Matches=2	Wins=2	Losses=0	Win%=100.00	TossWins=2	TossLosses=0	TossWinMatchWins=2	TossWinMatchLosses=0	TossConversion%=100.00	BatFirst=0	BatFirstWins=0	BatFirstWin%=0.00	FieldFirst=2	FieldFirstWins=2	FieldFirstWin%=100.00
Wankhede Stadium, Mumbai	Royal Challengers Bengaluru	Sunrisers Hyderabad	Matches=1	Wins=1	Losses=0	Win%=100.00	TossWins=1	TossLosses=0	TossWinMatchWins=1	TossWinMatchLosses=0	TossConversion%=100.00	BatFirst=1	BatFirstWins=1	BatFirstWin%=100.00	FieldFirst=0	FieldFirstWins=0	FieldFirstWin%=0.00
Wankhede Stadium, Mumbai	Sunrisers Hyderabad	Gujarat Titans	Matches=1	Wins=0	Losses=1	Win%=0.00	TossWins=0	TossLosses=1	TossWinMatchWins=0	TossWinMatchLosses=0	TossConversion%=0.00	BatFirst=0	BatFirstWins=0	BatFirstWin%=0.00	FieldFirst=0	FieldFirstWins=0	FieldFirstWin%=0.00
Wankhede Stadium, Mumbai	Sunrisers Hyderabad	Mumbai Indians	Matches=3	Wins=1	Losses=2	Win%=33.33	TossWins=0	TossLosses=3	TossWinMatchWins=0	TossWinMatchLosses=0	TossConversion%=0.00	BatFirst=0	BatFirstWins=0	BatFirstWin%=0.00	FieldFirst=0	FieldFirstWins=0	FieldFirstWin%=0.00
Wankhede Stadium, Mumbai	Sunrisers Hyderabad	Punjab Kings	Matches=1	Wins=0	Losses=1	Win%=0.00	TossWins=1	TossLosses=0	TossWinMatchWins=0	TossWinMatchLosses=1	TossConversion%=0.00	BatFirst=1	BatFirstWins=0	BatFirstWin%=0.00	FieldFirst=0	FieldFirstWins=0	FieldFirstWin%=0.00
Wankhede Stadium, Mumbai	Sunrisers Hyderabad	Royal Challengers Bengaluru	Matches=1	Wins=0	Losses=1	Win%=0.00	TossWins=0	TossLosses=1	TossWinMatchWins=0	TossWinMatchLosses=0	TossConversion%=0.00	BatFirst=0	BatFirstWins=0	BatFirstWin%=0.00	FieldFirst=0	FieldFirstWins=0	FieldFirstWin%=0.00
Zayed Cricket Stadium, Abu Dhabi	Chennai Super Kings	Kolkata Knight Riders	Matches=1	Wins=1	Losses=0	Win%=100.00	TossWins=0	TossLosses=1	TossWinMatchWins=0	TossWinMatchLosses=0	TossConversion%=0.00	BatFirst=0	BatFirstWins=0	BatFirstWin%=0.00	FieldFirst=0	FieldFirstWins=0	FieldFirstWin%=0.00
Zayed Cricket Stadium, Abu Dhabi	Chennai Super Kings	Rajasthan Royals	Matches=1	Wins=0	Losses=1	Win%=0.00	TossWins=0	TossLosses=1	TossWinMatchWins=0	TossWinMatchLosses=0	TossConversion%=0.00	BatFirst=0	BatFirstWins=0	BatFirstWin%=0.00	FieldFirst=0	FieldFirstWins=0	FieldFirstWin%=0.00
Zayed Cricket Stadium, Abu Dhabi	Delhi Capitals	Rajasthan Royals	Matches=1	Wins=1	Losses=0	Win%=100.00	TossWins=0	TossLosses=1	TossWinMatchWins=0	TossWinMatchLosses=0	TossConversion%=0.00	BatFirst=0	BatFirstWins=0	BatFirstWin%=0.00	FieldFirst=0	FieldFirstWins=0	FieldFirstWin%=0.00
Zayed Cricket Stadium, Abu Dhabi	Kolkata Knight Riders	Chennai Super Kings	Matches=1	Wins=0	Losses=1	Win%=0.00	TossWins=1	TossLosses=0	TossWinMatchWins=0	TossWinMatchLosses=1	TossConversion%=0.00	BatFirst=1	BatFirstWins=0	BatFirstWin%=0.00	FieldFirst=0	FieldFirstWins=0	FieldFirstWin%=0.00
Zayed Cricket Stadium, Abu Dhabi	Kolkata Knight Riders	Mumbai Indians	Matches=1	Wins=1	Losses=0	Win%=100.00	TossWins=1	TossLosses=0	TossWinMatchWins=1	TossWinMatchLosses=0	TossConversion%=100.00	BatFirst=0	BatFirstWins=0	BatFirstWin%=0.00	FieldFirst=1	FieldFirstWins=1	FieldFirstWin%=100.00
Zayed Cricket Stadium, Abu Dhabi	Kolkata Knight Riders	Royal Challengers Bengaluru	Matches=1	Wins=1	Losses=0	Win%=100.00	TossWins=0	TossLosses=1	TossWinMatchWins=0	TossWinMatchLosses=0	TossConversion%=0.00	BatFirst=0	BatFirstWins=0	BatFirstWin%=0.00	FieldFirst=0	FieldFirstWins=0	FieldFirstWin%=0.00
Zayed Cricket Stadium, Abu Dhabi	Mumbai Indians	Kolkata Knight Riders	Matches=1	Wins=0	Losses=1	Win%=0.00	TossWins=0	TossLosses=1	TossWinMatchWins=0	TossWinMatchLosses=0	TossConversion%=0.00	BatFirst=0	BatFirstWins=0	BatFirstWin%=0.00	FieldFirst=0	FieldFirstWins=0	FieldFirstWin%=0.00
Zayed Cricket Stadium, Abu Dhabi	Mumbai Indians	Punjab Kings	Matches=1	Wins=1	Losses=0	Win%=100.00	TossWins=1	TossLosses=0	TossWinMatchWins=1	TossWinMatchLosses=0	TossConversion%=100.00	BatFirst=0	BatFirstWins=0	BatFirstWin%=0.00	FieldFirst=1	FieldFirstWins=1	FieldFirstWin%=100.00
Zayed Cricket Stadium, Abu Dhabi	Mumbai Indians	Sunrisers Hyderabad	Matches=1	Wins=1	Losses=0	Win%=100.00	TossWins=1	TossLosses=0	TossWinMatchWins=1	TossWinMatchLosses=0	TossConversion%=100.00	BatFirst=1	BatFirstWins=1	BatFirstWin%=100.00	FieldFirst=0	FieldFirstWins=0	FieldFirstWin%=0.00
Zayed Cricket Stadium, Abu Dhabi	Punjab Kings	Mumbai Indians	Matches=1	Wins=0	Losses=1	Win%=0.00	TossWins=0	TossLosses=1	TossWinMatchWins=0	TossWinMatchLosses=0	TossConversion%=0.00	BatFirst=0	BatFirstWins=0	BatFirstWin%=0.00	FieldFirst=0	FieldFirstWins=0	FieldFirstWin%=0.00
Zayed Cricket Stadium, Abu Dhabi	Rajasthan Royals	Chennai Super Kings	Matches=1	Wins=1	Losses=0	Win%=100.00	TossWins=1	TossLosses=0	TossWinMatchWins=1	TossWinMatchLosses=0	TossConversion%=100.00	BatFirst=0	BatFirstWins=0	BatFirstWin%=0.00	FieldFirst=1	FieldFirstWins=1	FieldFirstWin%=100.00
Zayed Cricket Stadium, Abu Dhabi	Rajasthan Royals	Delhi Capitals	Matches=1	Wins=0	Losses=1	Win%=0.00	TossWins=1	TossLosses=0	TossWinMatchWins=0	TossWinMatchLosses=1	TossConversion%=0.00	BatFirst=0	BatFirstWins=0	BatFirstWin%=0.00	FieldFirst=1	FieldFirstWins=0	FieldFirstWin%=0.00
Zayed Cricket Stadium, Abu Dhabi	Royal Challengers Bengaluru	Kolkata Knight Riders	Matches=1	Wins=0	Losses=1	Win%=0.00	TossWins=1	TossLosses=0	TossWinMatchWins=0	TossWinMatchLosses=1	TossConversion%=0.00	BatFirst=1	BatFirstWins=0	BatFirstWin%=0.00	FieldFirst=0	FieldFirstWins=0	FieldFirstWin%=0.00
Zayed Cricket Stadium, Abu Dhabi	Royal Challengers Bengaluru	Sunrisers Hyderabad	Matches=1	Wins=0	Losses=1	Win%=0.00	TossWins=1	TossLosses=0	TossWinMatchWins=0	TossWinMatchLosses=1	TossConversion%=0.00	BatFirst=0	BatFirstWins=0	BatFirstWin%=0.00	FieldFirst=1	FieldFirstWins=0	FieldFirstWin%=0.00
Zayed Cricket Stadium, Abu Dhabi	Sunrisers Hyderabad	Mumbai Indians	Matches=1	Wins=0	Losses=1	Win%=0.00	TossWins=0	TossLosses=1	TossWinMatchWins=0	TossWinMatchLosses=0	TossConversion%=0.00	BatFirst=0	BatFirstWins=0	BatFirstWin%=0.00	FieldFirst=0	FieldFirstWins=0	FieldFirstWin%=0.00
Zayed Cricket Stadium, Abu Dhabi	Sunrisers Hyderabad	Royal Challengers Bengaluru	Matches=1	Wins=1	Losses=0	Win%=100.00	TossWins=0	TossLosses=1	TossWinMatchWins=0	TossWinMatchLosses=0	TossConversion%=0.00	BatFirst=0	BatFirstWins=0	BatFirstWin%=0.00	FieldFirst=0	FieldFirstWins=0	FieldFirstWin%=0.00
